seed,method,delivered,hops,delay
42,BCR,True,20.0,126.27999999999999
42,BCR,False,inf,0.0
42,BCR,True,38.0,203.45000000000002
42,BCR,True,5.0,26.7
42,BCR,True,22.0,117.2
42,BCR,False,inf,0.0
42,BCR,False,inf,0.0
42,BCR,False,inf,0.0
42,BCR,False,inf,0.0
42,BCR,False,inf,0.0
42,BCR,True,30.0,174.79000000000002
42,BCR,True,12.0,71.65
42,BCR,False,inf,0.0
42,BCR,True,13.0,68.49999999999999
42,BCR,True,16.0,81.07000000000001
42,BCR,True,6.0,29.27
42,BCR,True,31.0,174.85
42,BCR,False,inf,0.0
42,BCR,True,35.0,194.53000000000003
42,BCR,False,inf,0.0
42,BCR,True,35.0,177.74000000000004
42,BCR,True,17.0,97.36
42,BCR,True,2.0,18.810000000000002
42,BCR,True,27.0,156.41
42,BCR,False,inf,0.0
42,BCR,True,13.0,66.11999999999999
42,BCR,True,26.0,143.4
42,BCR,True,22.0,119.48
42,BCR,True,32.0,183.88000000000002
42,BCR,False,inf,0.0
42,BCR,False,inf,0.0
42,BCR,True,18.0,107.19000000000001
42,BCR,True,10.0,60.440000000000005
42,BCR,True,17.0,93.10999999999999
42,BCR,True,20.0,113.77
42,BCR,True,4.0,25.240000000000002
42,BCR,False,inf,0.0
42,BCR,False,inf,0.0
42,BCR,True,9.0,63.99
42,BCR,True,18.0,95.56
42,BCR,True,2.0,17.509999999999998
42,BCR,True,28.0,164.60000000000002
42,BCR,False,inf,0.0
42,BCR,False,inf,0.0
42,BCR,True,13.0,67.56000000000002
42,BCR,False,inf,0.0
42,BCR,True,21.0,118.14999999999999
42,BCR,True,7.0,40.93
42,BCR,False,inf,0.0
42,BCR,True,11.0,60.21
42,BCR,False,inf,0.0
42,BCR,True,17.0,92.63999999999999
42,BCR,True,19.0,106.97000000000001
42,BCR,False,inf,0.0
42,BCR,True,20.0,108.2
42,BCR,True,6.0,30.12
42,BCR,False,inf,0.0
42,BCR,True,11.0,66.50000000000001
42,BCR,True,20.0,104.22999999999999
42,BCR,False,inf,0.0
42,BCR,False,inf,0.0
42,BCR,False,inf,0.0
42,BCR,False,inf,0.0
42,BCR,True,12.0,73.58
42,BCR,False,inf,0.0
42,BCR,True,2.0,7.93
42,BCR,True,31.0,174.42000000000002
42,BCR,True,32.0,166.77
42,BCR,True,11.0,63.42
42,BCR,True,21.0,115.21000000000001
42,BCR,False,inf,0.0
42,BCR,True,14.0,82.30999999999999
42,BCR,True,7.0,51.81
42,BCR,False,inf,0.0
42,BCR,False,inf,0.0
42,BCR,True,8.0,47.13000000000001
42,BCR,True,21.0,132.67
42,BCR,True,22.0,120.85999999999999
42,BCR,True,23.0,124.78000000000002
42,BCR,True,26.0,147.85999999999999
42,BCR,False,inf,0.0
42,BCR,False,inf,0.0
42,BCR,True,19.0,104.74
42,BCR,True,27.0,155.16
42,BCR,True,33.0,178.93
42,BCR,True,25.0,142.71
42,BCR,True,30.0,173.84000000000003
42,BCR,False,inf,0.0
42,BCR,False,inf,0.0
42,BCR,True,1.0,1.88
42,BCR,True,1.0,4.27
42,BCR,True,35.0,179.79000000000002
42,BCR,True,9.0,56.440000000000005
42,BCR,True,5.0,21.25
42,BCR,False,inf,0.0
42,BCR,False,inf,0.0
42,BCR,True,22.0,122.79000000000002
42,BCR,True,21.0,119.79000000000002
42,BCR,True,35.0,201.89
42,BCR,True,7.0,41.08
42,BCR,False,inf,0.0
42,BCR,True,30.0,174.68
42,BCR,False,inf,0.0
42,BCR,True,5.0,34.9
42,BCR,False,inf,0.0
42,BCR,False,inf,0.0
42,BCR,True,1.0,9.37
42,BCR,True,19.0,102.66000000000001
42,BCR,True,13.0,73.65
42,BCR,False,inf,0.0
42,BCR,False,inf,0.0
42,BCR,False,inf,0.0
42,BCR,True,26.0,139.75
42,BCR,False,inf,0.0
42,BCR,True,19.0,100.62000000000002
42,BCR,False,inf,0.0
42,BCR,False,inf,0.0
42,BCR,True,9.0,54.97
42,BCR,False,inf,0.0
42,BCR,True,16.0,86.55
42,BCR,True,20.0,110.52999999999999
42,BCR,True,3.0,13.9
42,BCR,True,15.0,81.81
42,BCR,False,inf,0.0
42,BCR,True,7.0,43.68000000000001
42,BCR,True,1.0,1.59
42,BCR,False,inf,0.0
42,BCR,True,11.0,60.91
42,BCR,True,36.0,211.29000000000002
42,BCR,True,25.0,142.61
42,BCR,False,inf,0.0
42,BCR,True,21.0,124.00999999999998
42,BCR,True,26.0,128.12
42,BCR,True,11.0,66.97
42,BCR,True,3.0,19.53
42,BCR,True,16.0,84.6
42,BCR,True,4.0,21.9
42,BCR,True,22.0,124.58999999999999
42,BCR,True,10.0,59.790000000000006
42,BCR,True,13.0,76.46
42,BCR,True,33.0,176.28000000000006
42,BCR,False,inf,0.0
42,BCR,True,26.0,128.12
42,BCR,False,inf,0.0
42,BCR,False,inf,0.0
42,BCR,True,26.0,149.94
42,BCR,False,inf,0.0
42,BCR,True,3.0,25.73
42,BCR,True,27.0,152.73
42,BCR,True,37.0,200.77
42,BCR,True,6.0,39.239999999999995
42,BCR,False,inf,0.0
42,BCR,True,1.0,3.61
42,BCR,True,24.0,136.35
42,BCR,False,inf,0.0
42,BCR,True,28.0,144.53000000000003
42,BCR,True,35.0,177.74000000000004
42,BCR,True,17.0,93.30999999999999
42,BCR,True,36.0,196.91000000000003
42,BCR,True,37.0,212.14000000000004
42,BCR,True,29.0,163.42999999999998
42,BCR,True,23.0,129.73000000000002
42,BCR,True,15.0,82.75
42,BCR,True,25.0,140.51
42,BCR,True,11.0,60.21
42,BCR,False,inf,0.0
42,BCR,False,inf,0.0
42,BCR,False,inf,0.0
42,BCR,True,15.0,88.56
42,BCR,True,36.0,210.73000000000005
42,BCR,True,21.0,122.06999999999998
42,BCR,False,inf,0.0
42,BCR,True,34.0,182.66000000000005
42,BCR,True,10.0,58.730000000000004
42,BCR,False,inf,0.0
42,BCR,True,29.0,169.29000000000002
42,BCR,False,inf,0.0
42,BCR,True,17.0,90.72999999999999
42,BCR,True,19.0,104.62
42,BCR,True,19.0,105.57999999999998
42,BCR,True,2.0,17.509999999999998
42,BCR,True,12.0,64.16000000000001
42,BCR,False,inf,0.0
42,BCR,False,inf,0.0
42,BCR,True,15.0,74.24
42,BCR,True,24.0,135.54
42,BCR,False,inf,0.0
42,BCR,True,16.0,87.5
42,BCR,True,32.0,182.93000000000004
42,BCR,False,inf,0.0
42,BCR,True,11.0,60.35000000000001
42,BCR,True,18.0,99.03000000000002
42,BCR,True,8.0,48.50000000000001
42,BCR,True,21.0,123.86999999999999
42,BCR,True,28.0,164.89
42,BCR,True,15.0,83.82
42,BCR,False,inf,0.0
42,BCR,True,37.0,206.35000000000005
42,BCR,True,7.0,43.120000000000005
42,BCR,False,inf,0.0
42,BCR,True,28.0,160.79999999999998
42,BCR,True,27.0,148.31
42,BCR,False,inf,0.0
42,BCR,False,inf,0.0
42,BCR,True,35.0,191.55
42,BCR,True,24.0,140.0
42,BCR,False,inf,0.0
42,BCR,True,21.0,115.36999999999999
42,BCR,True,15.0,82.9
42,BCR,True,28.0,144.29
42,BCR,True,8.0,44.52
42,BCR,True,12.0,72.08000000000001
42,BCR,True,12.0,64.94
42,BCR,True,31.0,169.15000000000003
42,BCR,True,35.0,206.04000000000005
42,BCR,True,1.0,9.06
42,BCR,False,inf,0.0
42,BCR,True,6.0,38.480000000000004
42,BCR,True,6.0,37.27
42,BCR,True,18.0,92.06
42,BCR,False,inf,0.0
42,BCR,True,16.0,99.52999999999999
42,BCR,True,28.0,155.84
42,BCR,True,19.0,100.26
42,BCR,True,29.0,168.53
42,BCR,True,25.0,136.71
42,BCR,True,10.0,59.93000000000001
42,BCR,True,12.0,63.720000000000006
42,BCR,False,inf,0.0
42,BCR,True,33.0,191.29999999999998
42,BCR,True,23.0,123.03
42,BCR,True,10.0,58.81000000000001
42,BCR,True,36.0,204.98000000000005
42,BCR,False,inf,0.0
42,BCR,False,inf,0.0
42,BCR,True,1.0,3.0
42,BCR,False,inf,0.0
42,BCR,True,28.0,144.29
42,BCR,True,37.0,214.86000000000007
42,BCR,True,26.0,143.4
42,BCR,False,inf,0.0
42,BCR,True,3.0,28.71
42,BCR,True,15.0,82.78
42,BCR,False,inf,0.0
42,BCR,True,13.0,76.46
42,BCR,True,26.0,144.39000000000001
42,BCR,False,inf,0.0
42,BCR,False,inf,0.0
42,BCR,False,inf,0.0
42,BCR,True,20.0,114.35
42,BCR,True,37.0,200.77
42,BCR,True,4.0,17.080000000000002
42,BCR,False,inf,0.0
42,BCR,True,33.0,181.88000000000002
42,BCR,True,32.0,175.29000000000002
42,BCR,False,inf,0.0
42,BCR,False,inf,0.0
42,BCR,True,22.0,128.81
42,BCR,True,7.0,30.25
42,BCR,True,3.0,25.73
42,BCR,True,4.0,18.29
42,BCR,False,inf,0.0
42,BCR,True,11.0,62.620000000000005
42,BCR,False,inf,0.0
42,BCR,False,inf,0.0
42,BCR,True,16.0,86.64
42,BCR,True,16.0,90.52
42,BCR,True,16.0,89.81000000000002
42,BCR,False,inf,0.0
42,BCR,False,inf,0.0
42,BCR,False,inf,0.0
42,BCR,True,11.0,62.26000000000001
42,BCR,True,15.0,82.9
42,BCR,True,7.0,42.21000000000001
42,BCR,True,2.0,13.22
42,BCR,True,29.0,158.93
42,BCR,True,30.0,174.69000000000003
42,BCR,True,1.0,9.73
42,BCR,True,16.0,90.61000000000001
42,BCR,True,19.0,102.66000000000001
42,BCR,True,28.0,167.6
42,BCR,True,20.0,108.56000000000002
42,BCR,False,inf,0.0
42,BCR,False,inf,0.0
42,BCR,True,22.0,120.85999999999999
42,BCR,True,17.0,92.57000000000002
42,BCR,False,inf,0.0
42,BCR,True,7.0,48.89999999999999
42,BCR,True,3.0,21.22
42,BCR,True,3.0,21.22
42,BCR,True,12.0,72.64999999999999
42,BCR,True,20.0,116.67999999999998
42,BCR,False,inf,0.0
42,BCR,False,inf,0.0
42,BCR,True,13.0,75.25999999999999
42,BCR,True,38.0,212.35000000000005
42,BCR,True,5.0,26.830000000000002
42,BCR,True,35.0,191.09
42,BCR,True,17.0,91.04000000000002
42,BCR,True,18.0,93.80000000000003
42,BCR,False,inf,0.0
42,BCR,True,27.0,159.63
42,BCR,True,33.0,195.78
42,BCR,True,19.0,98.69
42,BCR,True,30.0,157.13000000000002
42,BCR,True,14.0,71.01
42,BCR,True,30.0,171.90000000000003
42,BCR,False,inf,0.0
42,BCR,True,27.0,156.23000000000002
42,BCR,True,26.0,146.5
42,BCR,True,14.0,79.19000000000001
42,BCR,True,16.0,87.2
42,BCR,True,3.0,25.89
42,BCR,False,inf,0.0
42,BCR,False,inf,0.0
42,BCR,True,5.0,24.07
42,BCR,False,inf,0.0
42,BCR,False,inf,0.0
42,BCR,False,inf,0.0
42,BCR,True,15.0,84.46000000000001
42,BCR,False,inf,0.0
42,BCR,True,35.0,206.03000000000003
42,BCR,True,30.0,175.05
42,BCR,False,inf,0.0
42,BCR,True,31.0,174.47000000000003
42,BCR,False,inf,0.0
42,BCR,True,8.0,41.0
42,BCR,True,32.0,166.77
42,BCR,False,inf,0.0
42,BCR,True,2.0,5.43
42,BCR,True,19.0,107.0
42,BCR,True,20.0,102.85999999999999
42,BCR,False,inf,0.0
42,BCR,True,30.0,175.05
42,BCR,True,34.0,197.01000000000005
42,BCR,False,inf,0.0
42,BCR,True,7.0,46.0
42,BCR,False,inf,0.0
42,BCR,True,18.0,107.19000000000001
42,BCR,True,14.0,71.01
42,BCR,True,9.0,55.07000000000001
42,BCR,True,13.0,68.33
42,BCR,False,inf,0.0
42,BCR,True,20.0,102.85999999999999
42,BCR,True,38.0,223.91000000000005
42,BCR,True,17.0,92.81000000000002
42,BCR,False,inf,0.0
42,BCR,False,inf,0.0
42,BCR,True,14.0,79.09
42,BCR,True,39.0,225.88000000000005
42,BCR,True,18.0,91.06
42,BCR,True,22.0,123.77
42,BCR,True,18.0,102.67
42,BCR,True,1.0,5.61
42,BCR,True,29.0,168.53
42,BCR,False,inf,0.0
42,BCR,True,29.0,164.03
42,BCR,False,inf,0.0
42,BCR,True,18.0,97.27
42,BCR,False,inf,0.0
42,BCR,True,5.0,30.66
42,BCR,True,27.0,159.74
42,BCR,True,16.0,90.61000000000001
42,BCR,True,32.0,180.81
42,BCR,True,25.0,142.71
42,BCR,True,24.0,134.82
42,BCR,True,8.0,46.910000000000004
42,BCR,True,22.0,116.81999999999998
42,BCR,True,31.0,171.73000000000002
42,BCR,True,32.0,175.94000000000003
42,BCR,False,inf,0.0
42,BCR,True,33.0,184.99000000000004
42,BCR,True,3.0,22.59
42,BCR,False,inf,0.0
42,BCR,False,inf,0.0
42,BCR,True,18.0,97.72
42,BCR,True,29.0,170.48000000000002
42,BCR,True,10.0,57.34000000000001
42,BCR,True,24.0,127.01
42,BCR,True,35.0,193.35000000000002
42,BCR,True,11.0,67.54
42,BCR,False,inf,0.0
42,BCR,True,6.0,40.81
42,BCR,False,inf,0.0
42,BCR,False,inf,0.0
42,BCR,False,inf,0.0
42,BCR,True,3.0,21.1
42,BCR,True,19.0,98.96
42,BCR,False,inf,0.0
42,BCR,True,29.0,168.66
42,BCR,False,inf,0.0
42,BCR,True,29.0,170.58
42,BCR,True,14.0,80.36999999999999
42,BCR,True,22.0,121.11999999999999
42,BCR,True,27.0,152.99
42,BCR,True,20.0,96.14999999999999
42,BCR,False,inf,0.0
42,BCR,True,13.0,68.73
42,BCR,True,33.0,195.78
42,BCR,False,inf,0.0
42,BCR,True,7.0,43.0
42,BCR,True,31.0,181.17000000000002
42,BCR,True,32.0,182.40000000000003
42,BCR,True,10.0,61.129999999999995
42,BCR,False,inf,0.0
42,BCR,True,9.0,44.23
42,BCR,True,23.0,116.66999999999999
42,BCR,True,26.0,138.43
42,BCR,True,36.0,196.97
42,BCR,False,inf,0.0
42,BCR,True,24.0,132.72
42,BCR,True,29.0,151.22000000000003
42,BCR,True,2.0,12.02
42,BCR,True,1.0,9.37
42,BCR,True,22.0,132.52
42,BCR,True,5.0,25.03
42,BCR,True,13.0,83.03
42,BCR,True,19.0,95.28999999999999
42,BCR,False,inf,0.0
42,BCR,True,33.0,195.22000000000003
42,BCR,True,28.0,154.04
42,BCR,True,5.0,41.60000000000001
42,BCR,False,inf,0.0
42,BCR,True,2.0,10.530000000000001
42,BCR,True,1.0,9.73
42,BCR,True,34.0,193.68000000000004
42,BCR,False,inf,0.0
42,BCR,True,34.0,190.36000000000004
42,BCR,True,6.0,30.16
42,BCR,True,39.0,225.88000000000005
42,BCR,True,28.0,157.95000000000002
42,BCR,True,19.0,105.28999999999999
42,BCR,True,4.0,29.29
42,BCR,False,inf,0.0
42,BCR,True,21.0,114.57000000000001
42,BCR,True,37.0,221.46
42,BCR,True,18.0,95.56
42,BCR,True,4.0,16.580000000000002
42,BCR,True,9.0,49.46
42,BCR,False,inf,0.0
42,BCR,True,1.0,3.91
42,BCR,True,17.0,91.53
42,BCR,False,inf,0.0
42,BCR,True,22.0,119.48
42,BCR,False,inf,0.0
42,BCR,False,inf,0.0
42,BCR,True,7.0,31.65
42,BCR,True,15.0,82.9
42,BCR,False,inf,0.0
42,BCR,True,3.0,11.84
42,BCR,True,24.0,136.13999999999996
42,BCR,True,33.0,181.51000000000002
42,BCR,True,5.0,26.830000000000002
42,BCR,False,inf,0.0
42,BCR,True,6.0,34.67
42,BCR,True,25.0,143.1
42,BCR,True,3.0,13.77
42,BCR,True,27.0,153.85
42,BCR,False,inf,0.0
42,BCR,True,16.0,79.03000000000002
42,BCR,True,22.0,135.67
42,BCR,True,16.0,88.45
42,BCR,True,34.0,181.84000000000003
42,BCR,True,32.0,185.42
42,BCR,False,inf,0.0
42,BCR,True,15.0,81.31
42,BCR,True,17.0,94.84000000000002
42,BCR,True,17.0,94.03
42,BCR,True,1.0,9.06
42,BCR,True,9.0,50.66
42,BCR,True,15.0,81.31
42,BCR,True,13.0,70.24000000000001
42,BCR,True,22.0,116.81999999999998
42,BCR,True,22.0,117.90000000000002
42,BCR,True,9.0,58.23000000000001
42,BCR,True,21.0,116.22999999999999
42,BCR,True,33.0,171.50000000000003
42,BCR,False,inf,0.0
42,BCR,True,11.0,62.35000000000001
42,BCR,True,32.0,181.10000000000002
42,BCR,True,2.0,8.22
42,BCR,True,2.0,12.31
42,BCR,False,inf,0.0
42,BCR,True,36.0,194.08000000000004
42,BCR,True,2.0,8.22
42,BCR,True,24.0,134.92
42,BCR,False,inf,0.0
42,BCR,True,23.0,133.89000000000001
42,BCR,False,inf,0.0
42,BCR,True,34.0,176.75000000000003
42,BCR,False,inf,0.0
42,BCR,False,inf,0.0
42,BCR,False,inf,0.0
42,BCR,True,25.0,141.78
42,BCR,False,inf,0.0
42,BCR,True,20.0,106.62000000000003
42,BCR,False,inf,0.0
42,BCR,True,13.0,76.54
42,BCR,False,inf,0.0
42,BCR,True,35.0,199.39000000000004
42,BCR,True,24.0,135.54
42,BCR,True,31.0,172.64000000000001
42,BCR,True,18.0,95.57000000000002
42,BCR,True,11.0,60.2
42,BCR,True,18.0,93.80000000000003
42,BCR,True,25.0,136.71
42,BCR,True,20.0,107.99
42,BCR,True,2.0,9.7
42,BCR,True,11.0,60.2
42,BCR,False,inf,0.0
42,BCR,True,23.0,122.14
42,BCR,False,inf,0.0
42,BCR,True,1.0,4.27
42,BCR,True,17.0,92.63999999999999
42,BCR,True,8.0,44.64000000000001
42,BCR,True,9.0,54.54
42,BCR,False,inf,0.0
42,BCR,True,4.0,22.55
42,BCR,False,inf,0.0
42,BCR,False,inf,0.0
42,BCR,True,35.0,206.04000000000005
42,BCR,True,1.0,1.33
42,BCR,True,24.0,128.22000000000003
42,BCR,False,inf,0.0
42,BCR,True,7.0,42.83
42,BCR,True,26.0,148.45000000000002
42,BCR,False,inf,0.0
42,BCR,True,27.0,157.17000000000002
42,BCR,True,25.0,142.6
42,BCR,True,1.0,6.7
42,BCR,True,11.0,60.91000000000001
42,BCR,True,33.0,181.51000000000002
42,BCR,True,25.0,149.98999999999998
42,BCR,True,19.0,107.51999999999998
42,BCR,False,inf,0.0
42,BCR,True,12.0,74.54
42,BCR,True,1.0,4.76
42,BCR,False,inf,0.0
42,BCR,True,16.0,88.3
42,BCR,True,37.0,212.14000000000004
42,BCR,False,inf,0.0
42,BCR,True,9.0,55.07000000000001
42,BCR,True,20.0,108.83000000000003
42,BCR,True,17.0,92.57000000000002
42,BCR,False,inf,0.0
42,BCR,True,27.0,143.67000000000002
42,BCR,True,35.0,210.87
42,BCR,True,1.0,6.96
42,BCR,True,21.0,113.28999999999999
42,BCR,False,inf,0.0
42,BCR,True,2.0,7.69
42,BCR,True,16.0,89.39999999999999
42,BCR,True,8.0,52.41
42,BCR,False,inf,0.0
42,BCR,True,32.0,175.32000000000002
42,BCR,False,inf,0.0
42,BCR,True,37.0,209.73000000000005
42,BCR,True,24.0,125.79
42,BCR,True,22.0,117.90000000000002
42,BCR,True,2.0,11.47
42,BCR,True,29.0,165.86
42,BCR,True,28.0,152.85999999999999
42,BCR,True,30.0,171.58
42,BCR,False,inf,0.0
42,BCR,True,20.0,114.35
42,BCR,True,24.0,134.16
42,BCR,False,inf,0.0
42,BCR,False,inf,0.0
42,BCR,False,inf,0.0
42,BCR,False,inf,0.0
42,BCR,False,inf,0.0
42,BCR,False,inf,0.0
42,BCR,True,26.0,147.64
42,BCR,False,inf,0.0
42,BCR,True,3.0,18.02
42,BCR,True,3.0,21.22
42,BCR,True,16.0,90.52
42,BCR,False,inf,0.0
42,BCR,False,inf,0.0
42,BCR,True,15.0,80.73
42,BCR,True,23.0,127.89
42,BCR,True,38.0,216.82000000000005
42,BCR,False,inf,0.0
42,BCR,True,19.0,104.51
42,BCR,True,12.0,69.7
42,BCR,True,24.0,134.82
42,BCR,True,37.0,224.26000000000002
42,BCR,True,13.0,66.54
42,BCR,True,2.0,19.41
42,BCR,True,6.0,34.67
42,BCR,True,35.0,210.87
42,BCR,False,inf,0.0
42,BCR,True,25.0,134.89
42,BCR,True,26.0,152.48000000000002
42,BCR,True,20.0,110.53999999999999
42,BCR,True,3.0,18.72
42,BCR,True,3.0,18.02
42,BCR,False,inf,0.0
42,BCR,True,31.0,173.63000000000002
42,BCR,True,18.0,96.54999999999998
42,BCR,True,2.0,8.290000000000001
42,BCR,True,8.0,34.48
42,BCR,True,37.0,193.47000000000003
42,BCR,False,inf,0.0
42,BCR,True,2.0,7.76
42,BCR,False,inf,0.0
42,BCR,True,17.0,93.0
42,BCR,False,inf,0.0
42,BCR,True,9.0,50.31000000000001
42,BCR,True,31.0,181.06
42,BCR,False,inf,0.0
42,BCR,True,23.0,133.89000000000001
42,BCR,False,inf,0.0
42,BCR,True,26.0,158.05999999999997
42,BCR,True,6.0,42.120000000000005
42,BCR,False,inf,0.0
42,BCR,True,27.0,147.07
42,BCR,False,inf,0.0
42,BCR,True,29.0,160.41
42,BCR,True,35.0,193.35000000000002
42,BCR,True,24.0,132.72
42,BCR,True,38.0,219.55000000000007
42,BCR,True,19.0,100.85
42,BCR,True,17.0,91.04000000000002
42,BCR,False,inf,0.0
42,BCR,False,inf,0.0
42,BCR,False,inf,0.0
42,BCR,True,33.0,187.57000000000005
42,BCR,True,27.0,143.66000000000003
42,BCR,True,16.0,90.52
42,BCR,True,27.0,156.85000000000002
42,BCR,True,28.0,164.3
42,BCR,True,22.0,123.62
42,BCR,True,10.0,56.21
42,BCR,True,5.0,34.0
42,BCR,True,28.0,156.38
42,BCR,True,29.0,154.18
42,BCR,True,25.0,138.32
42,BCR,True,20.0,116.39000000000001
42,BCR,True,38.0,216.21
42,BCR,True,23.0,123.84
42,BCR,True,25.0,141.14999999999998
42,BCR,True,10.0,59.699999999999996
42,BCR,False,inf,0.0
42,BCR,False,inf,0.0
42,BCR,True,16.0,89.39999999999999
42,BCR,True,5.0,26.7
42,BCR,True,27.0,147.07
42,BCR,True,6.0,29.740000000000002
42,BCR,False,inf,0.0
42,BCR,False,inf,0.0
42,BCR,True,32.0,178.38
42,BCR,True,6.0,38.480000000000004
42,BCR,True,13.0,70.13000000000001
42,BCR,True,19.0,105.39000000000001
42,BCR,True,27.0,154.57
42,BCR,True,37.0,215.15
42,BCR,True,17.0,87.69
42,BCR,True,27.0,148.16
42,BCR,False,inf,0.0
42,BCR,True,15.0,82.93
42,BCR,True,10.0,63.04
42,BCR,True,6.0,40.85
42,BCR,True,33.0,189.85000000000002
42,BCR,True,16.0,90.46
42,BCR,True,3.0,20.78
42,BCR,True,14.0,79.19
42,BCR,False,inf,0.0
42,BCR,True,36.0,203.87000000000003
42,BCR,True,10.0,53.89
42,BCR,True,10.0,60.74000000000001
42,BCR,True,8.0,44.49
42,BCR,True,10.0,60.02
42,BCR,False,inf,0.0
42,BCR,True,20.0,114.35
42,BCR,True,3.0,28.470000000000002
42,BCR,False,inf,0.0
42,BCR,True,12.0,76.64
42,BCR,True,16.0,86.49
42,BCR,True,37.0,211.70000000000002
42,BCR,True,26.0,144.6
42,BCR,False,inf,0.0
42,BCR,False,inf,0.0
42,BCR,False,inf,0.0
42,BCR,False,inf,0.0
42,BCR,True,18.0,99.37999999999998
42,BCR,True,26.0,147.71999999999997
42,BCR,True,17.0,88.22
42,BCR,True,19.0,105.39000000000001
42,BCR,True,6.0,36.78
42,BCR,False,inf,0.0
42,BCR,False,inf,0.0
42,BCR,False,inf,0.0
42,BCR,True,27.0,152.73
42,BCR,True,24.0,137.08
42,BCR,True,2.0,7.93
42,BCR,True,14.0,74.68
42,BCR,True,4.0,22.71
42,BCR,True,5.0,34.0
42,BCR,True,16.0,86.49
42,BCR,False,inf,0.0
42,BCR,False,inf,0.0
42,BCR,True,18.0,99.33999999999999
42,BCR,True,13.0,75.96000000000001
42,BCR,True,19.0,98.96
42,BCR,True,22.0,117.2
42,BCR,True,18.0,93.46
42,BCR,False,inf,0.0
42,BCR,True,26.0,148.45000000000002
42,BCR,True,34.0,176.37000000000003
42,BCR,False,inf,0.0
42,BCR,True,32.0,190.12
42,BCR,True,25.0,135.82
42,BCR,True,9.0,59.21
42,BCR,True,8.0,55.21999999999999
42,BCR,True,11.0,64.37
42,BCR,False,inf,0.0
42,BCR,True,28.0,161.37000000000003
42,BCR,True,24.0,132.72
42,BCR,True,31.0,176.59
42,BCR,True,4.0,20.28
42,BCR,False,inf,0.0
42,BCR,True,28.0,167.64
42,BCR,True,24.0,136.13999999999996
42,BCR,False,inf,0.0
42,BCR,True,31.0,169.15000000000003
42,BCR,True,21.0,117.70000000000002
42,BCR,True,22.0,118.19000000000001
42,BCR,True,1.0,6.61
42,BCR,False,inf,0.0
42,BCR,True,26.0,137.06
42,BCR,True,2.0,10.99
42,BCR,True,35.0,195.86
42,BCR,True,14.0,80.19999999999999
42,BCR,True,2.0,19.41
42,BCR,True,30.0,165.17000000000002
42,BCR,True,2.0,7.65
42,BCR,True,27.0,152.99
42,BCR,False,inf,0.0
42,BCR,True,5.0,35.24
42,BCR,True,10.0,62.21
42,BCR,True,2.0,8.65
42,BCR,True,20.0,103.88
42,BCR,False,inf,0.0
42,BCR,True,15.0,80.73
42,BCR,True,40.0,241.67000000000002
42,BCR,False,inf,0.0
42,BCR,True,1.0,7.22
42,BCR,True,24.0,125.69999999999999
42,BCR,True,16.0,85.23
42,BCR,True,26.0,142.54
42,BCR,True,1.0,9.66
42,BCR,True,22.0,113.42999999999999
42,BCR,False,inf,0.0
42,BCR,True,14.0,90.97
42,BCR,True,20.0,118.15999999999998
42,BCR,False,inf,0.0
42,BCR,True,15.0,83.46000000000001
42,BCR,False,inf,0.0
42,BCR,True,5.0,30.95
42,BCR,True,2.0,7.93
42,BCR,True,26.0,135.93
42,BCR,True,3.0,13.78
42,BCR,True,35.0,177.74000000000004
42,BCR,True,38.0,199.02000000000004
42,BCR,True,10.0,56.64
42,BCR,True,10.0,57.38
42,BCR,True,29.0,158.93
42,BCR,True,19.0,103.14000000000001
42,BCR,True,16.0,86.55
42,BCR,False,inf,0.0
42,BCR,True,24.0,128.25
42,BCR,True,4.0,24.96
42,BCR,True,24.0,118.05999999999999
42,BCR,False,inf,0.0
42,BCR,True,20.0,106.07
42,BCR,True,17.0,91.04000000000002
42,BCR,True,18.0,109.78999999999999
42,BCR,True,21.0,117.70000000000002
42,BCR,True,36.0,196.97
42,BCR,True,4.0,16.580000000000002
42,BCR,True,4.0,22.36
42,BCR,True,17.0,90.72999999999999
42,BCR,True,2.0,16.71
42,BCR,True,5.0,29.49
42,BCR,False,inf,0.0
42,BCR,True,29.0,151.60999999999999
42,BCR,False,inf,0.0
42,BCR,True,16.0,90.61000000000001
42,BCR,True,3.0,15.49
42,BCR,True,25.0,141.87
42,BCR,True,16.0,86.54000000000002
42,BCR,True,10.0,55.98
42,BCR,True,17.0,87.69
42,BCR,True,6.0,33.17
42,BCR,False,inf,0.0
42,BCR,True,29.0,169.85
42,BCR,True,23.0,137.23
42,BCR,True,32.0,181.10000000000002
42,BCR,True,19.0,116.37
42,BCR,True,34.0,195.66000000000005
42,BCR,True,8.0,44.699999999999996
42,BCR,False,inf,0.0
42,BCR,True,37.0,212.07000000000008
42,BCR,False,inf,0.0
42,BCR,False,inf,0.0
42,BCR,True,12.0,65.89
42,BCR,True,22.0,116.64000000000001
42,BCR,True,16.0,88.3
42,BCR,False,inf,0.0
42,BCR,True,21.0,124.00999999999998
42,BCR,True,19.0,103.97
42,BCR,True,10.0,60.02
42,BCR,False,inf,0.0
42,BCR,False,inf,0.0
42,BCR,True,8.0,42.93
42,BCR,True,10.0,66.17000000000002
42,BCR,True,30.0,173.03
42,BCR,True,11.0,57.97
42,BCR,True,5.0,28.87
42,BCR,False,inf,0.0
42,BCR,True,16.0,81.07000000000001
42,BCR,True,16.0,85.01000000000002
42,BCR,True,16.0,90.87
42,BCR,True,9.0,57.830000000000005
42,BCR,True,34.0,195.66000000000005
42,BCR,True,4.0,24.28
42,BCR,False,inf,0.0
42,BCR,False,inf,0.0
42,BCR,False,inf,0.0
42,BCR,True,22.0,132.52
42,BCR,True,26.0,137.06
42,BCR,False,inf,0.0
42,BCR,True,12.0,72.64999999999999
42,BCR,True,27.0,156.41
42,BCR,True,22.0,121.58999999999999
42,BCR,False,inf,0.0
42,BCR,True,2.0,14.0
42,BCR,True,1.0,9.06
42,BCR,True,12.0,64.16000000000001
42,BCR,True,22.0,132.52
42,BCR,False,inf,0.0
42,BCR,False,inf,0.0
42,BCR,False,inf,0.0
42,BCR,True,25.0,137.29
42,BCR,True,34.0,194.22000000000006
42,BCR,False,inf,0.0
42,BCR,True,18.0,97.57000000000001
42,BCR,True,32.0,177.84000000000003
42,BCR,True,29.0,149.04999999999998
42,BCR,True,4.0,30.509999999999998
42,BCR,True,16.0,88.76
42,BCR,True,23.0,122.14
42,BCR,True,12.0,68.64
42,BCR,False,inf,0.0
42,BCR,False,inf,0.0
42,BCR,True,1.0,1.81
42,BCR,False,inf,0.0
42,BCR,True,22.0,106.47999999999999
42,BCR,True,10.0,57.440000000000005
42,BCR,True,19.0,100.85
42,BCR,True,31.0,173.63000000000002
42,BCR,True,8.0,48.660000000000004
42,BCR,False,inf,0.0
42,BCR,True,1.0,9.3
42,BCR,True,27.0,141.34
42,BCR,True,15.0,84.46000000000001
42,BCR,True,34.0,193.95000000000005
42,BCR,True,28.0,144.29
42,BCR,False,inf,0.0
42,BCR,True,30.0,172.19
42,BCR,True,10.0,58.13
42,BCR,True,11.0,59.44000000000001
42,BCR,True,31.0,172.64000000000001
42,BCR,True,7.0,44.85
42,BCR,True,32.0,186.05
42,BCR,False,inf,0.0
42,BCR,False,inf,0.0
42,BCR,True,35.0,192.12000000000006
42,BCR,True,5.0,41.60000000000001
42,BCR,True,27.0,157.17000000000002
42,BCR,True,3.0,11.84
42,BCR,True,2.0,19.39
42,BCR,True,30.0,166.48000000000002
42,BCR,True,28.0,163.57
42,BCR,False,inf,0.0
42,BCR,True,17.0,95.92
42,BCR,True,12.0,64.72000000000001
42,BCR,True,11.0,64.37
42,BCR,True,21.0,120.83999999999999
42,BCR,True,23.0,130.29
42,BCR,True,15.0,84.95
42,BCR,True,19.0,97.03999999999999
42,BCR,True,23.0,125.44999999999999
42,BCR,False,inf,0.0
42,BCR,True,17.0,90.14
42,BCR,True,8.0,43.73000000000001
42,BCR,False,inf,0.0
42,BCR,True,18.0,98.48999999999998
42,BCR,True,12.0,64.72000000000001
42,BCR,True,6.0,27.33
42,BCR,False,inf,0.0
42,BCR,True,28.0,146.2
42,BCR,False,inf,0.0
42,BCR,True,10.0,57.75
42,BCR,True,16.0,84.6
42,BCR,True,18.0,95.84
42,BCR,True,23.0,127.35
42,BCR,True,6.0,30.16
42,BCR,True,23.0,122.50999999999999
42,BCR,True,4.0,32.32
42,BCR,True,9.0,46.61
42,BCR,True,12.0,69.7
42,BCR,True,34.0,189.98000000000002
42,BCR,False,inf,0.0
42,BCR,False,inf,0.0
42,BCR,True,6.0,36.71
42,BCR,True,38.0,204.15000000000003
42,BCR,True,7.0,47.7
42,BCR,False,inf,0.0
42,BCR,True,3.0,22.66
42,BCR,True,23.0,123.77000000000001
42,BCR,True,10.0,60.83000000000001
42,BCR,True,16.0,90.46
42,BCR,False,inf,0.0
42,BCR,True,2.0,12.02
42,BCR,True,4.0,22.36
42,BCR,True,20.0,108.11
42,BCR,True,22.0,121.58999999999999
42,BCR,True,22.0,135.67
42,BCR,True,17.0,88.64000000000001
42,BCR,True,16.0,86.92000000000002
42,BCR,True,21.0,119.95999999999998
42,BCR,True,14.0,72.92
42,BCR,True,2.0,12.02
42,BCR,True,16.0,79.03000000000002
42,BCR,True,26.0,149.9
42,BCR,True,7.0,41.08
42,BCR,True,8.0,44.52
42,BCR,True,3.0,19.53
42,BCR,True,6.0,28.07
42,BCR,True,17.0,88.22
42,BCR,True,19.0,98.92999999999999
42,BCR,True,21.0,118.14999999999999
42,BCR,True,19.0,99.63
42,BCR,True,26.0,138.72
42,BCR,True,35.0,195.37000000000003
42,BCR,True,17.0,94.96
42,BCR,False,inf,0.0
42,BCR,True,3.0,18.02
42,BCR,True,31.0,180.65
42,BCR,True,22.0,118.19000000000001
42,BCR,True,4.0,17.080000000000002
42,BCR,True,35.0,195.34000000000003
42,BCR,True,9.0,48.27
42,BCR,False,inf,0.0
42,BCR,True,4.0,22.71
42,BCR,True,2.0,18.810000000000002
42,BCR,True,20.0,109.64999999999999
42,BCR,True,5.0,22.25
42,BCR,True,38.0,203.45000000000002
42,BCR,True,17.0,92.03
42,BCR,False,inf,0.0
42,BCR,True,10.0,58.25000000000001
42,BCR,True,12.0,61.78
42,BCR,False,inf,0.0
42,BCR,False,inf,0.0
42,BCR,False,inf,0.0
42,BCR,False,inf,0.0
42,BCR,False,inf,0.0
42,BCR,True,7.0,31.25
42,BCR,True,29.0,168.66
42,BCR,True,16.0,83.11
42,BCR,True,17.0,92.13
42,BCR,False,inf,0.0
42,BCR,False,inf,0.0
42,BCR,True,18.0,97.27
42,BCR,True,21.0,114.33999999999999
42,BCR,True,28.0,164.3
42,BCR,False,inf,0.0
42,BCR,True,5.0,26.48
42,BCR,True,31.0,179.38000000000002
42,BCR,True,32.0,187.74000000000004
42,BCR,False,inf,0.0
42,BCR,True,33.0,174.76000000000002
42,BCR,False,inf,0.0
42,BCR,True,31.0,166.07999999999998
42,BCR,True,3.0,28.71
42,BCR,False,inf,0.0
42,BCR,True,1.0,6.61
42,BCR,False,inf,0.0
42,BCR,True,7.0,42.68
42,BCR,True,26.0,157.57999999999998
42,BCR,False,inf,0.0
42,BCR,False,inf,0.0
42,BCR,False,inf,0.0
42,BCR,True,27.0,146.27
42,BCR,True,11.0,64.71
42,BCR,True,13.0,67.97000000000001
42,BCR,True,4.0,20.0
42,DCR,True,1.0,7.59
42,DCR,True,12.0,67.69
42,DCR,True,18.0,102.63
42,DCR,True,2.0,8.26
42,DCR,True,12.0,64.26
42,DCR,False,inf,0.0
42,DCR,True,7.0,30.809999999999995
42,DCR,True,1.0,9.06
42,DCR,True,33.0,172.61
42,DCR,True,27.0,135.12
42,DCR,False,inf,0.0
42,DCR,False,inf,0.0
42,DCR,False,inf,0.0
42,DCR,True,39.0,205.67000000000004
42,DCR,True,23.0,110.53
42,DCR,True,27.0,153.47000000000003
42,DCR,False,inf,0.0
42,DCR,False,inf,0.0
42,DCR,True,25.0,131.79999999999998
42,DCR,True,6.0,19.16
42,DCR,True,36.0,196.52000000000004
42,DCR,True,15.0,87.8
42,DCR,True,21.0,111.15
42,DCR,True,20.0,110.63
42,DCR,True,22.0,122.48
42,DCR,True,20.0,104.69999999999999
42,DCR,True,31.0,160.07
42,DCR,True,25.0,127.67999999999996
42,DCR,True,31.0,177.17000000000004
42,DCR,True,1.0,7.22
42,DCR,False,inf,0.0
42,DCR,True,14.0,74.63
42,DCR,True,21.0,101.97
42,DCR,True,17.0,99.02
42,DCR,True,15.0,83.44999999999999
42,DCR,False,inf,0.0
42,DCR,True,18.0,88.21000000000001
42,DCR,True,29.0,151.88
42,DCR,True,22.0,118.35999999999999
42,DCR,True,2.0,13.780000000000001
42,DCR,True,11.0,56.81000000000001
42,DCR,True,16.0,77.95
42,DCR,False,inf,0.0
42,DCR,True,7.0,28.650000000000006
42,DCR,True,9.0,41.279999999999994
42,DCR,True,33.0,179.24
42,DCR,True,4.0,22.740000000000002
42,DCR,False,inf,0.0
42,DCR,True,27.0,141.86
42,DCR,True,14.0,81.35
42,DCR,True,30.0,166.55
42,DCR,True,10.0,49.730000000000004
42,DCR,True,26.0,133.02
42,DCR,True,32.0,162.24000000000004
42,DCR,True,7.0,29.760000000000005
42,DCR,False,inf,0.0
42,DCR,False,inf,0.0
42,DCR,True,15.0,81.29999999999998
42,DCR,True,13.0,71.5
42,DCR,True,7.0,28.25
42,DCR,True,18.0,87.82000000000001
42,DCR,True,8.0,44.13
42,DCR,False,inf,0.0
42,DCR,True,11.0,52.57
42,DCR,False,inf,0.0
42,DCR,False,inf,0.0
42,DCR,True,8.0,35.37
42,DCR,False,inf,0.0
42,DCR,False,inf,0.0
42,DCR,False,inf,0.0
42,DCR,True,19.0,100.67000000000002
42,DCR,False,inf,0.0
42,DCR,False,inf,0.0
42,DCR,True,19.0,100.67000000000002
42,DCR,True,8.0,30.32
42,DCR,True,24.0,135.69
42,DCR,True,32.0,160.13000000000002
42,DCR,True,24.0,121.72000000000001
42,DCR,True,13.0,68.86
42,DCR,True,41.0,208.46000000000004
42,DCR,True,37.0,197.20000000000002
42,DCR,False,inf,0.0
42,DCR,True,15.0,72.04
42,DCR,True,27.0,141.01000000000002
42,DCR,False,inf,0.0
42,DCR,False,inf,0.0
42,DCR,False,inf,0.0
42,DCR,True,9.0,48.970000000000006
42,DCR,False,inf,0.0
42,DCR,True,7.0,32.0
42,DCR,True,37.0,208.17000000000004
42,DCR,True,31.0,156.16000000000003
42,DCR,True,12.0,66.54
42,DCR,True,36.0,199.32000000000002
42,DCR,True,21.0,109.38000000000001
42,DCR,False,inf,0.0
42,DCR,True,34.0,190.76000000000005
42,DCR,True,1.0,2.68
42,DCR,True,13.0,71.33000000000001
42,DCR,True,13.0,55.510000000000005
42,DCR,True,20.0,118.71999999999998
42,DCR,False,inf,0.0
42,DCR,True,13.0,62.06
42,DCR,True,13.0,68.9
42,DCR,True,30.0,170.3
42,DCR,True,19.0,97.24000000000001
42,DCR,False,inf,0.0
42,DCR,True,26.0,128.68
42,DCR,True,18.0,82.72000000000001
42,DCR,False,inf,0.0
42,DCR,True,7.0,33.5
42,DCR,True,10.0,48.17
42,DCR,True,30.0,163.37
42,DCR,False,inf,0.0
42,DCR,False,inf,0.0
42,DCR,False,inf,0.0
42,DCR,True,12.0,57.85
42,DCR,True,30.0,159.63
42,DCR,True,19.0,88.64000000000001
42,DCR,True,22.0,106.62
42,DCR,True,40.0,207.26000000000002
42,DCR,True,26.0,145.72000000000003
42,DCR,True,13.0,61.56
42,DCR,True,9.0,45.550000000000004
42,DCR,True,9.0,37.260000000000005
42,DCR,True,14.0,66.44999999999999
42,DCR,False,inf,0.0
42,DCR,True,7.0,25.46
42,DCR,True,16.0,78.01
42,DCR,True,22.0,122.88000000000001
42,DCR,True,3.0,14.420000000000002
42,DCR,True,29.0,164.11
42,DCR,True,17.0,76.23
42,DCR,True,7.0,35.22
42,DCR,False,inf,0.0
42,DCR,True,23.0,121.67000000000002
42,DCR,False,inf,0.0
42,DCR,True,27.0,149.77
42,DCR,True,10.0,49.480000000000004
42,DCR,True,38.0,197.14000000000004
42,DCR,True,36.0,202.11000000000004
42,DCR,True,26.0,138.42
42,DCR,True,2.0,13.84
42,DCR,True,10.0,53.28000000000001
42,DCR,True,24.0,123.74999999999999
42,DCR,True,35.0,181.22
42,DCR,True,18.0,100.46999999999998
42,DCR,False,inf,0.0
42,DCR,True,21.0,105.23
42,DCR,True,35.0,186.84
42,DCR,False,inf,0.0
42,DCR,True,22.0,115.03999999999999
42,DCR,False,inf,0.0
42,DCR,True,14.0,83.23
42,DCR,True,32.0,160.13000000000002
42,DCR,False,inf,0.0
42,DCR,True,3.0,16.14
42,DCR,True,10.0,40.339999999999996
42,DCR,True,7.0,27.43
42,DCR,True,34.0,184.89000000000001
42,DCR,True,4.0,13.270000000000001
42,DCR,True,13.0,63.400000000000006
42,DCR,False,inf,0.0
42,DCR,False,inf,0.0
42,DCR,True,33.0,168.44000000000003
42,DCR,True,25.0,131.95
42,DCR,True,21.0,106.77000000000001
42,DCR,True,21.0,113.25999999999999
42,DCR,False,inf,0.0
42,DCR,True,22.0,120.18999999999998
42,DCR,True,1.0,9.06
42,DCR,True,32.0,173.06
42,DCR,True,1.0,6.39
42,DCR,True,7.0,30.890000000000004
42,DCR,True,3.0,11.39
42,DCR,True,18.0,89.24000000000001
42,DCR,False,inf,0.0
42,DCR,True,16.0,77.98
42,DCR,False,inf,0.0
42,DCR,True,18.0,98.66999999999999
42,DCR,True,20.0,112.02999999999999
42,DCR,True,6.0,29.630000000000003
42,DCR,True,19.0,97.19000000000001
42,DCR,True,15.0,68.10000000000001
42,DCR,True,26.0,133.02
42,DCR,True,21.0,113.25999999999999
42,DCR,True,10.0,47.160000000000004
42,DCR,True,20.0,106.03000000000002
42,DCR,True,31.0,175.80000000000004
42,DCR,False,inf,0.0
42,DCR,True,36.0,185.97000000000003
42,DCR,False,inf,0.0
42,DCR,False,inf,0.0
42,DCR,True,22.0,120.18999999999998
42,DCR,True,36.0,187.67
42,DCR,True,28.0,158.84
42,DCR,False,inf,0.0
42,DCR,True,21.0,103.93
42,DCR,True,34.0,173.02
42,DCR,True,28.0,141.89
42,DCR,False,inf,0.0
42,DCR,True,12.0,56.440000000000005
42,DCR,False,inf,0.0
42,DCR,True,2.0,8.290000000000001
42,DCR,True,26.0,134.2
42,DCR,True,6.0,19.96
42,DCR,True,35.0,183.13000000000002
42,DCR,True,17.0,91.06
42,DCR,True,8.0,30.389999999999993
42,DCR,True,7.0,33.25
42,DCR,True,35.0,194.26000000000002
42,DCR,False,inf,0.0
42,DCR,False,inf,0.0
42,DCR,True,18.0,99.50999999999999
42,DCR,True,32.0,161.99
42,DCR,False,inf,0.0
42,DCR,False,inf,0.0
42,DCR,False,inf,0.0
42,DCR,True,33.0,164.23999999999998
42,DCR,True,37.0,192.07000000000002
42,DCR,True,22.0,126.53999999999999
42,DCR,True,39.0,200.91000000000003
42,DCR,True,2.0,12.31
42,DCR,True,17.0,79.11000000000001
42,DCR,True,23.0,118.68999999999997
42,DCR,True,32.0,168.4
42,DCR,True,37.0,192.07000000000002
42,DCR,True,21.0,93.35000000000002
42,DCR,False,inf,0.0
42,DCR,True,16.0,68.68
42,DCR,True,3.0,13.54
42,DCR,True,38.0,202.73000000000005
42,DCR,True,17.0,98.06
42,DCR,True,3.0,14.46
42,DCR,True,5.0,24.78
42,DCR,False,inf,0.0
42,DCR,True,2.0,12.02
42,DCR,False,inf,0.0
42,DCR,True,10.0,54.88
42,DCR,True,1.0,3.44
42,DCR,True,7.0,28.130000000000003
42,DCR,True,30.0,162.05999999999997
42,DCR,True,19.0,88.64000000000001
42,DCR,True,20.0,97.67000000000002
42,DCR,True,16.0,89.92
42,DCR,False,inf,0.0
42,DCR,False,inf,0.0
42,DCR,True,20.0,105.74000000000001
42,DCR,True,7.0,38.72
42,DCR,False,inf,0.0
42,DCR,False,inf,0.0
42,DCR,False,inf,0.0
42,DCR,True,5.0,22.98
42,DCR,False,inf,0.0
42,DCR,True,36.0,185.73000000000002
42,DCR,False,inf,0.0
42,DCR,False,inf,0.0
42,DCR,False,inf,0.0
42,DCR,True,13.0,71.33000000000001
42,DCR,True,15.0,83.44999999999999
42,DCR,True,1.0,5.46
42,DCR,True,24.0,124.22
42,DCR,True,35.0,189.27
42,DCR,True,27.0,136.97
42,DCR,True,26.0,129.24
42,DCR,True,25.0,115.43999999999998
42,DCR,False,inf,0.0
42,DCR,False,inf,0.0
42,DCR,False,inf,0.0
42,DCR,False,inf,0.0
42,DCR,False,inf,0.0
42,DCR,True,6.0,26.060000000000002
42,DCR,True,22.0,104.7
42,DCR,False,inf,0.0
42,DCR,True,10.0,52.61000000000001
42,DCR,False,inf,0.0
42,DCR,True,20.0,105.66
42,DCR,True,18.0,92.43
42,DCR,True,32.0,156.71
42,DCR,True,15.0,72.57000000000001
42,DCR,True,8.0,32.349999999999994
42,DCR,True,28.0,141.23999999999998
42,DCR,True,33.0,182.06000000000003
42,DCR,True,13.0,61.96000000000001
42,DCR,True,2.0,7.93
42,DCR,True,28.0,152.63
42,DCR,True,6.0,47.21000000000001
42,DCR,True,31.0,162.85
42,DCR,False,inf,0.0
42,DCR,False,inf,0.0
42,DCR,True,16.0,83.69999999999999
42,DCR,True,29.0,151.10999999999999
42,DCR,True,18.0,82.01
42,DCR,True,27.0,135.45000000000002
42,DCR,True,1.0,9.66
42,DCR,True,16.0,75.61
42,DCR,True,23.0,109.73
42,DCR,False,inf,0.0
42,DCR,False,inf,0.0
42,DCR,True,23.0,111.24000000000001
42,DCR,True,22.0,101.51
42,DCR,False,inf,0.0
42,DCR,True,33.0,174.53000000000003
42,DCR,True,17.0,91.57
42,DCR,False,inf,0.0
42,DCR,False,inf,0.0
42,DCR,True,11.0,51.69000000000001
42,DCR,False,inf,0.0
42,DCR,True,11.0,56.55000000000001
42,DCR,True,22.0,115.58999999999999
42,DCR,True,36.0,187.6
42,DCR,False,inf,0.0
42,DCR,True,22.0,121.59
42,DCR,True,18.0,88.21000000000001
42,DCR,True,19.0,102.03
42,DCR,True,1.0,4.89
42,DCR,False,inf,0.0
42,DCR,True,14.0,76.45
42,DCR,True,22.0,119.79
42,DCR,False,inf,0.0
42,DCR,False,inf,0.0
42,DCR,True,10.0,45.06
42,DCR,False,inf,0.0
42,DCR,True,15.0,81.29999999999998
42,DCR,True,4.0,12.98
42,DCR,False,inf,0.0
42,DCR,True,16.0,68.68
42,DCR,True,9.0,44.70000000000001
42,DCR,True,20.0,108.21999999999998
42,DCR,False,inf,0.0
42,DCR,True,27.0,138.51
42,DCR,True,25.0,137.1
42,DCR,True,25.0,131.95
42,DCR,False,inf,0.0
42,DCR,True,27.0,139.4
42,DCR,False,inf,0.0
42,DCR,True,25.0,133.43
42,DCR,True,16.0,85.60000000000001
42,DCR,True,23.0,122.65999999999998
42,DCR,False,inf,0.0
42,DCR,False,inf,0.0
42,DCR,True,26.0,136.56
42,DCR,False,inf,0.0
42,DCR,True,28.0,124.69
42,DCR,True,18.0,81.25000000000001
42,DCR,False,inf,0.0
42,DCR,False,inf,0.0
42,DCR,False,inf,0.0
42,DCR,True,3.0,14.420000000000002
42,DCR,True,29.0,165.20000000000002
42,DCR,False,inf,0.0
42,DCR,True,29.0,167.62000000000003
42,DCR,False,inf,0.0
42,DCR,True,13.0,64.35
42,DCR,True,1.0,2.8
42,DCR,True,5.0,24.189999999999998
42,DCR,False,inf,0.0
42,DCR,True,29.0,157.26000000000002
42,DCR,True,21.0,114.04
42,DCR,True,23.0,114.36
42,DCR,True,36.0,185.97000000000003
42,DCR,True,33.0,167.70000000000002
42,DCR,False,inf,0.0
42,DCR,False,inf,0.0
42,DCR,True,18.0,95.65
42,DCR,True,35.0,186.46
42,DCR,True,19.0,107.79
42,DCR,True,40.0,204.75000000000003
42,DCR,True,14.0,75.81
42,DCR,True,24.0,117.6
42,DCR,False,inf,0.0
42,DCR,True,15.0,67.39
42,DCR,False,inf,0.0
42,DCR,True,20.0,108.63000000000001
42,DCR,False,inf,0.0
42,DCR,True,18.0,81.25000000000001
42,DCR,False,inf,0.0
42,DCR,True,23.0,123.78999999999999
42,DCR,True,34.0,184.60000000000002
42,DCR,False,inf,0.0
42,DCR,True,28.0,156.15
42,DCR,True,14.0,69.12
42,DCR,True,26.0,144.47
42,DCR,True,4.0,20.82
42,DCR,True,31.0,163.10000000000002
42,DCR,True,1.0,3.56
42,DCR,True,34.0,190.77
42,DCR,True,3.0,13.54
42,DCR,True,13.0,65.33000000000001
42,DCR,True,17.0,86.67000000000002
42,DCR,False,inf,0.0
42,DCR,False,inf,0.0
42,DCR,True,20.0,89.63000000000001
42,DCR,False,inf,0.0
42,DCR,True,17.0,89.97
42,DCR,True,25.0,136.3
42,DCR,True,2.0,12.46
42,DCR,True,21.0,112.24000000000001
42,DCR,False,inf,0.0
42,DCR,True,24.0,120.45999999999998
42,DCR,True,25.0,121.85
42,DCR,True,23.0,113.11
42,DCR,False,inf,0.0
42,DCR,True,17.0,99.02
42,DCR,True,8.0,37.620000000000005
42,DCR,True,22.0,121.59
42,DCR,True,9.0,45.550000000000004
42,DCR,True,8.0,44.13
42,DCR,True,9.0,45.64000000000001
42,DCR,True,38.0,195.73000000000002
42,DCR,True,35.0,170.39000000000004
42,DCR,True,26.0,136.73000000000002
42,DCR,False,inf,0.0
42,DCR,True,23.0,117.97
42,DCR,True,34.0,180.91000000000003
42,DCR,True,14.0,75.81
42,DCR,False,inf,0.0
42,DCR,True,32.0,176.33
42,DCR,True,21.0,111.28999999999999
42,DCR,True,20.0,113.58
42,DCR,True,14.0,81.28
42,DCR,True,8.0,32.769999999999996
42,DCR,True,19.0,103.53999999999999
42,DCR,True,21.0,114.46
42,DCR,True,31.0,176.40000000000003
42,DCR,True,14.0,81.13
42,DCR,True,6.0,22.46
42,DCR,True,15.0,74.56
42,DCR,False,inf,0.0
42,DCR,True,39.0,200.91000000000003
42,DCR,True,4.0,12.98
42,DCR,True,33.0,175.2
42,DCR,False,inf,0.0
42,DCR,False,inf,0.0
42,DCR,True,18.0,102.63
42,DCR,True,13.0,68.07000000000001
42,DCR,True,22.0,127.42999999999998
42,DCR,True,12.0,70.02000000000001
42,DCR,True,3.0,26.880000000000003
42,DCR,False,inf,0.0
42,DCR,True,15.0,86.96
42,DCR,True,2.0,12.83
42,DCR,False,inf,0.0
42,DCR,False,inf,0.0
42,DCR,True,23.0,118.72999999999998
42,DCR,True,34.0,187.68000000000004
42,DCR,True,8.0,48.3
42,DCR,False,inf,0.0
42,DCR,True,33.0,181.67000000000002
42,DCR,True,37.0,197.20000000000002
42,DCR,False,inf,0.0
42,DCR,True,11.0,63.43
42,DCR,False,inf,0.0
42,DCR,True,16.0,81.42
42,DCR,True,34.0,187.20000000000002
42,DCR,False,inf,0.0
42,DCR,True,31.0,152.91000000000003
42,DCR,True,33.0,172.61
42,DCR,False,inf,0.0
42,DCR,False,inf,0.0
42,DCR,True,26.0,112.57000000000001
42,DCR,True,20.0,97.22
42,DCR,True,28.0,139.15
42,DCR,True,23.0,125.16000000000001
42,DCR,True,38.0,195.73000000000002
42,DCR,True,10.0,53.540000000000006
42,DCR,True,14.0,58.510000000000005
42,DCR,True,31.0,161.68999999999997
42,DCR,False,inf,0.0
42,DCR,True,34.0,192.7
42,DCR,True,28.0,142.45000000000002
42,DCR,True,31.0,169.73000000000005
42,DCR,True,10.0,50.28
42,DCR,True,40.0,211.49
42,DCR,True,7.0,32.38
42,DCR,False,inf,0.0
42,DCR,True,4.0,21.65
42,DCR,False,inf,0.0
42,DCR,True,1.0,5.85
42,DCR,True,30.0,149.47000000000003
42,DCR,False,inf,0.0
42,DCR,False,inf,0.0
42,DCR,True,21.0,101.97
42,DCR,True,2.0,13.780000000000001
42,DCR,False,inf,0.0
42,DCR,False,inf,0.0
42,DCR,True,3.0,9.530000000000001
42,DCR,False,inf,0.0
42,DCR,True,4.0,17.090000000000003
42,DCR,True,4.0,15.87
42,DCR,True,24.0,129.04
42,DCR,False,inf,0.0
42,DCR,True,18.0,107.70999999999998
42,DCR,True,34.0,173.7
42,DCR,False,inf,0.0
42,DCR,True,6.0,27.43
42,DCR,False,inf,0.0
42,DCR,True,29.0,154.0
42,DCR,False,inf,0.0
42,DCR,False,inf,0.0
42,DCR,True,25.0,135.92000000000002
42,DCR,True,7.0,30.890000000000004
42,DCR,True,1.0,6.41
42,DCR,True,8.0,37.620000000000005
42,DCR,True,16.0,77.98
42,DCR,True,8.0,37.56000000000001
42,DCR,False,inf,0.0
42,DCR,False,inf,0.0
42,DCR,True,8.0,52.99000000000001
42,DCR,True,22.0,127.42999999999998
42,DCR,False,inf,0.0
42,DCR,True,25.0,128.93999999999997
42,DCR,True,14.0,72.92
42,DCR,True,11.0,51.69000000000001
42,DCR,False,inf,0.0
42,DCR,False,inf,0.0
42,DCR,True,15.0,78.71000000000001
42,DCR,True,25.0,132.01999999999998
42,DCR,True,22.0,107.22
42,DCR,True,34.0,180.91000000000003
42,DCR,False,inf,0.0
42,DCR,False,inf,0.0
42,DCR,True,3.0,11.280000000000001
42,DCR,True,8.0,37.620000000000005
42,DCR,False,inf,0.0
42,DCR,True,7.0,28.130000000000003
42,DCR,True,6.0,16.909999999999997
42,DCR,True,9.0,44.11000000000001
42,DCR,True,3.0,25.73
42,DCR,True,33.0,163.37000000000003
42,DCR,False,inf,0.0
42,DCR,False,inf,0.0
42,DCR,False,inf,0.0
42,DCR,True,32.0,170.32000000000002
42,DCR,True,19.0,87.85
42,DCR,True,9.0,49.230000000000004
42,DCR,False,inf,0.0
42,DCR,True,22.0,115.45
42,DCR,True,9.0,48.970000000000006
42,DCR,True,14.0,58.510000000000005
42,DCR,False,inf,0.0
42,DCR,False,inf,0.0
42,DCR,True,8.0,29.830000000000002
42,DCR,False,inf,0.0
42,DCR,False,inf,0.0
42,DCR,True,23.0,122.82999999999998
42,DCR,True,31.0,150.35999999999999
42,DCR,True,9.0,44.11000000000001
42,DCR,True,39.0,205.67000000000004
42,DCR,True,15.0,80.47
42,DCR,True,11.0,54.22
42,DCR,True,21.0,103.93
42,DCR,True,8.0,28.259999999999998
42,DCR,True,9.0,37.410000000000004
42,DCR,True,19.0,101.27000000000001
42,DCR,True,17.0,95.90999999999998
42,DCR,True,24.0,125.88999999999997
42,DCR,False,inf,0.0
42,DCR,False,inf,0.0
42,DCR,False,inf,0.0
42,DCR,True,34.0,184.89000000000001
42,DCR,True,20.0,89.63000000000001
42,DCR,True,6.0,47.21000000000001
42,DCR,True,40.0,210.15000000000003
42,DCR,False,inf,0.0
42,DCR,False,inf,0.0
42,DCR,False,inf,0.0
42,DCR,True,3.0,11.39
42,DCR,False,inf,0.0
42,DCR,True,9.0,38.96
42,DCR,True,4.0,14.07
42,DCR,True,21.0,108.22000000000001
42,DCR,False,inf,0.0
42,DCR,False,inf,0.0
42,DCR,True,21.0,96.44
42,DCR,False,inf,0.0
42,DCR,True,33.0,175.43
42,DCR,False,inf,0.0
42,DCR,False,inf,0.0
42,DCR,True,18.0,89.24000000000001
42,DCR,True,8.0,41.61
42,DCR,True,19.0,94.63000000000001
42,DCR,True,8.0,37.56000000000001
42,DCR,True,33.0,166.44000000000003
42,DCR,True,25.0,121.85
42,DCR,True,21.0,106.2
42,DCR,True,10.0,38.93000000000001
42,DCR,True,31.0,162.52
42,DCR,True,15.0,72.05
42,DCR,True,26.0,131.24
42,DCR,True,28.0,162.52000000000004
42,DCR,False,inf,0.0
42,DCR,False,inf,0.0
42,DCR,True,6.0,28.169999999999995
42,DCR,True,28.0,142.45000000000002
42,DCR,False,inf,0.0
42,DCR,True,24.0,105.69000000000001
42,DCR,True,20.0,106.34999999999998
42,DCR,True,20.0,108.63000000000001
42,DCR,True,34.0,173.7
42,DCR,True,22.0,122.88000000000001
42,DCR,True,10.0,49.33
42,DCR,True,3.0,8.7
42,DCR,True,33.0,182.72000000000003
42,DCR,True,13.0,72.39
42,DCR,True,34.0,173.3
42,DCR,True,40.0,208.28000000000003
42,DCR,True,28.0,139.15
42,DCR,False,inf,0.0
42,DCR,True,29.0,166.25000000000003
42,DCR,True,10.0,49.55000000000001
42,DCR,True,22.0,114.67
42,DCR,True,16.0,81.42
42,DCR,True,4.0,15.87
42,DCR,True,13.0,62.25
42,DCR,False,inf,0.0
42,DCR,True,32.0,173.60000000000002
42,DCR,True,2.0,12.02
42,DCR,False,inf,0.0
42,DCR,True,24.0,110.47999999999999
42,DCR,True,38.0,202.04000000000002
42,DCR,False,inf,0.0
42,DCR,True,34.0,180.72000000000003
42,DCR,True,17.0,85.51
42,DCR,False,inf,0.0
42,DCR,True,5.0,22.570000000000004
42,DCR,True,2.0,7.93
42,DCR,True,27.0,135.12
42,DCR,False,inf,0.0
42,DCR,False,inf,0.0
42,DCR,False,inf,0.0
42,DCR,True,4.0,22.740000000000002
42,DCR,True,20.0,89.75
42,DCR,True,23.0,128.82000000000002
42,DCR,True,32.0,163.53000000000003
42,DCR,True,13.0,54.02
42,DCR,True,8.0,36.31999999999999
42,DCR,True,38.0,197.67000000000002
42,DCR,True,20.0,112.71
42,DCR,False,inf,0.0
42,DCR,False,inf,0.0
42,DCR,True,5.0,24.78
42,DCR,False,inf,0.0
42,DCR,True,12.0,61.35000000000001
42,DCR,False,inf,0.0
42,DCR,True,25.0,128.81
42,DCR,False,inf,0.0
42,DCR,True,34.0,171.82999999999998
42,DCR,True,21.0,117.11000000000001
42,DCR,True,2.0,12.02
42,DCR,False,inf,0.0
42,DCR,False,inf,0.0
42,DCR,True,4.0,22.110000000000003
42,DCR,True,37.0,195.77000000000004
42,DCR,True,2.0,8.52
42,DCR,True,8.0,36.31999999999999
42,DCR,False,inf,0.0
42,DCR,False,inf,0.0
42,DCR,True,28.0,146.70999999999998
42,DCR,True,30.0,159.63
42,DCR,True,33.0,185.81
42,DCR,True,32.0,169.6
42,DCR,False,inf,0.0
42,DCR,False,inf,0.0
42,DCR,False,inf,0.0
42,DCR,True,2.0,17.509999999999998
42,DCR,True,31.0,166.33
42,DCR,False,inf,0.0
42,DCR,True,16.0,77.95
42,DCR,False,inf,0.0
42,DCR,True,28.0,140.53
42,DCR,True,8.0,31.94
42,DCR,False,inf,0.0
42,DCR,True,11.0,56.55000000000001
42,DCR,False,inf,0.0
42,DCR,True,19.0,107.72999999999999
42,DCR,False,inf,0.0
42,DCR,False,inf,0.0
42,DCR,True,1.0,9.3
42,DCR,True,5.0,20.200000000000003
42,DCR,True,24.0,110.36
42,DCR,True,25.0,131.95
42,DCR,True,38.0,202.73000000000005
42,DCR,False,inf,0.0
42,DCR,True,4.0,21.22
42,DCR,False,inf,0.0
42,DCR,True,16.0,83.13000000000001
42,DCR,True,32.0,165.53000000000003
42,DCR,True,1.0,6.41
42,DCR,True,25.0,139.79
42,DCR,False,inf,0.0
42,DCR,True,23.0,111.19
42,DCR,True,30.0,164.07000000000002
42,DCR,True,39.0,208.58000000000004
42,DCR,True,21.0,109.57000000000001
42,DCR,True,39.0,200.36
42,DCR,True,27.0,143.82999999999998
42,DCR,True,27.0,156.56
42,DCR,True,2.0,11.47
42,DCR,True,3.0,22.990000000000002
42,DCR,True,10.0,46.96000000000001
42,DCR,True,12.0,62.85
42,DCR,True,20.0,93.33
42,DCR,True,14.0,66.64000000000001
42,DCR,True,25.0,119.50999999999999
42,DCR,False,inf,0.0
42,DCR,True,26.0,138.42
42,DCR,True,10.0,52.879999999999995
42,DCR,True,15.0,86.96
42,DCR,True,12.0,63.12
42,DCR,False,inf,0.0
42,DCR,True,24.0,124.42999999999998
42,DCR,False,inf,0.0
42,DCR,True,7.0,30.809999999999995
42,DCR,False,inf,0.0
42,DCR,True,9.0,44.11000000000001
42,DCR,True,25.0,125.83999999999999
42,DCR,True,31.0,167.61
42,DCR,False,inf,0.0
42,DCR,False,inf,0.0
42,DCR,True,28.0,155.06
42,DCR,True,38.0,205.05000000000004
42,DCR,True,38.0,197.14000000000004
42,DCR,True,35.0,180.07999999999998
42,DCR,False,inf,0.0
42,DCR,False,inf,0.0
42,DCR,False,inf,0.0
42,DCR,True,18.0,111.03999999999999
42,DCR,True,29.0,170.71
42,DCR,True,17.0,85.51
42,DCR,True,6.0,22.950000000000003
42,DCR,True,1.0,8.75
42,DCR,False,inf,0.0
42,DCR,True,15.0,83.19
42,DCR,True,16.0,94.45
42,DCR,True,5.0,25.909999999999997
42,DCR,True,19.0,105.11999999999999
42,DCR,True,25.0,127.67999999999996
42,DCR,False,inf,0.0
42,DCR,True,20.0,97.24000000000001
42,DCR,True,4.0,15.579999999999998
42,DCR,True,35.0,170.92000000000004
42,DCR,True,26.0,150.18
42,DCR,False,inf,0.0
42,DCR,True,27.0,119.73
42,DCR,True,11.0,59.309999999999995
42,DCR,True,4.0,22.740000000000002
42,DCR,True,4.0,32.54
42,DCR,False,inf,0.0
42,DCR,True,10.0,52.53
42,DCR,True,34.0,186.27000000000004
42,DCR,True,23.0,131.91
42,DCR,True,27.0,138.51
42,DCR,True,18.0,83.93
42,DCR,True,32.0,170.32000000000002
42,DCR,True,30.0,170.3
42,DCR,True,6.0,25.729999999999997
42,DCR,True,14.0,75.81
42,DCR,True,24.0,122.92999999999999
42,DCR,True,33.0,182.06000000000003
42,DCR,False,inf,0.0
42,DCR,True,21.0,106.77000000000001
42,DCR,False,inf,0.0
42,DCR,False,inf,0.0
42,DCR,True,10.0,52.989999999999995
42,DCR,False,inf,0.0
42,DCR,False,inf,0.0
42,DCR,True,26.0,134.2
42,DCR,False,inf,0.0
42,DCR,True,30.0,161.98999999999998
42,DCR,True,2.0,14.0
42,DCR,True,17.0,86.17
42,DCR,True,36.0,183.61
42,DCR,True,19.0,102.07000000000001
42,DCR,True,16.0,86.14
42,DCR,True,22.0,100.63000000000001
42,DCR,True,17.0,91.17000000000002
42,DCR,True,16.0,86.43
42,DCR,True,34.0,173.3
42,DCR,True,24.0,128.89
42,DCR,True,33.0,174.53000000000003
42,DCR,True,17.0,90.26
42,DCR,True,26.0,121.31999999999998
42,DCR,False,inf,0.0
42,DCR,True,21.0,111.91999999999997
42,DCR,True,37.0,191.81
42,DCR,False,inf,0.0
42,DCR,True,18.0,98.63999999999999
42,DCR,True,5.0,24.07
42,DCR,True,24.0,112.77
42,DCR,False,inf,0.0
42,DCR,True,21.0,114.04
42,DCR,False,inf,0.0
42,DCR,True,4.0,22.110000000000003
42,DCR,True,25.0,128.61999999999998
42,DCR,True,28.0,140.53
42,DCR,True,33.0,174.79
42,DCR,True,39.0,203.38000000000002
42,DCR,True,26.0,142.59999999999997
42,DCR,True,24.0,122.92999999999999
42,DCR,True,14.0,77.82000000000001
42,DCR,True,21.0,110.04
42,DCR,True,1.0,9.37
42,DCR,False,inf,0.0
42,DCR,True,32.0,182.10999999999999
42,DCR,True,17.0,98.06
42,DCR,True,9.0,37.260000000000005
42,DCR,True,10.0,53.28000000000001
42,DCR,True,14.0,75.81
42,DCR,True,22.0,107.63
42,DCR,True,28.0,141.1
42,DCR,False,inf,0.0
42,DCR,True,31.0,161.68999999999997
42,DCR,True,11.0,45.370000000000005
42,DCR,True,10.0,45.339999999999996
42,DCR,True,11.0,61.33
42,DCR,False,inf,0.0
42,DCR,True,3.0,18.72
42,DCR,False,inf,0.0
42,DCR,True,1.0,2.04
42,DCR,False,inf,0.0
42,DCR,True,8.0,37.44
42,DCR,True,27.0,143.82999999999998
42,DCR,True,3.0,21.32
42,DCR,True,36.0,194.25
42,DCR,True,24.0,125.88999999999997
42,DCR,True,22.0,118.35999999999999
42,DCR,True,32.0,169.05
42,DCR,True,26.0,121.31999999999998
42,DCR,False,inf,0.0
42,DCR,True,22.0,126.83999999999999
42,DCR,True,2.0,7.65
42,DCR,True,27.0,135.82999999999998
42,DCR,False,inf,0.0
42,DCR,True,11.0,45.08
42,DCR,True,3.0,21.32
42,DCR,True,20.0,106.34999999999998
42,DCR,True,8.0,37.7
42,DCR,True,33.0,158.51999999999998
42,DCR,False,inf,0.0
42,DCR,True,24.0,122.92999999999999
42,DCR,True,29.0,159.0
42,DCR,True,4.0,14.070000000000002
42,DCR,False,inf,0.0
42,DCR,True,18.0,98.63999999999999
42,DCR,True,9.0,47.03
42,DCR,True,5.0,18.44
42,DCR,True,12.0,60.54
42,DCR,True,3.0,19.18
42,DCR,False,inf,0.0
42,DCR,True,30.0,153.87
42,DCR,True,33.0,178.42000000000002
42,DCR,False,inf,0.0
42,DCR,False,inf,0.0
42,DCR,True,18.0,89.36000000000001
42,DCR,True,29.0,148.88000000000002
42,DCR,False,inf,0.0
42,DCR,True,19.0,108.82
42,DCR,False,inf,0.0
42,DCR,True,23.0,125.16000000000001
42,DCR,True,18.0,83.55
42,DCR,False,inf,0.0
42,DCR,False,inf,0.0
42,DCR,True,26.0,140.13000000000002
42,DCR,True,30.0,160.85999999999999
42,DCR,True,20.0,108.94999999999999
42,DCR,True,10.0,53.61000000000001
42,DCR,True,23.0,121.86000000000001
42,DCR,True,27.0,152.46
42,DCR,True,8.0,38.32
42,DCR,True,32.0,164.92999999999998
42,DCR,False,inf,0.0
42,DCR,False,inf,0.0
42,DCR,False,inf,0.0
42,DCR,False,inf,0.0
42,DCR,True,24.0,114.69
42,DCR,True,22.0,118.7
42,DCR,True,18.0,98.02000000000001
42,DCR,True,1.0,7.59
42,DCR,False,inf,0.0
42,DCR,True,15.0,67.81
42,DCR,True,30.0,157.69
42,DCR,True,17.0,77.64000000000001
42,DCR,True,31.0,171.08
42,DCR,False,inf,0.0
42,DCR,True,30.0,157.56
42,DCR,True,19.0,107.83999999999999
42,DCR,True,26.0,134.93999999999997
42,DCR,True,33.0,175.2
42,DCR,True,10.0,54.88
42,DCR,False,inf,0.0
42,DCR,True,24.0,113.17
42,DCR,True,19.0,102.51999999999998
42,DCR,True,23.0,120.83999999999999
42,DCR,False,inf,0.0
42,DCR,False,inf,0.0
42,DCR,True,32.0,170.32000000000002
42,DCR,False,inf,0.0
42,DCR,False,inf,0.0
42,DCR,True,33.0,175.43
42,DCR,False,inf,0.0
42,DCR,False,inf,0.0
42,DCR,False,inf,0.0
42,DCR,False,inf,0.0
42,DCR,False,inf,0.0
42,DCR,True,19.0,102.07000000000001
42,DCR,True,27.0,137.13
42,DCR,False,inf,0.0
42,DCR,False,inf,0.0
42,DCR,True,24.0,121.72000000000001
42,DCR,True,11.0,56.42000000000001
42,DCR,True,6.0,25.21
42,DCR,False,inf,0.0
42,DCR,True,12.0,56.8
42,DCR,True,24.0,128.96
42,DCR,True,27.0,143.11
42,DCR,False,inf,0.0
42,DCR,True,17.0,91.57
42,DCR,True,20.0,118.71999999999998
42,DCR,True,22.0,122.88000000000001
42,DCR,True,1.0,4.48
42,DCR,True,35.0,192.65000000000003
42,DCR,False,inf,0.0
42,DCR,True,18.0,95.21000000000002
42,DCR,True,7.0,32.0
42,DCR,True,27.0,134.73
42,DCR,True,13.0,58.36
42,DCR,True,7.0,28.130000000000003
42,DCR,True,7.0,28.140000000000004
42,DCR,True,18.0,95.3
42,DCR,True,29.0,153.23999999999998
42,DCR,True,19.0,97.24000000000001
42,DCR,True,14.0,67.4
42,DCR,False,inf,0.0
42,DCR,True,2.0,7.65
42,DCR,False,inf,0.0
42,DCR,True,33.0,184.56000000000003
42,DCR,False,inf,0.0
42,DCR,True,36.0,184.70000000000002
42,DCR,True,31.0,152.91000000000003
42,DCR,True,8.0,52.99000000000001
42,DCR,True,34.0,168.95000000000005
42,DCR,True,18.0,91.05999999999999
42,DCR,True,9.0,43.22
42,DCR,False,inf,0.0
42,DCR,True,33.0,176.92000000000002
42,DCR,True,8.0,29.95
42,DCR,True,9.0,31.35
42,DCR,True,33.0,172.36
42,DCR,True,2.0,7.93
42,DCR,True,19.0,103.17
42,DCR,True,1.0,8.75
42,DCR,True,9.0,39.67
42,DCR,True,7.0,26.880000000000003
42,DCR,False,inf,0.0
42,DCR,True,27.0,141.01000000000002
42,DCR,False,inf,0.0
42,DCR,True,9.0,47.38
42,DCR,False,inf,0.0
42,DCR,True,31.0,166.81000000000003
42,DCR,True,5.0,19.49
42,DCR,True,18.0,95.21000000000002
42,DCR,False,inf,0.0
42,DCR,True,32.0,169.10999999999999
42,DCR,True,13.0,62.06
42,DCR,True,40.0,211.49
42,DCR,True,4.0,22.110000000000003
42,DCR,True,19.0,92.92
42,DCR,True,6.0,23.770000000000003
42,DCR,True,12.0,65.65
42,DCR,True,20.0,108.19000000000001
42,DCR,True,15.0,86.96
42,DCR,True,8.0,28.259999999999998
42,DCR,True,14.0,72.18999999999998
42,DCR,True,21.0,105.23
42,DCR,True,4.0,13.2
42,DCR,False,inf,0.0
42,DCR,True,34.0,180.70999999999998
42,DCR,False,inf,0.0
42,DCR,True,20.0,109.52000000000001
42,DCR,False,inf,0.0
42,DCR,True,34.0,166.95000000000005
42,DCR,True,15.0,74.56
42,DCR,True,12.0,59.87000000000002
42,DCR,False,inf,0.0
42,DCR,True,2.0,9.05
42,DCR,True,35.0,181.76000000000002
42,DCR,False,inf,0.0
42,DCR,True,29.0,144.25
42,DCR,True,30.0,146.95000000000002
42,DCR,True,35.0,175.68
42,DCR,True,5.0,22.98
42,DCR,True,29.0,150.4
42,DCR,False,inf,0.0
42,DCR,True,30.0,146.95000000000002
42,DCR,True,25.0,121.85
42,DCR,False,inf,0.0
42,DCR,False,inf,0.0
42,DCR,True,22.0,100.63000000000001
42,DCR,True,13.0,74.39
42,CCR,False,inf,0.0
42,CCR,True,22.0,110.60000000000002
42,CCR,True,24.0,128.51000000000002
42,CCR,True,25.0,136.63
42,CCR,True,16.0,77.18
42,CCR,False,inf,0.0
42,CCR,False,inf,0.0
42,CCR,True,28.0,132.38
42,CCR,True,27.0,128.02
42,CCR,True,7.0,36.309999999999995
42,CCR,False,inf,0.0
42,CCR,True,36.0,191.69000000000005
42,CCR,True,2.0,6.76
42,CCR,True,11.0,61.83
42,CCR,False,inf,0.0
42,CCR,True,29.0,138.84000000000003
42,CCR,True,28.0,132.23000000000002
42,CCR,True,7.0,25.429999999999996
42,CCR,True,29.0,139.96
42,CCR,True,10.0,52.14
42,CCR,True,12.0,60.980000000000004
42,CCR,False,inf,0.0
42,CCR,True,30.0,142.88000000000002
42,CCR,False,inf,0.0
42,CCR,False,inf,0.0
42,CCR,True,37.0,202.23000000000002
42,CCR,False,inf,0.0
42,CCR,True,27.0,132.02
42,CCR,True,14.0,68.11
42,CCR,False,inf,0.0
42,CCR,True,31.0,153.57000000000002
42,CCR,True,23.0,109.79
42,CCR,False,inf,0.0
42,CCR,True,3.0,14.870000000000001
42,CCR,True,11.0,63.32
42,CCR,True,18.0,85.05000000000001
42,CCR,True,7.0,33.290000000000006
42,CCR,True,39.0,204.17000000000002
42,CCR,False,inf,0.0
42,CCR,False,inf,0.0
42,CCR,False,inf,0.0
42,CCR,False,inf,0.0
42,CCR,False,inf,0.0
42,CCR,True,18.0,87.60000000000001
42,CCR,False,inf,0.0
42,CCR,True,6.0,28.86
42,CCR,True,23.0,113.50999999999999
42,CCR,False,inf,0.0
42,CCR,True,10.0,50.33
42,CCR,True,33.0,172.98000000000008
42,CCR,True,30.0,147.30000000000004
42,CCR,True,28.0,143.66000000000003
42,CCR,True,7.0,43.25
42,CCR,True,20.0,96.39000000000001
42,CCR,True,2.0,7.65
42,CCR,True,18.0,85.33000000000001
42,CCR,True,18.0,95.99
42,CCR,True,9.0,54.11
42,CCR,False,inf,0.0
42,CCR,True,10.0,59.96
42,CCR,True,8.0,39.87
42,CCR,True,21.0,103.0
42,CCR,True,11.0,58.18
42,CCR,False,inf,0.0
42,CCR,True,21.0,103.12
42,CCR,False,inf,0.0
42,CCR,False,inf,0.0
42,CCR,True,5.0,24.53
42,CCR,True,18.0,88.38
42,CCR,True,23.0,116.34999999999998
42,CCR,True,38.0,201.26000000000002
42,CCR,True,2.0,5.32
42,CCR,False,inf,0.0
42,CCR,True,17.0,82.54
42,CCR,True,8.0,46.23
42,CCR,True,6.0,23.16
42,CCR,True,14.0,68.19000000000001
42,CCR,True,4.0,32.54
42,CCR,True,13.0,66.96
42,CCR,False,inf,0.0
42,CCR,False,inf,0.0
42,CCR,True,15.0,74.29000000000002
42,CCR,False,inf,0.0
42,CCR,True,16.0,80.07000000000001
42,CCR,True,10.0,53.080000000000005
42,CCR,True,3.0,10.93
42,CCR,False,inf,0.0
42,CCR,False,inf,0.0
42,CCR,True,3.0,21.06
42,CCR,False,inf,0.0
42,CCR,True,18.0,92.56
42,CCR,True,36.0,191.69000000000005
42,CCR,False,inf,0.0
42,CCR,True,28.0,130.71999999999997
42,CCR,True,32.0,156.82000000000002
42,CCR,True,31.0,159.58
42,CCR,False,inf,0.0
42,CCR,True,28.0,154.57000000000002
42,CCR,True,15.0,75.18
42,CCR,True,28.0,140.31000000000003
42,CCR,True,15.0,84.3
42,CCR,True,11.0,60.08
42,CCR,True,8.0,52.589999999999996
42,CCR,False,inf,0.0
42,CCR,True,22.0,107.17999999999999
42,CCR,True,19.0,88.84000000000002
42,CCR,True,17.0,80.08
42,CCR,True,2.0,13.84
42,CCR,True,38.0,182.40000000000003
42,CCR,True,28.0,138.81
42,CCR,True,18.0,87.60000000000001
42,CCR,True,13.0,68.2
42,CCR,False,inf,0.0
42,CCR,True,40.0,217.0
42,CCR,True,21.0,99.07000000000002
42,CCR,False,inf,0.0
42,CCR,True,20.0,109.74
42,CCR,True,25.0,126.77000000000002
42,CCR,True,1.0,3.04
42,CCR,True,36.0,166.56000000000003
42,CCR,True,19.0,100.51
42,CCR,False,inf,0.0
42,CCR,True,30.0,147.30000000000004
42,CCR,False,inf,0.0
42,CCR,True,25.0,121.29
42,CCR,True,17.0,80.37
42,CCR,True,21.0,108.78
42,CCR,True,39.0,211.08
42,CCR,True,15.0,71.96
42,CCR,True,4.0,15.84
42,CCR,True,29.0,142.25
42,CCR,True,28.0,153.16000000000003
42,CCR,True,37.0,173.61
42,CCR,True,20.0,91.42000000000002
42,CCR,True,29.0,145.63000000000002
42,CCR,False,inf,0.0
42,CCR,False,inf,0.0
42,CCR,False,inf,0.0
42,CCR,True,24.0,120.08000000000003
42,CCR,True,34.0,183.45000000000002
42,CCR,False,inf,0.0
42,CCR,False,inf,0.0
42,CCR,True,3.0,21.32
42,CCR,True,24.0,128.51000000000002
42,CCR,True,31.0,149.66000000000003
42,CCR,True,37.0,198.62000000000003
42,CCR,True,8.0,48.14
42,CCR,True,21.0,98.17000000000002
42,CCR,True,13.0,66.96
42,CCR,False,inf,0.0
42,CCR,True,16.0,77.47000000000001
42,CCR,True,8.0,39.9
42,CCR,True,23.0,112.13000000000001
42,CCR,True,25.0,119.89000000000001
42,CCR,True,12.0,60.620000000000005
42,CCR,False,inf,0.0
42,CCR,False,inf,0.0
42,CCR,True,21.0,118.21000000000001
42,CCR,True,21.0,95.35000000000002
42,CCR,False,inf,0.0
42,CCR,False,inf,0.0
42,CCR,True,21.0,101.85000000000002
42,CCR,False,inf,0.0
42,CCR,True,30.0,154.60000000000002
42,CCR,True,38.0,197.45000000000005
42,CCR,True,8.0,46.02
42,CCR,True,35.0,164.54999999999998
42,CCR,True,25.0,120.49000000000001
42,CCR,False,inf,0.0
42,CCR,True,36.0,193.66000000000003
42,CCR,True,11.0,65.14
42,CCR,True,2.0,7.49
42,CCR,True,23.0,109.24000000000002
42,CCR,False,inf,0.0
42,CCR,False,inf,0.0
42,CCR,True,19.0,92.51000000000002
42,CCR,False,inf,0.0
42,CCR,True,23.0,106.0
42,CCR,True,13.0,61.410000000000004
42,CCR,True,13.0,73.00000000000001
42,CCR,True,37.0,178.06
42,CCR,False,inf,0.0
42,CCR,False,inf,0.0
42,CCR,False,inf,0.0
42,CCR,False,inf,0.0
42,CCR,True,25.0,120.49000000000001
42,CCR,True,30.0,142.88000000000002
42,CCR,True,7.0,25.56
42,CCR,False,inf,0.0
42,CCR,True,11.0,53.25000000000001
42,CCR,True,5.0,21.64
42,CCR,False,inf,0.0
42,CCR,True,32.0,157.54000000000002
42,CCR,True,34.0,163.88000000000002
42,CCR,False,inf,0.0
42,CCR,True,26.0,137.48000000000005
42,CCR,True,29.0,137.85000000000002
42,CCR,True,3.0,20.310000000000002
42,CCR,True,22.0,106.79000000000002
42,CCR,True,18.0,86.83000000000001
42,CCR,True,38.0,203.8
42,CCR,False,inf,0.0
42,CCR,True,37.0,197.61000000000004
42,CCR,False,inf,0.0
42,CCR,True,20.0,104.34999999999998
42,CCR,False,inf,0.0
42,CCR,True,10.0,39.18
42,CCR,False,inf,0.0
42,CCR,True,10.0,62.78000000000001
42,CCR,True,5.0,21.64
42,CCR,False,inf,0.0
42,CCR,False,inf,0.0
42,CCR,True,13.0,66.08
42,CCR,True,25.0,123.43
42,CCR,True,19.0,96.57
42,CCR,True,1.0,2.65
42,CCR,True,30.0,147.66
42,CCR,True,22.0,116.15000000000002
42,CCR,True,23.0,109.79
42,CCR,True,23.0,123.69000000000001
42,CCR,False,inf,0.0
42,CCR,True,25.0,116.19
42,CCR,True,21.0,103.12
42,CCR,True,16.0,88.22000000000001
42,CCR,False,inf,0.0
42,CCR,True,9.0,59.23
42,CCR,True,16.0,77.42999999999999
42,CCR,True,27.0,128.26999999999998
42,CCR,True,30.0,142.34000000000003
42,CCR,True,26.0,137.48000000000005
42,CCR,False,inf,0.0
42,CCR,True,8.0,42.49
42,CCR,True,15.0,85.19
42,CCR,True,23.0,103.79000000000002
42,CCR,True,28.0,138.76000000000002
42,CCR,False,inf,0.0
42,CCR,True,24.0,118.25
42,CCR,True,7.0,42.99
42,CCR,True,9.0,43.48
42,CCR,False,inf,0.0
42,CCR,True,15.0,82.95000000000002
42,CCR,True,14.0,76.92
42,CCR,True,23.0,113.40000000000002
42,CCR,True,20.0,105.17
42,CCR,True,1.0,9.75
42,CCR,True,5.0,41.60000000000001
42,CCR,True,1.0,2.4
42,CCR,True,16.0,77.39999999999999
42,CCR,False,inf,0.0
42,CCR,False,inf,0.0
42,CCR,False,inf,0.0
42,CCR,True,28.0,155.62
42,CCR,True,34.0,176.12000000000006
42,CCR,True,30.0,150.23
42,CCR,False,inf,0.0
42,CCR,True,29.0,141.97000000000003
42,CCR,True,33.0,161.72000000000006
42,CCR,True,19.0,88.83000000000001
42,CCR,True,38.0,188.76000000000005
42,CCR,True,20.0,104.08000000000001
42,CCR,True,32.0,177.57
42,CCR,True,29.0,147.46
42,CCR,False,inf,0.0
42,CCR,True,33.0,175.42000000000004
42,CCR,True,23.0,112.59000000000002
42,CCR,True,14.0,71.98
42,CCR,False,inf,0.0
42,CCR,True,2.0,12.83
42,CCR,False,inf,0.0
42,CCR,True,10.0,48.0
42,CCR,True,20.0,97.52000000000001
42,CCR,True,31.0,176.07000000000002
42,CCR,True,30.0,146.93000000000004
42,CCR,False,inf,0.0
42,CCR,True,28.0,138.06000000000003
42,CCR,True,13.0,70.7
42,CCR,False,inf,0.0
42,CCR,True,3.0,21.549999999999997
42,CCR,True,27.0,134.55
42,CCR,False,inf,0.0
42,CCR,False,inf,0.0
42,CCR,False,inf,0.0
42,CCR,True,35.0,172.40000000000006
42,CCR,True,6.0,32.660000000000004
42,CCR,True,2.0,12.120000000000001
42,CCR,True,21.0,92.76000000000002
42,CCR,True,16.0,93.58999999999999
42,CCR,True,39.0,190.70000000000005
42,CCR,True,14.0,71.78
42,CCR,True,35.0,163.02
42,CCR,True,28.0,138.35000000000002
42,CCR,True,3.0,28.470000000000002
42,CCR,True,18.0,88.35
42,CCR,False,inf,0.0
42,CCR,False,inf,0.0
42,CCR,True,22.0,121.86999999999999
42,CCR,False,inf,0.0
42,CCR,True,11.0,60.08
42,CCR,True,4.0,23.809999999999995
42,CCR,False,inf,0.0
42,CCR,False,inf,0.0
42,CCR,False,inf,0.0
42,CCR,False,inf,0.0
42,CCR,True,17.0,79.32000000000001
42,CCR,False,inf,0.0
42,CCR,False,inf,0.0
42,CCR,False,inf,0.0
42,CCR,True,40.0,210.50000000000003
42,CCR,False,inf,0.0
42,CCR,True,6.0,30.999999999999996
42,CCR,False,inf,0.0
42,CCR,True,33.0,182.41
42,CCR,False,inf,0.0
42,CCR,True,22.0,105.73
42,CCR,True,22.0,116.14
42,CCR,True,16.0,85.02000000000001
42,CCR,True,1.0,3.63
42,CCR,False,inf,0.0
42,CCR,True,21.0,103.83
42,CCR,False,inf,0.0
42,CCR,False,inf,0.0
42,CCR,True,7.0,25.02
42,CCR,True,31.0,146.45000000000002
42,CCR,True,14.0,80.19000000000001
42,CCR,True,30.0,164.03000000000006
42,CCR,True,30.0,150.23
42,CCR,True,21.0,95.35000000000002
42,CCR,True,26.0,126.10000000000001
42,CCR,True,14.0,71.78
42,CCR,True,13.0,66.05
42,CCR,True,17.0,80.37
42,CCR,True,25.0,120.49000000000001
42,CCR,True,36.0,194.81
42,CCR,True,1.0,1.88
42,CCR,True,12.0,60.47000000000001
42,CCR,True,13.0,71.86
42,CCR,True,4.0,15.97
42,CCR,False,inf,0.0
42,CCR,False,inf,0.0
42,CCR,True,3.0,17.82
42,CCR,False,inf,0.0
42,CCR,True,2.0,18.96
42,CCR,True,18.0,84.93
42,CCR,True,5.0,27.060000000000002
42,CCR,True,28.0,134.81000000000003
42,CCR,True,28.0,136.48000000000002
42,CCR,True,2.0,13.84
42,CCR,True,2.0,7.93
42,CCR,True,22.0,121.86999999999999
42,CCR,True,27.0,138.15
42,CCR,False,inf,0.0
42,CCR,False,inf,0.0
42,CCR,True,6.0,27.589999999999996
42,CCR,False,inf,0.0
42,CCR,True,3.0,15.989999999999998
42,CCR,True,21.0,117.36000000000001
42,CCR,True,25.0,121.29
42,CCR,True,28.0,153.16000000000003
42,CCR,True,7.0,30.779999999999998
42,CCR,False,inf,0.0
42,CCR,True,30.0,144.70000000000002
42,CCR,False,inf,0.0
42,CCR,False,inf,0.0
42,CCR,False,inf,0.0
42,CCR,False,inf,0.0
42,CCR,True,5.0,17.839999999999996
42,CCR,True,2.0,8.11
42,CCR,True,1.0,3.44
42,CCR,True,9.0,49.27
42,CCR,True,9.0,55.31
42,CCR,True,11.0,60.800000000000004
42,CCR,True,5.0,21.500000000000004
42,CCR,True,8.0,52.589999999999996
42,CCR,False,inf,0.0
42,CCR,True,23.0,109.24000000000002
42,CCR,True,10.0,45.76
42,CCR,False,inf,0.0
42,CCR,False,inf,0.0
42,CCR,True,29.0,128.20000000000002
42,CCR,True,21.0,102.03
42,CCR,True,8.0,39.87
42,CCR,True,19.0,91.68
42,CCR,True,6.0,24.250000000000004
42,CCR,True,29.0,139.82000000000002
42,CCR,False,inf,0.0
42,CCR,True,9.0,44.59
42,CCR,False,inf,0.0
42,CCR,True,27.0,131.76000000000002
42,CCR,True,27.0,127.6
42,CCR,True,26.0,130.99
42,CCR,True,9.0,55.31
42,CCR,True,15.0,77.77
42,CCR,True,11.0,57.58
42,CCR,True,9.0,50.04
42,CCR,True,10.0,61.7
42,CCR,False,inf,0.0
42,CCR,True,9.0,58.970000000000006
42,CCR,False,inf,0.0
42,CCR,True,14.0,70.34
42,CCR,True,8.0,33.86
42,CCR,True,26.0,130.61
42,CCR,False,inf,0.0
42,CCR,False,inf,0.0
42,CCR,False,inf,0.0
42,CCR,True,31.0,148.76000000000002
42,CCR,True,11.0,60.08
42,CCR,True,1.0,6.74
42,CCR,True,16.0,77.39999999999999
42,CCR,True,25.0,125.58999999999997
42,CCR,True,2.0,7.65
42,CCR,True,22.0,121.82000000000001
42,CCR,True,1.0,5.67
42,CCR,True,4.0,25.009999999999998
42,CCR,True,2.0,8.11
42,CCR,True,3.0,18.41
42,CCR,True,19.0,95.81
42,CCR,True,24.0,112.33
42,CCR,True,23.0,109.12000000000002
42,CCR,False,inf,0.0
42,CCR,True,24.0,124.30000000000003
42,CCR,True,10.0,53.4
42,CCR,True,13.0,58.730000000000004
42,CCR,True,31.0,169.76000000000005
42,CCR,True,13.0,76.58000000000001
42,CCR,True,22.0,113.80000000000001
42,CCR,True,31.0,149.39
42,CCR,True,33.0,159.49
42,CCR,False,inf,0.0
42,CCR,False,inf,0.0
42,CCR,True,18.0,86.85000000000001
42,CCR,True,10.0,59.96
42,CCR,True,26.0,130.99
42,CCR,True,30.0,152.42000000000002
42,CCR,False,inf,0.0
42,CCR,False,inf,0.0
42,CCR,True,3.0,13.58
42,CCR,True,30.0,167.22
42,CCR,True,2.0,9.58
42,CCR,False,inf,0.0
42,CCR,True,8.0,39.0
42,CCR,True,12.0,59.85
42,CCR,False,inf,0.0
42,CCR,True,5.0,32.85
42,CCR,True,5.0,28.729999999999997
42,CCR,True,26.0,137.48000000000005
42,CCR,True,18.0,93.00999999999999
42,CCR,True,12.0,61.02000000000001
42,CCR,True,14.0,84.78999999999999
42,CCR,False,inf,0.0
42,CCR,True,26.0,119.1
42,CCR,True,8.0,41.62
42,CCR,False,inf,0.0
42,CCR,True,19.0,100.41999999999997
42,CCR,True,28.0,137.85000000000002
42,CCR,True,4.0,18.130000000000003
42,CCR,True,4.0,23.61
42,CCR,True,8.0,40.67999999999999
42,CCR,True,5.0,26.83
42,CCR,True,16.0,74.04
42,CCR,True,25.0,136.63
42,CCR,True,15.0,78.28000000000002
42,CCR,True,11.0,63.87000000000001
42,CCR,True,22.0,111.54
42,CCR,False,inf,0.0
42,CCR,False,inf,0.0
42,CCR,True,13.0,63.42000000000001
42,CCR,False,inf,0.0
42,CCR,True,28.0,137.88000000000002
42,CCR,True,19.0,96.6
42,CCR,True,14.0,67.01
42,CCR,True,9.0,52.309999999999995
42,CCR,False,inf,0.0
42,CCR,False,inf,0.0
42,CCR,True,25.0,121.41000000000001
42,CCR,False,inf,0.0
42,CCR,True,33.0,162.03000000000003
42,CCR,True,37.0,177.61
42,CCR,True,9.0,43.519999999999996
42,CCR,True,10.0,59.96
42,CCR,True,3.0,21.08
42,CCR,False,inf,0.0
42,CCR,True,33.0,172.98000000000008
42,CCR,True,9.0,53.15
42,CCR,False,inf,0.0
42,CCR,False,inf,0.0
42,CCR,True,36.0,178.33000000000004
42,CCR,False,inf,0.0
42,CCR,True,20.0,91.42000000000002
42,CCR,True,1.0,3.63
42,CCR,True,25.0,122.94000000000001
42,CCR,False,inf,0.0
42,CCR,True,12.0,58.74
42,CCR,True,24.0,115.07000000000001
42,CCR,False,inf,0.0
42,CCR,True,7.0,43.54
42,CCR,False,inf,0.0
42,CCR,False,inf,0.0
42,CCR,False,inf,0.0
42,CCR,True,27.0,146.99000000000004
42,CCR,True,18.0,85.05000000000001
42,CCR,True,34.0,163.11000000000004
42,CCR,True,21.0,101.85000000000002
42,CCR,False,inf,0.0
42,CCR,False,inf,0.0
42,CCR,False,inf,0.0
42,CCR,True,39.0,206.51000000000005
42,CCR,False,inf,0.0
42,CCR,True,30.0,150.66000000000003
42,CCR,True,37.0,193.06
42,CCR,False,inf,0.0
42,CCR,False,inf,0.0
42,CCR,False,inf,0.0
42,CCR,False,inf,0.0
42,CCR,True,10.0,56.51
42,CCR,True,31.0,148.57000000000002
42,CCR,True,18.0,104.21
42,CCR,True,25.0,125.42000000000002
42,CCR,True,13.0,66.05
42,CCR,False,inf,0.0
42,CCR,True,30.0,171.68000000000004
42,CCR,True,22.0,122.49000000000001
42,CCR,False,inf,0.0
42,CCR,True,27.0,132.87000000000003
42,CCR,True,23.0,127.75
42,CCR,True,15.0,85.03999999999999
42,CCR,False,inf,0.0
42,CCR,False,inf,0.0
42,CCR,True,19.0,88.26
42,CCR,False,inf,0.0
42,CCR,True,27.0,149.94
42,CCR,True,9.0,43.48
42,CCR,True,4.0,25.24
42,CCR,True,16.0,70.96000000000001
42,CCR,False,inf,0.0
42,CCR,True,8.0,38.18
42,CCR,True,35.0,164.97000000000003
42,CCR,False,inf,0.0
42,CCR,True,28.0,137.3
42,CCR,False,inf,0.0
42,CCR,True,20.0,115.42
42,CCR,False,inf,0.0
42,CCR,False,inf,0.0
42,CCR,True,11.0,58.2
42,CCR,True,1.0,3.86
42,CCR,True,25.0,112.18000000000002
42,CCR,False,inf,0.0
42,CCR,True,28.0,137.85000000000002
42,CCR,True,18.0,94.63000000000002
42,CCR,False,inf,0.0
42,CCR,True,16.0,85.47
42,CCR,False,inf,0.0
42,CCR,False,inf,0.0
42,CCR,True,2.0,19.39
42,CCR,False,inf,0.0
42,CCR,True,28.0,136.26000000000002
42,CCR,True,15.0,71.99
42,CCR,True,3.0,14.38
42,CCR,False,inf,0.0
42,CCR,True,28.0,138.10999999999999
42,CCR,True,30.0,147.30000000000004
42,CCR,False,inf,0.0
42,CCR,True,12.0,69.38
42,CCR,True,28.0,137.88000000000002
42,CCR,False,inf,0.0
42,CCR,True,26.0,127.78
42,CCR,True,15.0,80.03
42,CCR,True,9.0,35.32
42,CCR,True,40.0,196.62000000000003
42,CCR,True,8.0,34.870000000000005
42,CCR,True,29.0,139.82000000000002
42,CCR,True,9.0,40.67
42,CCR,False,inf,0.0
42,CCR,True,38.0,185.02000000000004
42,CCR,True,16.0,81.15000000000002
42,CCR,True,6.0,21.650000000000006
42,CCR,False,inf,0.0
42,CCR,True,23.0,123.69000000000001
42,CCR,True,34.0,163.11000000000004
42,CCR,True,38.0,183.98
42,CCR,False,inf,0.0
42,CCR,False,inf,0.0
42,CCR,True,15.0,75.74
42,CCR,True,1.0,8.23
42,CCR,False,inf,0.0
42,CCR,True,2.0,19.39
42,CCR,True,21.0,102.17
42,CCR,True,7.0,26.650000000000002
42,CCR,True,12.0,61.74
42,CCR,True,20.0,100.10000000000001
42,CCR,False,inf,0.0
42,CCR,False,inf,0.0
42,CCR,False,inf,0.0
42,CCR,False,inf,0.0
42,CCR,True,14.0,76.03
42,CCR,False,inf,0.0
42,CCR,False,inf,0.0
42,CCR,True,31.0,159.58
42,CCR,False,inf,0.0
42,CCR,True,20.0,96.78000000000003
42,CCR,False,inf,0.0
42,CCR,True,28.0,153.68000000000004
42,CCR,False,inf,0.0
42,CCR,False,inf,0.0
42,CCR,True,29.0,159.83
42,CCR,True,4.0,15.84
42,CCR,True,11.0,58.18
42,CCR,True,17.0,87.72
42,CCR,True,32.0,153.28000000000003
42,CCR,True,32.0,156.14000000000004
42,CCR,True,2.0,6.66
42,CCR,False,inf,0.0
42,CCR,False,inf,0.0
42,CCR,True,9.0,56.57000000000001
42,CCR,True,36.0,172.47000000000006
42,CCR,False,inf,0.0
42,CCR,False,inf,0.0
42,CCR,True,8.0,29.289999999999996
42,CCR,False,inf,0.0
42,CCR,True,38.0,180.02000000000007
42,CCR,True,4.0,30.380000000000003
42,CCR,False,inf,0.0
42,CCR,True,1.0,5.46
42,CCR,True,24.0,113.47000000000003
42,CCR,True,17.0,94.98999999999998
42,CCR,True,27.0,132.82000000000002
42,CCR,True,16.0,86.88000000000002
42,CCR,True,3.0,21.08
42,CCR,False,inf,0.0
42,CCR,True,20.0,99.36
42,CCR,False,inf,0.0
42,CCR,True,34.0,163.63000000000005
42,CCR,True,30.0,166.22
42,CCR,True,2.0,12.46
42,CCR,False,inf,0.0
42,CCR,True,20.0,100.10000000000001
42,CCR,False,inf,0.0
42,CCR,True,7.0,38.35
42,CCR,True,11.0,58.2
42,CCR,True,1.0,3.63
42,CCR,True,17.0,83.25000000000001
42,CCR,True,23.0,115.47000000000001
42,CCR,False,inf,0.0
42,CCR,False,inf,0.0
42,CCR,True,22.0,121.29000000000002
42,CCR,True,22.0,108.26000000000002
42,CCR,True,3.0,11.280000000000001
42,CCR,True,11.0,55.25
42,CCR,False,inf,0.0
42,CCR,True,4.0,34.790000000000006
42,CCR,True,21.0,96.76
42,CCR,True,1.0,1.69
42,CCR,False,inf,0.0
42,CCR,True,2.0,7.65
42,CCR,True,15.0,80.97
42,CCR,True,4.0,22.770000000000003
42,CCR,True,1.0,1.23
42,CCR,True,13.0,64.61
42,CCR,True,6.0,35.49
42,CCR,False,inf,0.0
42,CCR,True,18.0,96.42
42,CCR,True,19.0,96.05
42,CCR,True,39.0,190.70000000000005
42,CCR,True,25.0,131.5
42,CCR,True,5.0,21.870000000000005
42,CCR,True,26.0,127.19000000000001
42,CCR,True,18.0,88.35
42,CCR,True,18.0,92.31000000000002
42,CCR,False,inf,0.0
42,CCR,True,25.0,125.31
42,CCR,True,12.0,55.720000000000006
42,CCR,True,14.0,70.12
42,CCR,True,8.0,33.86
42,CCR,True,13.0,69.02
42,CCR,True,18.0,89.75000000000001
42,CCR,True,20.0,99.41
42,CCR,True,34.0,163.69000000000005
42,CCR,False,inf,0.0
42,CCR,True,34.0,182.16000000000005
42,CCR,True,12.0,61.02000000000001
42,CCR,False,inf,0.0
42,CCR,True,2.0,17.509999999999998
42,CCR,False,inf,0.0
42,CCR,True,14.0,82.63999999999999
42,CCR,True,29.0,136.46000000000004
42,CCR,True,17.0,83.25000000000001
42,CCR,True,23.0,117.30000000000001
42,CCR,True,20.0,115.42
42,CCR,True,2.0,8.52
42,CCR,True,28.0,156.32999999999998
42,CCR,True,18.0,96.42
42,CCR,True,6.0,22.62
42,CCR,True,7.0,44.16
42,CCR,False,inf,0.0
42,CCR,True,28.0,139.15000000000003
42,CCR,False,inf,0.0
42,CCR,True,28.0,138.76000000000002
42,CCR,True,21.0,115.08000000000001
42,CCR,True,3.0,14.420000000000002
42,CCR,True,30.0,171.11
42,CCR,False,inf,0.0
42,CCR,True,2.0,12.31
42,CCR,True,13.0,74.12
42,CCR,True,24.0,115.07000000000001
42,CCR,False,inf,0.0
42,CCR,True,21.0,102.97
42,CCR,True,3.0,21.32
42,CCR,True,8.0,40.47
42,CCR,False,inf,0.0
42,CCR,False,inf,0.0
42,CCR,True,16.0,79.40000000000002
42,CCR,True,35.0,184.01000000000008
42,CCR,False,inf,0.0
42,CCR,True,25.0,129.24
42,CCR,True,7.0,37.61
42,CCR,True,6.0,32.660000000000004
42,CCR,False,inf,0.0
42,CCR,True,24.0,118.25
42,CCR,False,inf,0.0
42,CCR,True,32.0,154.46000000000004
42,CCR,True,17.0,86.69
42,CCR,True,4.0,20.79
42,CCR,False,inf,0.0
42,CCR,True,22.0,108.00000000000001
42,CCR,False,inf,0.0
42,CCR,True,12.0,67.91
42,CCR,True,25.0,125.42000000000002
42,CCR,True,12.0,66.10000000000001
42,CCR,False,inf,0.0
42,CCR,True,11.0,55.18000000000001
42,CCR,True,29.0,138.67000000000002
42,CCR,True,33.0,171.81000000000006
42,CCR,False,inf,0.0
42,CCR,True,6.0,44.66
42,CCR,True,2.0,11.52
42,CCR,True,25.0,131.07
42,CCR,True,5.0,24.810000000000002
42,CCR,False,inf,0.0
42,CCR,False,inf,0.0
42,CCR,True,3.0,13.71
42,CCR,True,11.0,65.14
42,CCR,False,inf,0.0
42,CCR,True,15.0,74.29000000000002
42,CCR,True,11.0,57.58
42,CCR,True,27.0,121.74
42,CCR,True,19.0,91.37000000000002
42,CCR,False,inf,0.0
42,CCR,False,inf,0.0
42,CCR,False,inf,0.0
42,CCR,True,24.0,115.85000000000002
42,CCR,True,34.0,183.45000000000002
42,CCR,True,26.0,137.48000000000005
42,CCR,False,inf,0.0
42,CCR,False,inf,0.0
42,CCR,False,inf,0.0
42,CCR,True,9.0,47.96
42,CCR,True,34.0,168.47000000000006
42,CCR,False,inf,0.0
42,CCR,False,inf,0.0
42,CCR,False,inf,0.0
42,CCR,True,16.0,77.18
42,CCR,True,7.0,37.61
42,CCR,False,inf,0.0
42,CCR,True,13.0,63.300000000000004
42,CCR,True,18.0,87.59
42,CCR,False,inf,0.0
42,CCR,True,18.0,103.44
42,CCR,True,5.0,30.590000000000003
42,CCR,True,4.0,23.32
42,CCR,True,21.0,104.07000000000001
42,CCR,True,21.0,109.46000000000002
42,CCR,True,19.0,104.64
42,CCR,True,1.0,1.59
42,CCR,True,2.0,12.31
42,CCR,True,14.0,75.48000000000002
42,CCR,True,24.0,119.73
42,CCR,False,inf,0.0
42,CCR,True,2.0,12.02
42,CCR,False,inf,0.0
42,CCR,True,15.0,85.03999999999999
42,CCR,True,11.0,50.61
42,CCR,True,13.0,58.36000000000001
42,CCR,True,10.0,53.83
42,CCR,False,inf,0.0
42,CCR,True,13.0,63.660000000000004
42,CCR,True,23.0,124.50999999999999
42,CCR,True,22.0,113.58000000000001
42,CCR,True,12.0,73.79
42,CCR,True,15.0,85.32
42,CCR,True,19.0,97.7
42,CCR,True,15.0,71.52
42,CCR,True,4.0,20.79
42,CCR,True,20.0,97.94
42,CCR,False,inf,0.0
42,CCR,False,inf,0.0
42,CCR,True,3.0,11.88
42,CCR,False,inf,0.0
42,CCR,False,inf,0.0
42,CCR,True,22.0,106.53000000000002
42,CCR,True,36.0,172.47000000000006
42,CCR,False,inf,0.0
42,CCR,True,26.0,118.79000000000002
42,CCR,True,29.0,143.07
42,CCR,True,32.0,154.46000000000004
42,CCR,False,inf,0.0
42,CCR,True,15.0,80.03
42,CCR,True,5.0,31.83
42,CCR,True,11.0,55.25
42,CCR,True,31.0,147.30000000000004
42,CCR,True,19.0,87.4
42,CCR,True,17.0,80.08
42,CCR,True,25.0,134.81
42,CCR,True,27.0,121.74
42,CCR,True,21.0,102.03
42,CCR,False,inf,0.0
42,CCR,False,inf,0.0
42,CCR,True,27.0,131.51000000000002
42,CCR,False,inf,0.0
42,CCR,True,19.0,96.77000000000001
42,CCR,False,inf,0.0
42,CCR,False,inf,0.0
42,CCR,False,inf,0.0
42,CCR,False,inf,0.0
42,CCR,False,inf,0.0
42,CCR,True,20.0,99.39
42,CCR,True,28.0,132.25000000000003
42,CCR,False,inf,0.0
42,CCR,False,inf,0.0
42,CCR,True,11.0,57.970000000000006
42,CCR,True,14.0,72.73
42,CCR,True,28.0,132.25000000000003
42,CCR,True,6.0,32.660000000000004
42,CCR,False,inf,0.0
42,CCR,True,31.0,149.39
42,CCR,True,17.0,94.96000000000001
42,CCR,True,5.0,24.020000000000003
42,CCR,True,5.0,25.75
42,CCR,True,21.0,100.55000000000001
42,CCR,True,31.0,153.28
42,CCR,True,32.0,169.45000000000002
42,CCR,True,27.0,135.47
42,CCR,True,3.0,13.58
42,CCR,False,inf,0.0
42,CCR,False,inf,0.0
42,CCR,False,inf,0.0
42,CCR,True,1.0,2.68
42,CCR,True,33.0,172.98000000000008
42,CCR,True,17.0,81.39000000000001
42,CCR,True,4.0,17.060000000000002
42,CCR,True,14.0,73.17
42,CCR,True,21.0,102.17
42,CCR,False,inf,0.0
42,CCR,False,inf,0.0
42,CCR,True,8.0,49.83
42,CCR,True,37.0,191.12000000000003
42,CCR,True,19.0,96.05
42,CCR,True,13.0,62.57
42,CCR,True,38.0,180.66000000000003
42,CCR,False,inf,0.0
42,CCR,True,13.0,70.18
42,CCR,True,23.0,116.09
42,CCR,False,inf,0.0
42,CCR,True,4.0,25.24
42,CCR,False,inf,0.0
42,CCR,True,18.0,87.60000000000001
42,CCR,False,inf,0.0
42,CCR,True,5.0,23.740000000000002
42,CCR,False,inf,0.0
42,CCR,False,inf,0.0
42,CCR,True,33.0,158.81000000000003
42,CCR,True,27.0,131.51000000000002
42,CCR,True,34.0,163.88000000000002
42,CCR,True,23.0,115.8
42,CCR,False,inf,0.0
42,CCR,False,inf,0.0
42,CCR,True,19.0,108.21
42,CCR,False,inf,0.0
42,CCR,False,inf,0.0
42,CCR,True,3.0,18.93
42,CCR,True,4.0,30.380000000000003
42,CCR,True,38.0,203.8
42,CCR,False,inf,0.0
42,CCR,True,5.0,24.78
42,CCR,False,inf,0.0
42,CCR,False,inf,0.0
42,CCR,False,inf,0.0
42,CCR,True,13.0,63.300000000000004
42,CCR,False,inf,0.0
42,CCR,True,33.0,174.86
42,CCR,True,32.0,158.12
42,CCR,False,inf,0.0
42,CCR,False,inf,0.0
42,CCR,True,27.0,131.17999999999998
42,CCR,True,12.0,62.49
42,CCR,True,30.0,171.68000000000004
42,CCR,True,24.0,113.47000000000003
42,CCR,True,14.0,73.89000000000001
42,CCR,True,29.0,136.46000000000004
42,CCR,False,inf,0.0
42,CCR,True,16.0,87.72
42,CCR,True,16.0,80.07000000000001
42,CCR,True,30.0,146.98000000000002
42,CCR,True,4.0,15.43
42,CCR,False,inf,0.0
42,CCR,True,31.0,148.85000000000002
42,CCR,True,15.0,83.44999999999999
42,CCR,True,16.0,75.58
42,CCR,True,18.0,85.01
42,CCR,True,29.0,148.02000000000004
42,CCR,True,28.0,136.48000000000002
42,CCR,True,8.0,39.0
42,CCR,False,inf,0.0
42,CCR,True,29.0,142.06000000000003
42,CCR,True,8.0,29.289999999999996
42,CCR,False,inf,0.0
42,CCR,True,14.0,77.93
42,CCR,True,2.0,8.65
42,CCR,True,18.0,94.91
42,CCR,False,inf,0.0
42,CCR,False,inf,0.0
42,CCR,True,22.0,118.99000000000002
42,CCR,False,inf,0.0
42,CCR,True,16.0,75.58
42,CCR,True,15.0,82.36000000000001
42,CCR,True,16.0,88.22000000000001
42,CCR,False,inf,0.0
42,CCR,True,16.0,76.52
42,CCR,True,36.0,182.96000000000004
42,CCR,True,10.0,53.48000000000001
42,CCR,True,24.0,120.60000000000001
42,CCR,True,4.0,25.009999999999998
42,CCR,True,21.0,118.21000000000001
42,CCR,True,2.0,8.65
42,CCR,True,5.0,19.389999999999997
42,CCR,True,20.0,97.94
42,CCR,True,21.0,105.30000000000001
42,CCR,True,37.0,197.61000000000004
42,CCR,True,35.0,189.67000000000004
42,CCR,False,inf,0.0
42,CCR,True,23.0,115.47000000000001
42,CCR,False,inf,0.0
42,CCR,True,26.0,126.10000000000001
42,CCR,True,5.0,26.83
42,CCR,True,36.0,174.23999999999998
42,CCR,True,23.0,121.52000000000001
42,CCR,True,13.0,71.21000000000001
42,CCR,False,inf,0.0
42,CCR,True,25.0,121.29
42,CCR,True,1.0,9.3
42,CCR,True,29.0,132.08999999999997
42,CCR,True,30.0,143.9
42,CCR,True,22.0,121.82000000000001
42,CCR,True,23.0,117.30000000000001
42,CCR,False,inf,0.0
42,CCR,True,25.0,122.49000000000001
42,CCR,True,23.0,127.75
42,CCR,False,inf,0.0
42,CCR,True,1.0,2.8
42,CCR,True,6.0,21.650000000000006
42,CCR,True,3.0,14.870000000000001
42,CCR,True,7.0,45.25
42,CCR,True,16.0,73.82
42,CCR,False,inf,0.0
42,CCR,True,9.0,40.67
42,CCR,False,inf,0.0
42,CCR,True,37.0,201.19
42,CCR,True,32.0,149.49999999999997
42,CCR,True,31.0,149.57000000000002
42,CCR,True,38.0,195.97
42,CCR,False,inf,0.0
42,CCR,True,20.0,92.76000000000002
42,CCR,False,inf,0.0
42,CCR,True,34.0,163.40000000000003
42,CCR,True,24.0,112.33
42,CCR,True,16.0,86.7
42,CCR,False,inf,0.0
42,CCR,False,inf,0.0
42,CCR,True,27.0,121.74
42,CCR,True,8.0,41.62
42,CCR,False,inf,0.0
42,CCR,True,27.0,134.55
42,CCR,True,32.0,169.45000000000002
42,CCR,True,37.0,198.62000000000003
42,CCR,True,5.0,23.189999999999998
42,CCR,False,inf,0.0
42,CCR,False,inf,0.0
42,CCR,True,16.0,76.64
42,CCR,False,inf,0.0
42,CCR,True,3.0,19.61
42,CCR,True,4.0,23.809999999999995
42,CCR,True,2.0,14.0
42,CCR,True,3.0,11.280000000000001
42,CCR,True,10.0,52.53
42,CCR,True,26.0,129.63000000000002
42,CCR,True,24.0,124.30000000000003
42,CCR,True,23.0,109.79
42,CCR,False,inf,0.0
42,CCR,True,16.0,79.40000000000002
42,CCR,True,16.0,86.88000000000002
42,CCR,True,3.0,16.27
42,CCR,True,22.0,108.00000000000001
7,BCR,True,29.0,166.11
7,BCR,False,inf,0.0
7,BCR,False,inf,0.0
7,BCR,True,31.0,159.34
7,BCR,True,9.0,53.25
7,BCR,True,24.0,129.29
7,BCR,False,inf,0.0
7,BCR,True,13.0,75.42999999999999
7,BCR,False,inf,0.0
7,BCR,True,16.0,93.07
7,BCR,True,27.0,153.89
7,BCR,True,23.0,126.43999999999998
7,BCR,True,12.0,72.71
7,BCR,True,14.0,84.00999999999999
7,BCR,False,inf,0.0
7,BCR,False,inf,0.0
7,BCR,False,inf,0.0
7,BCR,True,2.0,8.91
7,BCR,True,25.0,149.43999999999997
7,BCR,True,4.0,26.4
7,BCR,False,inf,0.0
7,BCR,False,inf,0.0
7,BCR,True,8.0,44.15
7,BCR,False,inf,0.0
7,BCR,False,inf,0.0
7,BCR,True,7.0,40.44
7,BCR,True,23.0,121.82
7,BCR,True,38.0,219.60999999999999
7,BCR,True,10.0,59.71999999999999
7,BCR,True,12.0,72.34
7,BCR,False,inf,0.0
7,BCR,True,36.0,208.62999999999997
7,BCR,True,27.0,163.05
7,BCR,True,18.0,101.96999999999998
7,BCR,True,31.0,171.0
7,BCR,True,16.0,85.88999999999999
7,BCR,False,inf,0.0
7,BCR,False,inf,0.0
7,BCR,False,inf,0.0
7,BCR,False,inf,0.0
7,BCR,False,inf,0.0
7,BCR,True,18.0,112.88
7,BCR,True,12.0,74.73000000000002
7,BCR,True,32.0,177.49999999999997
7,BCR,True,15.0,93.55
7,BCR,True,11.0,61.75
7,BCR,True,14.0,89.79
7,BCR,True,10.0,59.88
7,BCR,False,inf,0.0
7,BCR,True,26.0,133.94
7,BCR,True,21.0,124.92000000000002
7,BCR,True,24.0,129.29
7,BCR,False,inf,0.0
7,BCR,True,19.0,114.12000000000002
7,BCR,True,29.0,168.26
7,BCR,True,16.0,94.19000000000001
7,BCR,False,inf,0.0
7,BCR,True,6.0,34.2
7,BCR,False,inf,0.0
7,BCR,True,17.0,100.60000000000001
7,BCR,True,35.0,191.01000000000002
7,BCR,True,21.0,125.20000000000002
7,BCR,True,33.0,194.62
7,BCR,True,2.0,8.91
7,BCR,True,9.0,44.790000000000006
7,BCR,True,32.0,163.04
7,BCR,False,inf,0.0
7,BCR,True,23.0,136.35000000000002
7,BCR,True,16.0,88.91
7,BCR,False,inf,0.0
7,BCR,False,inf,0.0
7,BCR,False,inf,0.0
7,BCR,True,14.0,82.10000000000002
7,BCR,True,23.0,126.26
7,BCR,True,34.0,188.52
7,BCR,False,inf,0.0
7,BCR,False,inf,0.0
7,BCR,True,32.0,183.34
7,BCR,True,16.0,83.26000000000002
7,BCR,True,15.0,88.24
7,BCR,False,inf,0.0
7,BCR,False,inf,0.0
7,BCR,True,26.0,149.78999999999996
7,BCR,False,inf,0.0
7,BCR,True,11.0,72.16000000000001
7,BCR,False,inf,0.0
7,BCR,True,9.0,48.300000000000004
7,BCR,True,4.0,12.48
7,BCR,True,4.0,19.69
7,BCR,True,20.0,116.31999999999998
7,BCR,True,36.0,208.62999999999997
7,BCR,True,5.0,34.870000000000005
7,BCR,True,8.0,49.39000000000001
7,BCR,False,inf,0.0
7,BCR,True,5.0,20.509999999999998
7,BCR,False,inf,0.0
7,BCR,True,3.0,13.809999999999999
7,BCR,True,1.0,1.55
7,BCR,True,23.0,131.13
7,BCR,True,5.0,36.79
7,BCR,True,33.0,185.36999999999995
7,BCR,True,18.0,95.22999999999998
7,BCR,True,26.0,153.93
7,BCR,True,34.0,193.85
7,BCR,True,20.0,111.43999999999998
7,BCR,True,29.0,166.15999999999997
7,BCR,False,inf,0.0
7,BCR,True,26.0,146.15999999999997
7,BCR,True,23.0,123.48
7,BCR,True,35.0,191.01000000000002
7,BCR,True,16.0,102.55999999999996
7,BCR,True,30.0,157.43999999999997
7,BCR,False,inf,0.0
7,BCR,False,inf,0.0
7,BCR,True,19.0,105.92
7,BCR,True,26.0,147.45999999999998
7,BCR,True,19.0,107.13999999999999
7,BCR,True,35.0,204.57
7,BCR,True,9.0,49.60000000000001
7,BCR,True,24.0,140.83
7,BCR,False,inf,0.0
7,BCR,False,inf,0.0
7,BCR,True,29.0,150.48999999999998
7,BCR,True,28.0,156.86999999999998
7,BCR,False,inf,0.0
7,BCR,False,inf,0.0
7,BCR,True,23.0,120.6
7,BCR,True,36.0,198.51
7,BCR,True,17.0,96.91999999999999
7,BCR,False,inf,0.0
7,BCR,True,3.0,17.740000000000002
7,BCR,False,inf,0.0
7,BCR,True,30.0,180.80999999999997
7,BCR,True,6.0,28.28
7,BCR,False,inf,0.0
7,BCR,True,22.0,115.86999999999999
7,BCR,True,8.0,45.45000000000001
7,BCR,True,4.0,11.66
7,BCR,True,8.0,51.410000000000004
7,BCR,True,16.0,97.8
7,BCR,False,inf,0.0
7,BCR,False,inf,0.0
7,BCR,True,9.0,54.15
7,BCR,True,29.0,166.15999999999997
7,BCR,True,19.0,102.23999999999998
7,BCR,True,34.0,197.79
7,BCR,True,24.0,133.52999999999997
7,BCR,True,4.0,26.48
7,BCR,True,3.0,16.67
7,BCR,False,inf,0.0
7,BCR,True,23.0,121.82
7,BCR,False,inf,0.0
7,BCR,False,inf,0.0
7,BCR,True,19.0,111.17999999999998
7,BCR,False,inf,0.0
7,BCR,True,5.0,26.26
7,BCR,True,32.0,185.93
7,BCR,True,25.0,129.95
7,BCR,True,21.0,115.39000000000001
7,BCR,False,inf,0.0
7,BCR,False,inf,0.0
7,BCR,False,inf,0.0
7,BCR,True,5.0,30.91
7,BCR,False,inf,0.0
7,BCR,True,35.0,186.23999999999995
7,BCR,True,23.0,145.92999999999998
7,BCR,False,inf,0.0
7,BCR,True,13.0,86.02
7,BCR,False,inf,0.0
7,BCR,True,19.0,98.21
7,BCR,False,inf,0.0
7,BCR,False,inf,0.0
7,BCR,True,19.0,98.36000000000003
7,BCR,False,inf,0.0
7,BCR,True,16.0,87.54999999999998
7,BCR,True,18.0,97.13
7,BCR,False,inf,0.0
7,BCR,True,4.0,27.94
7,BCR,False,inf,0.0
7,BCR,True,34.0,191.76
7,BCR,True,15.0,95.90999999999998
7,BCR,False,inf,0.0
7,BCR,True,16.0,93.96999999999998
7,BCR,True,6.0,37.8
7,BCR,True,27.0,138.27
7,BCR,False,inf,0.0
7,BCR,True,10.0,66.07999999999998
7,BCR,True,35.0,172.84
7,BCR,True,2.0,9.25
7,BCR,True,35.0,191.04999999999998
7,BCR,True,25.0,145.63
7,BCR,False,inf,0.0
7,BCR,True,3.0,14.690000000000001
7,BCR,True,9.0,54.60000000000001
7,BCR,True,15.0,84.60999999999999
7,BCR,True,28.0,154.81999999999994
7,BCR,True,26.0,154.59
7,BCR,True,5.0,26.24
7,BCR,True,29.0,163.99999999999997
7,BCR,True,22.0,120.16999999999997
7,BCR,True,26.0,156.49
7,BCR,True,6.0,28.28
7,BCR,False,inf,0.0
7,BCR,True,22.0,119.57999999999997
7,BCR,True,34.0,192.56999999999996
7,BCR,True,21.0,123.81
7,BCR,True,23.0,124.70999999999997
7,BCR,False,inf,0.0
7,BCR,True,3.0,13.48
7,BCR,True,4.0,12.74
7,BCR,True,32.0,191.95999999999998
7,BCR,True,10.0,51.11
7,BCR,True,14.0,82.52999999999999
7,BCR,False,inf,0.0
7,BCR,True,5.0,33.75
7,BCR,True,10.0,61.720000000000006
7,BCR,True,32.0,173.82
7,BCR,False,inf,0.0
7,BCR,True,13.0,75.38999999999999
7,BCR,True,29.0,169.28
7,BCR,False,inf,0.0
7,BCR,True,26.0,162.34999999999997
7,BCR,True,14.0,79.32
7,BCR,True,4.0,16.75
7,BCR,True,6.0,31.5
7,BCR,True,24.0,138.64
7,BCR,True,24.0,141.96
7,BCR,False,inf,0.0
7,BCR,True,1.0,8.48
7,BCR,True,7.0,42.68000000000001
7,BCR,False,inf,0.0
7,BCR,False,inf,0.0
7,BCR,True,9.0,56.84
7,BCR,True,10.0,54.82
7,BCR,True,10.0,61.220000000000006
7,BCR,True,29.0,164.85999999999999
7,BCR,True,17.0,100.65999999999998
7,BCR,False,inf,0.0
7,BCR,True,16.0,92.93999999999998
7,BCR,False,inf,0.0
7,BCR,True,4.0,29.009999999999998
7,BCR,True,14.0,79.32
7,BCR,False,inf,0.0
7,BCR,False,inf,0.0
7,BCR,True,1.0,3.85
7,BCR,True,29.0,164.05999999999997
7,BCR,True,15.0,86.31999999999998
7,BCR,True,2.0,16.42
7,BCR,False,inf,0.0
7,BCR,True,20.0,112.79999999999998
7,BCR,True,18.0,107.83999999999997
7,BCR,False,inf,0.0
7,BCR,True,13.0,78.56999999999998
7,BCR,True,18.0,91.71999999999998
7,BCR,True,4.0,21.47
7,BCR,True,14.0,85.46
7,BCR,False,inf,0.0
7,BCR,True,4.0,19.85
7,BCR,True,23.0,132.41000000000003
7,BCR,False,inf,0.0
7,BCR,False,inf,0.0
7,BCR,True,15.0,97.17999999999999
7,BCR,True,31.0,159.34
7,BCR,False,inf,0.0
7,BCR,False,inf,0.0
7,BCR,True,8.0,46.830000000000005
7,BCR,False,inf,0.0
7,BCR,True,31.0,170.72
7,BCR,False,inf,0.0
7,BCR,False,inf,0.0
7,BCR,True,15.0,96.15999999999998
7,BCR,True,35.0,190.76999999999998
7,BCR,True,4.0,29.009999999999998
7,BCR,True,32.0,183.85
7,BCR,False,inf,0.0
7,BCR,True,20.0,112.58999999999997
7,BCR,True,3.0,15.82
7,BCR,True,13.0,88.36
7,BCR,True,26.0,139.57999999999998
7,BCR,True,35.0,205.60999999999996
7,BCR,True,29.0,154.81
7,BCR,True,29.0,155.48999999999998
7,BCR,True,32.0,175.43
7,BCR,False,inf,0.0
7,BCR,False,inf,0.0
7,BCR,True,8.0,43.24
7,BCR,True,2.0,8.75
7,BCR,True,21.0,124.35000000000001
7,BCR,True,27.0,157.72
7,BCR,True,16.0,89.27999999999999
7,BCR,True,19.0,108.14999999999998
7,BCR,True,1.0,7.27
7,BCR,True,26.0,139.49
7,BCR,True,14.0,78.16999999999999
7,BCR,True,24.0,140.83
7,BCR,True,5.0,30.679999999999996
7,BCR,True,6.0,39.18
7,BCR,False,inf,0.0
7,BCR,True,22.0,129.29999999999998
7,BCR,True,6.0,23.19
7,BCR,False,inf,0.0
7,BCR,True,23.0,126.43999999999998
7,BCR,True,8.0,43.24
7,BCR,True,10.0,62.43
7,BCR,True,18.0,97.06
7,BCR,False,inf,0.0
7,BCR,False,inf,0.0
7,BCR,False,inf,0.0
7,BCR,True,24.0,127.33
7,BCR,True,6.0,32.17
7,BCR,False,inf,0.0
7,BCR,True,29.0,153.56999999999996
7,BCR,True,24.0,139.92999999999998
7,BCR,False,inf,0.0
7,BCR,True,26.0,154.59
7,BCR,True,2.0,3.7299999999999995
7,BCR,False,inf,0.0
7,BCR,True,31.0,171.0
7,BCR,False,inf,0.0
7,BCR,True,32.0,175.57999999999996
7,BCR,True,12.0,73.17000000000002
7,BCR,True,13.0,87.35999999999997
7,BCR,True,32.0,191.95999999999998
7,BCR,False,inf,0.0
7,BCR,True,29.0,177.92999999999998
7,BCR,True,14.0,83.58
7,BCR,True,23.0,137.71
7,BCR,True,23.0,119.28999999999999
7,BCR,True,8.0,49.41
7,BCR,True,22.0,127.94000000000001
7,BCR,True,13.0,80.99
7,BCR,True,10.0,62.36000000000001
7,BCR,True,27.0,148.82999999999998
7,BCR,True,8.0,47.970000000000006
7,BCR,True,5.0,30.91
7,BCR,True,2.0,15.66
7,BCR,True,2.0,3.7299999999999995
7,BCR,False,inf,0.0
7,BCR,False,inf,0.0
7,BCR,False,inf,0.0
7,BCR,True,11.0,72.02000000000001
7,BCR,False,inf,0.0
7,BCR,True,14.0,94.08999999999999
7,BCR,False,inf,0.0
7,BCR,False,inf,0.0
7,BCR,False,inf,0.0
7,BCR,False,inf,0.0
7,BCR,False,inf,0.0
7,BCR,True,24.0,140.83
7,BCR,False,inf,0.0
7,BCR,True,30.0,180.80999999999997
7,BCR,True,28.0,151.73
7,BCR,True,2.0,13.61
7,BCR,True,11.0,64.32000000000001
7,BCR,True,18.0,106.96999999999998
7,BCR,True,18.0,103.43
7,BCR,True,10.0,66.51999999999998
7,BCR,False,inf,0.0
7,BCR,False,inf,0.0
7,BCR,False,inf,0.0
7,BCR,False,inf,0.0
7,BCR,True,33.0,188.36999999999998
7,BCR,False,inf,0.0
7,BCR,True,12.0,76.58
7,BCR,True,22.0,127.20000000000002
7,BCR,True,2.0,9.4
7,BCR,False,inf,0.0
7,BCR,True,31.0,178.18999999999997
7,BCR,False,inf,0.0
7,BCR,False,inf,0.0
7,BCR,False,inf,0.0
7,BCR,False,inf,0.0
7,BCR,True,9.0,58.61999999999999
7,BCR,True,29.0,169.28
7,BCR,True,21.0,125.52999999999997
7,BCR,False,inf,0.0
7,BCR,True,13.0,83.1
7,BCR,True,5.0,23.28
7,BCR,True,26.0,146.4
7,BCR,True,12.0,74.23000000000002
7,BCR,True,3.0,17.740000000000002
7,BCR,True,35.0,195.95999999999995
7,BCR,False,inf,0.0
7,BCR,False,inf,0.0
7,BCR,True,35.0,196.85999999999999
7,BCR,True,25.0,126.47
7,BCR,True,1.0,1.32
7,BCR,False,inf,0.0
7,BCR,False,inf,0.0
7,BCR,True,26.0,144.41
7,BCR,False,inf,0.0
7,BCR,True,14.0,84.00999999999999
7,BCR,False,inf,0.0
7,BCR,True,8.0,49.39000000000001
7,BCR,False,inf,0.0
7,BCR,True,5.0,31.85
7,BCR,False,inf,0.0
7,BCR,True,5.0,20.669999999999998
7,BCR,True,9.0,56.84
7,BCR,True,9.0,49.49
7,BCR,True,15.0,92.13999999999999
7,BCR,False,inf,0.0
7,BCR,True,28.0,154.81999999999994
7,BCR,False,inf,0.0
7,BCR,False,inf,0.0
7,BCR,False,inf,0.0
7,BCR,False,inf,0.0
7,BCR,True,7.0,40.12
7,BCR,False,inf,0.0
7,BCR,True,1.0,7.07
7,BCR,True,28.0,151.73
7,BCR,True,21.0,133.29999999999998
7,BCR,False,inf,0.0
7,BCR,True,8.0,43.24
7,BCR,True,1.0,1.64
7,BCR,True,5.0,30.49
7,BCR,False,inf,0.0
7,BCR,True,14.0,80.46
7,BCR,True,26.0,137.61999999999998
7,BCR,True,29.0,166.15999999999997
7,BCR,False,inf,0.0
7,BCR,False,inf,0.0
7,BCR,False,inf,0.0
7,BCR,True,36.0,206.39999999999998
7,BCR,False,inf,0.0
7,BCR,True,16.0,94.19000000000001
7,BCR,True,6.0,29.840000000000003
7,BCR,True,26.0,154.43
7,BCR,False,inf,0.0
7,BCR,True,2.0,14.649999999999999
7,BCR,True,31.0,175.58999999999997
7,BCR,True,13.0,72.46
7,BCR,True,19.0,104.25999999999999
7,BCR,True,14.0,92.77
7,BCR,True,19.0,103.49000000000001
7,BCR,False,inf,0.0
7,BCR,False,inf,0.0
7,BCR,True,16.0,90.04000000000002
7,BCR,True,22.0,120.41000000000001
7,BCR,True,25.0,143.01000000000002
7,BCR,True,13.0,75.42999999999999
7,BCR,False,inf,0.0
7,BCR,True,29.0,171.05
7,BCR,False,inf,0.0
7,BCR,True,18.0,93.97
7,BCR,False,inf,0.0
7,BCR,True,34.0,192.56999999999996
7,BCR,True,35.0,191.01000000000002
7,BCR,False,inf,0.0
7,BCR,True,15.0,92.13999999999999
7,BCR,False,inf,0.0
7,BCR,True,20.0,108.42999999999998
7,BCR,True,23.0,131.16999999999996
7,BCR,False,inf,0.0
7,BCR,True,14.0,88.87999999999997
7,BCR,True,25.0,152.96999999999997
7,BCR,False,inf,0.0
7,BCR,True,1.0,1.27
7,BCR,True,33.0,184.70999999999998
7,BCR,False,inf,0.0
7,BCR,True,21.0,121.26000000000002
7,BCR,True,29.0,165.89
7,BCR,True,8.0,44.15
7,BCR,True,18.0,96.53999999999998
7,BCR,False,inf,0.0
7,BCR,True,20.0,106.85000000000001
7,BCR,False,inf,0.0
7,BCR,False,inf,0.0
7,BCR,True,10.0,52.419999999999995
7,BCR,True,23.0,132.5
7,BCR,True,26.0,153.93
7,BCR,True,10.0,56.58
7,BCR,True,16.0,97.50999999999999
7,BCR,True,18.0,104.31
7,BCR,True,27.0,155.17000000000002
7,BCR,True,14.0,86.18999999999998
7,BCR,False,inf,0.0
7,BCR,True,17.0,98.72000000000001
7,BCR,False,inf,0.0
7,BCR,True,15.0,85.13000000000001
7,BCR,False,inf,0.0
7,BCR,False,inf,0.0
7,BCR,True,27.0,149.64999999999995
7,BCR,True,1.0,3.59
7,BCR,True,9.0,52.709999999999994
7,BCR,True,23.0,120.6
7,BCR,True,7.0,36.79
7,BCR,True,27.0,146.95
7,BCR,True,17.0,92.74999999999999
7,BCR,True,31.0,173.88
7,BCR,True,22.0,129.11
7,BCR,True,19.0,108.21000000000001
7,BCR,True,33.0,184.59999999999997
7,BCR,True,12.0,69.06
7,BCR,True,18.0,118.14999999999999
7,BCR,True,23.0,126.82
7,BCR,True,31.0,188.47999999999996
7,BCR,False,inf,0.0
7,BCR,False,inf,0.0
7,BCR,True,26.0,150.23999999999998
7,BCR,True,5.0,30.57
7,BCR,True,27.0,159.11
7,BCR,False,inf,0.0
7,BCR,False,inf,0.0
7,BCR,True,27.0,140.73
7,BCR,True,23.0,129.64999999999998
7,BCR,True,38.0,185.46
7,BCR,True,10.0,56.72
7,BCR,True,29.0,148.78
7,BCR,False,inf,0.0
7,BCR,True,15.0,93.58999999999999
7,BCR,True,27.0,161.35
7,BCR,True,26.0,152.05999999999997
7,BCR,False,inf,0.0
7,BCR,True,13.0,74.27
7,BCR,True,31.0,180.82
7,BCR,True,22.0,120.69000000000001
7,BCR,True,4.0,20.36
7,BCR,True,31.0,175.51999999999998
7,BCR,True,25.0,144.42000000000002
7,BCR,False,inf,0.0
7,BCR,False,inf,0.0
7,BCR,False,inf,0.0
7,BCR,True,21.0,127.44
7,BCR,True,34.0,184.08999999999995
7,BCR,True,10.0,59.88
7,BCR,True,5.0,34.870000000000005
7,BCR,True,30.0,168.77
7,BCR,False,inf,0.0
7,BCR,True,18.0,97.06
7,BCR,True,17.0,103.58
7,BCR,False,inf,0.0
7,BCR,True,14.0,77.63
7,BCR,False,inf,0.0
7,BCR,True,1.0,5.94
7,BCR,True,34.0,195.73999999999995
7,BCR,True,28.0,170.24999999999997
7,BCR,True,38.0,211.29
7,BCR,True,5.0,23.88
7,BCR,False,inf,0.0
7,BCR,True,2.0,9.48
7,BCR,True,22.0,118.77000000000001
7,BCR,True,31.0,189.46999999999997
7,BCR,True,3.0,22.23
7,BCR,False,inf,0.0
7,BCR,True,6.0,37.87
7,BCR,True,13.0,72.46
7,BCR,True,36.0,197.78999999999996
7,BCR,True,16.0,95.75000000000001
7,BCR,True,11.0,63.019999999999996
7,BCR,True,35.0,188.48999999999998
7,BCR,True,25.0,136.89000000000001
7,BCR,True,28.0,145.94
7,BCR,True,28.0,155.13999999999996
7,BCR,True,2.0,16.42
7,BCR,True,1.0,4.76
7,BCR,False,inf,0.0
7,BCR,True,12.0,73.35999999999999
7,BCR,False,inf,0.0
7,BCR,False,inf,0.0
7,BCR,True,28.0,161.56999999999996
7,BCR,False,inf,0.0
7,BCR,True,27.0,151.89
7,BCR,True,36.0,205.24999999999997
7,BCR,True,11.0,61.709999999999994
7,BCR,False,inf,0.0
7,BCR,True,6.0,28.299999999999997
7,BCR,True,5.0,15.530000000000001
7,BCR,True,7.0,36.760000000000005
7,BCR,False,inf,0.0
7,BCR,True,1.0,6.49
7,BCR,False,inf,0.0
7,BCR,True,33.0,188.36999999999998
7,BCR,True,20.0,111.43999999999998
7,BCR,True,24.0,143.51999999999998
7,BCR,True,3.0,16.67
7,BCR,True,12.0,77.6
7,BCR,True,30.0,168.29999999999998
7,BCR,True,13.0,87.12999999999998
7,BCR,True,12.0,77.39999999999999
7,BCR,True,32.0,173.2
7,BCR,True,18.0,95.90999999999998
7,BCR,True,6.0,33.07
7,BCR,True,10.0,54.779999999999994
7,BCR,True,17.0,100.65999999999998
7,BCR,True,13.0,74.27
7,BCR,True,21.0,115.28999999999999
7,BCR,True,2.0,13.42
7,BCR,True,27.0,146.61
7,BCR,False,inf,0.0
7,BCR,True,2.0,6.539999999999999
7,BCR,True,17.0,100.65999999999998
7,BCR,True,4.0,20.36
7,BCR,True,11.0,69.89
7,BCR,False,inf,0.0
7,BCR,False,inf,0.0
7,BCR,False,inf,0.0
7,BCR,True,16.0,90.04000000000002
7,BCR,True,36.0,192.72999999999996
7,BCR,True,16.0,97.77
7,BCR,False,inf,0.0
7,BCR,False,inf,0.0
7,BCR,True,28.0,165.75
7,BCR,False,inf,0.0
7,BCR,True,33.0,179.62999999999997
7,BCR,True,25.0,141.97
7,BCR,True,26.0,162.34999999999997
7,BCR,True,11.0,72.02000000000001
7,BCR,False,inf,0.0
7,BCR,False,inf,0.0
7,BCR,False,inf,0.0
7,BCR,True,29.0,161.80999999999997
7,BCR,True,20.0,106.38
7,BCR,True,31.0,181.13999999999996
7,BCR,False,inf,0.0
7,BCR,True,19.0,100.85000000000002
7,BCR,True,15.0,94.94000000000001
7,BCR,True,15.0,88.24
7,BCR,False,inf,0.0
7,BCR,True,8.0,49.11000000000001
7,BCR,False,inf,0.0
7,BCR,False,inf,0.0
7,BCR,True,8.0,47.330000000000005
7,BCR,True,28.0,146.64000000000001
7,BCR,False,inf,0.0
7,BCR,True,13.0,80.32999999999998
7,BCR,True,23.0,126.06999999999998
7,BCR,True,32.0,177.67
7,BCR,True,35.0,191.01000000000002
7,BCR,True,9.0,48.88999999999999
7,BCR,True,21.0,115.28999999999999
7,BCR,True,19.0,111.17999999999998
7,BCR,False,inf,0.0
7,BCR,True,5.0,25.06
7,BCR,True,32.0,185.93
7,BCR,True,16.0,96.63000000000001
7,BCR,True,26.0,153.93
7,BCR,True,14.0,89.79
7,BCR,True,25.0,149.22
7,BCR,True,14.0,85.46
7,BCR,False,inf,0.0
7,BCR,True,16.0,99.51999999999997
7,BCR,True,31.0,172.81999999999996
7,BCR,True,18.0,104.90999999999998
7,BCR,True,2.0,16.11
7,BCR,True,12.0,76.78
7,BCR,False,inf,0.0
7,BCR,True,7.0,40.34
7,BCR,True,21.0,115.28999999999999
7,BCR,True,19.0,105.3
7,BCR,False,inf,0.0
7,BCR,True,28.0,148.86999999999998
7,BCR,True,6.0,39.64
7,BCR,True,28.0,161.78
7,BCR,False,inf,0.0
7,BCR,False,inf,0.0
7,BCR,False,inf,0.0
7,BCR,True,10.0,64.70000000000002
7,BCR,False,inf,0.0
7,BCR,False,inf,0.0
7,BCR,False,inf,0.0
7,BCR,True,14.0,89.29
7,BCR,False,inf,0.0
7,BCR,False,inf,0.0
7,BCR,True,26.0,147.45999999999998
7,BCR,False,inf,0.0
7,BCR,True,36.0,193.2
7,BCR,True,3.0,14.690000000000001
7,BCR,False,inf,0.0
7,BCR,False,inf,0.0
7,BCR,False,inf,0.0
7,BCR,True,3.0,21.24
7,BCR,True,25.0,148.60999999999999
7,BCR,True,21.0,126.12
7,BCR,True,26.0,136.39999999999998
7,BCR,False,inf,0.0
7,BCR,False,inf,0.0
7,BCR,True,19.0,102.0
7,BCR,False,inf,0.0
7,BCR,False,inf,0.0
7,BCR,True,26.0,146.57999999999998
7,BCR,False,inf,0.0
7,BCR,True,18.0,107.19999999999996
7,BCR,True,23.0,126.82
7,BCR,True,27.0,163.05
7,BCR,True,8.0,47.33
7,BCR,True,10.0,61.720000000000006
7,BCR,False,inf,0.0
7,BCR,False,inf,0.0
7,BCR,True,24.0,132.21999999999997
7,BCR,True,23.0,136.35000000000002
7,BCR,True,31.0,171.10999999999996
7,BCR,True,18.0,118.14999999999999
7,BCR,True,23.0,132.97
7,BCR,False,inf,0.0
7,BCR,True,22.0,120.35999999999999
7,BCR,True,14.0,91.74999999999999
7,BCR,False,inf,0.0
7,BCR,True,34.0,181.77999999999997
7,BCR,True,2.0,9.1
7,BCR,True,28.0,158.68999999999997
7,BCR,True,19.0,99.88999999999999
7,BCR,False,inf,0.0
7,BCR,False,inf,0.0
7,BCR,True,30.0,170.48999999999998
7,BCR,True,5.0,23.919999999999998
7,BCR,True,27.0,155.27999999999997
7,BCR,True,2.0,6.539999999999999
7,BCR,True,10.0,58.910000000000004
7,BCR,True,6.0,38.269999999999996
7,BCR,False,inf,0.0
7,BCR,True,34.0,187.7
7,BCR,True,17.0,102.31999999999998
7,BCR,False,inf,0.0
7,BCR,True,33.0,177.53
7,BCR,True,21.0,118.74000000000001
7,BCR,False,inf,0.0
7,BCR,False,inf,0.0
7,BCR,False,inf,0.0
7,BCR,False,inf,0.0
7,BCR,True,10.0,57.25
7,BCR,True,22.0,122.37999999999998
7,BCR,True,10.0,62.39000000000001
7,BCR,False,inf,0.0
7,BCR,False,inf,0.0
7,BCR,True,10.0,66.3
7,BCR,True,23.0,132.97
7,BCR,False,inf,0.0
7,BCR,False,inf,0.0
7,BCR,True,7.0,40.44
7,BCR,True,6.0,29.340000000000003
7,BCR,True,4.0,16.77
7,BCR,True,5.0,25.13
7,BCR,True,3.0,16.93
7,BCR,True,3.0,23.35
7,BCR,False,inf,0.0
7,BCR,True,32.0,173.25999999999996
7,BCR,True,24.0,140.66
7,BCR,False,inf,0.0
7,BCR,True,17.0,92.57000000000001
7,BCR,True,5.0,33.75
7,BCR,False,inf,0.0
7,BCR,True,21.0,113.72999999999998
7,BCR,True,7.0,42.68000000000001
7,BCR,True,27.0,155.27999999999997
7,BCR,True,25.0,141.97
7,BCR,True,21.0,118.94999999999999
7,BCR,True,27.0,155.17000000000002
7,BCR,True,2.0,12.07
7,BCR,False,inf,0.0
7,BCR,False,inf,0.0
7,BCR,True,33.0,170.88
7,BCR,True,24.0,142.44
7,BCR,True,19.0,105.05000000000001
7,BCR,True,29.0,161.20999999999998
7,BCR,True,32.0,188.47
7,BCR,True,18.0,102.93
7,BCR,False,inf,0.0
7,BCR,True,26.0,147.01999999999998
7,BCR,False,inf,0.0
7,BCR,False,inf,0.0
7,BCR,False,inf,0.0
7,BCR,True,23.0,131.13
7,BCR,True,13.0,86.68999999999998
7,BCR,True,22.0,117.17999999999999
7,BCR,True,12.0,69.67000000000002
7,BCR,True,29.0,167.22
7,BCR,True,17.0,96.61999999999999
7,BCR,True,8.0,40.379999999999995
7,BCR,False,inf,0.0
7,BCR,True,22.0,130.20000000000002
7,BCR,True,32.0,174.45999999999998
7,BCR,True,12.0,82.71999999999998
7,BCR,False,inf,0.0
7,BCR,False,inf,0.0
7,BCR,False,inf,0.0
7,BCR,True,30.0,168.24999999999997
7,BCR,False,inf,0.0
7,BCR,False,inf,0.0
7,BCR,False,inf,0.0
7,BCR,True,34.0,196.39999999999998
7,BCR,True,19.0,96.84999999999998
7,BCR,False,inf,0.0
7,BCR,False,inf,0.0
7,BCR,True,16.0,100.15999999999998
7,BCR,True,15.0,89.94000000000001
7,BCR,True,14.0,82.97999999999999
7,BCR,True,33.0,190.12
7,BCR,True,15.0,92.38000000000001
7,BCR,True,14.0,91.85000000000001
7,BCR,False,inf,0.0
7,BCR,True,27.0,160.63
7,BCR,True,5.0,22.779999999999998
7,BCR,True,2.0,8.91
7,BCR,True,27.0,155.17000000000002
7,BCR,True,33.0,189.62
7,BCR,True,23.0,136.35000000000002
7,BCR,True,19.0,98.4
7,BCR,True,10.0,67.38999999999999
7,BCR,True,4.0,12.899999999999999
7,BCR,False,inf,0.0
7,BCR,True,12.0,69.06
7,BCR,True,14.0,81.76
7,BCR,False,inf,0.0
7,BCR,True,36.0,213.42
7,BCR,True,1.0,3.59
7,BCR,True,2.0,13.42
7,BCR,True,2.0,2.75
7,BCR,True,6.0,34.269999999999996
7,BCR,True,31.0,181.13999999999996
7,BCR,False,inf,0.0
7,BCR,True,3.0,10.39
7,BCR,True,16.0,107.51999999999998
7,BCR,False,inf,0.0
7,BCR,False,inf,0.0
7,BCR,True,35.0,196.85999999999999
7,BCR,True,6.0,37.76
7,BCR,True,4.0,20.36
7,BCR,False,inf,0.0
7,BCR,True,9.0,44.709999999999994
7,BCR,True,16.0,88.85999999999999
7,BCR,True,33.0,177.53
7,BCR,True,9.0,52.540000000000006
7,BCR,True,18.0,100.82999999999998
7,BCR,True,30.0,184.92
7,BCR,True,25.0,133.02999999999997
7,BCR,True,28.0,167.10999999999996
7,BCR,True,10.0,55.599999999999994
7,BCR,True,27.0,151.45
7,BCR,True,27.0,166.77999999999997
7,BCR,True,11.0,73.44999999999999
7,BCR,False,inf,0.0
7,BCR,True,25.0,133.77
7,BCR,False,inf,0.0
7,BCR,False,inf,0.0
7,BCR,False,inf,0.0
7,BCR,False,inf,0.0
7,BCR,True,26.0,142.48
7,BCR,False,inf,0.0
7,BCR,True,38.0,219.60999999999999
7,BCR,True,32.0,187.56999999999996
7,BCR,True,14.0,82.97999999999999
7,BCR,True,27.0,157.21
7,BCR,True,30.0,166.98
7,BCR,True,13.0,87.16000000000001
7,BCR,True,8.0,48.00000000000001
7,BCR,True,5.0,15.530000000000001
7,BCR,True,23.0,134.81
7,BCR,True,19.0,98.21
7,BCR,True,25.0,145.08
7,BCR,True,9.0,54.32000000000001
7,BCR,True,32.0,183.18
7,BCR,False,inf,0.0
7,BCR,False,inf,0.0
7,BCR,False,inf,0.0
7,BCR,True,8.0,54.959999999999994
7,BCR,True,21.0,123.81
7,BCR,False,inf,0.0
7,BCR,True,16.0,93.14999999999999
7,BCR,True,28.0,150.65000000000003
7,BCR,False,inf,0.0
7,BCR,True,35.0,172.84
7,BCR,True,27.0,149.64999999999995
7,BCR,True,4.0,26.4
7,BCR,False,inf,0.0
7,BCR,False,inf,0.0
7,BCR,False,inf,0.0
7,BCR,False,inf,0.0
7,BCR,True,26.0,136.81000000000003
7,BCR,False,inf,0.0
7,BCR,True,28.0,160.82999999999998
7,BCR,True,24.0,133.95
7,BCR,True,1.0,3.85
7,BCR,False,inf,0.0
7,BCR,False,inf,0.0
7,BCR,True,33.0,189.62
7,BCR,False,inf,0.0
7,BCR,True,11.0,72.91000000000001
7,BCR,True,29.0,154.81
7,BCR,True,20.0,115.24
7,BCR,True,2.0,14.29
7,BCR,True,13.0,86.02
7,BCR,True,17.0,90.09999999999998
7,BCR,True,30.0,169.45
7,BCR,True,33.0,179.62999999999997
7,BCR,False,inf,0.0
7,BCR,True,34.0,187.7
7,BCR,True,8.0,47.92999999999999
7,BCR,False,inf,0.0
7,BCR,True,3.0,21.24
7,BCR,False,inf,0.0
7,BCR,True,13.0,87.68
7,BCR,False,inf,0.0
7,BCR,False,inf,0.0
7,BCR,True,5.0,22.779999999999998
7,BCR,False,inf,0.0
7,BCR,True,18.0,104.31
7,BCR,True,24.0,142.44
7,BCR,False,inf,0.0
7,BCR,True,21.0,120.96999999999998
7,BCR,True,12.0,76.11000000000001
7,BCR,True,5.0,21.900000000000002
7,BCR,True,35.0,189.81999999999996
7,BCR,False,inf,0.0
7,BCR,True,3.0,11.61
7,BCR,True,10.0,62.36000000000001
7,BCR,True,35.0,195.85999999999999
7,BCR,True,12.0,79.97999999999999
7,BCR,True,13.0,77.11999999999999
7,BCR,True,23.0,119.28999999999999
7,BCR,True,26.0,146.68
7,BCR,True,21.0,114.20999999999998
7,BCR,False,inf,0.0
7,BCR,True,7.0,41.480000000000004
7,BCR,True,6.0,34.18
7,BCR,True,31.0,174.55999999999997
7,BCR,True,31.0,189.46999999999997
7,BCR,False,inf,0.0
7,BCR,True,28.0,171.10999999999999
7,BCR,True,23.0,122.76000000000005
7,BCR,False,inf,0.0
7,BCR,True,27.0,156.45999999999998
7,BCR,True,3.0,19.05
7,BCR,False,inf,0.0
7,BCR,False,inf,0.0
7,BCR,False,inf,0.0
7,BCR,True,10.0,62.43
7,BCR,True,28.0,150.65000000000003
7,BCR,False,inf,0.0
7,BCR,True,36.0,201.61999999999998
7,BCR,True,15.0,84.86999999999999
7,BCR,True,16.0,92.50999999999999
7,BCR,True,27.0,166.77999999999997
7,BCR,True,23.0,129.34
7,BCR,False,inf,0.0
7,BCR,True,34.0,192.56999999999996
7,BCR,False,inf,0.0
7,BCR,False,inf,0.0
7,BCR,True,4.0,22.67
7,BCR,True,6.0,38.309999999999995
7,BCR,False,inf,0.0
7,BCR,True,30.0,174.66
7,BCR,False,inf,0.0
7,BCR,False,inf,0.0
7,BCR,False,inf,0.0
7,BCR,True,17.0,95.95999999999998
7,BCR,True,33.0,184.28999999999996
7,BCR,True,11.0,69.18
7,BCR,False,inf,0.0
7,BCR,True,24.0,132.14000000000004
7,BCR,True,25.0,145.13
7,BCR,False,inf,0.0
7,BCR,True,14.0,84.00999999999999
7,BCR,False,inf,0.0
7,BCR,True,17.0,95.28999999999999
7,BCR,False,inf,0.0
7,BCR,False,inf,0.0
7,BCR,True,29.0,168.26
7,BCR,True,7.0,46.78999999999999
7,BCR,True,23.0,131.88
7,BCR,True,11.0,69.85000000000001
7,BCR,False,inf,0.0
7,BCR,False,inf,0.0
7,BCR,True,19.0,108.21000000000001
7,BCR,True,37.0,214.44
7,BCR,True,1.0,7.27
7,BCR,True,5.0,20.509999999999998
7,BCR,True,11.0,73.67999999999998
7,BCR,True,8.0,44.3
7,BCR,True,9.0,59.05999999999999
7,BCR,True,24.0,143.51999999999998
7,BCR,True,14.0,74.97999999999999
7,BCR,True,19.0,107.1
7,BCR,False,inf,0.0
7,BCR,True,2.0,14.97
7,BCR,True,29.0,172.43
7,BCR,False,inf,0.0
7,BCR,True,21.0,121.26000000000002
7,BCR,True,28.0,165.75
7,BCR,True,7.0,47.58
7,BCR,True,34.0,184.08999999999995
7,BCR,True,7.0,42.68000000000001
7,BCR,True,30.0,161.73999999999995
7,BCR,True,21.0,125.20000000000002
7,BCR,False,inf,0.0
7,BCR,True,32.0,165.01
7,BCR,True,18.0,103.43
7,BCR,True,27.0,152.85999999999999
7,BCR,False,inf,0.0
7,BCR,True,17.0,90.09999999999998
7,BCR,True,26.0,150.10999999999999
7,BCR,True,10.0,63.50000000000001
7,BCR,False,inf,0.0
7,BCR,False,inf,0.0
7,BCR,False,inf,0.0
7,BCR,True,18.0,95.22999999999998
7,BCR,False,inf,0.0
7,BCR,True,30.0,169.45
7,BCR,True,21.0,115.11000000000001
7,BCR,False,inf,0.0
7,DCR,False,inf,0.0
7,DCR,False,inf,0.0
7,DCR,False,inf,0.0
7,DCR,False,inf,0.0
7,DCR,False,inf,0.0
7,DCR,False,inf,0.0
7,DCR,True,8.0,45.77
7,DCR,True,35.0,186.97000000000003
7,DCR,False,inf,0.0
7,DCR,False,inf,0.0
7,DCR,False,inf,0.0
7,DCR,False,inf,0.0
7,DCR,True,15.0,82.58999999999999
7,DCR,True,12.0,77.97999999999999
7,DCR,True,15.0,79.79999999999998
7,DCR,True,14.0,84.14999999999999
7,DCR,True,39.0,205.68
7,DCR,False,inf,0.0
7,DCR,True,39.0,202.53999999999996
7,DCR,False,inf,0.0
7,DCR,True,8.0,47.980000000000004
7,DCR,False,inf,0.0
7,DCR,False,inf,0.0
7,DCR,False,inf,0.0
7,DCR,False,inf,0.0
7,DCR,True,23.0,122.73000000000002
7,DCR,False,inf,0.0
7,DCR,False,inf,0.0
7,DCR,True,5.0,23.05
7,DCR,False,inf,0.0
7,DCR,False,inf,0.0
7,DCR,False,inf,0.0
7,DCR,False,inf,0.0
7,DCR,True,16.0,83.6
7,DCR,True,30.0,149.66000000000003
7,DCR,True,38.0,185.57
7,DCR,True,25.0,132.06
7,DCR,False,inf,0.0
7,DCR,True,10.0,61.98
7,DCR,False,inf,0.0
7,DCR,True,10.0,49.84
7,DCR,False,inf,0.0
7,DCR,False,inf,0.0
7,DCR,True,31.0,165.59
7,DCR,True,8.0,44.51
7,DCR,True,29.0,150.85000000000002
7,DCR,True,5.0,33.650000000000006
7,DCR,True,39.0,206.90999999999997
7,DCR,True,14.0,85.42
7,DCR,False,inf,0.0
7,DCR,True,22.0,119.89000000000001
7,DCR,True,16.0,82.57999999999998
7,DCR,False,inf,0.0
7,DCR,True,5.0,28.71
7,DCR,True,29.0,159.42
7,DCR,True,14.0,76.56
7,DCR,True,32.0,159.01000000000002
7,DCR,False,inf,0.0
7,DCR,False,inf,0.0
7,DCR,True,14.0,82.2
7,DCR,True,13.0,71.33999999999999
7,DCR,True,33.0,175.25
7,DCR,True,26.0,139.46000000000004
7,DCR,False,inf,0.0
7,DCR,True,26.0,139.71
7,DCR,True,20.0,111.89
7,DCR,False,inf,0.0
7,DCR,False,inf,0.0
7,DCR,True,18.0,104.49000000000001
7,DCR,True,35.0,190.36
7,DCR,False,inf,0.0
7,DCR,False,inf,0.0
7,DCR,True,37.0,198.92999999999998
7,DCR,False,inf,0.0
7,DCR,True,16.0,81.46
7,DCR,True,5.0,34.31
7,DCR,True,2.0,11.41
7,DCR,False,inf,0.0
7,DCR,False,inf,0.0
7,DCR,True,27.0,140.23000000000002
7,DCR,True,18.0,93.32
7,DCR,True,17.0,101.37
7,DCR,True,25.0,147.69000000000003
7,DCR,True,2.0,12.989999999999998
7,DCR,True,1.0,7.07
7,DCR,True,36.0,191.27000000000004
7,DCR,True,5.0,28.66
7,DCR,False,inf,0.0
7,DCR,True,20.0,108.98000000000002
7,DCR,True,7.0,38.94
7,DCR,True,26.0,136.19000000000003
7,DCR,False,inf,0.0
7,DCR,False,inf,0.0
7,DCR,True,12.0,72.13
7,DCR,True,15.0,83.27
7,DCR,True,21.0,113.67
7,DCR,True,16.0,82.35
7,DCR,False,inf,0.0
7,DCR,True,1.0,7.63
7,DCR,False,inf,0.0
7,DCR,True,21.0,116.36000000000001
7,DCR,True,18.0,112.86999999999999
7,DCR,False,inf,0.0
7,DCR,True,1.0,5.06
7,DCR,True,4.0,17.76
7,DCR,True,1.0,1.01
7,DCR,True,19.0,103.57000000000001
7,DCR,True,3.0,19.22
7,DCR,True,31.0,164.66
7,DCR,False,inf,0.0
7,DCR,True,21.0,113.75000000000001
7,DCR,True,2.0,14.42
7,DCR,False,inf,0.0
7,DCR,False,inf,0.0
7,DCR,True,7.0,45.010000000000005
7,DCR,True,12.0,66.88
7,DCR,True,14.0,77.97
7,DCR,False,inf,0.0
7,DCR,False,inf,0.0
7,DCR,False,inf,0.0
7,DCR,False,inf,0.0
7,DCR,True,26.0,141.3
7,DCR,True,39.0,201.42999999999998
7,DCR,True,40.0,206.86999999999998
7,DCR,False,inf,0.0
7,DCR,True,33.0,172.48000000000002
7,DCR,False,inf,0.0
7,DCR,False,inf,0.0
7,DCR,False,inf,0.0
7,DCR,True,25.0,138.66
7,DCR,True,3.0,17.759999999999998
7,DCR,False,inf,0.0
7,DCR,True,29.0,150.69
7,DCR,True,4.0,19.779999999999998
7,DCR,True,18.0,105.6
7,DCR,True,6.0,27.599999999999998
7,DCR,False,inf,0.0
7,DCR,False,inf,0.0
7,DCR,False,inf,0.0
7,DCR,True,17.0,98.11000000000001
7,DCR,False,inf,0.0
7,DCR,True,34.0,174.03
7,DCR,True,2.0,15.44
7,DCR,False,inf,0.0
7,DCR,True,2.0,8.75
7,DCR,True,19.0,98.57000000000001
7,DCR,True,28.0,150.87000000000003
7,DCR,False,inf,0.0
7,DCR,True,8.0,49.88
7,DCR,True,20.0,105.44
7,DCR,False,inf,0.0
7,DCR,True,3.0,10.39
7,DCR,True,32.0,156.11
7,DCR,True,11.0,67.0
7,DCR,False,inf,0.0
7,DCR,False,inf,0.0
7,DCR,True,3.0,13.809999999999999
7,DCR,True,20.0,107.76
7,DCR,True,3.0,20.86
7,DCR,True,7.0,45.010000000000005
7,DCR,True,20.0,125.5
7,DCR,True,28.0,139.42999999999998
7,DCR,False,inf,0.0
7,DCR,True,33.0,170.82000000000002
7,DCR,True,2.0,11.52
7,DCR,False,inf,0.0
7,DCR,False,inf,0.0
7,DCR,True,1.0,1.83
7,DCR,True,36.0,190.81
7,DCR,True,4.0,28.32
7,DCR,True,10.0,56.599999999999994
7,DCR,True,34.0,183.96
7,DCR,True,10.0,51.519999999999996
7,DCR,True,30.0,150.27
7,DCR,True,13.0,71.33999999999999
7,DCR,True,27.0,140.92
7,DCR,True,16.0,88.35
7,DCR,True,31.0,158.07
7,DCR,False,inf,0.0
7,DCR,False,inf,0.0
7,DCR,True,18.0,108.36000000000001
7,DCR,False,inf,0.0
7,DCR,False,inf,0.0
7,DCR,False,inf,0.0
7,DCR,True,2.0,3.99
7,DCR,False,inf,0.0
7,DCR,True,27.0,142.37
7,DCR,True,23.0,124.57000000000001
7,DCR,True,2.0,7.84
7,DCR,False,inf,0.0
7,DCR,False,inf,0.0
7,DCR,True,9.0,50.44
7,DCR,True,28.0,139.42999999999998
7,DCR,True,1.0,6.4
7,DCR,False,inf,0.0
7,DCR,True,34.0,173.14000000000001
7,DCR,True,8.0,43.75999999999999
7,DCR,True,4.0,26.85
7,DCR,True,4.0,16.41
7,DCR,False,inf,0.0
7,DCR,False,inf,0.0
7,DCR,True,29.0,154.86
7,DCR,False,inf,0.0
7,DCR,True,31.0,168.44
7,DCR,True,32.0,168.19000000000003
7,DCR,True,15.0,83.3
7,DCR,True,7.0,36.58
7,DCR,False,inf,0.0
7,DCR,True,26.0,135.23000000000002
7,DCR,True,28.0,147.99999999999997
7,DCR,True,31.0,166.18000000000004
7,DCR,False,inf,0.0
7,DCR,False,inf,0.0
7,DCR,True,12.0,72.13
7,DCR,False,inf,0.0
7,DCR,True,7.0,37.0
7,DCR,True,20.0,106.25
7,DCR,True,23.0,124.57000000000001
7,DCR,False,inf,0.0
7,DCR,True,2.0,6.539999999999999
7,DCR,True,14.0,81.91
7,DCR,True,10.0,61.98
7,DCR,True,7.0,35.88
7,DCR,True,17.0,88.4
7,DCR,True,23.0,128.91
7,DCR,True,19.0,103.94
7,DCR,True,30.0,155.84
7,DCR,True,15.0,77.33
7,DCR,True,11.0,58.56999999999999
7,DCR,True,20.0,111.89
7,DCR,True,6.0,36.27
7,DCR,True,21.0,108.24999999999999
7,DCR,True,18.0,97.98
7,DCR,False,inf,0.0
7,DCR,False,inf,0.0
7,DCR,True,23.0,113.63000000000001
7,DCR,True,19.0,107.16
7,DCR,True,25.0,133.47000000000003
7,DCR,True,25.0,127.91000000000001
7,DCR,True,1.0,6.71
7,DCR,True,25.0,135.71
7,DCR,False,inf,0.0
7,DCR,False,inf,0.0
7,DCR,True,19.0,114.00000000000001
7,DCR,True,33.0,175.25
7,DCR,True,29.0,154.63
7,DCR,True,13.0,71.49999999999999
7,DCR,False,inf,0.0
7,DCR,True,35.0,171.51999999999998
7,DCR,True,31.0,161.14000000000001
7,DCR,False,inf,0.0
7,DCR,True,18.0,112.86999999999999
7,DCR,False,inf,0.0
7,DCR,True,6.0,33.44
7,DCR,True,2.0,7.84
7,DCR,True,36.0,191.27000000000004
7,DCR,True,30.0,150.6
7,DCR,True,23.0,110.41
7,DCR,True,7.0,41.440000000000005
7,DCR,True,12.0,68.02
7,DCR,True,30.0,150.6
7,DCR,False,inf,0.0
7,DCR,True,30.0,147.73
7,DCR,False,inf,0.0
7,DCR,True,22.0,122.41000000000001
7,DCR,True,11.0,58.10999999999999
7,DCR,True,16.0,91.37000000000002
7,DCR,True,21.0,114.95
7,DCR,False,inf,0.0
7,DCR,True,37.0,195.89000000000001
7,DCR,True,12.0,68.02
7,DCR,True,21.0,119.46000000000002
7,DCR,False,inf,0.0
7,DCR,False,inf,0.0
7,DCR,False,inf,0.0
7,DCR,False,inf,0.0
7,DCR,True,3.0,15.079999999999998
7,DCR,True,32.0,174.22000000000003
7,DCR,False,inf,0.0
7,DCR,True,14.0,77.94
7,DCR,True,7.0,41.599999999999994
7,DCR,True,12.0,74.94000000000001
7,DCR,True,1.0,3.49
7,DCR,False,inf,0.0
7,DCR,True,18.0,96.43000000000002
7,DCR,True,15.0,85.60000000000001
7,DCR,True,17.0,107.73
7,DCR,False,inf,0.0
7,DCR,True,20.0,108.98000000000002
7,DCR,True,21.0,115.33000000000001
7,DCR,True,16.0,94.03999999999999
7,DCR,True,23.0,127.41
7,DCR,True,5.0,24.18
7,DCR,True,22.0,118.25000000000001
7,DCR,True,36.0,185.82999999999998
7,DCR,True,27.0,140.85
7,DCR,True,25.0,145.18
7,DCR,False,inf,0.0
7,DCR,False,inf,0.0
7,DCR,True,24.0,131.97000000000003
7,DCR,False,inf,0.0
7,DCR,True,19.0,104.45
7,DCR,True,2.0,14.32
7,DCR,True,20.0,99.05999999999999
7,DCR,True,9.0,48.16
7,DCR,True,22.0,119.89000000000001
7,DCR,True,7.0,38.66
7,DCR,True,9.0,42.69
7,DCR,True,21.0,109.78
7,DCR,False,inf,0.0
7,DCR,False,inf,0.0
7,DCR,True,21.0,119.82000000000001
7,DCR,True,20.0,113.94
7,DCR,True,29.0,146.81
7,DCR,False,inf,0.0
7,DCR,True,35.0,187.38
7,DCR,False,inf,0.0
7,DCR,False,inf,0.0
7,DCR,True,29.0,151.20000000000002
7,DCR,True,26.0,139.46000000000004
7,DCR,False,inf,0.0
7,DCR,True,14.0,77.71000000000001
7,DCR,False,inf,0.0
7,DCR,True,30.0,149.66000000000003
7,DCR,True,10.0,47.0
7,DCR,True,32.0,168.08
7,DCR,False,inf,0.0
7,DCR,False,inf,0.0
7,DCR,True,29.0,150.79999999999998
7,DCR,True,9.0,43.41
7,DCR,True,20.0,113.94
7,DCR,True,26.0,139.37
7,DCR,True,9.0,54.2
7,DCR,True,17.0,93.51
7,DCR,False,inf,0.0
7,DCR,True,3.0,12.34
7,DCR,True,27.0,140.04
7,DCR,True,36.0,187.35000000000002
7,DCR,False,inf,0.0
7,DCR,True,36.0,196.79
7,DCR,False,inf,0.0
7,DCR,False,inf,0.0
7,DCR,True,16.0,94.03999999999999
7,DCR,True,15.0,82.59
7,DCR,True,29.0,146.85
7,DCR,True,34.0,190.87000000000006
7,DCR,True,29.0,163.27000000000004
7,DCR,True,26.0,134.93
7,DCR,True,26.0,131.34
7,DCR,False,inf,0.0
7,DCR,False,inf,0.0
7,DCR,True,26.0,143.26000000000002
7,DCR,True,8.0,51.24000000000001
7,DCR,False,inf,0.0
7,DCR,True,6.0,32.78
7,DCR,True,1.0,9.6
7,DCR,True,2.0,12.42
7,DCR,True,8.0,47.089999999999996
7,DCR,True,4.0,25.02
7,DCR,True,31.0,158.63
7,DCR,False,inf,0.0
7,DCR,True,5.0,28.64
7,DCR,True,31.0,169.43000000000004
7,DCR,False,inf,0.0
7,DCR,True,16.0,84.22
7,DCR,False,inf,0.0
7,DCR,False,inf,0.0
7,DCR,True,5.0,15.6
7,DCR,False,inf,0.0
7,DCR,True,18.0,96.98
7,DCR,False,inf,0.0
7,DCR,True,5.0,15.759999999999998
7,DCR,True,7.0,40.37
7,DCR,False,inf,0.0
7,DCR,False,inf,0.0
7,DCR,True,7.0,37.96
7,DCR,False,inf,0.0
7,DCR,True,15.0,85.60000000000001
7,DCR,False,inf,0.0
7,DCR,True,29.0,162.41000000000003
7,DCR,True,31.0,156.31
7,DCR,True,5.0,25.93
7,DCR,True,17.0,89.22999999999999
7,DCR,True,9.0,53.480000000000004
7,DCR,True,31.0,158.07
7,DCR,False,inf,0.0
7,DCR,False,inf,0.0
7,DCR,True,19.0,108.77
7,DCR,True,29.0,150.85000000000002
7,DCR,True,3.0,11.26
7,DCR,False,inf,0.0
7,DCR,True,5.0,29.439999999999998
7,DCR,True,16.0,97.53
7,DCR,True,38.0,199.80999999999997
7,DCR,True,29.0,148.77
7,DCR,True,6.0,38.01
7,DCR,True,23.0,110.83999999999999
7,DCR,False,inf,0.0
7,DCR,False,inf,0.0
7,DCR,True,6.0,32.39
7,DCR,True,20.0,107.06
7,DCR,True,1.0,3.59
7,DCR,False,inf,0.0
7,DCR,False,inf,0.0
7,DCR,False,inf,0.0
7,DCR,False,inf,0.0
7,DCR,False,inf,0.0
7,DCR,False,inf,0.0
7,DCR,False,inf,0.0
7,DCR,True,10.0,54.03999999999999
7,DCR,False,inf,0.0
7,DCR,True,8.0,40.31
7,DCR,False,inf,0.0
7,DCR,True,10.0,51.519999999999996
7,DCR,True,15.0,79.79999999999998
7,DCR,True,37.0,203.19
7,DCR,False,inf,0.0
7,DCR,True,25.0,135.71
7,DCR,False,inf,0.0
7,DCR,True,22.0,126.81
7,DCR,False,inf,0.0
7,DCR,True,16.0,81.46
7,DCR,True,29.0,146.29
7,DCR,True,8.0,49.88
7,DCR,True,3.0,19.689999999999998
7,DCR,True,5.0,32.01
7,DCR,False,inf,0.0
7,DCR,True,24.0,126.00000000000001
7,DCR,True,36.0,194.65
7,DCR,True,23.0,124.57000000000001
7,DCR,True,28.0,144.14000000000001
7,DCR,True,7.0,39.13
7,DCR,False,inf,0.0
7,DCR,True,1.0,3.49
7,DCR,False,inf,0.0
7,DCR,True,16.0,87.88
7,DCR,True,2.0,3.99
7,DCR,True,19.0,98.81
7,DCR,False,inf,0.0
7,DCR,True,8.0,42.2
7,DCR,False,inf,0.0
7,DCR,True,11.0,64.98
7,DCR,True,27.0,148.98999999999998
7,DCR,True,22.0,121.24
7,DCR,True,8.0,40.339999999999996
7,DCR,True,7.0,35.18
7,DCR,False,inf,0.0
7,DCR,False,inf,0.0
7,DCR,True,35.0,190.73999999999995
7,DCR,False,inf,0.0
7,DCR,True,2.0,12.0
7,DCR,True,23.0,121.14000000000001
7,DCR,True,21.0,114.95
7,DCR,True,9.0,43.41
7,DCR,False,inf,0.0
7,DCR,True,32.0,171.65000000000003
7,DCR,False,inf,0.0
7,DCR,False,inf,0.0
7,DCR,True,32.0,161.97
7,DCR,False,inf,0.0
7,DCR,True,35.0,190.36
7,DCR,True,23.0,125.22000000000001
7,DCR,False,inf,0.0
7,DCR,True,1.0,5.06
7,DCR,True,20.0,103.36999999999999
7,DCR,True,17.0,101.37
7,DCR,True,17.0,88.3
7,DCR,True,13.0,77.53
7,DCR,True,10.0,58.38999999999999
7,DCR,False,inf,0.0
7,DCR,False,inf,0.0
7,DCR,True,31.0,153.62
7,DCR,True,21.0,104.86999999999999
7,DCR,True,30.0,149.78
7,DCR,False,inf,0.0
7,DCR,True,15.0,87.47000000000001
7,DCR,True,23.0,115.34
7,DCR,True,26.0,130.27
7,DCR,True,35.0,186.95000000000002
7,DCR,True,26.0,130.53
7,DCR,True,11.0,54.85999999999999
7,DCR,True,38.0,199.27999999999997
7,DCR,True,1.0,7.27
7,DCR,False,inf,0.0
7,DCR,True,3.0,16.919999999999998
7,DCR,False,inf,0.0
7,DCR,True,20.0,111.89
7,DCR,True,1.0,9.6
7,DCR,True,20.0,99.58000000000001
7,DCR,False,inf,0.0
7,DCR,False,inf,0.0
7,DCR,True,31.0,156.52
7,DCR,True,11.0,59.32
7,DCR,False,inf,0.0
7,DCR,True,3.0,13.0
7,DCR,True,2.0,14.34
7,DCR,True,28.0,147.36
7,DCR,False,inf,0.0
7,DCR,True,15.0,81.77000000000001
7,DCR,False,inf,0.0
7,DCR,True,5.0,33.68
7,DCR,True,7.0,40.73
7,DCR,True,22.0,124.76000000000002
7,DCR,True,29.0,155.41000000000003
7,DCR,True,2.0,6.539999999999999
7,DCR,True,19.0,97.01999999999998
7,DCR,False,inf,0.0
7,DCR,True,12.0,67.6
7,DCR,False,inf,0.0
7,DCR,True,33.0,167.78
7,DCR,True,13.0,76.41
7,DCR,True,10.0,63.940000000000005
7,DCR,False,inf,0.0
7,DCR,True,10.0,57.949999999999996
7,DCR,True,9.0,52.14
7,DCR,False,inf,0.0
7,DCR,True,18.0,94.09
7,DCR,True,35.0,187.38
7,DCR,True,29.0,150.69
7,DCR,True,17.0,102.23
7,DCR,True,1.0,8.85
7,DCR,True,21.0,119.86000000000001
7,DCR,True,13.0,80.0
7,DCR,True,28.0,150.47000000000003
7,DCR,False,inf,0.0
7,DCR,True,7.0,31.06
7,DCR,True,25.0,139.28000000000003
7,DCR,False,inf,0.0
7,DCR,True,8.0,48.61999999999999
7,DCR,False,inf,0.0
7,DCR,True,7.0,45.010000000000005
7,DCR,False,inf,0.0
7,DCR,True,35.0,189.19
7,DCR,True,6.0,33.14
7,DCR,True,3.0,19.89
7,DCR,True,8.0,40.91
7,DCR,False,inf,0.0
7,DCR,False,inf,0.0
7,DCR,True,24.0,145.06
7,DCR,True,16.0,86.21
7,DCR,False,inf,0.0
7,DCR,False,inf,0.0
7,DCR,False,inf,0.0
7,DCR,False,inf,0.0
7,DCR,True,9.0,46.51
7,DCR,True,2.0,7.81
7,DCR,True,29.0,156.16999999999996
7,DCR,True,3.0,22.82
7,DCR,True,20.0,111.89
7,DCR,True,17.0,89.22999999999999
7,DCR,False,inf,0.0
7,DCR,True,3.0,11.0
7,DCR,False,inf,0.0
7,DCR,True,15.0,93.11
7,DCR,True,23.0,119.09
7,DCR,False,inf,0.0
7,DCR,True,7.0,36.739999999999995
7,DCR,True,29.0,151.23000000000002
7,DCR,False,inf,0.0
7,DCR,True,1.0,5.13
7,DCR,False,inf,0.0
7,DCR,False,inf,0.0
7,DCR,True,37.0,182.54999999999998
7,DCR,True,9.0,47.05
7,DCR,True,37.0,191.64
7,DCR,True,5.0,28.71
7,DCR,False,inf,0.0
7,DCR,True,8.0,54.53
7,DCR,True,13.0,75.75999999999999
7,DCR,True,21.0,109.78
7,DCR,False,inf,0.0
7,DCR,False,inf,0.0
7,DCR,True,40.0,212.98000000000005
7,DCR,True,21.0,114.95
7,DCR,False,inf,0.0
7,DCR,False,inf,0.0
7,DCR,False,inf,0.0
7,DCR,True,34.0,188.40000000000003
7,DCR,True,36.0,194.65
7,DCR,True,2.0,12.0
7,DCR,True,25.0,120.21
7,DCR,True,34.0,174.03
7,DCR,True,32.0,155.85000000000002
7,DCR,False,inf,0.0
7,DCR,True,7.0,41.440000000000005
7,DCR,True,33.0,174.55
7,DCR,True,12.0,65.95
7,DCR,True,22.0,113.87
7,DCR,False,inf,0.0
7,DCR,True,9.0,54.10000000000001
7,DCR,True,13.0,77.53
7,DCR,True,28.0,141.54
7,DCR,True,14.0,75.24
7,DCR,False,inf,0.0
7,DCR,False,inf,0.0
7,DCR,True,25.0,129.51000000000002
7,DCR,False,inf,0.0
7,DCR,True,12.0,67.32
7,DCR,True,21.0,109.16
7,DCR,True,12.0,64.8
7,DCR,True,18.0,108.02000000000001
7,DCR,True,30.0,154.49
7,DCR,True,18.0,100.45
7,DCR,True,4.0,21.979999999999997
7,DCR,False,inf,0.0
7,DCR,True,17.0,91.99
7,DCR,True,7.0,38.66
7,DCR,True,16.0,90.33000000000001
7,DCR,True,9.0,48.16
7,DCR,True,10.0,47.0
7,DCR,False,inf,0.0
7,DCR,True,30.0,149.78
7,DCR,True,32.0,170.25
7,DCR,True,7.0,40.31
7,DCR,True,22.0,122.44000000000001
7,DCR,True,3.0,15.11
7,DCR,False,inf,0.0
7,DCR,True,37.0,192.35999999999999
7,DCR,False,inf,0.0
7,DCR,True,30.0,156.09
7,DCR,True,28.0,144.88
7,DCR,True,11.0,63.739999999999995
7,DCR,True,20.0,116.62000000000002
7,DCR,True,9.0,48.16
7,DCR,True,17.0,98.11000000000001
7,DCR,False,inf,0.0
7,DCR,True,34.0,163.24999999999997
7,DCR,True,33.0,185.43999999999997
7,DCR,True,27.0,144.44
7,DCR,False,inf,0.0
7,DCR,False,inf,0.0
7,DCR,True,5.0,21.84
7,DCR,False,inf,0.0
7,DCR,True,6.0,34.16
7,DCR,False,inf,0.0
7,DCR,True,25.0,125.01
7,DCR,True,30.0,155.45
7,DCR,True,15.0,89.6
7,DCR,True,33.0,162.71
7,DCR,True,26.0,136.19000000000003
7,DCR,True,6.0,33.15
7,DCR,False,inf,0.0
7,DCR,False,inf,0.0
7,DCR,True,23.0,124.15
7,DCR,True,31.0,162.50000000000003
7,DCR,True,6.0,41.82000000000001
7,DCR,True,24.0,123.82000000000001
7,DCR,True,4.0,19.24
7,DCR,False,inf,0.0
7,DCR,True,24.0,128.68
7,DCR,True,2.0,8.26
7,DCR,False,inf,0.0
7,DCR,True,10.0,61.459999999999994
7,DCR,True,27.0,145.25
7,DCR,True,14.0,82.2
7,DCR,False,inf,0.0
7,DCR,False,inf,0.0
7,DCR,True,17.0,91.0
7,DCR,True,30.0,164.94
7,DCR,True,40.0,217.82999999999998
7,DCR,True,23.0,118.27000000000001
7,DCR,False,inf,0.0
7,DCR,True,14.0,79.80999999999999
7,DCR,True,6.0,33.14
7,DCR,True,18.0,101.11
7,DCR,True,1.0,2.35
7,DCR,True,8.0,44.85
7,DCR,False,inf,0.0
7,DCR,True,29.0,145.49
7,DCR,True,13.0,71.49999999999999
7,DCR,True,23.0,124.15
7,DCR,True,3.0,15.079999999999998
7,DCR,False,inf,0.0
7,DCR,True,4.0,27.53
7,DCR,True,11.0,67.56
7,DCR,False,inf,0.0
7,DCR,True,28.0,144.49
7,DCR,True,9.0,48.44
7,DCR,False,inf,0.0
7,DCR,True,17.0,88.33
7,DCR,True,33.0,172.48000000000002
7,DCR,True,15.0,80.03
7,DCR,True,18.0,98.85
7,DCR,False,inf,0.0
7,DCR,True,17.0,88.71999999999998
7,DCR,True,23.0,119.63000000000002
7,DCR,False,inf,0.0
7,DCR,True,22.0,123.50000000000001
7,DCR,True,3.0,20.86
7,DCR,True,31.0,156.52
7,DCR,True,12.0,66.91
7,DCR,False,inf,0.0
7,DCR,True,14.0,77.71000000000001
7,DCR,True,24.0,125.07000000000001
7,DCR,True,27.0,140.66
7,DCR,True,7.0,40.52
7,DCR,False,inf,0.0
7,DCR,False,inf,0.0
7,DCR,True,26.0,136.89000000000001
7,DCR,False,inf,0.0
7,DCR,True,9.0,49.19
7,DCR,False,inf,0.0
7,DCR,True,25.0,132.08
7,DCR,True,21.0,117.27000000000001
7,DCR,False,inf,0.0
7,DCR,False,inf,0.0
7,DCR,True,23.0,125.25000000000001
7,DCR,False,inf,0.0
7,DCR,True,26.0,147.5
7,DCR,True,25.0,132.06
7,DCR,True,18.0,93.32
7,DCR,False,inf,0.0
7,DCR,True,16.0,91.32000000000001
7,DCR,False,inf,0.0
7,DCR,True,25.0,137.25
7,DCR,True,7.0,42.08
7,DCR,True,8.0,43.46
7,DCR,True,1.0,6.4
7,DCR,True,2.0,14.34
7,DCR,True,28.0,146.37
7,DCR,True,7.0,30.64
7,DCR,True,30.0,160.76000000000002
7,DCR,False,inf,0.0
7,DCR,False,inf,0.0
7,DCR,True,20.0,104.29
7,DCR,True,1.0,5.94
7,DCR,True,36.0,185.82999999999998
7,DCR,True,17.0,93.48
7,DCR,True,33.0,159.81
7,DCR,False,inf,0.0
7,DCR,True,16.0,88.35
7,DCR,False,inf,0.0
7,DCR,False,inf,0.0
7,DCR,True,7.0,40.31
7,DCR,True,2.0,13.98
7,DCR,True,9.0,53.82999999999999
7,DCR,True,29.0,146.36
7,DCR,True,5.0,25.87
7,DCR,False,inf,0.0
7,DCR,True,6.0,32.85
7,DCR,True,25.0,128.6
7,DCR,True,23.0,131.99
7,DCR,False,inf,0.0
7,DCR,True,4.0,26.22
7,DCR,False,inf,0.0
7,DCR,True,7.0,38.9
7,DCR,True,29.0,151.20000000000002
7,DCR,True,20.0,105.95000000000002
7,DCR,True,24.0,130.68
7,DCR,False,inf,0.0
7,DCR,True,33.0,179.33
7,DCR,True,4.0,32.5
7,DCR,True,7.0,38.9
7,DCR,False,inf,0.0
7,DCR,True,6.0,42.79
7,DCR,True,39.0,212.22
7,DCR,True,13.0,79.31
7,DCR,False,inf,0.0
7,DCR,True,34.0,170.55
7,DCR,True,20.0,99.58000000000001
7,DCR,True,23.0,124.50000000000001
7,DCR,False,inf,0.0
7,DCR,True,9.0,53.66
7,DCR,True,21.0,115.33000000000001
7,DCR,True,23.0,127.13000000000001
7,DCR,True,11.0,59.24999999999999
7,DCR,False,inf,0.0
7,DCR,True,32.0,182.41999999999996
7,DCR,True,28.0,149.05
7,DCR,True,5.0,21.87
7,DCR,True,36.0,190.76
7,DCR,True,11.0,58.56999999999999
7,DCR,True,14.0,77.79
7,DCR,True,33.0,175.25
7,DCR,True,34.0,178.84
7,DCR,True,15.0,78.42999999999999
7,DCR,True,2.0,13.42
7,DCR,True,14.0,83.49000000000001
7,DCR,True,28.0,148.54
7,DCR,True,11.0,65.7
7,DCR,True,32.0,171.06
7,DCR,False,inf,0.0
7,DCR,True,13.0,74.44
7,DCR,True,8.0,43.75999999999999
7,DCR,False,inf,0.0
7,DCR,True,9.0,44.5
7,DCR,True,31.0,174.18000000000004
7,DCR,False,inf,0.0
7,DCR,True,38.0,206.57999999999998
7,DCR,True,31.0,158.63
7,DCR,False,inf,0.0
7,DCR,True,9.0,54.349999999999994
7,DCR,True,13.0,80.1
7,DCR,True,3.0,18.68
7,DCR,True,13.0,81.39999999999999
7,DCR,True,4.0,16.41
7,DCR,False,inf,0.0
7,DCR,True,2.0,13.44
7,DCR,False,inf,0.0
7,DCR,False,inf,0.0
7,DCR,True,34.0,178.84
7,DCR,True,13.0,73.78
7,DCR,True,30.0,151.07999999999998
7,DCR,False,inf,0.0
7,DCR,True,12.0,70.53999999999999
7,DCR,True,9.0,52.74
7,DCR,True,8.0,44.57
7,DCR,True,25.0,133.85
7,DCR,True,29.0,145.49
7,DCR,True,15.0,82.58999999999999
7,DCR,True,4.0,12.74
7,DCR,True,12.0,77.97999999999999
7,DCR,True,3.0,19.689999999999998
7,DCR,False,inf,0.0
7,DCR,False,inf,0.0
7,DCR,True,26.0,139.37
7,DCR,True,3.0,22.59
7,DCR,True,19.0,103.69000000000001
7,DCR,False,inf,0.0
7,DCR,True,22.0,118.54000000000002
7,DCR,False,inf,0.0
7,DCR,False,inf,0.0
7,DCR,False,inf,0.0
7,DCR,True,7.0,38.94
7,DCR,True,14.0,75.24
7,DCR,True,14.0,81.51
7,DCR,True,12.0,68.87
7,DCR,False,inf,0.0
7,DCR,False,inf,0.0
7,DCR,False,inf,0.0
7,DCR,False,inf,0.0
7,DCR,False,inf,0.0
7,DCR,True,39.0,208.42
7,DCR,True,31.0,156.31
7,DCR,True,24.0,129.86
7,DCR,False,inf,0.0
7,DCR,True,1.0,5.37
7,DCR,True,18.0,97.02999999999999
7,DCR,True,27.0,142.34
7,DCR,True,7.0,45.010000000000005
7,DCR,True,11.0,56.6
7,DCR,True,38.0,204.06
7,DCR,True,10.0,57.69999999999999
7,DCR,False,inf,0.0
7,DCR,False,inf,0.0
7,DCR,True,24.0,125.71000000000001
7,DCR,True,8.0,44.57
7,DCR,False,inf,0.0
7,DCR,False,inf,0.0
7,DCR,False,inf,0.0
7,DCR,True,15.0,82.97999999999999
7,DCR,False,inf,0.0
7,DCR,False,inf,0.0
7,DCR,True,2.0,14.32
7,DCR,True,31.0,156.89
7,DCR,True,13.0,76.58999999999999
7,DCR,True,1.0,7.07
7,DCR,False,inf,0.0
7,DCR,False,inf,0.0
7,DCR,True,12.0,66.32
7,DCR,True,11.0,58.56999999999999
7,DCR,True,2.0,12.03
7,DCR,True,2.0,12.69
7,DCR,True,9.0,53.480000000000004
7,DCR,False,inf,0.0
7,DCR,False,inf,0.0
7,DCR,True,4.0,18.66
7,DCR,False,inf,0.0
7,DCR,True,29.0,152.49000000000004
7,DCR,True,1.0,7.05
7,DCR,False,inf,0.0
7,DCR,False,inf,0.0
7,DCR,True,14.0,78.53999999999999
7,DCR,False,inf,0.0
7,DCR,True,6.0,40.12
7,DCR,True,31.0,157.51000000000002
7,DCR,True,7.0,38.62
7,DCR,True,28.0,147.73000000000002
7,DCR,True,4.0,16.41
7,DCR,False,inf,0.0
7,DCR,True,29.0,152.69
7,DCR,True,12.0,72.98
7,DCR,False,inf,0.0
7,DCR,True,39.0,188.06
7,DCR,True,27.0,146.49000000000004
7,DCR,True,26.0,141.98000000000002
7,DCR,True,1.0,3.78
7,DCR,True,12.0,67.6
7,DCR,True,30.0,164.94
7,DCR,True,34.0,178.84
7,DCR,False,inf,0.0
7,DCR,False,inf,0.0
7,DCR,True,15.0,78.83999999999999
7,DCR,True,29.0,166.39000000000001
7,DCR,True,24.0,126.00000000000001
7,DCR,False,inf,0.0
7,DCR,False,inf,0.0
7,DCR,True,21.0,112.95000000000002
7,DCR,True,10.0,54.11
7,DCR,True,2.0,14.32
7,DCR,True,4.0,19.400000000000002
7,DCR,True,13.0,70.97
7,DCR,True,4.0,24.73
7,DCR,True,13.0,79.8
7,DCR,True,10.0,51.519999999999996
7,DCR,True,7.0,37.56
7,DCR,True,24.0,120.47000000000001
7,DCR,False,inf,0.0
7,DCR,True,1.0,8.88
7,DCR,True,12.0,64.36
7,DCR,True,17.0,103.41999999999999
7,DCR,True,31.0,165.17000000000002
7,DCR,False,inf,0.0
7,DCR,True,5.0,19.419999999999998
7,DCR,True,16.0,97.53
7,DCR,True,10.0,49.84
7,DCR,True,23.0,117.35000000000001
7,DCR,False,inf,0.0
7,DCR,False,inf,0.0
7,DCR,True,12.0,74.27000000000001
7,DCR,True,5.0,23.05
7,DCR,False,inf,0.0
7,DCR,True,20.0,107.76
7,DCR,True,35.0,183.43000000000004
7,DCR,True,8.0,40.91
7,DCR,False,inf,0.0
7,DCR,False,inf,0.0
7,DCR,True,10.0,57.57
7,DCR,True,29.0,152.69
7,DCR,True,26.0,131.63000000000002
7,DCR,True,25.0,129.89000000000001
7,DCR,True,27.0,144.74
7,DCR,True,5.0,35.33
7,DCR,True,12.0,68.3
7,DCR,True,6.0,33.44
7,DCR,True,24.0,120.49
7,DCR,False,inf,0.0
7,DCR,False,inf,0.0
7,DCR,True,8.0,42.28999999999999
7,DCR,True,30.0,161.89000000000001
7,DCR,True,1.0,2.35
7,DCR,True,22.0,121.24
7,DCR,True,20.0,110.28
7,DCR,True,12.0,72.98
7,DCR,True,32.0,171.65000000000003
7,DCR,False,inf,0.0
7,DCR,True,31.0,166.18000000000004
7,DCR,True,8.0,42.559999999999995
7,DCR,True,22.0,123.50000000000001
7,DCR,True,36.0,192.83
7,DCR,True,37.0,198.36999999999998
7,DCR,True,17.0,96.15
7,DCR,False,inf,0.0
7,DCR,False,inf,0.0
7,DCR,False,inf,0.0
7,DCR,False,inf,0.0
7,DCR,True,16.0,86.21
7,DCR,True,29.0,154.86
7,DCR,True,25.0,127.66000000000001
7,DCR,False,inf,0.0
7,DCR,False,inf,0.0
7,DCR,True,24.0,134.21
7,DCR,True,12.0,70.23000000000002
7,DCR,True,16.0,90.39999999999999
7,DCR,True,18.0,98.78
7,DCR,False,inf,0.0
7,DCR,False,inf,0.0
7,DCR,False,inf,0.0
7,DCR,True,15.0,77.33
7,DCR,True,9.0,50.67999999999999
7,DCR,True,7.0,42.76
7,DCR,True,20.0,104.29
7,DCR,False,inf,0.0
7,DCR,False,inf,0.0
7,DCR,True,35.0,190.36
7,DCR,True,6.0,32.78
7,DCR,True,22.0,118.54000000000002
7,DCR,True,4.0,23.28
7,DCR,False,inf,0.0
7,DCR,True,22.0,117.57000000000001
7,DCR,True,35.0,186.97000000000003
7,DCR,True,7.0,39.93
7,DCR,True,4.0,24.380000000000003
7,DCR,False,inf,0.0
7,DCR,True,41.0,199.31
7,DCR,True,16.0,96.23
7,DCR,True,28.0,144.46
7,DCR,True,8.0,43.46
7,DCR,True,16.0,82.57999999999998
7,DCR,False,inf,0.0
7,DCR,True,5.0,25.5
7,DCR,False,inf,0.0
7,DCR,False,inf,0.0
7,DCR,True,10.0,61.19
7,DCR,True,17.0,98.11000000000001
7,DCR,False,inf,0.0
7,DCR,True,10.0,59.60000000000001
7,DCR,False,inf,0.0
7,DCR,True,10.0,57.22
7,DCR,True,4.0,19.24
7,CCR,False,inf,0.0
7,CCR,True,12.0,58.510000000000005
7,CCR,False,inf,0.0
7,CCR,False,inf,0.0
7,CCR,True,28.0,149.47
7,CCR,False,inf,0.0
7,CCR,True,1.0,9.55
7,CCR,True,27.0,148.79999999999998
7,CCR,True,16.0,92.66
7,CCR,False,inf,0.0
7,CCR,True,17.0,92.88999999999999
7,CCR,True,16.0,92.66
7,CCR,True,6.0,30.889999999999997
7,CCR,False,inf,0.0
7,CCR,True,8.0,37.839999999999996
7,CCR,True,11.0,63.55999999999999
7,CCR,False,inf,0.0
7,CCR,True,18.0,99.58999999999999
7,CCR,True,30.0,158.35999999999999
7,CCR,True,20.0,108.86
7,CCR,True,32.0,168.01999999999998
7,CCR,False,inf,0.0
7,CCR,False,inf,0.0
7,CCR,True,5.0,20.23
7,CCR,True,6.0,34.68000000000001
7,CCR,False,inf,0.0
7,CCR,True,20.0,107.01000000000002
7,CCR,True,6.0,29.46
7,CCR,False,inf,0.0
7,CCR,True,25.0,139.15
7,CCR,False,inf,0.0
7,CCR,False,inf,0.0
7,CCR,True,7.0,27.919999999999998
7,CCR,True,19.0,111.33999999999999
7,CCR,False,inf,0.0
7,CCR,True,23.0,129.43
7,CCR,False,inf,0.0
7,CCR,True,15.0,71.2
7,CCR,True,23.0,115.29000000000002
7,CCR,False,inf,0.0
7,CCR,False,inf,0.0
7,CCR,True,20.0,111.11
7,CCR,True,17.0,99.17
7,CCR,False,inf,0.0
7,CCR,True,4.0,22.909999999999997
7,CCR,False,inf,0.0
7,CCR,False,inf,0.0
7,CCR,False,inf,0.0
7,CCR,True,15.0,82.16999999999999
7,CCR,True,28.0,145.29
7,CCR,False,inf,0.0
7,CCR,True,28.0,142.56
7,CCR,True,4.0,17.810000000000002
7,CCR,True,19.0,107.86
7,CCR,True,18.0,100.47
7,CCR,True,18.0,87.6
7,CCR,True,14.0,73.94999999999999
7,CCR,True,2.0,13.42
7,CCR,False,inf,0.0
7,CCR,True,15.0,84.94999999999999
7,CCR,True,7.0,37.449999999999996
7,CCR,False,inf,0.0
7,CCR,True,27.0,148.54999999999998
7,CCR,True,11.0,70.92
7,CCR,False,inf,0.0
7,CCR,False,inf,0.0
7,CCR,True,25.0,139.14000000000001
7,CCR,True,22.0,119.55000000000001
7,CCR,True,18.0,99.14999999999999
7,CCR,True,17.0,83.95
7,CCR,True,18.0,99.67999999999999
7,CCR,True,18.0,98.68999999999998
7,CCR,True,12.0,83.94
7,CCR,True,16.0,80.1
7,CCR,True,24.0,122.56000000000003
7,CCR,False,inf,0.0
7,CCR,True,10.0,58.67000000000001
7,CCR,True,27.0,145.96
7,CCR,False,inf,0.0
7,CCR,False,inf,0.0
7,CCR,True,14.0,81.43999999999998
7,CCR,True,20.0,109.98
7,CCR,True,25.0,131.76000000000002
7,CCR,True,11.0,64.63
7,CCR,True,1.0,8.39
7,CCR,True,26.0,131.31
7,CCR,True,22.0,122.45
7,CCR,False,inf,0.0
7,CCR,False,inf,0.0
7,CCR,True,3.0,15.76
7,CCR,False,inf,0.0
7,CCR,False,inf,0.0
7,CCR,True,37.0,211.21
7,CCR,True,31.0,161.21
7,CCR,True,2.0,7.81
7,CCR,True,10.0,55.9
7,CCR,False,inf,0.0
7,CCR,False,inf,0.0
7,CCR,False,inf,0.0
7,CCR,True,22.0,123.74000000000001
7,CCR,True,20.0,111.76
7,CCR,False,inf,0.0
7,CCR,True,4.0,18.04
7,CCR,True,24.0,135.28
7,CCR,True,31.0,166.58999999999997
7,CCR,False,inf,0.0
7,CCR,True,21.0,113.54000000000002
7,CCR,True,15.0,84.46
7,CCR,False,inf,0.0
7,CCR,False,inf,0.0
7,CCR,False,inf,0.0
7,CCR,True,21.0,114.12
7,CCR,True,23.0,117.91000000000001
7,CCR,False,inf,0.0
7,CCR,True,22.0,126.59
7,CCR,True,17.0,100.95
7,CCR,True,6.0,39.97
7,CCR,True,15.0,83.87999999999998
7,CCR,True,19.0,107.19
7,CCR,True,17.0,93.18999999999998
7,CCR,True,20.0,110.92000000000002
7,CCR,True,35.0,181.98
7,CCR,False,inf,0.0
7,CCR,True,3.0,18.509999999999998
7,CCR,False,inf,0.0
7,CCR,False,inf,0.0
7,CCR,True,13.0,69.38999999999999
7,CCR,False,inf,0.0
7,CCR,True,13.0,76.11999999999999
7,CCR,True,12.0,63.76
7,CCR,True,25.0,132.42
7,CCR,True,13.0,76.15999999999998
7,CCR,True,24.0,141.15999999999997
7,CCR,False,inf,0.0
7,CCR,False,inf,0.0
7,CCR,False,inf,0.0
7,CCR,True,23.0,125.52
7,CCR,False,inf,0.0
7,CCR,True,28.0,154.54
7,CCR,True,32.0,168.01999999999998
7,CCR,False,inf,0.0
7,CCR,True,28.0,148.41
7,CCR,True,24.0,132.09
7,CCR,True,3.0,18.93
7,CCR,True,2.0,7.81
7,CCR,True,9.0,55.64
7,CCR,True,27.0,157.67
7,CCR,True,5.0,27.259999999999998
7,CCR,False,inf,0.0
7,CCR,True,11.0,64.38
7,CCR,True,13.0,83.49999999999999
7,CCR,True,16.0,83.32
7,CCR,True,23.0,125.93000000000002
7,CCR,False,inf,0.0
7,CCR,True,1.0,7.15
7,CCR,False,inf,0.0
7,CCR,True,24.0,137.97
7,CCR,True,29.0,164.43
7,CCR,True,25.0,146.14
7,CCR,False,inf,0.0
7,CCR,False,inf,0.0
7,CCR,True,34.0,180.97000000000003
7,CCR,False,inf,0.0
7,CCR,True,25.0,145.67
7,CCR,True,18.0,87.6
7,CCR,False,inf,0.0
7,CCR,True,30.0,169.28999999999996
7,CCR,False,inf,0.0
7,CCR,True,4.0,18.04
7,CCR,True,22.0,112.87
7,CCR,True,9.0,52.75
7,CCR,True,11.0,75.05999999999999
7,CCR,False,inf,0.0
7,CCR,False,inf,0.0
7,CCR,False,inf,0.0
7,CCR,True,16.0,90.42
7,CCR,True,2.0,9.1
7,CCR,True,1.0,2.35
7,CCR,False,inf,0.0
7,CCR,False,inf,0.0
7,CCR,True,23.0,112.98000000000002
7,CCR,True,14.0,80.97999999999999
7,CCR,False,inf,0.0
7,CCR,False,inf,0.0
7,CCR,True,9.0,49.94999999999999
7,CCR,True,21.0,117.84
7,CCR,True,13.0,67.7
7,CCR,True,23.0,117.91000000000001
7,CCR,False,inf,0.0
7,CCR,True,21.0,120.5
7,CCR,False,inf,0.0
7,CCR,False,inf,0.0
7,CCR,True,25.0,140.26
7,CCR,True,4.0,16.75
7,CCR,True,20.0,110.98
7,CCR,False,inf,0.0
7,CCR,False,inf,0.0
7,CCR,False,inf,0.0
7,CCR,False,inf,0.0
7,CCR,False,inf,0.0
7,CCR,True,11.0,62.849999999999994
7,CCR,True,1.0,6.17
7,CCR,True,21.0,113.46000000000001
7,CCR,True,5.0,28.77
7,CCR,True,6.0,29.46
7,CCR,True,21.0,115.73
7,CCR,True,17.0,82.92
7,CCR,True,17.0,94.17999999999999
7,CCR,True,20.0,114.87
7,CCR,True,28.0,153.47000000000003
7,CCR,True,26.0,138.14000000000001
7,CCR,False,inf,0.0
7,CCR,True,11.0,54.279999999999994
7,CCR,True,5.0,21.85
7,CCR,False,inf,0.0
7,CCR,False,inf,0.0
7,CCR,True,5.0,32.65
7,CCR,True,26.0,137.3
7,CCR,True,17.0,91.33999999999999
7,CCR,True,28.0,143.60000000000002
7,CCR,False,inf,0.0
7,CCR,False,inf,0.0
7,CCR,False,inf,0.0
7,CCR,True,27.0,147.20999999999998
7,CCR,True,11.0,61.18
7,CCR,True,15.0,82.66999999999999
7,CCR,True,19.0,103.6
7,CCR,True,33.0,179.35000000000002
7,CCR,True,19.0,94.89
7,CCR,True,8.0,43.669999999999995
7,CCR,False,inf,0.0
7,CCR,True,15.0,76.45
7,CCR,False,inf,0.0
7,CCR,True,23.0,129.43
7,CCR,False,inf,0.0
7,CCR,True,17.0,100.74999999999999
7,CCR,True,6.0,26.09
7,CCR,False,inf,0.0
7,CCR,True,30.0,154.19000000000003
7,CCR,False,inf,0.0
7,CCR,False,inf,0.0
7,CCR,True,5.0,25.34
7,CCR,False,inf,0.0
7,CCR,True,14.0,86.99
7,CCR,False,inf,0.0
7,CCR,True,6.0,28.44
7,CCR,True,24.0,123.59000000000003
7,CCR,True,7.0,29.33
7,CCR,True,18.0,99.02
7,CCR,True,2.0,11.049999999999999
7,CCR,False,inf,0.0
7,CCR,False,inf,0.0
7,CCR,False,inf,0.0
7,CCR,True,10.0,59.64999999999999
7,CCR,False,inf,0.0
7,CCR,True,32.0,187.24999999999997
7,CCR,True,25.0,132.84
7,CCR,True,1.0,4.76
7,CCR,True,21.0,118.53
7,CCR,False,inf,0.0
7,CCR,True,30.0,157.62000000000003
7,CCR,False,inf,0.0
7,CCR,False,inf,0.0
7,CCR,True,13.0,79.63
7,CCR,True,15.0,86.94999999999999
7,CCR,True,31.0,161.21
7,CCR,True,8.0,33.66
7,CCR,True,15.0,76.57
7,CCR,False,inf,0.0
7,CCR,False,inf,0.0
7,CCR,True,1.0,5.72
7,CCR,True,21.0,115.81
7,CCR,False,inf,0.0
7,CCR,False,inf,0.0
7,CCR,True,28.0,152.88
7,CCR,False,inf,0.0
7,CCR,True,15.0,80.76999999999998
7,CCR,False,inf,0.0
7,CCR,True,17.0,88.26999999999998
7,CCR,True,8.0,46.470000000000006
7,CCR,False,inf,0.0
7,CCR,True,6.0,30.889999999999997
7,CCR,True,28.0,143.60000000000002
7,CCR,False,inf,0.0
7,CCR,True,20.0,107.44
7,CCR,True,14.0,83.74
7,CCR,False,inf,0.0
7,CCR,False,inf,0.0
7,CCR,False,inf,0.0
7,CCR,True,15.0,85.68999999999998
7,CCR,True,26.0,154.13
7,CCR,False,inf,0.0
7,CCR,False,inf,0.0
7,CCR,False,inf,0.0
7,CCR,True,19.0,108.53
7,CCR,True,16.0,95.24999999999999
7,CCR,False,inf,0.0
7,CCR,False,inf,0.0
7,CCR,True,12.0,62.73
7,CCR,True,4.0,27.16
7,CCR,False,inf,0.0
7,CCR,False,inf,0.0
7,CCR,True,20.0,113.76
7,CCR,True,21.0,109.59000000000002
7,CCR,False,inf,0.0
7,CCR,False,inf,0.0
7,CCR,False,inf,0.0
7,CCR,False,inf,0.0
7,CCR,True,5.0,29.229999999999997
7,CCR,True,26.0,142.22000000000003
7,CCR,False,inf,0.0
7,CCR,False,inf,0.0
7,CCR,True,19.0,104.38999999999999
7,CCR,False,inf,0.0
7,CCR,True,16.0,78.51
7,CCR,True,4.0,23.14
7,CCR,True,14.0,79.02999999999999
7,CCR,True,1.0,7.07
7,CCR,True,24.0,131.84
7,CCR,True,7.0,41.79
7,CCR,True,16.0,86.92999999999999
7,CCR,True,20.0,114.46
7,CCR,True,21.0,118.83
7,CCR,True,13.0,69.62
7,CCR,True,32.0,164.24
7,CCR,False,inf,0.0
7,CCR,True,27.0,149.54
7,CCR,True,21.0,119.06
7,CCR,True,18.0,94.79999999999998
7,CCR,True,7.0,31.15
7,CCR,False,inf,0.0
7,CCR,True,13.0,73.52999999999999
7,CCR,True,21.0,123.21000000000001
7,CCR,True,7.0,44.3
7,CCR,False,inf,0.0
7,CCR,False,inf,0.0
7,CCR,False,inf,0.0
7,CCR,True,27.0,147.66
7,CCR,True,16.0,82.10000000000001
7,CCR,False,inf,0.0
7,CCR,False,inf,0.0
7,CCR,False,inf,0.0
7,CCR,True,18.0,103.07
7,CCR,True,11.0,58.910000000000004
7,CCR,True,8.0,45.14999999999999
7,CCR,True,4.0,27.16
7,CCR,True,24.0,134.47000000000003
7,CCR,True,12.0,72.53999999999999
7,CCR,True,28.0,149.42000000000002
7,CCR,True,9.0,42.760000000000005
7,CCR,False,inf,0.0
7,CCR,True,32.0,177.24999999999997
7,CCR,True,15.0,81.79999999999998
7,CCR,False,inf,0.0
7,CCR,True,8.0,46.470000000000006
7,CCR,True,25.0,151.72
7,CCR,False,inf,0.0
7,CCR,False,inf,0.0
7,CCR,True,22.0,117.68
7,CCR,True,2.0,11.11
7,CCR,True,6.0,27.429999999999996
7,CCR,True,4.0,25.02
7,CCR,True,32.0,171.01999999999998
7,CCR,True,18.0,88.42
7,CCR,True,19.0,102.89
7,CCR,True,20.0,105.42999999999999
7,CCR,False,inf,0.0
7,CCR,False,inf,0.0
7,CCR,True,22.0,106.96000000000002
7,CCR,True,2.0,13.14
7,CCR,False,inf,0.0
7,CCR,False,inf,0.0
7,CCR,True,37.0,190.21
7,CCR,True,30.0,158.23
7,CCR,True,23.0,132.98999999999998
7,CCR,False,inf,0.0
7,CCR,False,inf,0.0
7,CCR,True,9.0,45.0
7,CCR,False,inf,0.0
7,CCR,False,inf,0.0
7,CCR,False,inf,0.0
7,CCR,False,inf,0.0
7,CCR,False,inf,0.0
7,CCR,False,inf,0.0
7,CCR,True,20.0,111.11
7,CCR,False,inf,0.0
7,CCR,True,14.0,79.55999999999999
7,CCR,False,inf,0.0
7,CCR,True,5.0,28.019999999999996
7,CCR,True,22.0,119.60000000000001
7,CCR,False,inf,0.0
7,CCR,False,inf,0.0
7,CCR,False,inf,0.0
7,CCR,True,9.0,49.239999999999995
7,CCR,False,inf,0.0
7,CCR,False,inf,0.0
7,CCR,True,7.0,48.85
7,CCR,True,16.0,91.35999999999999
7,CCR,True,30.0,175.29999999999998
7,CCR,True,4.0,16.75
7,CCR,False,inf,0.0
7,CCR,False,inf,0.0
7,CCR,True,24.0,134.49
7,CCR,True,3.0,10.77
7,CCR,True,17.0,95.55
7,CCR,True,22.0,120.71000000000001
7,CCR,True,23.0,127.33
7,CCR,True,3.0,15.82
7,CCR,True,11.0,65.36999999999999
7,CCR,False,inf,0.0
7,CCR,False,inf,0.0
7,CCR,True,10.0,46.62
7,CCR,False,inf,0.0
7,CCR,True,5.0,33.11
7,CCR,True,27.0,156.97
7,CCR,True,27.0,142.05
7,CCR,True,32.0,184.65
7,CCR,False,inf,0.0
7,CCR,True,25.0,137.83
7,CCR,False,inf,0.0
7,CCR,False,inf,0.0
7,CCR,False,inf,0.0
7,CCR,False,inf,0.0
7,CCR,True,3.0,18.509999999999998
7,CCR,True,15.0,85.68999999999998
7,CCR,True,12.0,62.73
7,CCR,True,24.0,127.91
7,CCR,True,3.0,15.079999999999998
7,CCR,True,27.0,149.76999999999998
7,CCR,False,inf,0.0
7,CCR,False,inf,0.0
7,CCR,True,13.0,78.16
7,CCR,False,inf,0.0
7,CCR,True,18.0,87.6
7,CCR,False,inf,0.0
7,CCR,False,inf,0.0
7,CCR,True,24.0,124.77000000000001
7,CCR,True,22.0,142.41
7,CCR,True,19.0,91.71000000000001
7,CCR,True,5.0,19.68
7,CCR,False,inf,0.0
7,CCR,True,11.0,69.25
7,CCR,False,inf,0.0
7,CCR,False,inf,0.0
7,CCR,False,inf,0.0
7,CCR,False,inf,0.0
7,CCR,True,2.0,11.049999999999999
7,CCR,False,inf,0.0
7,CCR,True,24.0,121.52000000000001
7,CCR,False,inf,0.0
7,CCR,True,28.0,149.47
7,CCR,True,11.0,61.910000000000004
7,CCR,False,inf,0.0
7,CCR,False,inf,0.0
7,CCR,False,inf,0.0
7,CCR,True,8.0,41.779999999999994
7,CCR,False,inf,0.0
7,CCR,True,4.0,16.75
7,CCR,True,3.0,19.89
7,CCR,True,11.0,60.0
7,CCR,True,5.0,26.089999999999996
7,CCR,True,19.0,111.75
7,CCR,False,inf,0.0
7,CCR,True,2.0,10.780000000000001
7,CCR,True,27.0,140.98000000000002
7,CCR,False,inf,0.0
7,CCR,True,8.0,43.669999999999995
7,CCR,True,29.0,152.49
7,CCR,True,6.0,32.75
7,CCR,True,25.0,141.23
7,CCR,True,10.0,56.8
7,CCR,False,inf,0.0
7,CCR,True,25.0,132.42
7,CCR,True,17.0,89.29999999999998
7,CCR,True,35.0,187.89000000000001
7,CCR,True,20.0,107.01000000000002
7,CCR,True,15.0,84.94999999999999
7,CCR,True,3.0,15.11
7,CCR,False,inf,0.0
7,CCR,True,33.0,169.37
7,CCR,False,inf,0.0
7,CCR,True,14.0,68.57
7,CCR,False,inf,0.0
7,CCR,True,29.0,155.7
7,CCR,True,18.0,100.47
7,CCR,False,inf,0.0
7,CCR,False,inf,0.0
7,CCR,False,inf,0.0
7,CCR,True,22.0,106.96000000000002
7,CCR,False,inf,0.0
7,CCR,False,inf,0.0
7,CCR,True,21.0,114.84
7,CCR,True,9.0,41.489999999999995
7,CCR,True,19.0,105.89999999999999
7,CCR,True,1.0,9.6
7,CCR,True,10.0,58.75999999999999
7,CCR,True,15.0,85.22999999999999
7,CCR,True,21.0,113.46000000000001
7,CCR,True,21.0,114.43
7,CCR,False,inf,0.0
7,CCR,False,inf,0.0
7,CCR,True,20.0,100.32000000000001
7,CCR,True,16.0,90.41999999999999
7,CCR,False,inf,0.0
7,CCR,True,4.0,20.33
7,CCR,False,inf,0.0
7,CCR,True,18.0,89.08
7,CCR,True,34.0,186.54
7,CCR,True,27.0,147.69
7,CCR,False,inf,0.0
7,CCR,True,9.0,45.0
7,CCR,True,18.0,95.66999999999999
7,CCR,True,21.0,115.73
7,CCR,False,inf,0.0
7,CCR,True,24.0,134.39
7,CCR,True,11.0,58.61
7,CCR,True,28.0,152.02
7,CCR,True,5.0,25.13
7,CCR,True,7.0,31.15
7,CCR,True,9.0,45.07
7,CCR,False,inf,0.0
7,CCR,True,31.0,163.82999999999998
7,CCR,True,5.0,27.29
7,CCR,True,30.0,154.19000000000003
7,CCR,True,5.0,26.71
7,CCR,True,24.0,129.29000000000002
7,CCR,True,22.0,118.57000000000001
7,CCR,True,6.0,31.299999999999997
7,CCR,False,inf,0.0
7,CCR,True,6.0,26.82
7,CCR,True,3.0,10.39
7,CCR,False,inf,0.0
7,CCR,True,4.0,18.04
7,CCR,True,6.0,29.709999999999997
7,CCR,False,inf,0.0
7,CCR,True,11.0,60.66
7,CCR,True,27.0,140.54
7,CCR,False,inf,0.0
7,CCR,True,11.0,75.05999999999999
7,CCR,False,inf,0.0
7,CCR,True,15.0,91.17
7,CCR,False,inf,0.0
7,CCR,True,28.0,143.73000000000002
7,CCR,True,1.0,4.73
7,CCR,True,4.0,20.33
7,CCR,False,inf,0.0
7,CCR,True,7.0,27.64
7,CCR,True,38.0,206.65999999999997
7,CCR,True,20.0,104.61
7,CCR,True,2.0,12.0
7,CCR,True,14.0,86.99
7,CCR,True,31.0,162.62
7,CCR,True,22.0,125.63
7,CCR,True,26.0,146.67
7,CCR,False,inf,0.0
7,CCR,False,inf,0.0
7,CCR,True,9.0,48.739999999999995
7,CCR,False,inf,0.0
7,CCR,True,13.0,64.32
7,CCR,True,25.0,140.97
7,CCR,True,29.0,173.67999999999998
7,CCR,False,inf,0.0
7,CCR,True,22.0,123.09000000000002
7,CCR,True,28.0,156.20999999999998
7,CCR,True,11.0,66.38999999999999
7,CCR,True,16.0,83.85999999999999
7,CCR,True,18.0,98.29
7,CCR,True,6.0,30.889999999999997
7,CCR,True,35.0,194.09
7,CCR,True,1.0,4.73
7,CCR,True,2.0,15.44
7,CCR,False,inf,0.0
7,CCR,True,14.0,80.69999999999999
7,CCR,False,inf,0.0
7,CCR,False,inf,0.0
7,CCR,False,inf,0.0
7,CCR,True,9.0,42.8
7,CCR,False,inf,0.0
7,CCR,True,2.0,15.44
7,CCR,True,6.0,29.709999999999997
7,CCR,False,inf,0.0
7,CCR,True,2.0,7.81
7,CCR,True,7.0,39.57
7,CCR,False,inf,0.0
7,CCR,True,36.0,195.39000000000001
7,CCR,False,inf,0.0
7,CCR,True,4.0,18.04
7,CCR,True,17.0,90.78
7,CCR,True,4.0,21.54
7,CCR,True,8.0,44.54
7,CCR,True,12.0,71.11999999999999
7,CCR,False,inf,0.0
7,CCR,True,4.0,19.189999999999998
7,CCR,False,inf,0.0
7,CCR,True,17.0,99.17
7,CCR,True,6.0,21.869999999999997
7,CCR,False,inf,0.0
7,CCR,True,24.0,137.97
7,CCR,False,inf,0.0
7,CCR,True,35.0,187.89000000000001
7,CCR,True,12.0,74.64
7,CCR,False,inf,0.0
7,CCR,True,19.0,101.27999999999999
7,CCR,False,inf,0.0
7,CCR,False,inf,0.0
7,CCR,True,5.0,23.839999999999996
7,CCR,False,inf,0.0
7,CCR,True,6.0,33.11
7,CCR,True,12.0,72.25999999999999
7,CCR,True,10.0,58.32
7,CCR,True,33.0,169.37
7,CCR,True,17.0,82.92
7,CCR,False,inf,0.0
7,CCR,True,18.0,110.95
7,CCR,True,28.0,148.41
7,CCR,True,28.0,153.87
7,CCR,True,25.0,131.26000000000002
7,CCR,True,4.0,16.75
7,CCR,False,inf,0.0
7,CCR,True,18.0,93.97999999999999
7,CCR,False,inf,0.0
7,CCR,True,35.0,181.98
7,CCR,True,11.0,65.07
7,CCR,False,inf,0.0
7,CCR,True,2.0,12.07
7,CCR,True,2.0,13.42
7,CCR,True,27.0,139.27
7,CCR,False,inf,0.0
7,CCR,True,13.0,72.50999999999999
7,CCR,False,inf,0.0
7,CCR,False,inf,0.0
7,CCR,False,inf,0.0
7,CCR,True,27.0,140.54
7,CCR,True,17.0,84.19
7,CCR,True,5.0,30.659999999999997
7,CCR,False,inf,0.0
7,CCR,True,28.0,156.20999999999998
7,CCR,False,inf,0.0
7,CCR,True,10.0,56.8
7,CCR,True,6.0,23.07
7,CCR,False,inf,0.0
7,CCR,False,inf,0.0
7,CCR,False,inf,0.0
7,CCR,True,19.0,106.39
7,CCR,True,15.0,86.94999999999999
7,CCR,True,8.0,38.349999999999994
7,CCR,False,inf,0.0
7,CCR,True,8.0,41.25
7,CCR,True,18.0,89.08
7,CCR,False,inf,0.0
7,CCR,False,inf,0.0
7,CCR,True,24.0,137.97
7,CCR,False,inf,0.0
7,CCR,False,inf,0.0
7,CCR,False,inf,0.0
7,CCR,True,8.0,40.3
7,CCR,False,inf,0.0
7,CCR,False,inf,0.0
7,CCR,True,17.0,87.72999999999999
7,CCR,False,inf,0.0
7,CCR,True,27.0,147.67
7,CCR,False,inf,0.0
7,CCR,True,11.0,69.25
7,CCR,True,16.0,88.47999999999999
7,CCR,True,24.0,123.88000000000001
7,CCR,True,4.0,25.36
7,CCR,True,1.0,8.02
7,CCR,False,inf,0.0
7,CCR,True,24.0,123.88000000000001
7,CCR,False,inf,0.0
7,CCR,False,inf,0.0
7,CCR,False,inf,0.0
7,CCR,False,inf,0.0
7,CCR,False,inf,0.0
7,CCR,True,23.0,120.4
7,CCR,True,7.0,40.21
7,CCR,True,7.0,35.39
7,CCR,True,11.0,63.55999999999999
7,CCR,False,inf,0.0
7,CCR,True,10.0,51.96999999999999
7,CCR,True,4.0,25.02
7,CCR,False,inf,0.0
7,CCR,False,inf,0.0
7,CCR,True,8.0,40.3
7,CCR,True,13.0,68.97
7,CCR,True,13.0,71.21
7,CCR,False,inf,0.0
7,CCR,False,inf,0.0
7,CCR,True,17.0,98.67
7,CCR,False,inf,0.0
7,CCR,False,inf,0.0
7,CCR,False,inf,0.0
7,CCR,False,inf,0.0
7,CCR,True,3.0,17.759999999999998
7,CCR,True,24.0,132.83
7,CCR,False,inf,0.0
7,CCR,True,16.0,74.29
7,CCR,False,inf,0.0
7,CCR,True,27.0,142.60000000000002
7,CCR,True,25.0,140.97
7,CCR,False,inf,0.0
7,CCR,True,8.0,45.14999999999999
7,CCR,True,21.0,113.91
7,CCR,True,12.0,63.88
7,CCR,False,inf,0.0
7,CCR,True,26.0,144.4
7,CCR,False,inf,0.0
7,CCR,False,inf,0.0
7,CCR,False,inf,0.0
7,CCR,False,inf,0.0
7,CCR,False,inf,0.0
7,CCR,True,4.0,21.54
7,CCR,True,10.0,48.15
7,CCR,False,inf,0.0
7,CCR,False,inf,0.0
7,CCR,False,inf,0.0
7,CCR,True,5.0,31.090000000000003
7,CCR,False,inf,0.0
7,CCR,True,6.0,26.7
7,CCR,True,24.0,122.34
7,CCR,True,21.0,116.98
7,CCR,True,14.0,79.07999999999998
7,CCR,False,inf,0.0
7,CCR,True,12.0,58.510000000000005
7,CCR,False,inf,0.0
7,CCR,False,inf,0.0
7,CCR,True,19.0,100.74
7,CCR,False,inf,0.0
7,CCR,True,16.0,85.75999999999999
7,CCR,True,3.0,18.05
7,CCR,False,inf,0.0
7,CCR,True,12.0,73.46
7,CCR,True,8.0,39.72
7,CCR,True,8.0,44.54
7,CCR,True,15.0,91.17
7,CCR,True,12.0,76.88
7,CCR,False,inf,0.0
7,CCR,False,inf,0.0
7,CCR,True,7.0,36.519999999999996
7,CCR,True,4.0,15.45
7,CCR,True,17.0,109.36
7,CCR,True,26.0,139.6
7,CCR,True,10.0,48.309999999999995
7,CCR,True,3.0,17.759999999999998
7,CCR,True,10.0,48.309999999999995
7,CCR,False,inf,0.0
7,CCR,False,inf,0.0
7,CCR,True,12.0,66.15
7,CCR,True,23.0,134.31
7,CCR,True,19.0,106.42999999999999
7,CCR,True,12.0,66.15
7,CCR,True,1.0,8.39
7,CCR,False,inf,0.0
7,CCR,False,inf,0.0
7,CCR,True,27.0,157.67
7,CCR,True,9.0,48.16
7,CCR,True,9.0,48.980000000000004
7,CCR,False,inf,0.0
7,CCR,True,25.0,136.6
7,CCR,False,inf,0.0
7,CCR,True,20.0,108.58
7,CCR,True,11.0,64.38
7,CCR,True,14.0,87.74999999999999
7,CCR,True,8.0,36.68
7,CCR,True,3.0,15.8
7,CCR,True,18.0,97.75999999999999
7,CCR,True,13.0,73.57
7,CCR,False,inf,0.0
7,CCR,True,22.0,124.39000000000001
7,CCR,True,15.0,76.69
7,CCR,True,36.0,182.53
7,CCR,True,10.0,51.96999999999999
7,CCR,True,17.0,92.88999999999999
7,CCR,True,19.0,110.58
7,CCR,True,12.0,69.10999999999999
7,CCR,False,inf,0.0
7,CCR,True,34.0,198.34
7,CCR,True,11.0,63.519999999999996
7,CCR,False,inf,0.0
7,CCR,False,inf,0.0
7,CCR,True,8.0,36.779999999999994
7,CCR,True,2.0,13.98
7,CCR,False,inf,0.0
7,CCR,True,23.0,121.01000000000002
7,CCR,False,inf,0.0
7,CCR,False,inf,0.0
7,CCR,True,36.0,195.39000000000001
7,CCR,False,inf,0.0
7,CCR,True,11.0,64.63
7,CCR,True,31.0,158.72
7,CCR,False,inf,0.0
7,CCR,False,inf,0.0
7,CCR,False,inf,0.0
7,CCR,False,inf,0.0
7,CCR,True,2.0,10.86
7,CCR,True,1.0,5.42
7,CCR,True,9.0,46.39
7,CCR,True,22.0,111.18000000000002
7,CCR,False,inf,0.0
7,CCR,True,25.0,136.6
7,CCR,True,10.0,62.440000000000005
7,CCR,True,30.0,154.45000000000002
7,CCR,True,5.0,26.089999999999996
7,CCR,False,inf,0.0
7,CCR,True,9.0,45.0
7,CCR,True,20.0,108.33
7,CCR,False,inf,0.0
7,CCR,True,3.0,14.629999999999999
7,CCR,True,3.0,9.92
7,CCR,True,21.0,113.37
7,CCR,True,8.0,41.49999999999999
7,CCR,False,inf,0.0
7,CCR,True,7.0,37.169999999999995
7,CCR,True,24.0,143.17999999999998
7,CCR,True,24.0,131.84
7,CCR,False,inf,0.0
7,CCR,False,inf,0.0
7,CCR,False,inf,0.0
7,CCR,False,inf,0.0
7,CCR,True,23.0,124.68000000000002
7,CCR,False,inf,0.0
7,CCR,True,2.0,12.0
7,CCR,True,26.0,141.63
7,CCR,True,14.0,79.07999999999998
7,CCR,True,4.0,12.74
7,CCR,True,9.0,48.16
7,CCR,True,19.0,106.51
7,CCR,False,inf,0.0
7,CCR,False,inf,0.0
7,CCR,True,11.0,66.8
7,CCR,False,inf,0.0
7,CCR,True,4.0,22.619999999999997
7,CCR,False,inf,0.0
7,CCR,True,27.0,149.76999999999998
7,CCR,True,13.0,82.35
7,CCR,True,8.0,33.24
7,CCR,True,27.0,145.3
7,CCR,False,inf,0.0
7,CCR,True,16.0,81.37
7,CCR,False,inf,0.0
7,CCR,True,17.0,94.44999999999999
7,CCR,True,17.0,92.19999999999999
7,CCR,True,25.0,135.63
7,CCR,True,20.0,100.95
7,CCR,True,7.0,27.64
7,CCR,True,12.0,71.35999999999999
7,CCR,True,11.0,60.66
7,CCR,False,inf,0.0
7,CCR,True,12.0,71.83999999999999
7,CCR,False,inf,0.0
7,CCR,False,inf,0.0
7,CCR,False,inf,0.0
7,CCR,False,inf,0.0
7,CCR,False,inf,0.0
7,CCR,False,inf,0.0
7,CCR,True,32.0,169.10999999999999
7,CCR,False,inf,0.0
7,CCR,True,5.0,28.8
7,CCR,False,inf,0.0
7,CCR,True,24.0,129.29000000000002
7,CCR,True,23.0,127.33
7,CCR,True,29.0,173.67999999999998
7,CCR,True,16.0,96.54
7,CCR,False,inf,0.0
7,CCR,True,3.0,16.06
7,CCR,True,5.0,32.29
7,CCR,True,6.0,23.07
7,CCR,False,inf,0.0
7,CCR,True,3.0,13.51
7,CCR,False,inf,0.0
7,CCR,False,inf,0.0
7,CCR,True,24.0,129.91000000000003
7,CCR,True,24.0,132.09
7,CCR,False,inf,0.0
7,CCR,True,4.0,27.16
7,CCR,True,8.0,31.97
7,CCR,False,inf,0.0
7,CCR,False,inf,0.0
7,CCR,False,inf,0.0
7,CCR,False,inf,0.0
7,CCR,True,10.0,51.96999999999999
7,CCR,False,inf,0.0
7,CCR,False,inf,0.0
7,CCR,True,19.0,101.8
7,CCR,False,inf,0.0
7,CCR,True,18.0,96.87999999999998
7,CCR,False,inf,0.0
7,CCR,False,inf,0.0
7,CCR,False,inf,0.0
7,CCR,True,21.0,115.57000000000001
7,CCR,True,3.0,16.93
7,CCR,False,inf,0.0
7,CCR,True,19.0,107.84
7,CCR,True,22.0,110.14000000000001
7,CCR,False,inf,0.0
7,CCR,False,inf,0.0
7,CCR,True,26.0,140.1
7,CCR,True,2.0,10.780000000000001
7,CCR,True,27.0,150.95999999999998
7,CCR,True,10.0,52.49
7,CCR,False,inf,0.0
7,CCR,False,inf,0.0
7,CCR,True,13.0,80.33
7,CCR,True,16.0,88.47999999999999
7,CCR,True,14.0,86.1
7,CCR,True,11.0,59.91
7,CCR,False,inf,0.0
7,CCR,False,inf,0.0
7,CCR,False,inf,0.0
7,CCR,False,inf,0.0
7,CCR,True,27.0,157.67
7,CCR,True,39.0,217.12
7,CCR,True,21.0,120.47000000000001
7,CCR,True,19.0,108.53
7,CCR,False,inf,0.0
7,CCR,False,inf,0.0
7,CCR,False,inf,0.0
7,CCR,True,12.0,69.11999999999999
7,CCR,False,inf,0.0
7,CCR,True,33.0,166.04
7,CCR,True,28.0,154.1
7,CCR,False,inf,0.0
7,CCR,True,20.0,113.76
7,CCR,False,inf,0.0
7,CCR,True,12.0,75.03999999999999
7,CCR,False,inf,0.0
7,CCR,True,17.0,82.92
7,CCR,False,inf,0.0
7,CCR,True,36.0,195.39000000000001
7,CCR,True,17.0,78.7
7,CCR,True,2.0,8.91
7,CCR,False,inf,0.0
7,CCR,True,25.0,143.23999999999998
7,CCR,False,inf,0.0
7,CCR,True,6.0,27.93
7,CCR,True,7.0,32.54
7,CCR,True,26.0,142.10000000000002
7,CCR,True,6.0,26.56
7,CCR,True,1.0,5.72
7,CCR,True,16.0,88.47999999999999
7,CCR,False,inf,0.0
7,CCR,True,3.0,16.06
7,CCR,True,8.0,36.68
7,CCR,False,inf,0.0
7,CCR,False,inf,0.0
7,CCR,True,15.0,83.16999999999999
7,CCR,False,inf,0.0
7,CCR,True,26.0,135.45000000000002
7,CCR,False,inf,0.0
7,CCR,True,24.0,121.52000000000001
7,CCR,True,26.0,132.42000000000002
7,CCR,False,inf,0.0
7,CCR,True,27.0,155.93
7,CCR,True,40.0,225.83
7,CCR,False,inf,0.0
7,CCR,True,12.0,66.24
7,CCR,False,inf,0.0
7,CCR,False,inf,0.0
7,CCR,True,27.0,140.95999999999998
7,CCR,True,18.0,99.67999999999999
7,CCR,False,inf,0.0
7,CCR,True,24.0,141.15999999999997
7,CCR,True,24.0,118.34000000000003
7,CCR,True,28.0,153.41
7,CCR,False,inf,0.0
7,CCR,False,inf,0.0
7,CCR,True,28.0,145.09
7,CCR,True,18.0,103.07
7,CCR,False,inf,0.0
7,CCR,True,9.0,51.169999999999995
7,CCR,False,inf,0.0
7,CCR,True,6.0,23.07
7,CCR,False,inf,0.0
7,CCR,True,11.0,65.09
7,CCR,True,28.0,152.02
7,CCR,True,26.0,138.22
7,CCR,False,inf,0.0
7,CCR,True,9.0,39.709999999999994
7,CCR,True,13.0,73.25999999999999
7,CCR,True,7.0,48.85
7,CCR,False,inf,0.0
7,CCR,True,28.0,148.41
7,CCR,False,inf,0.0
7,CCR,False,inf,0.0
7,CCR,True,17.0,94.17999999999999
7,CCR,True,8.0,46.470000000000006
7,CCR,False,inf,0.0
7,CCR,True,33.0,166.04
7,CCR,True,2.0,12.03
7,CCR,True,21.0,109.83000000000001
7,CCR,True,2.0,17.05
7,CCR,True,23.0,126.45000000000002
7,CCR,False,inf,0.0
7,CCR,False,inf,0.0
7,CCR,True,1.0,2.35
7,CCR,True,15.0,87.33
7,CCR,False,inf,0.0
7,CCR,True,9.0,44.14
7,CCR,True,20.0,103.86
7,CCR,False,inf,0.0
13,BCR,True,23.0,139.07999999999998
13,BCR,False,inf,0.0
13,BCR,False,inf,0.0
13,BCR,False,inf,0.0
13,BCR,True,26.0,157.29999999999995
13,BCR,True,7.0,28.83
13,BCR,True,10.0,44.480000000000004
13,BCR,False,inf,0.0
13,BCR,False,inf,0.0
13,BCR,True,24.0,139.04999999999998
13,BCR,True,4.0,13.33
13,BCR,False,inf,0.0
13,BCR,True,26.0,147.68
13,BCR,False,inf,0.0
13,BCR,True,25.0,129.08999999999997
13,BCR,True,26.0,152.32999999999996
13,BCR,True,23.0,131.7
13,BCR,False,inf,0.0
13,BCR,False,inf,0.0
13,BCR,False,inf,0.0
13,BCR,True,18.0,112.07999999999997
13,BCR,False,inf,0.0
13,BCR,False,inf,0.0
13,BCR,False,inf,0.0
13,BCR,False,inf,0.0
13,BCR,False,inf,0.0
13,BCR,True,5.0,28.740000000000002
13,BCR,False,inf,0.0
13,BCR,True,12.0,58.849999999999994
13,BCR,True,5.0,19.200000000000003
13,BCR,False,inf,0.0
13,BCR,True,15.0,69.8
13,BCR,False,inf,0.0
13,BCR,False,inf,0.0
13,BCR,False,inf,0.0
13,BCR,True,22.0,128.29999999999998
13,BCR,False,inf,0.0
13,BCR,True,1.0,2.45
13,BCR,True,30.0,167.78999999999996
13,BCR,False,inf,0.0
13,BCR,True,16.0,99.09999999999998
13,BCR,False,inf,0.0
13,BCR,True,10.0,52.0
13,BCR,True,15.0,80.27
13,BCR,True,4.0,16.29
13,BCR,True,8.0,32.51
13,BCR,False,inf,0.0
13,BCR,True,19.0,119.90999999999997
13,BCR,False,inf,0.0
13,BCR,True,13.0,71.72000000000001
13,BCR,False,inf,0.0
13,BCR,True,1.0,2.83
13,BCR,True,13.0,67.5
13,BCR,False,inf,0.0
13,BCR,True,32.0,180.89
13,BCR,False,inf,0.0
13,BCR,True,20.0,113.47999999999998
13,BCR,False,inf,0.0
13,BCR,False,inf,0.0
13,BCR,True,3.0,7.68
13,BCR,True,6.0,31.43
13,BCR,True,10.0,43.13
13,BCR,True,1.0,8.56
13,BCR,True,5.0,23.57
13,BCR,True,9.0,35.17
13,BCR,True,4.0,22.66
13,BCR,True,1.0,3.1
13,BCR,True,21.0,126.82999999999998
13,BCR,True,20.0,107.18999999999998
13,BCR,False,inf,0.0
13,BCR,False,inf,0.0
13,BCR,False,inf,0.0
13,BCR,True,11.0,60.05
13,BCR,False,inf,0.0
13,BCR,True,9.0,36.25
13,BCR,True,1.0,5.92
13,BCR,True,27.0,163.16999999999996
13,BCR,True,30.0,171.55999999999995
13,BCR,True,9.0,38.18
13,BCR,True,8.0,37.44
13,BCR,True,23.0,132.07999999999998
13,BCR,False,inf,0.0
13,BCR,True,12.0,70.07
13,BCR,True,28.0,158.86999999999998
13,BCR,False,inf,0.0
13,BCR,False,inf,0.0
13,BCR,False,inf,0.0
13,BCR,True,13.0,67.43
13,BCR,True,2.0,6.32
13,BCR,False,inf,0.0
13,BCR,True,25.0,142.01000000000002
13,BCR,True,6.0,28.64
13,BCR,True,2.0,8.23
13,BCR,True,25.0,152.53999999999996
13,BCR,True,10.0,46.9
13,BCR,True,11.0,61.72
13,BCR,True,17.0,95.77999999999999
13,BCR,True,25.0,133.45999999999998
13,BCR,False,inf,0.0
13,BCR,True,10.0,52.849999999999994
13,BCR,True,7.0,27.15
13,BCR,False,inf,0.0
13,BCR,False,inf,0.0
13,BCR,True,20.0,111.8
13,BCR,False,inf,0.0
13,BCR,False,inf,0.0
13,BCR,True,16.0,91.03999999999999
13,BCR,True,29.0,166.64999999999998
13,BCR,False,inf,0.0
13,BCR,False,inf,0.0
13,BCR,True,19.0,112.52999999999997
13,BCR,True,10.0,48.769999999999996
13,BCR,False,inf,0.0
13,BCR,False,inf,0.0
13,BCR,False,inf,0.0
13,BCR,False,inf,0.0
13,BCR,False,inf,0.0
13,BCR,True,17.0,97.08999999999997
13,BCR,True,3.0,14.39
13,BCR,False,inf,0.0
13,BCR,True,15.0,72.78000000000002
13,BCR,False,inf,0.0
13,BCR,True,26.0,150.82
13,BCR,True,2.0,5.550000000000001
13,BCR,False,inf,0.0
13,BCR,True,19.0,101.88999999999999
13,BCR,True,19.0,104.68999999999998
13,BCR,True,11.0,55.67999999999999
13,BCR,True,9.0,44.43
13,BCR,False,inf,0.0
13,BCR,False,inf,0.0
13,BCR,False,inf,0.0
13,BCR,False,inf,0.0
13,BCR,False,inf,0.0
13,BCR,True,20.0,106.35999999999997
13,BCR,False,inf,0.0
13,BCR,True,23.0,123.64
13,BCR,False,inf,0.0
13,BCR,False,inf,0.0
13,BCR,True,7.0,31.179999999999996
13,BCR,True,21.0,120.84999999999998
13,BCR,False,inf,0.0
13,BCR,True,11.0,61.78
13,BCR,False,inf,0.0
13,BCR,False,inf,0.0
13,BCR,False,inf,0.0
13,BCR,False,inf,0.0
13,BCR,True,1.0,8.61
13,BCR,True,11.0,56.48
13,BCR,False,inf,0.0
13,BCR,True,15.0,72.78000000000002
13,BCR,False,inf,0.0
13,BCR,False,inf,0.0
13,BCR,True,22.0,125.57
13,BCR,True,17.0,88.26999999999998
13,BCR,False,inf,0.0
13,BCR,True,23.0,135.70999999999998
13,BCR,True,12.0,65.0
13,BCR,True,17.0,107.72999999999998
13,BCR,True,6.0,22.860000000000003
13,BCR,False,inf,0.0
13,BCR,False,inf,0.0
13,BCR,True,11.0,51.93999999999999
13,BCR,True,16.0,81.9
13,BCR,False,inf,0.0
13,BCR,False,inf,0.0
13,BCR,True,11.0,53.34
13,BCR,True,7.0,37.15
13,BCR,False,inf,0.0
13,BCR,True,20.0,111.23999999999998
13,BCR,True,1.0,3.29
13,BCR,True,4.0,18.020000000000003
13,BCR,False,inf,0.0
13,BCR,True,16.0,99.99999999999999
13,BCR,False,inf,0.0
13,BCR,False,inf,0.0
13,BCR,True,3.0,7.68
13,BCR,False,inf,0.0
13,BCR,True,14.0,83.97
13,BCR,False,inf,0.0
13,BCR,True,23.0,130.60999999999999
13,BCR,False,inf,0.0
13,BCR,True,20.0,119.76999999999998
13,BCR,False,inf,0.0
13,BCR,False,inf,0.0
13,BCR,True,29.0,171.28999999999996
13,BCR,True,20.0,106.57999999999997
13,BCR,True,26.0,151.23
13,BCR,True,6.0,30.970000000000002
13,BCR,False,inf,0.0
13,BCR,True,16.0,91.16999999999999
13,BCR,False,inf,0.0
13,BCR,False,inf,0.0
13,BCR,False,inf,0.0
13,BCR,False,inf,0.0
13,BCR,False,inf,0.0
13,BCR,True,11.0,53.040000000000006
13,BCR,True,4.0,18.119999999999997
13,BCR,False,inf,0.0
13,BCR,True,20.0,114.31999999999998
13,BCR,False,inf,0.0
13,BCR,True,6.0,28.27
13,BCR,True,5.0,16.93
13,BCR,True,10.0,40.0
13,BCR,True,28.0,167.68999999999994
13,BCR,True,12.0,66.21000000000001
13,BCR,False,inf,0.0
13,BCR,False,inf,0.0
13,BCR,False,inf,0.0
13,BCR,True,14.0,86.89999999999999
13,BCR,True,16.0,91.16999999999999
13,BCR,True,23.0,124.03999999999998
13,BCR,True,12.0,64.77000000000001
13,BCR,True,30.0,160.66
13,BCR,False,inf,0.0
13,BCR,False,inf,0.0
13,BCR,True,3.0,12.32
13,BCR,True,14.0,73.99000000000001
13,BCR,False,inf,0.0
13,BCR,True,17.0,92.17999999999999
13,BCR,True,16.0,80.10999999999999
13,BCR,True,19.0,110.74999999999997
13,BCR,True,26.0,138.23999999999998
13,BCR,True,7.0,31.53
13,BCR,True,4.0,17.73
13,BCR,False,inf,0.0
13,BCR,True,21.0,130.33999999999997
13,BCR,False,inf,0.0
13,BCR,True,13.0,64.96000000000001
13,BCR,True,13.0,64.51
13,BCR,True,21.0,122.10999999999999
13,BCR,False,inf,0.0
13,BCR,True,6.0,18.28
13,BCR,True,15.0,90.07
13,BCR,False,inf,0.0
13,BCR,True,20.0,113.78999999999998
13,BCR,True,5.0,26.04
13,BCR,True,6.0,29.020000000000003
13,BCR,True,30.0,177.82999999999998
13,BCR,True,29.0,171.28999999999996
13,BCR,False,inf,0.0
13,BCR,True,5.0,22.67
13,BCR,True,12.0,68.55
13,BCR,True,17.0,107.72999999999998
13,BCR,False,inf,0.0
13,BCR,False,inf,0.0
13,BCR,True,27.0,160.18999999999994
13,BCR,False,inf,0.0
13,BCR,True,18.0,97.86999999999999
13,BCR,True,2.0,4.84
13,BCR,True,14.0,74.47
13,BCR,True,27.0,141.98999999999998
13,BCR,False,inf,0.0
13,BCR,False,inf,0.0
13,BCR,False,inf,0.0
13,BCR,True,23.0,121.04999999999997
13,BCR,True,2.0,12.16
13,BCR,True,7.0,27.35
13,BCR,False,inf,0.0
13,BCR,True,19.0,106.15999999999998
13,BCR,True,2.0,4.76
13,BCR,False,inf,0.0
13,BCR,False,inf,0.0
13,BCR,True,19.0,110.74999999999997
13,BCR,False,inf,0.0
13,BCR,True,23.0,136.60999999999996
13,BCR,False,inf,0.0
13,BCR,True,2.0,9.42
13,BCR,False,inf,0.0
13,BCR,False,inf,0.0
13,BCR,True,10.0,44.06999999999999
13,BCR,True,6.0,23.67
13,BCR,False,inf,0.0
13,BCR,True,18.0,109.74999999999997
13,BCR,False,inf,0.0
13,BCR,True,9.0,48.58
13,BCR,False,inf,0.0
13,BCR,True,11.0,51.11
13,BCR,True,6.0,27.799999999999997
13,BCR,False,inf,0.0
13,BCR,False,inf,0.0
13,BCR,True,20.0,120.52999999999997
13,BCR,True,25.0,138.38999999999996
13,BCR,False,inf,0.0
13,BCR,True,31.0,180.61999999999998
13,BCR,True,4.0,14.13
13,BCR,False,inf,0.0
13,BCR,False,inf,0.0
13,BCR,False,inf,0.0
13,BCR,False,inf,0.0
13,BCR,False,inf,0.0
13,BCR,False,inf,0.0
13,BCR,False,inf,0.0
13,BCR,False,inf,0.0
13,BCR,False,inf,0.0
13,BCR,True,12.0,57.010000000000005
13,BCR,False,inf,0.0
13,BCR,True,3.0,16.86
13,BCR,True,7.0,33.73
13,BCR,True,14.0,68.14999999999999
13,BCR,False,inf,0.0
13,BCR,False,inf,0.0
13,BCR,False,inf,0.0
13,BCR,True,28.0,138.86999999999998
13,BCR,True,23.0,125.01999999999997
13,BCR,False,inf,0.0
13,BCR,True,8.0,29.81
13,BCR,False,inf,0.0
13,BCR,False,inf,0.0
13,BCR,False,inf,0.0
13,BCR,True,5.0,15.36
13,BCR,False,inf,0.0
13,BCR,True,20.0,102.60999999999999
13,BCR,True,1.0,7.12
13,BCR,False,inf,0.0
13,BCR,True,14.0,85.85
13,BCR,False,inf,0.0
13,BCR,True,13.0,65.88
13,BCR,True,1.0,9.5
13,BCR,False,inf,0.0
13,BCR,False,inf,0.0
13,BCR,True,11.0,53.040000000000006
13,BCR,False,inf,0.0
13,BCR,True,12.0,67.7
13,BCR,False,inf,0.0
13,BCR,True,28.0,150.2
13,BCR,False,inf,0.0
13,BCR,False,inf,0.0
13,BCR,True,1.0,3.29
13,BCR,True,14.0,82.22
13,BCR,False,inf,0.0
13,BCR,True,3.0,11.41
13,BCR,True,11.0,60.8
13,BCR,True,16.0,91.47999999999999
13,BCR,True,23.0,131.7
13,BCR,True,2.0,4.71
13,BCR,False,inf,0.0
13,BCR,False,inf,0.0
13,BCR,True,12.0,68.0
13,BCR,True,9.0,43.339999999999996
13,BCR,True,9.0,40.90999999999999
13,BCR,True,9.0,43.349999999999994
13,BCR,True,15.0,76.71000000000001
13,BCR,True,15.0,91.04999999999998
13,BCR,False,inf,0.0
13,BCR,False,inf,0.0
13,BCR,True,5.0,20.009999999999998
13,BCR,False,inf,0.0
13,BCR,True,22.0,123.37999999999998
13,BCR,True,16.0,94.18999999999998
13,BCR,True,29.0,154.21999999999997
13,BCR,True,5.0,22.57
13,BCR,False,inf,0.0
13,BCR,True,17.0,99.28999999999998
13,BCR,False,inf,0.0
13,BCR,True,2.0,10.86
13,BCR,True,17.0,85.32
13,BCR,True,11.0,48.79
13,BCR,False,inf,0.0
13,BCR,True,6.0,27.799999999999997
13,BCR,False,inf,0.0
13,BCR,True,19.0,105.31999999999998
13,BCR,True,9.0,36.97
13,BCR,True,6.0,25.799999999999997
13,BCR,False,inf,0.0
13,BCR,True,2.0,11.169999999999998
13,BCR,True,2.0,9.42
13,BCR,True,5.0,25.35
13,BCR,True,31.0,176.24999999999997
13,BCR,True,26.0,131.37999999999997
13,BCR,False,inf,0.0
13,BCR,True,22.0,129.27
13,BCR,False,inf,0.0
13,BCR,False,inf,0.0
13,BCR,True,4.0,19.17
13,BCR,False,inf,0.0
13,BCR,False,inf,0.0
13,BCR,True,6.0,31.41
13,BCR,False,inf,0.0
13,BCR,True,17.0,90.96999999999998
13,BCR,True,3.0,18.03
13,BCR,True,13.0,78.94999999999999
13,BCR,True,24.0,130.58999999999997
13,BCR,True,4.0,16.0
13,BCR,False,inf,0.0
13,BCR,True,23.0,137.38
13,BCR,True,7.0,27.15
13,BCR,False,inf,0.0
13,BCR,True,21.0,114.34999999999998
13,BCR,False,inf,0.0
13,BCR,False,inf,0.0
13,BCR,False,inf,0.0
13,BCR,True,23.0,134.61999999999998
13,BCR,True,12.0,68.63
13,BCR,True,9.0,38.18
13,BCR,True,1.0,8.87
13,BCR,True,14.0,77.46
13,BCR,True,3.0,11.65
13,BCR,False,inf,0.0
13,BCR,True,6.0,24.189999999999998
13,BCR,True,17.0,100.59999999999998
13,BCR,True,27.0,156.54999999999998
13,BCR,False,inf,0.0
13,BCR,True,18.0,97.86999999999999
13,BCR,True,3.0,8.13
13,BCR,False,inf,0.0
13,BCR,False,inf,0.0
13,BCR,True,5.0,15.45
13,BCR,False,inf,0.0
13,BCR,True,22.0,131.97
13,BCR,False,inf,0.0
13,BCR,False,inf,0.0
13,BCR,True,7.0,27.09
13,BCR,True,14.0,71.37
13,BCR,False,inf,0.0
13,BCR,True,16.0,91.71
13,BCR,False,inf,0.0
13,BCR,True,26.0,144.06
13,BCR,True,8.0,30.369999999999997
13,BCR,False,inf,0.0
13,BCR,False,inf,0.0
13,BCR,True,9.0,39.019999999999996
13,BCR,True,13.0,65.88
13,BCR,True,7.0,40.28
13,BCR,True,10.0,56.53
13,BCR,True,32.0,189.79999999999993
13,BCR,False,inf,0.0
13,BCR,True,14.0,88.00999999999998
13,BCR,False,inf,0.0
13,BCR,True,18.0,102.86999999999998
13,BCR,True,30.0,174.57999999999998
13,BCR,False,inf,0.0
13,BCR,False,inf,0.0
13,BCR,False,inf,0.0
13,BCR,False,inf,0.0
13,BCR,True,21.0,109.07999999999998
13,BCR,False,inf,0.0
13,BCR,True,19.0,108.45999999999997
13,BCR,False,inf,0.0
13,BCR,True,18.0,97.53999999999999
13,BCR,True,24.0,130.88999999999996
13,BCR,False,inf,0.0
13,BCR,False,inf,0.0
13,BCR,True,20.0,106.35999999999997
13,BCR,False,inf,0.0
13,BCR,True,20.0,119.49999999999997
13,BCR,True,19.0,112.53999999999998
13,BCR,True,15.0,91.04999999999998
13,BCR,False,inf,0.0
13,BCR,False,inf,0.0
13,BCR,True,18.0,98.04999999999998
13,BCR,False,inf,0.0
13,BCR,True,10.0,57.81
13,BCR,True,4.0,15.9
13,BCR,False,inf,0.0
13,BCR,False,inf,0.0
13,BCR,False,inf,0.0
13,BCR,False,inf,0.0
13,BCR,True,12.0,75.64999999999999
13,BCR,False,inf,0.0
13,BCR,False,inf,0.0
13,BCR,True,23.0,139.07999999999998
13,BCR,True,11.0,50.1
13,BCR,False,inf,0.0
13,BCR,False,inf,0.0
13,BCR,False,inf,0.0
13,BCR,False,inf,0.0
13,BCR,True,6.0,18.169999999999998
13,BCR,True,5.0,22.270000000000003
13,BCR,True,16.0,95.78999999999999
13,BCR,True,15.0,83.86
13,BCR,True,28.0,147.76999999999998
13,BCR,True,15.0,91.14999999999998
13,BCR,True,29.0,154.38
13,BCR,True,25.0,126.31999999999998
13,BCR,False,inf,0.0
13,BCR,False,inf,0.0
13,BCR,False,inf,0.0
13,BCR,True,18.0,102.51999999999998
13,BCR,False,inf,0.0
13,BCR,False,inf,0.0
13,BCR,True,12.0,70.07
13,BCR,True,27.0,157.84
13,BCR,False,inf,0.0
13,BCR,True,18.0,104.94999999999999
13,BCR,True,3.0,12.32
13,BCR,True,28.0,164.9
13,BCR,False,inf,0.0
13,BCR,False,inf,0.0
13,BCR,True,16.0,101.44999999999999
13,BCR,False,inf,0.0
13,BCR,True,24.0,139.10999999999999
13,BCR,True,30.0,146.32999999999998
13,BCR,True,25.0,146.85999999999996
13,BCR,True,21.0,121.11999999999998
13,BCR,False,inf,0.0
13,BCR,True,22.0,127.66000000000001
13,BCR,True,22.0,129.37999999999997
13,BCR,False,inf,0.0
13,BCR,True,14.0,71.30000000000001
13,BCR,True,16.0,88.11999999999999
13,BCR,True,5.0,19.32
13,BCR,False,inf,0.0
13,BCR,True,7.0,27.22
13,BCR,True,4.0,19.77
13,BCR,True,30.0,147.89999999999998
13,BCR,False,inf,0.0
13,BCR,True,21.0,115.72
13,BCR,False,inf,0.0
13,BCR,False,inf,0.0
13,BCR,False,inf,0.0
13,BCR,True,3.0,8.13
13,BCR,True,1.0,3.02
13,BCR,False,inf,0.0
13,BCR,False,inf,0.0
13,BCR,True,10.0,40.84
13,BCR,False,inf,0.0
13,BCR,False,inf,0.0
13,BCR,False,inf,0.0
13,BCR,False,inf,0.0
13,BCR,False,inf,0.0
13,BCR,True,18.0,94.92999999999999
13,BCR,False,inf,0.0
13,BCR,True,10.0,47.71
13,BCR,False,inf,0.0
13,BCR,True,1.0,3.21
13,BCR,False,inf,0.0
13,BCR,False,inf,0.0
13,BCR,False,inf,0.0
13,BCR,False,inf,0.0
13,BCR,False,inf,0.0
13,BCR,False,inf,0.0
13,BCR,True,18.0,97.86999999999999
13,BCR,True,4.0,13.33
13,BCR,True,16.0,99.72999999999998
13,BCR,False,inf,0.0
13,BCR,False,inf,0.0
13,BCR,True,29.0,177.32999999999998
13,BCR,True,29.0,155.35999999999999
13,BCR,True,29.0,162.46999999999997
13,BCR,True,3.0,11.65
13,BCR,False,inf,0.0
13,BCR,False,inf,0.0
13,BCR,False,inf,0.0
13,BCR,True,9.0,36.03
13,BCR,True,20.0,103.27999999999999
13,BCR,True,22.0,130.23
13,BCR,False,inf,0.0
13,BCR,True,29.0,174.6
13,BCR,True,23.0,124.38
13,BCR,True,12.0,56.17
13,BCR,False,inf,0.0
13,BCR,True,5.0,21.72
13,BCR,True,11.0,60.05
13,BCR,False,inf,0.0
13,BCR,False,inf,0.0
13,BCR,False,inf,0.0
13,BCR,False,inf,0.0
13,BCR,True,11.0,66.38
13,BCR,True,7.0,31.470000000000002
13,BCR,True,6.0,20.87
13,BCR,True,28.0,158.86999999999998
13,BCR,True,23.0,137.27999999999997
13,BCR,True,1.0,6.51
13,BCR,True,1.0,2.3
13,BCR,True,22.0,123.37999999999998
13,BCR,True,18.0,101.32
13,BCR,True,31.0,151.37999999999997
13,BCR,False,inf,0.0
13,BCR,True,31.0,179.14999999999998
13,BCR,True,6.0,31.43
13,BCR,False,inf,0.0
13,BCR,True,7.0,31.52
13,BCR,True,27.0,153.16
13,BCR,True,13.0,65.2
13,BCR,True,14.0,73.01000000000002
13,BCR,True,19.0,108.45999999999997
13,BCR,False,inf,0.0
13,BCR,False,inf,0.0
13,BCR,True,14.0,71.66000000000001
13,BCR,True,14.0,84.92
13,BCR,False,inf,0.0
13,BCR,True,17.0,100.58999999999999
13,BCR,True,30.0,149.16
13,BCR,True,19.0,104.68999999999998
13,BCR,False,inf,0.0
13,BCR,True,24.0,134.43999999999997
13,BCR,True,3.0,12.32
13,BCR,False,inf,0.0
13,BCR,False,inf,0.0
13,BCR,True,11.0,53.040000000000006
13,BCR,False,inf,0.0
13,BCR,True,11.0,66.17999999999999
13,BCR,True,31.0,164.18
13,BCR,True,11.0,61.78
13,BCR,False,inf,0.0
13,BCR,True,10.0,53.13999999999999
13,BCR,True,23.0,124.38
13,BCR,True,18.0,103.43999999999998
13,BCR,True,17.0,85.25
13,BCR,False,inf,0.0
13,BCR,True,27.0,153.39999999999998
13,BCR,True,24.0,142.21999999999997
13,BCR,True,10.0,51.34
13,BCR,False,inf,0.0
13,BCR,True,28.0,150.2
13,BCR,True,24.0,133.39999999999998
13,BCR,True,30.0,153.65999999999997
13,BCR,False,inf,0.0
13,BCR,True,7.0,27.22
13,BCR,True,9.0,38.31999999999999
13,BCR,True,4.0,16.0
13,BCR,True,5.0,28.38
13,BCR,False,inf,0.0
13,BCR,False,inf,0.0
13,BCR,False,inf,0.0
13,BCR,False,inf,0.0
13,BCR,True,21.0,118.07
13,BCR,True,22.0,129.83999999999997
13,BCR,True,27.0,161.81
13,BCR,True,31.0,180.61999999999998
13,BCR,True,3.0,14.129999999999999
13,BCR,True,25.0,142.90999999999997
13,BCR,False,inf,0.0
13,BCR,False,inf,0.0
13,BCR,False,inf,0.0
13,BCR,True,6.0,20.94
13,BCR,False,inf,0.0
13,BCR,False,inf,0.0
13,BCR,False,inf,0.0
13,BCR,True,2.0,15.309999999999999
13,BCR,True,7.0,25.41
13,BCR,True,26.0,154.14999999999998
13,BCR,False,inf,0.0
13,BCR,True,15.0,83.86
13,BCR,True,25.0,147.70999999999998
13,BCR,True,20.0,117.97999999999998
13,BCR,False,inf,0.0
13,BCR,False,inf,0.0
13,BCR,False,inf,0.0
13,BCR,False,inf,0.0
13,BCR,False,inf,0.0
13,BCR,True,13.0,64.29
13,BCR,True,30.0,158.59999999999997
13,BCR,True,17.0,106.39999999999998
13,BCR,False,inf,0.0
13,BCR,True,20.0,113.26999999999998
13,BCR,True,26.0,144.95999999999998
13,BCR,True,7.0,29.48
13,BCR,False,inf,0.0
13,BCR,True,2.0,9.42
13,BCR,True,2.0,9.42
13,BCR,True,32.0,181.03999999999996
13,BCR,True,16.0,99.64999999999998
13,BCR,False,inf,0.0
13,BCR,True,32.0,164.54999999999995
13,BCR,True,9.0,44.43
13,BCR,True,26.0,151.08999999999995
13,BCR,True,18.0,93.1
13,BCR,True,22.0,122.08999999999999
13,BCR,True,23.0,123.64
13,BCR,True,13.0,78.85
13,BCR,True,26.0,138.72999999999996
13,BCR,True,25.0,151.83999999999997
13,BCR,True,4.0,16.979999999999997
13,BCR,False,inf,0.0
13,BCR,False,inf,0.0
13,BCR,True,25.0,138.38999999999996
13,BCR,False,inf,0.0
13,BCR,True,20.0,101.34999999999998
13,BCR,False,inf,0.0
13,BCR,True,9.0,48.959999999999994
13,BCR,False,inf,0.0
13,BCR,True,27.0,141.98999999999998
13,BCR,False,inf,0.0
13,BCR,True,22.0,127.77999999999999
13,BCR,False,inf,0.0
13,BCR,False,inf,0.0
13,BCR,False,inf,0.0
13,BCR,True,22.0,127.21999999999998
13,BCR,True,27.0,156.95999999999995
13,BCR,False,inf,0.0
13,BCR,False,inf,0.0
13,BCR,True,26.0,134.66999999999996
13,BCR,True,6.0,28.5
13,BCR,True,4.0,18.67
13,BCR,False,inf,0.0
13,BCR,False,inf,0.0
13,BCR,False,inf,0.0
13,BCR,True,32.0,164.54999999999995
13,BCR,True,23.0,135.52999999999997
13,BCR,True,18.0,96.83999999999999
13,BCR,True,6.0,24.319999999999997
13,BCR,False,inf,0.0
13,BCR,True,12.0,62.300000000000004
13,BCR,True,19.0,110.74999999999997
13,BCR,True,1.0,2.45
13,BCR,True,26.0,146.08999999999997
13,BCR,True,6.0,27.650000000000002
13,BCR,False,inf,0.0
13,BCR,True,12.0,64.77000000000001
13,BCR,True,16.0,105.30999999999997
13,BCR,True,19.0,107.99999999999997
13,BCR,True,7.0,27.35
13,BCR,False,inf,0.0
13,BCR,False,inf,0.0
13,BCR,False,inf,0.0
13,BCR,True,27.0,159.07999999999998
13,BCR,False,inf,0.0
13,BCR,True,26.0,147.07999999999998
13,BCR,False,inf,0.0
13,BCR,True,1.0,5.42
13,BCR,True,14.0,73.40999999999998
13,BCR,True,14.0,73.99000000000001
13,BCR,False,inf,0.0
13,BCR,True,6.0,31.43
13,BCR,False,inf,0.0
13,BCR,False,inf,0.0
13,BCR,False,inf,0.0
13,BCR,False,inf,0.0
13,BCR,False,inf,0.0
13,BCR,True,27.0,155.84999999999997
13,BCR,True,5.0,19.770000000000003
13,BCR,True,11.0,55.86999999999999
13,BCR,False,inf,0.0
13,BCR,True,30.0,177.82999999999998
13,BCR,True,12.0,58.849999999999994
13,BCR,True,15.0,75.4
13,BCR,False,inf,0.0
13,BCR,True,24.0,143.11999999999998
13,BCR,False,inf,0.0
13,BCR,False,inf,0.0
13,BCR,True,6.0,23.200000000000003
13,BCR,True,10.0,48.76
13,BCR,False,inf,0.0
13,BCR,False,inf,0.0
13,BCR,True,25.0,129.08999999999997
13,BCR,True,27.0,159.26
13,BCR,True,23.0,146.23999999999998
13,BCR,True,6.0,23.200000000000003
13,BCR,True,31.0,173.86999999999998
13,BCR,True,10.0,52.60999999999999
13,BCR,False,inf,0.0
13,BCR,True,23.0,135.70999999999998
13,BCR,True,28.0,164.45999999999995
13,BCR,False,inf,0.0
13,BCR,False,inf,0.0
13,BCR,False,inf,0.0
13,BCR,False,inf,0.0
13,BCR,False,inf,0.0
13,BCR,True,21.0,122.04
13,BCR,False,inf,0.0
13,BCR,True,23.0,135.70999999999998
13,BCR,False,inf,0.0
13,BCR,True,21.0,115.72
13,BCR,True,21.0,124.62999999999997
13,BCR,True,24.0,147.92999999999998
13,BCR,False,inf,0.0
13,BCR,False,inf,0.0
13,BCR,True,11.0,59.839999999999996
13,BCR,True,21.0,108.00999999999998
13,BCR,True,2.0,3.9499999999999997
13,BCR,False,inf,0.0
13,BCR,False,inf,0.0
13,BCR,False,inf,0.0
13,BCR,True,7.0,31.18
13,BCR,True,24.0,139.44999999999996
13,BCR,False,inf,0.0
13,BCR,False,inf,0.0
13,BCR,False,inf,0.0
13,BCR,False,inf,0.0
13,BCR,True,12.0,62.300000000000004
13,BCR,True,2.0,6.32
13,BCR,False,inf,0.0
13,BCR,False,inf,0.0
13,BCR,True,6.0,22.57
13,BCR,False,inf,0.0
13,BCR,True,22.0,133.36999999999998
13,BCR,False,inf,0.0
13,BCR,True,17.0,95.51999999999998
13,BCR,True,21.0,120.84999999999998
13,BCR,False,inf,0.0
13,BCR,False,inf,0.0
13,BCR,True,20.0,108.48999999999998
13,BCR,True,18.0,89.32999999999998
13,BCR,True,22.0,129.27
13,BCR,False,inf,0.0
13,BCR,False,inf,0.0
13,BCR,False,inf,0.0
13,BCR,False,inf,0.0
13,BCR,True,19.0,110.49999999999999
13,BCR,True,11.0,57.25999999999999
13,BCR,False,inf,0.0
13,BCR,False,inf,0.0
13,BCR,False,inf,0.0
13,BCR,False,inf,0.0
13,BCR,True,4.0,13.96
13,BCR,True,4.0,20.47
13,BCR,True,17.0,88.39
13,BCR,True,15.0,93.52
13,BCR,True,6.0,20.53
13,BCR,False,inf,0.0
13,BCR,True,19.0,108.44
13,BCR,True,21.0,122.24999999999997
13,BCR,False,inf,0.0
13,BCR,True,23.0,127.94999999999999
13,BCR,True,16.0,83.44000000000001
13,BCR,True,23.0,134.77999999999997
13,BCR,False,inf,0.0
13,BCR,False,inf,0.0
13,BCR,True,28.0,162.48999999999995
13,BCR,True,17.0,96.96
13,BCR,True,19.0,96.67999999999999
13,BCR,True,14.0,73.29
13,BCR,False,inf,0.0
13,BCR,False,inf,0.0
13,BCR,False,inf,0.0
13,BCR,True,11.0,58.25
13,BCR,True,23.0,137.38
13,BCR,False,inf,0.0
13,BCR,True,13.0,66.66000000000001
13,BCR,False,inf,0.0
13,BCR,False,inf,0.0
13,BCR,True,24.0,134.52999999999997
13,BCR,True,21.0,124.74000000000001
13,BCR,True,30.0,173.81999999999996
13,BCR,True,25.0,135.59
13,BCR,True,5.0,19.82
13,BCR,True,5.0,22.67
13,BCR,False,inf,0.0
13,BCR,False,inf,0.0
13,BCR,True,12.0,65.06
13,BCR,True,12.0,55.7
13,BCR,True,6.0,18.169999999999998
13,BCR,True,21.0,120.88999999999999
13,BCR,True,20.0,114.31
13,BCR,True,17.0,82.55
13,BCR,True,10.0,46.81
13,BCR,False,inf,0.0
13,BCR,True,14.0,74.44000000000001
13,BCR,True,11.0,56.309999999999995
13,BCR,True,22.0,129.27
13,BCR,False,inf,0.0
13,BCR,True,3.0,10.02
13,BCR,False,inf,0.0
13,BCR,True,23.0,137.27999999999997
13,BCR,False,inf,0.0
13,BCR,False,inf,0.0
13,BCR,False,inf,0.0
13,BCR,True,14.0,80.93
13,BCR,True,28.0,163.42000000000002
13,BCR,True,30.0,146.32999999999998
13,BCR,True,12.0,57.25
13,BCR,True,1.0,7.23
13,BCR,False,inf,0.0
13,BCR,True,25.0,129.08999999999997
13,BCR,True,29.0,152.08999999999997
13,BCR,True,27.0,160.64999999999998
13,BCR,False,inf,0.0
13,BCR,True,7.0,32.07
13,BCR,True,11.0,55.510000000000005
13,BCR,True,9.0,36.03
13,BCR,False,inf,0.0
13,BCR,True,17.0,96.05999999999999
13,BCR,False,inf,0.0
13,BCR,False,inf,0.0
13,BCR,True,8.0,36.68
13,BCR,True,5.0,20.900000000000002
13,BCR,False,inf,0.0
13,BCR,True,11.0,50.1
13,BCR,False,inf,0.0
13,BCR,True,16.0,94.94999999999999
13,BCR,False,inf,0.0
13,BCR,True,22.0,129.83999999999997
13,BCR,True,3.0,12.04
13,BCR,True,4.0,15.9
13,BCR,True,29.0,171.28999999999996
13,BCR,True,22.0,123.43999999999998
13,BCR,False,inf,0.0
13,BCR,True,25.0,143.53999999999996
13,BCR,False,inf,0.0
13,BCR,True,12.0,67.85000000000001
13,BCR,True,21.0,113.66
13,BCR,False,inf,0.0
13,BCR,True,9.0,45.19
13,BCR,False,inf,0.0
13,BCR,True,23.0,125.21999999999998
13,BCR,True,4.0,18.119999999999997
13,BCR,True,7.0,29.55
13,BCR,True,9.0,48.959999999999994
13,BCR,False,inf,0.0
13,BCR,True,24.0,123.76999999999998
13,BCR,True,22.0,129.37999999999997
13,BCR,True,22.0,128.29999999999998
13,BCR,True,30.0,149.16
13,BCR,False,inf,0.0
13,BCR,False,inf,0.0
13,BCR,True,25.0,138.38999999999996
13,BCR,False,inf,0.0
13,BCR,False,inf,0.0
13,BCR,True,16.0,91.03999999999999
13,BCR,False,inf,0.0
13,BCR,True,19.0,104.68999999999998
13,BCR,False,inf,0.0
13,BCR,False,inf,0.0
13,BCR,True,17.0,89.69
13,BCR,True,12.0,63.13999999999999
13,BCR,False,inf,0.0
13,BCR,True,28.0,157.89999999999998
13,BCR,True,3.0,13.399999999999999
13,BCR,False,inf,0.0
13,BCR,True,13.0,61.370000000000005
13,BCR,False,inf,0.0
13,BCR,True,16.0,87.11
13,BCR,True,2.0,4.57
13,BCR,False,inf,0.0
13,BCR,False,inf,0.0
13,BCR,True,8.0,29.81
13,BCR,False,inf,0.0
13,BCR,False,inf,0.0
13,BCR,False,inf,0.0
13,BCR,False,inf,0.0
13,BCR,False,inf,0.0
13,BCR,False,inf,0.0
13,BCR,True,5.0,22.67
13,BCR,True,30.0,170.16999999999996
13,BCR,False,inf,0.0
13,BCR,True,7.0,27.22
13,BCR,False,inf,0.0
13,BCR,True,12.0,75.03
13,BCR,False,inf,0.0
13,BCR,False,inf,0.0
13,BCR,True,20.0,113.67999999999998
13,BCR,True,19.0,108.44
13,BCR,True,15.0,75.56
13,BCR,False,inf,0.0
13,BCR,False,inf,0.0
13,BCR,True,19.0,106.15999999999998
13,BCR,False,inf,0.0
13,BCR,True,20.0,114.69999999999997
13,BCR,True,28.0,144.35999999999999
13,BCR,False,inf,0.0
13,BCR,True,22.0,133.44999999999996
13,BCR,True,12.0,63.13999999999999
13,BCR,True,25.0,137.40999999999997
13,BCR,True,13.0,70.58000000000001
13,BCR,False,inf,0.0
13,BCR,True,15.0,70.87
13,BCR,True,18.0,108.22999999999999
13,BCR,True,15.0,97.47999999999998
13,BCR,True,8.0,42.25999999999999
13,BCR,True,23.0,135.89
13,BCR,True,27.0,154.95000000000002
13,BCR,False,inf,0.0
13,BCR,True,7.0,32.620000000000005
13,BCR,True,26.0,149.84
13,BCR,True,3.0,14.34
13,BCR,True,11.0,57.25999999999999
13,BCR,False,inf,0.0
13,BCR,True,11.0,63.49
13,BCR,True,14.0,92.50999999999999
13,BCR,True,14.0,73.56
13,BCR,True,20.0,125.44999999999997
13,BCR,True,27.0,156.54999999999998
13,BCR,True,26.0,145.65
13,BCR,True,30.0,173.64
13,BCR,True,16.0,94.89999999999998
13,BCR,False,inf,0.0
13,BCR,True,3.0,12.04
13,BCR,False,inf,0.0
13,BCR,False,inf,0.0
13,BCR,True,24.0,139.10999999999999
13,BCR,False,inf,0.0
13,BCR,True,4.0,14.06
13,BCR,True,27.0,153.39999999999998
13,BCR,True,17.0,82.55
13,BCR,False,inf,0.0
13,BCR,False,inf,0.0
13,BCR,True,20.0,107.18999999999998
13,BCR,False,inf,0.0
13,BCR,False,inf,0.0
13,BCR,True,6.0,27.509999999999998
13,BCR,False,inf,0.0
13,BCR,False,inf,0.0
13,BCR,False,inf,0.0
13,BCR,True,19.0,112.53999999999998
13,BCR,False,inf,0.0
13,BCR,True,30.0,171.11999999999998
13,BCR,False,inf,0.0
13,BCR,True,8.0,40.14
13,BCR,True,2.0,7.84
13,BCR,True,24.0,134.43999999999997
13,BCR,True,16.0,89.86
13,BCR,True,6.0,24.189999999999998
13,BCR,True,2.0,4.84
13,BCR,True,5.0,22.58
13,BCR,True,10.0,47.71
13,BCR,True,4.0,18.020000000000003
13,BCR,True,8.0,30.18
13,BCR,True,23.0,123.64
13,DCR,True,28.0,141.60999999999999
13,DCR,True,21.0,101.78999999999998
13,DCR,True,20.0,102.14999999999999
13,DCR,True,2.0,7.23
13,DCR,False,inf,0.0
13,DCR,True,11.0,53.82999999999999
13,DCR,True,2.0,6.52
13,DCR,True,4.0,11.83
13,DCR,False,inf,0.0
13,DCR,True,19.0,89.10000000000001
13,DCR,True,17.0,78.65
13,DCR,True,24.0,114.02000000000002
13,DCR,True,14.0,78.53
13,DCR,True,30.0,154.32
13,DCR,False,inf,0.0
13,DCR,False,inf,0.0
13,DCR,True,20.0,94.27
13,DCR,True,9.0,46.279999999999994
13,DCR,False,inf,0.0
13,DCR,True,18.0,90.04000000000002
13,DCR,False,inf,0.0
13,DCR,True,1.0,5.08
13,DCR,True,30.0,163.81999999999996
13,DCR,False,inf,0.0
13,DCR,True,2.0,6.82
13,DCR,True,15.0,82.52000000000001
13,DCR,False,inf,0.0
13,DCR,False,inf,0.0
13,DCR,True,30.0,163.81999999999996
13,DCR,True,23.0,122.67000000000002
13,DCR,True,9.0,51.51
13,DCR,True,9.0,46.34
13,DCR,False,inf,0.0
13,DCR,False,inf,0.0
13,DCR,False,inf,0.0
13,DCR,True,11.0,66.13
13,DCR,False,inf,0.0
13,DCR,False,inf,0.0
13,DCR,True,30.0,154.71999999999997
13,DCR,False,inf,0.0
13,DCR,True,19.0,99.96
13,DCR,True,17.0,89.29000000000002
13,DCR,True,10.0,38.529999999999994
13,DCR,True,14.0,73.58000000000001
13,DCR,False,inf,0.0
13,DCR,False,inf,0.0
13,DCR,False,inf,0.0
13,DCR,True,13.0,59.89
13,DCR,False,inf,0.0
13,DCR,True,10.0,43.17999999999999
13,DCR,True,8.0,37.77
13,DCR,True,23.0,113.05999999999999
13,DCR,True,11.0,66.55
13,DCR,True,6.0,23.19
13,DCR,False,inf,0.0
13,DCR,True,10.0,48.50999999999999
13,DCR,False,inf,0.0
13,DCR,True,6.0,29.869999999999997
13,DCR,False,inf,0.0
13,DCR,False,inf,0.0
13,DCR,True,11.0,51.279999999999994
13,DCR,False,inf,0.0
13,DCR,True,30.0,154.71999999999997
13,DCR,False,inf,0.0
13,DCR,False,inf,0.0
13,DCR,True,7.0,37.76
13,DCR,True,3.0,10.27
13,DCR,True,10.0,48.50999999999999
13,DCR,False,inf,0.0
13,DCR,False,inf,0.0
13,DCR,False,inf,0.0
13,DCR,True,18.0,100.00999999999999
13,DCR,False,inf,0.0
13,DCR,False,inf,0.0
13,DCR,True,5.0,23.28
13,DCR,True,9.0,40.55999999999999
13,DCR,True,2.0,5.9399999999999995
13,DCR,True,11.0,54.72999999999999
13,DCR,True,26.0,132.60999999999999
13,DCR,True,2.0,9.81
13,DCR,True,10.0,48.57999999999999
13,DCR,False,inf,0.0
13,DCR,True,36.0,189.86999999999998
13,DCR,True,23.0,111.71000000000001
13,DCR,True,27.0,145.04999999999995
13,DCR,True,6.0,29.67
13,DCR,True,31.0,166.28
13,DCR,False,inf,0.0
13,DCR,False,inf,0.0
13,DCR,True,21.0,101.59999999999998
13,DCR,True,24.0,125.19999999999997
13,DCR,True,30.0,158.43999999999997
13,DCR,False,inf,0.0
13,DCR,True,8.0,43.120000000000005
13,DCR,False,inf,0.0
13,DCR,True,9.0,39.8
13,DCR,False,inf,0.0
13,DCR,True,5.0,23.740000000000002
13,DCR,False,inf,0.0
13,DCR,True,6.0,26.740000000000002
13,DCR,False,inf,0.0
13,DCR,True,2.0,10.37
13,DCR,True,16.0,86.47999999999999
13,DCR,True,7.0,36.269999999999996
13,DCR,True,22.0,104.38
13,DCR,False,inf,0.0
13,DCR,True,13.0,66.77
13,DCR,True,4.0,21.06
13,DCR,True,16.0,76.99000000000001
13,DCR,True,19.0,93.43
13,DCR,True,14.0,71.57999999999998
13,DCR,True,5.0,11.6
13,DCR,True,21.0,103.25000000000001
13,DCR,True,7.0,37.85
13,DCR,False,inf,0.0
13,DCR,True,6.0,30.650000000000002
13,DCR,False,inf,0.0
13,DCR,True,16.0,80.76
13,DCR,False,inf,0.0
13,DCR,True,11.0,46.23
13,DCR,False,inf,0.0
13,DCR,True,24.0,122.43999999999998
13,DCR,True,4.0,18.55
13,DCR,True,24.0,122.43999999999998
13,DCR,False,inf,0.0
13,DCR,True,16.0,81.9
13,DCR,True,8.0,30.929999999999996
13,DCR,False,inf,0.0
13,DCR,True,29.0,151.18999999999997
13,DCR,True,21.0,103.25000000000001
13,DCR,False,inf,0.0
13,DCR,False,inf,0.0
13,DCR,False,inf,0.0
13,DCR,False,inf,0.0
13,DCR,True,12.0,55.83
13,DCR,True,16.0,90.33
13,DCR,True,18.0,89.59
13,DCR,True,30.0,155.53999999999996
13,DCR,False,inf,0.0
13,DCR,False,inf,0.0
13,DCR,False,inf,0.0
13,DCR,True,35.0,183.93999999999997
13,DCR,False,inf,0.0
13,DCR,True,17.0,77.6
13,DCR,True,4.0,17.23
13,DCR,False,inf,0.0
13,DCR,False,inf,0.0
13,DCR,True,11.0,43.71999999999999
13,DCR,True,13.0,58.21
13,DCR,True,9.0,52.44
13,DCR,True,14.0,61.10999999999999
13,DCR,True,17.0,77.34
13,DCR,True,13.0,62.79999999999999
13,DCR,False,inf,0.0
13,DCR,True,31.0,166.68999999999997
13,DCR,True,21.0,98.61999999999999
13,DCR,False,inf,0.0
13,DCR,True,24.0,124.37000000000002
13,DCR,False,inf,0.0
13,DCR,False,inf,0.0
13,DCR,True,13.0,58.21
13,DCR,True,19.0,91.78
13,DCR,True,7.0,37.2
13,DCR,False,inf,0.0
13,DCR,False,inf,0.0
13,DCR,False,inf,0.0
13,DCR,False,inf,0.0
13,DCR,True,5.0,27.919999999999998
13,DCR,False,inf,0.0
13,DCR,True,22.0,105.21999999999998
13,DCR,False,inf,0.0
13,DCR,True,11.0,48.459999999999994
13,DCR,True,11.0,47.72999999999999
13,DCR,False,inf,0.0
13,DCR,False,inf,0.0
13,DCR,False,inf,0.0
13,DCR,True,24.0,122.51999999999998
13,DCR,False,inf,0.0
13,DCR,False,inf,0.0
13,DCR,False,inf,0.0
13,DCR,False,inf,0.0
13,DCR,True,16.0,84.47999999999999
13,DCR,True,19.0,99.24
13,DCR,True,23.0,120.01999999999997
13,DCR,True,19.0,90.12
13,DCR,False,inf,0.0
13,DCR,True,2.0,7.23
13,DCR,True,6.0,30.650000000000002
13,DCR,True,11.0,60.33
13,DCR,True,25.0,131.37
13,DCR,True,12.0,53.15
13,DCR,False,inf,0.0
13,DCR,True,10.0,48.57999999999999
13,DCR,True,19.0,95.46999999999997
13,DCR,True,26.0,133.79
13,DCR,False,inf,0.0
13,DCR,False,inf,0.0
13,DCR,False,inf,0.0
13,DCR,True,11.0,50.739999999999995
13,DCR,True,1.0,6.52
13,DCR,True,22.0,107.38000000000001
13,DCR,False,inf,0.0
13,DCR,False,inf,0.0
13,DCR,True,22.0,110.82999999999998
13,DCR,False,inf,0.0
13,DCR,True,17.0,88.59
13,DCR,True,24.0,125.55999999999999
13,DCR,False,inf,0.0
13,DCR,True,25.0,125.69999999999999
13,DCR,True,17.0,82.14000000000001
13,DCR,True,21.0,111.07
13,DCR,True,2.0,6.63
13,DCR,True,1.0,8.32
13,DCR,False,inf,0.0
13,DCR,False,inf,0.0
13,DCR,True,18.0,89.59
13,DCR,False,inf,0.0
13,DCR,True,11.0,50.739999999999995
13,DCR,True,5.0,24.5
13,DCR,True,19.0,84.72
13,DCR,False,inf,0.0
13,DCR,True,28.0,136.76000000000002
13,DCR,False,inf,0.0
13,DCR,True,10.0,38.529999999999994
13,DCR,True,24.0,118.68999999999998
13,DCR,True,19.0,105.19999999999997
13,DCR,False,inf,0.0
13,DCR,True,19.0,94.72000000000001
13,DCR,True,14.0,69.21000000000001
13,DCR,True,29.0,145.01999999999998
13,DCR,True,8.0,45.32
13,DCR,False,inf,0.0
13,DCR,False,inf,0.0
13,DCR,False,inf,0.0
13,DCR,False,inf,0.0
13,DCR,True,28.0,143.81
13,DCR,True,15.0,73.17
13,DCR,False,inf,0.0
13,DCR,True,15.0,82.13
13,DCR,True,19.0,105.19999999999997
13,DCR,False,inf,0.0
13,DCR,True,26.0,128.23
13,DCR,False,inf,0.0
13,DCR,True,21.0,106.51999999999998
13,DCR,False,inf,0.0
13,DCR,True,14.0,64.00999999999999
13,DCR,False,inf,0.0
13,DCR,False,inf,0.0
13,DCR,True,21.0,106.69999999999999
13,DCR,False,inf,0.0
13,DCR,True,20.0,93.73
13,DCR,True,12.0,52.67999999999999
13,DCR,True,21.0,104.98
13,DCR,True,20.0,97.5
13,DCR,True,25.0,126.16999999999999
13,DCR,True,30.0,158.07
13,DCR,True,5.0,27.729999999999997
13,DCR,True,4.0,16.37
13,DCR,False,inf,0.0
13,DCR,True,7.0,33.629999999999995
13,DCR,True,24.0,114.83999999999999
13,DCR,True,36.0,189.52999999999997
13,DCR,False,inf,0.0
13,DCR,False,inf,0.0
13,DCR,True,13.0,57.269999999999996
13,DCR,True,14.0,60.54
13,DCR,True,27.0,135.13
13,DCR,True,11.0,51.74999999999999
13,DCR,False,inf,0.0
13,DCR,False,inf,0.0
13,DCR,True,22.0,128.42999999999998
13,DCR,False,inf,0.0
13,DCR,True,10.0,42.419999999999995
13,DCR,True,35.0,178.19
13,DCR,True,27.0,145.56
13,DCR,True,6.0,28.590000000000003
13,DCR,False,inf,0.0
13,DCR,False,inf,0.0
13,DCR,True,27.0,145.56
13,DCR,True,6.0,30.650000000000002
13,DCR,True,20.0,96.99999999999999
13,DCR,True,5.0,18.36
13,DCR,False,inf,0.0
13,DCR,True,20.0,95.43
13,DCR,True,15.0,73.36000000000001
13,DCR,True,7.0,31.209999999999997
13,DCR,True,12.0,61.449999999999996
13,DCR,True,9.0,36.839999999999996
13,DCR,True,15.0,63.69
13,DCR,True,7.0,29.26
13,DCR,False,inf,0.0
13,DCR,True,18.0,88.93999999999998
13,DCR,False,inf,0.0
13,DCR,False,inf,0.0
13,DCR,False,inf,0.0
13,DCR,True,6.0,29.15
13,DCR,True,19.0,107.77999999999999
13,DCR,True,18.0,90.89999999999999
13,DCR,False,inf,0.0
13,DCR,True,21.0,97.30999999999999
13,DCR,True,24.0,110.49000000000001
13,DCR,False,inf,0.0
13,DCR,False,inf,0.0
13,DCR,False,inf,0.0
13,DCR,True,14.0,60.24
13,DCR,True,15.0,76.49
13,DCR,False,inf,0.0
13,DCR,True,20.0,111.70999999999998
13,DCR,True,7.0,26.790000000000003
13,DCR,False,inf,0.0
13,DCR,False,inf,0.0
13,DCR,False,inf,0.0
13,DCR,False,inf,0.0
13,DCR,False,inf,0.0
13,DCR,True,23.0,120.62999999999998
13,DCR,True,31.0,172.23999999999998
13,DCR,True,34.0,176.25999999999996
13,DCR,True,36.0,189.52999999999997
13,DCR,False,inf,0.0
13,DCR,False,inf,0.0
13,DCR,False,inf,0.0
13,DCR,True,8.0,43.120000000000005
13,DCR,True,24.0,116.67
13,DCR,True,8.0,36.480000000000004
13,DCR,True,11.0,53.319999999999986
13,DCR,False,inf,0.0
13,DCR,True,2.0,8.23
13,DCR,False,inf,0.0
13,DCR,True,26.0,139.54
13,DCR,True,15.0,80.32
13,DCR,False,inf,0.0
13,DCR,False,inf,0.0
13,DCR,True,5.0,25.04
13,DCR,True,28.0,148.17999999999998
13,DCR,True,33.0,187.31999999999996
13,DCR,True,13.0,61.80000000000001
13,DCR,True,12.0,54.23
13,DCR,True,21.0,98.08
13,DCR,True,30.0,164.79999999999998
13,DCR,False,inf,0.0
13,DCR,False,inf,0.0
13,DCR,True,19.0,98.03999999999998
13,DCR,True,15.0,78.36
13,DCR,True,33.0,173.23999999999995
13,DCR,False,inf,0.0
13,DCR,True,17.0,94.30999999999999
13,DCR,False,inf,0.0
13,DCR,True,20.0,111.70999999999998
13,DCR,True,11.0,48.94999999999999
13,DCR,True,3.0,7.290000000000001
13,DCR,False,inf,0.0
13,DCR,True,12.0,58.099999999999994
13,DCR,True,27.0,146.32999999999998
13,DCR,False,inf,0.0
13,DCR,True,6.0,14.219999999999999
13,DCR,False,inf,0.0
13,DCR,False,inf,0.0
13,DCR,True,8.0,34.0
13,DCR,False,inf,0.0
13,DCR,False,inf,0.0
13,DCR,True,23.0,116.50999999999999
13,DCR,True,29.0,151.46999999999997
13,DCR,True,9.0,36.3
13,DCR,False,inf,0.0
13,DCR,True,3.0,12.59
13,DCR,False,inf,0.0
13,DCR,False,inf,0.0
13,DCR,True,11.0,55.71999999999999
13,DCR,True,10.0,42.669999999999995
13,DCR,True,12.0,58.77000000000001
13,DCR,True,2.0,13.86
13,DCR,True,8.0,37.879999999999995
13,DCR,False,inf,0.0
13,DCR,True,2.0,4.57
13,DCR,True,24.0,129.25
13,DCR,False,inf,0.0
13,DCR,False,inf,0.0
13,DCR,False,inf,0.0
13,DCR,True,2.0,9.120000000000001
13,DCR,True,19.0,90.12
13,DCR,True,18.0,91.24000000000001
13,DCR,True,10.0,38.39999999999999
13,DCR,True,4.0,12.5
13,DCR,True,25.0,120.62000000000002
13,DCR,True,23.0,116.44
13,DCR,True,12.0,63.46999999999999
13,DCR,True,12.0,55.68999999999999
13,DCR,False,inf,0.0
13,DCR,False,inf,0.0
13,DCR,False,inf,0.0
13,DCR,False,inf,0.0
13,DCR,False,inf,0.0
13,DCR,True,21.0,100.46
13,DCR,False,inf,0.0
13,DCR,True,31.0,167.86999999999998
13,DCR,False,inf,0.0
13,DCR,True,15.0,76.49
13,DCR,False,inf,0.0
13,DCR,True,1.0,3.42
13,DCR,False,inf,0.0
13,DCR,False,inf,0.0
13,DCR,True,17.0,87.87
13,DCR,True,27.0,144.49999999999997
13,DCR,True,7.0,32.82
13,DCR,False,inf,0.0
13,DCR,False,inf,0.0
13,DCR,True,7.0,30.21
13,DCR,True,7.0,36.79
13,DCR,True,23.0,117.34999999999998
13,DCR,False,inf,0.0
13,DCR,True,27.0,134.31
13,DCR,False,inf,0.0
13,DCR,True,23.0,128.09
13,DCR,False,inf,0.0
13,DCR,True,12.0,70.33999999999999
13,DCR,True,23.0,119.15999999999998
13,DCR,True,9.0,36.169999999999995
13,DCR,True,19.0,95.46999999999997
13,DCR,True,2.0,11.25
13,DCR,False,inf,0.0
13,DCR,True,7.0,36.269999999999996
13,DCR,True,9.0,35.529999999999994
13,DCR,False,inf,0.0
13,DCR,True,1.0,5.13
13,DCR,True,4.0,20.46
13,DCR,False,inf,0.0
13,DCR,True,11.0,53.82999999999999
13,DCR,False,inf,0.0
13,DCR,False,inf,0.0
13,DCR,False,inf,0.0
13,DCR,True,28.0,148.17999999999998
13,DCR,True,20.0,95.33
13,DCR,True,10.0,49.370000000000005
13,DCR,True,6.0,23.55
13,DCR,True,15.0,74.24000000000001
13,DCR,True,7.0,34.8
13,DCR,False,inf,0.0
13,DCR,True,10.0,45.27999999999999
13,DCR,False,inf,0.0
13,DCR,True,13.0,62.669999999999995
13,DCR,False,inf,0.0
13,DCR,True,20.0,106.45
13,DCR,False,inf,0.0
13,DCR,True,11.0,47.99999999999999
13,DCR,True,4.0,10.1
13,DCR,False,inf,0.0
13,DCR,False,inf,0.0
13,DCR,True,20.0,106.87
13,DCR,False,inf,0.0
13,DCR,False,inf,0.0
13,DCR,True,34.0,176.25999999999996
13,DCR,True,21.0,94.31
13,DCR,True,25.0,128.30999999999997
13,DCR,True,1.0,1.74
13,DCR,False,inf,0.0
13,DCR,False,inf,0.0
13,DCR,True,14.0,65.63999999999999
13,DCR,False,inf,0.0
13,DCR,True,4.0,17.59
13,DCR,True,9.0,41.39999999999999
13,DCR,True,21.0,104.98
13,DCR,False,inf,0.0
13,DCR,True,28.0,149.57999999999998
13,DCR,False,inf,0.0
13,DCR,True,9.0,43.64999999999999
13,DCR,False,inf,0.0
13,DCR,True,4.0,13.49
13,DCR,True,6.0,25.39
13,DCR,False,inf,0.0
13,DCR,True,7.0,35.65
13,DCR,True,9.0,36.169999999999995
13,DCR,True,9.0,50.71000000000001
13,DCR,False,inf,0.0
13,DCR,False,inf,0.0
13,DCR,True,5.0,22.07
13,DCR,True,3.0,10.92
13,DCR,False,inf,0.0
13,DCR,True,27.0,131.51999999999998
13,DCR,False,inf,0.0
13,DCR,True,22.0,110.82999999999998
13,DCR,True,13.0,57.379999999999995
13,DCR,True,27.0,139.84999999999997
13,DCR,True,4.0,10.23
13,DCR,True,11.0,54.72999999999999
13,DCR,True,25.0,130.57
13,DCR,True,26.0,141.23
13,DCR,True,21.0,106.64999999999998
13,DCR,True,9.0,36.3
13,DCR,True,2.0,4.84
13,DCR,False,inf,0.0
13,DCR,True,32.0,177.56999999999996
13,DCR,True,3.0,14.8
13,DCR,True,19.0,98.89000000000001
13,DCR,True,18.0,85.53
13,DCR,False,inf,0.0
13,DCR,False,inf,0.0
13,DCR,False,inf,0.0
13,DCR,True,24.0,116.67
13,DCR,True,24.0,121.04999999999998
13,DCR,False,inf,0.0
13,DCR,True,12.0,59.779999999999994
13,DCR,True,1.0,7.75
13,DCR,True,29.0,155.82
13,DCR,True,24.0,123.96000000000001
13,DCR,True,12.0,55.83
13,DCR,True,20.0,101.86000000000001
13,DCR,True,8.0,40.85
13,DCR,False,inf,0.0
13,DCR,True,2.0,9.120000000000001
13,DCR,True,8.0,41.89
13,DCR,True,1.0,3.78
13,DCR,False,inf,0.0
13,DCR,True,21.0,110.47999999999999
13,DCR,False,inf,0.0
13,DCR,False,inf,0.0
13,DCR,False,inf,0.0
13,DCR,False,inf,0.0
13,DCR,False,inf,0.0
13,DCR,True,2.0,10.45
13,DCR,True,27.0,137.44999999999996
13,DCR,False,inf,0.0
13,DCR,True,21.0,115.72
13,DCR,True,21.0,112.08999999999999
13,DCR,True,15.0,76.35999999999999
13,DCR,True,25.0,131.59999999999997
13,DCR,True,34.0,191.76
13,DCR,False,inf,0.0
13,DCR,True,3.0,6.45
13,DCR,True,3.0,14.34
13,DCR,True,28.0,148.35999999999999
13,DCR,True,18.0,88.93999999999998
13,DCR,True,9.0,45.42
13,DCR,True,12.0,59.58999999999999
13,DCR,False,inf,0.0
13,DCR,True,29.0,149.14
13,DCR,True,23.0,121.80000000000001
13,DCR,False,inf,0.0
13,DCR,False,inf,0.0
13,DCR,False,inf,0.0
13,DCR,True,5.0,23.880000000000003
13,DCR,True,20.0,106.87
13,DCR,True,9.0,49.949999999999996
13,DCR,False,inf,0.0
13,DCR,False,inf,0.0
13,DCR,True,4.0,18.42
13,DCR,False,inf,0.0
13,DCR,False,inf,0.0
13,DCR,False,inf,0.0
13,DCR,False,inf,0.0
13,DCR,False,inf,0.0
13,DCR,True,13.0,62.60999999999999
13,DCR,False,inf,0.0
13,DCR,True,14.0,61.32
13,DCR,False,inf,0.0
13,DCR,True,22.0,107.34999999999998
13,DCR,True,18.0,93.96
13,DCR,True,6.0,31.989999999999995
13,DCR,False,inf,0.0
13,DCR,True,22.0,111.76999999999998
13,DCR,True,11.0,43.849999999999994
13,DCR,True,28.0,132.19
13,DCR,True,21.0,100.00999999999999
13,DCR,False,inf,0.0
13,DCR,True,11.0,47.62
13,DCR,True,15.0,81.33999999999999
13,DCR,False,inf,0.0
13,DCR,True,2.0,5.720000000000001
13,DCR,False,inf,0.0
13,DCR,False,inf,0.0
13,DCR,True,11.0,53.71
13,DCR,True,9.0,39.8
13,DCR,False,inf,0.0
13,DCR,True,5.0,23.68
13,DCR,True,8.0,44.019999999999996
13,DCR,True,19.0,100.72999999999999
13,DCR,False,inf,0.0
13,DCR,True,3.0,12.59
13,DCR,True,28.0,141.60999999999999
13,DCR,False,inf,0.0
13,DCR,False,inf,0.0
13,DCR,True,15.0,76.72999999999999
13,DCR,True,14.0,69.21000000000001
13,DCR,True,10.0,49.40999999999999
13,DCR,True,27.0,133.35999999999999
13,DCR,False,inf,0.0
13,DCR,True,9.0,40.79999999999999
13,DCR,True,11.0,49.139999999999986
13,DCR,True,15.0,63.69
13,DCR,True,33.0,173.23999999999995
13,DCR,True,33.0,161.24
13,DCR,True,2.0,6.88
13,DCR,True,5.0,12.93
13,DCR,True,18.0,99.11999999999998
13,DCR,True,16.0,83.74
13,DCR,True,17.0,89.29000000000002
13,DCR,True,19.0,94.43999999999998
13,DCR,False,inf,0.0
13,DCR,False,inf,0.0
13,DCR,True,29.0,156.58999999999997
13,DCR,False,inf,0.0
13,DCR,False,inf,0.0
13,DCR,False,inf,0.0
13,DCR,True,7.0,22.069999999999997
13,DCR,True,4.0,15.29
13,DCR,False,inf,0.0
13,DCR,True,19.0,95.26999999999998
13,DCR,False,inf,0.0
13,DCR,True,1.0,5.49
13,DCR,True,30.0,158.07
13,DCR,True,8.0,39.16
13,DCR,True,31.0,167.42
13,DCR,False,inf,0.0
13,DCR,False,inf,0.0
13,DCR,True,22.0,105.21999999999998
13,DCR,False,inf,0.0
13,DCR,False,inf,0.0
13,DCR,True,9.0,47.199999999999996
13,DCR,False,inf,0.0
13,DCR,True,16.0,86.47999999999999
13,DCR,False,inf,0.0
13,DCR,True,2.0,9.62
13,DCR,False,inf,0.0
13,DCR,True,16.0,79.11
13,DCR,True,14.0,64.94999999999999
13,DCR,False,inf,0.0
13,DCR,True,1.0,1.98
13,DCR,False,inf,0.0
13,DCR,True,24.0,124.64999999999998
13,DCR,True,18.0,94.49
13,DCR,False,inf,0.0
13,DCR,True,6.0,22.71
13,DCR,True,7.0,30.650000000000002
13,DCR,True,20.0,97.76
13,DCR,False,inf,0.0
13,DCR,False,inf,0.0
13,DCR,False,inf,0.0
13,DCR,True,39.0,204.20000000000002
13,DCR,True,2.0,11.21
13,DCR,False,inf,0.0
13,DCR,True,15.0,73.80999999999999
13,DCR,True,7.0,37.2
13,DCR,False,inf,0.0
13,DCR,True,30.0,164.79999999999998
13,DCR,False,inf,0.0
13,DCR,True,9.0,51.63999999999999
13,DCR,False,inf,0.0
13,DCR,True,22.0,105.94999999999997
13,DCR,False,inf,0.0
13,DCR,True,5.0,12.93
13,DCR,True,8.0,34.78
13,DCR,True,14.0,70.00999999999999
13,DCR,False,inf,0.0
13,DCR,True,14.0,74.82999999999998
13,DCR,False,inf,0.0
13,DCR,True,27.0,129.64
13,DCR,False,inf,0.0
13,DCR,True,34.0,176.95
13,DCR,True,29.0,149.6
13,DCR,True,21.0,105.75999999999999
13,DCR,True,17.0,87.87
13,DCR,False,inf,0.0
13,DCR,False,inf,0.0
13,DCR,True,5.0,18.549999999999997
13,DCR,True,10.0,44.800000000000004
13,DCR,False,inf,0.0
13,DCR,True,12.0,59.58999999999999
13,DCR,True,25.0,117.06000000000002
13,DCR,False,inf,0.0
13,DCR,True,26.0,136.86
13,DCR,False,inf,0.0
13,DCR,True,27.0,144.28999999999996
13,DCR,True,24.0,119.82999999999998
13,DCR,True,3.0,14.35
13,DCR,False,inf,0.0
13,DCR,False,inf,0.0
13,DCR,True,7.0,30.759999999999998
13,DCR,True,7.0,31.250000000000004
13,DCR,False,inf,0.0
13,DCR,True,27.0,117.73000000000002
13,DCR,False,inf,0.0
13,DCR,False,inf,0.0
13,DCR,True,13.0,73.66999999999999
13,DCR,True,28.0,153.76999999999998
13,DCR,True,29.0,155.82
13,DCR,False,inf,0.0
13,DCR,False,inf,0.0
13,DCR,False,inf,0.0
13,DCR,False,inf,0.0
13,DCR,False,inf,0.0
13,DCR,True,10.0,52.54
13,DCR,True,5.0,21.17
13,DCR,True,11.0,60.33
13,DCR,True,8.0,42.21
13,DCR,False,inf,0.0
13,DCR,False,inf,0.0
13,DCR,False,inf,0.0
13,DCR,True,5.0,18.36
13,DCR,True,18.0,86.16999999999999
13,DCR,True,19.0,100.72999999999999
13,DCR,False,inf,0.0
13,DCR,False,inf,0.0
13,DCR,False,inf,0.0
13,DCR,True,30.0,142.10000000000002
13,DCR,True,15.0,84.09999999999998
13,DCR,False,inf,0.0
13,DCR,False,inf,0.0
13,DCR,True,12.0,59.53999999999999
13,DCR,False,inf,0.0
13,DCR,False,inf,0.0
13,DCR,True,29.0,145.01999999999998
13,DCR,False,inf,0.0
13,DCR,True,11.0,66.55
13,DCR,True,4.0,14.85
13,DCR,True,7.0,32.45
13,DCR,False,inf,0.0
13,DCR,True,4.0,13.96
13,DCR,True,14.0,69.64000000000001
13,DCR,True,18.0,91.13999999999997
13,DCR,True,13.0,58.21
13,DCR,False,inf,0.0
13,DCR,False,inf,0.0
13,DCR,True,25.0,129.81
13,DCR,True,30.0,158.29
13,DCR,True,28.0,149.57999999999998
13,DCR,True,1.0,8.86
13,DCR,True,4.0,14.35
13,DCR,True,7.0,32.45
13,DCR,True,20.0,106.87
13,DCR,False,inf,0.0
13,DCR,True,25.0,131.59999999999997
13,DCR,False,inf,0.0
13,DCR,True,30.0,164.02999999999997
13,DCR,True,21.0,98.08
13,DCR,False,inf,0.0
13,DCR,False,inf,0.0
13,DCR,True,27.0,130.9
13,DCR,True,36.0,189.86999999999998
13,DCR,False,inf,0.0
13,DCR,False,inf,0.0
13,DCR,False,inf,0.0
13,DCR,False,inf,0.0
13,DCR,True,32.0,168.53999999999996
13,DCR,True,10.0,38.39999999999999
13,DCR,False,inf,0.0
13,DCR,True,19.0,98.91999999999999
13,DCR,False,inf,0.0
13,DCR,True,11.0,53.85999999999999
13,DCR,False,inf,0.0
13,DCR,True,11.0,51.279999999999994
13,DCR,False,inf,0.0
13,DCR,True,2.0,9.49
13,DCR,False,inf,0.0
13,DCR,True,3.0,14.8
13,DCR,False,inf,0.0
13,DCR,True,10.0,55.99999999999999
13,DCR,True,7.0,26.75
13,DCR,False,inf,0.0
13,DCR,True,32.0,174.12999999999997
13,DCR,True,6.0,29.599999999999998
13,DCR,True,2.0,5.85
13,DCR,False,inf,0.0
13,DCR,True,29.0,144.08
13,DCR,True,15.0,83.05999999999999
13,DCR,True,30.0,153.48000000000002
13,DCR,False,inf,0.0
13,DCR,True,18.0,90.89999999999999
13,DCR,False,inf,0.0
13,DCR,False,inf,0.0
13,DCR,False,inf,0.0
13,DCR,True,14.0,67.87
13,DCR,False,inf,0.0
13,DCR,False,inf,0.0
13,DCR,True,8.0,42.28
13,DCR,True,14.0,75.89999999999999
13,DCR,True,28.0,137.01999999999998
13,DCR,False,inf,0.0
13,DCR,False,inf,0.0
13,DCR,True,3.0,12.59
13,DCR,False,inf,0.0
13,DCR,True,15.0,69.87
13,DCR,False,inf,0.0
13,DCR,False,inf,0.0
13,DCR,False,inf,0.0
13,DCR,False,inf,0.0
13,DCR,False,inf,0.0
13,DCR,True,17.0,81.10999999999999
13,DCR,True,24.0,121.04999999999998
13,DCR,False,inf,0.0
13,DCR,False,inf,0.0
13,DCR,True,28.0,147.77999999999997
13,DCR,False,inf,0.0
13,DCR,False,inf,0.0
13,DCR,False,inf,0.0
13,DCR,True,1.0,7.95
13,DCR,False,inf,0.0
13,DCR,True,13.0,57.21
13,DCR,True,12.0,59.17999999999999
13,DCR,False,inf,0.0
13,DCR,False,inf,0.0
13,DCR,True,24.0,114.83999999999999
13,DCR,True,1.0,6.52
13,DCR,True,29.0,138.62
13,DCR,True,29.0,155.55999999999997
13,DCR,True,23.0,111.63999999999999
13,DCR,True,3.0,15.45
13,DCR,True,3.0,7.220000000000001
13,DCR,False,inf,0.0
13,DCR,True,8.0,36.480000000000004
13,DCR,True,30.0,159.65999999999997
13,DCR,True,2.0,4.12
13,DCR,True,18.0,101.47999999999998
13,DCR,False,inf,0.0
13,DCR,True,14.0,64.05
13,DCR,False,inf,0.0
13,DCR,True,3.0,12.59
13,DCR,True,23.0,119.68999999999998
13,DCR,True,2.0,6.6
13,DCR,False,inf,0.0
13,DCR,True,26.0,139.54
13,DCR,True,4.0,17.59
13,DCR,False,inf,0.0
13,DCR,True,8.0,38.56999999999999
13,DCR,True,8.0,44.27
13,DCR,True,20.0,92.56
13,DCR,True,14.0,75.69999999999999
13,DCR,False,inf,0.0
13,DCR,True,14.0,78.4
13,DCR,True,29.0,138.62
13,DCR,True,22.0,114.14999999999996
13,DCR,True,20.0,108.86999999999999
13,DCR,False,inf,0.0
13,DCR,True,20.0,101.66000000000001
13,DCR,True,10.0,46.11999999999999
13,DCR,True,14.0,69.64000000000001
13,DCR,True,25.0,129.45000000000002
13,DCR,False,inf,0.0
13,DCR,True,17.0,80.65
13,DCR,False,inf,0.0
13,DCR,True,7.0,27.42
13,DCR,True,26.0,136.86
13,DCR,True,20.0,101.42999999999999
13,DCR,True,2.0,4.71
13,DCR,False,inf,0.0
13,DCR,True,7.0,36.269999999999996
13,DCR,False,inf,0.0
13,DCR,True,19.0,90.98
13,DCR,True,18.0,81.69
13,DCR,True,28.0,137.06
13,DCR,True,1.0,3.1
13,DCR,False,inf,0.0
13,DCR,True,16.0,65.98
13,DCR,False,inf,0.0
13,DCR,False,inf,0.0
13,DCR,False,inf,0.0
13,DCR,True,18.0,86.44
13,DCR,False,inf,0.0
13,DCR,False,inf,0.0
13,DCR,False,inf,0.0
13,DCR,True,25.0,123.19
13,DCR,False,inf,0.0
13,DCR,True,16.0,76.22
13,DCR,True,11.0,51.19999999999999
13,DCR,False,inf,0.0
13,DCR,False,inf,0.0
13,DCR,True,27.0,139.67999999999998
13,DCR,True,30.0,154.71999999999997
13,DCR,False,inf,0.0
13,DCR,True,13.0,62.56999999999999
13,DCR,True,20.0,99.81999999999996
13,DCR,False,inf,0.0
13,DCR,True,5.0,22.330000000000002
13,DCR,False,inf,0.0
13,DCR,True,20.0,95.33
13,DCR,False,inf,0.0
13,DCR,False,inf,0.0
13,DCR,True,23.0,111.63999999999999
13,DCR,False,inf,0.0
13,DCR,True,14.0,67.87
13,DCR,False,inf,0.0
13,DCR,False,inf,0.0
13,DCR,False,inf,0.0
13,DCR,True,14.0,73.58000000000001
13,DCR,True,28.0,143.81
13,DCR,True,20.0,96.99999999999999
13,DCR,False,inf,0.0
13,DCR,True,13.0,62.56999999999999
13,DCR,False,inf,0.0
13,DCR,True,9.0,41.58999999999999
13,DCR,True,3.0,15.45
13,DCR,False,inf,0.0
13,DCR,True,31.0,167.10999999999996
13,DCR,True,17.0,87.47000000000001
13,DCR,True,12.0,60.06999999999999
13,DCR,True,4.0,19.96
13,DCR,False,inf,0.0
13,DCR,True,3.0,14.83
13,DCR,False,inf,0.0
13,DCR,True,2.0,4.95
13,DCR,False,inf,0.0
13,DCR,True,14.0,69.64000000000001
13,DCR,True,22.0,112.22999999999998
13,DCR,False,inf,0.0
13,DCR,True,29.0,151.03
13,DCR,True,26.0,128.32
13,DCR,True,7.0,26.11
13,DCR,True,5.0,21.71
13,DCR,True,25.0,125.94
13,DCR,True,2.0,4.76
13,DCR,True,9.0,51.63999999999999
13,DCR,False,inf,0.0
13,DCR,True,6.0,24.130000000000003
13,DCR,True,23.0,111.63999999999999
13,DCR,True,5.0,18.740000000000002
13,DCR,False,inf,0.0
13,DCR,False,inf,0.0
13,DCR,True,5.0,18.36
13,DCR,True,2.0,8.94
13,DCR,True,2.0,8.94
13,DCR,False,inf,0.0
13,DCR,True,8.0,45.32
13,DCR,True,17.0,78.65
13,DCR,True,21.0,102.95999999999998
13,DCR,False,inf,0.0
13,DCR,True,17.0,88.63
13,DCR,True,4.0,15.819999999999999
13,DCR,True,25.0,131.59999999999997
13,DCR,False,inf,0.0
13,DCR,False,inf,0.0
13,DCR,False,inf,0.0
13,DCR,True,9.0,46.34
13,DCR,False,inf,0.0
13,DCR,True,10.0,38.529999999999994
13,DCR,False,inf,0.0
13,DCR,True,12.0,62.91999999999999
13,DCR,True,7.0,30.21
13,DCR,False,inf,0.0
13,DCR,False,inf,0.0
13,DCR,True,14.0,69.8
13,DCR,True,8.0,30.929999999999996
13,DCR,True,17.0,81.41000000000001
13,DCR,False,inf,0.0
13,DCR,False,inf,0.0
13,DCR,False,inf,0.0
13,DCR,True,20.0,95.33
13,DCR,True,3.0,12.59
13,DCR,False,inf,0.0
13,DCR,True,17.0,78.65
13,DCR,True,11.0,60.33
13,DCR,False,inf,0.0
13,DCR,True,21.0,99.78999999999999
13,DCR,False,inf,0.0
13,DCR,False,inf,0.0
13,DCR,False,inf,0.0
13,DCR,True,10.0,44.800000000000004
13,DCR,False,inf,0.0
13,DCR,True,10.0,39.349999999999994
13,DCR,True,3.0,8.05
13,DCR,True,15.0,74.24000000000001
13,DCR,True,15.0,73.80999999999999
13,DCR,False,inf,0.0
13,DCR,False,inf,0.0
13,DCR,False,inf,0.0
13,DCR,True,10.0,57.21999999999999
13,DCR,True,19.0,99.96
13,DCR,False,inf,0.0
13,DCR,False,inf,0.0
13,DCR,True,10.0,48.50999999999999
13,DCR,False,inf,0.0
13,DCR,False,inf,0.0
13,DCR,False,inf,0.0
13,DCR,True,23.0,111.71000000000001
13,DCR,False,inf,0.0
13,DCR,True,10.0,47.79
13,DCR,False,inf,0.0
13,DCR,False,inf,0.0
13,DCR,False,inf,0.0
13,DCR,True,18.0,82.47999999999999
13,DCR,False,inf,0.0
13,DCR,True,4.0,20.46
13,DCR,True,15.0,84.76
13,DCR,True,7.0,27.42
13,DCR,False,inf,0.0
13,DCR,False,inf,0.0
13,DCR,True,18.0,91.24000000000001
13,DCR,True,25.0,125.10999999999999
13,DCR,False,inf,0.0
13,DCR,True,6.0,32.39
13,DCR,False,inf,0.0
13,DCR,True,10.0,53.74000000000001
13,DCR,False,inf,0.0
13,DCR,False,inf,0.0
13,DCR,False,inf,0.0
13,DCR,True,8.0,41.69
13,DCR,False,inf,0.0
13,DCR,True,6.0,22.24
13,DCR,True,12.0,55.83
13,DCR,True,20.0,95.67999999999999
13,DCR,True,1.0,2.84
13,DCR,True,27.0,135.13
13,DCR,True,36.0,190.77
13,CCR,True,31.0,148.14999999999998
13,CCR,False,inf,0.0
13,CCR,True,18.0,88.11999999999999
13,CCR,True,28.0,142.48
13,CCR,True,10.0,55.519999999999996
13,CCR,False,inf,0.0
13,CCR,True,20.0,95.9
13,CCR,True,14.0,58.769999999999996
13,CCR,False,inf,0.0
13,CCR,True,37.0,181.77000000000004
13,CCR,False,inf,0.0
13,CCR,True,7.0,38.94
13,CCR,False,inf,0.0
13,CCR,True,11.0,48.76999999999999
13,CCR,False,inf,0.0
13,CCR,True,11.0,51.580000000000005
13,CCR,True,18.0,89.67
13,CCR,True,13.0,60.180000000000014
13,CCR,False,inf,0.0
13,CCR,True,13.0,66.70000000000002
13,CCR,True,27.0,143.64
13,CCR,False,inf,0.0
13,CCR,False,inf,0.0
13,CCR,True,17.0,80.7
13,CCR,True,27.0,131.84
13,CCR,True,33.0,157.95999999999998
13,CCR,False,inf,0.0
13,CCR,False,inf,0.0
13,CCR,False,inf,0.0
13,CCR,True,12.0,48.050000000000004
13,CCR,True,11.0,38.45
13,CCR,True,15.0,63.440000000000005
13,CCR,True,6.0,28.11
13,CCR,False,inf,0.0
13,CCR,True,12.0,46.74
13,CCR,False,inf,0.0
13,CCR,True,7.0,32.169999999999995
13,CCR,True,21.0,108.92999999999999
13,CCR,True,38.0,200.41
13,CCR,False,inf,0.0
13,CCR,False,inf,0.0
13,CCR,False,inf,0.0
13,CCR,False,inf,0.0
13,CCR,True,19.0,84.53
13,CCR,False,inf,0.0
13,CCR,False,inf,0.0
13,CCR,False,inf,0.0
13,CCR,False,inf,0.0
13,CCR,False,inf,0.0
13,CCR,True,18.0,84.05
13,CCR,True,38.0,181.92999999999998
13,CCR,True,1.0,9.54
13,CCR,False,inf,0.0
13,CCR,True,15.0,73.64000000000001
13,CCR,True,2.0,10.45
13,CCR,True,19.0,95.58000000000001
13,CCR,True,24.0,117.58
13,CCR,True,1.0,1.29
13,CCR,False,inf,0.0
13,CCR,False,inf,0.0
13,CCR,True,19.0,89.2
13,CCR,True,13.0,66.93
13,CCR,False,inf,0.0
13,CCR,False,inf,0.0
13,CCR,False,inf,0.0
13,CCR,True,14.0,68.1
13,CCR,True,5.0,16.419999999999998
13,CCR,False,inf,0.0
13,CCR,False,inf,0.0
13,CCR,False,inf,0.0
13,CCR,True,4.0,13.969999999999999
13,CCR,True,17.0,86.61
13,CCR,False,inf,0.0
13,CCR,True,14.0,70.11
13,CCR,True,21.0,97.53000000000003
13,CCR,True,19.0,84.53
13,CCR,True,21.0,102.81000000000003
13,CCR,False,inf,0.0
13,CCR,True,18.0,80.17000000000002
13,CCR,True,16.0,83.14000000000001
13,CCR,True,19.0,87.28
13,CCR,True,25.0,118.91000000000001
13,CCR,True,19.0,90.21000000000001
13,CCR,False,inf,0.0
13,CCR,False,inf,0.0
13,CCR,True,1.0,2.38
13,CCR,True,24.0,119.40999999999998
13,CCR,False,inf,0.0
13,CCR,True,26.0,125.00000000000003
13,CCR,False,inf,0.0
13,CCR,True,12.0,58.98000000000001
13,CCR,True,35.0,165.91
13,CCR,False,inf,0.0
13,CCR,True,2.0,7.23
13,CCR,False,inf,0.0
13,CCR,False,inf,0.0
13,CCR,False,inf,0.0
13,CCR,False,inf,0.0
13,CCR,False,inf,0.0
13,CCR,True,9.0,45.66
13,CCR,False,inf,0.0
13,CCR,False,inf,0.0
13,CCR,True,6.0,22.529999999999998
13,CCR,True,36.0,180.38000000000002
13,CCR,False,inf,0.0
13,CCR,True,14.0,68.25
13,CCR,False,inf,0.0
13,CCR,True,10.0,52.91
13,CCR,True,13.0,63.51000000000001
13,CCR,False,inf,0.0
13,CCR,False,inf,0.0
13,CCR,False,inf,0.0
13,CCR,False,inf,0.0
13,CCR,True,9.0,27.130000000000003
13,CCR,True,29.0,132.72
13,CCR,False,inf,0.0
13,CCR,True,11.0,50.68999999999999
13,CCR,True,4.0,19.69
13,CCR,False,inf,0.0
13,CCR,False,inf,0.0
13,CCR,True,19.0,89.2
13,CCR,False,inf,0.0
13,CCR,False,inf,0.0
13,CCR,True,33.0,158.24999999999997
13,CCR,False,inf,0.0
13,CCR,False,inf,0.0
13,CCR,False,inf,0.0
13,CCR,True,5.0,22.310000000000002
13,CCR,True,14.0,69.99000000000001
13,CCR,True,28.0,122.85999999999999
13,CCR,False,inf,0.0
13,CCR,True,12.0,54.24
13,CCR,False,inf,0.0
13,CCR,True,2.0,4.71
13,CCR,False,inf,0.0
13,CCR,False,inf,0.0
13,CCR,False,inf,0.0
13,CCR,False,inf,0.0
13,CCR,True,7.0,39.769999999999996
13,CCR,False,inf,0.0
13,CCR,True,8.0,34.73
13,CCR,True,19.0,89.77000000000002
13,CCR,False,inf,0.0
13,CCR,True,31.0,147.70000000000002
13,CCR,True,4.0,16.54
13,CCR,True,27.0,126.89000000000003
13,CCR,True,7.0,27.59
13,CCR,True,16.0,78.77000000000002
13,CCR,True,13.0,59.49999999999999
13,CCR,True,2.0,9.91
13,CCR,True,24.0,115.58000000000003
13,CCR,False,inf,0.0
13,CCR,True,15.0,74.55000000000003
13,CCR,True,8.0,24.3
13,CCR,False,inf,0.0
13,CCR,False,inf,0.0
13,CCR,True,19.0,90.82000000000001
13,CCR,False,inf,0.0
13,CCR,True,15.0,59.540000000000006
13,CCR,True,23.0,116.36000000000003
13,CCR,True,5.0,12.129999999999999
13,CCR,True,5.0,17.27
13,CCR,True,4.0,13.22
13,CCR,True,10.0,52.91
13,CCR,True,13.0,65.36999999999999
13,CCR,False,inf,0.0
13,CCR,False,inf,0.0
13,CCR,True,28.0,126.73999999999998
13,CCR,True,27.0,135.36999999999998
13,CCR,False,inf,0.0
13,CCR,False,inf,0.0
13,CCR,False,inf,0.0
13,CCR,False,inf,0.0
13,CCR,False,inf,0.0
13,CCR,False,inf,0.0
13,CCR,True,13.0,49.75
13,CCR,True,19.0,93.61
13,CCR,True,1.0,3.29
13,CCR,False,inf,0.0
13,CCR,False,inf,0.0
13,CCR,True,21.0,97.23000000000002
13,CCR,True,10.0,49.68999999999999
13,CCR,True,16.0,77.83
13,CCR,False,inf,0.0
13,CCR,True,41.0,205.92999999999998
13,CCR,True,1.0,5.54
13,CCR,True,15.0,68.76
13,CCR,True,17.0,79.59000000000002
13,CCR,False,inf,0.0
13,CCR,False,inf,0.0
13,CCR,True,12.0,63.13
13,CCR,True,6.0,29.379999999999995
13,CCR,True,1.0,1.61
13,CCR,True,17.0,76.85000000000001
13,CCR,True,13.0,66.93
13,CCR,True,19.0,93.30000000000001
13,CCR,True,15.0,59.150000000000006
13,CCR,False,inf,0.0
13,CCR,False,inf,0.0
13,CCR,False,inf,0.0
13,CCR,True,31.0,163.48999999999998
13,CCR,True,3.0,11.149999999999999
13,CCR,False,inf,0.0
13,CCR,False,inf,0.0
13,CCR,False,inf,0.0
13,CCR,False,inf,0.0
13,CCR,True,12.0,56.83000000000001
13,CCR,True,12.0,62.449999999999996
13,CCR,False,inf,0.0
13,CCR,True,15.0,75.82000000000001
13,CCR,False,inf,0.0
13,CCR,True,14.0,64.03
13,CCR,False,inf,0.0
13,CCR,False,inf,0.0
13,CCR,False,inf,0.0
13,CCR,True,9.0,46.16
13,CCR,False,inf,0.0
13,CCR,True,23.0,113.98000000000003
13,CCR,False,inf,0.0
13,CCR,True,9.0,46.3
13,CCR,True,17.0,87.36999999999999
13,CCR,True,22.0,104.44999999999999
13,CCR,True,7.0,29.65
13,CCR,False,inf,0.0
13,CCR,True,17.0,78.39000000000001
13,CCR,True,2.0,3.27
13,CCR,False,inf,0.0
13,CCR,False,inf,0.0
13,CCR,False,inf,0.0
13,CCR,False,inf,0.0
13,CCR,True,19.0,90.67000000000002
13,CCR,False,inf,0.0
13,CCR,True,5.0,14.790000000000003
13,CCR,True,21.0,98.91
13,CCR,False,inf,0.0
13,CCR,False,inf,0.0
13,CCR,True,3.0,16.49
13,CCR,False,inf,0.0
13,CCR,False,inf,0.0
13,CCR,True,7.0,31.14
13,CCR,False,inf,0.0
13,CCR,True,3.0,12.22
13,CCR,True,8.0,38.519999999999996
13,CCR,False,inf,0.0
13,CCR,False,inf,0.0
13,CCR,False,inf,0.0
13,CCR,True,25.0,124.5
13,CCR,True,28.0,128.83
13,CCR,False,inf,0.0
13,CCR,False,inf,0.0
13,CCR,True,16.0,72.96999999999998
13,CCR,True,2.0,12.84
13,CCR,True,19.0,93.54000000000002
13,CCR,True,23.0,112.3
13,CCR,False,inf,0.0
13,CCR,True,25.0,122.42999999999998
13,CCR,True,12.0,52.77000000000001
13,CCR,True,15.0,70.99000000000001
13,CCR,True,28.0,128.83
13,CCR,True,26.0,128.02999999999997
13,CCR,False,inf,0.0
13,CCR,False,inf,0.0
13,CCR,False,inf,0.0
13,CCR,False,inf,0.0
13,CCR,True,2.0,4.71
13,CCR,True,17.0,78.39000000000001
13,CCR,True,10.0,47.82
13,CCR,True,16.0,75.64000000000001
13,CCR,True,23.0,118.54
13,CCR,True,9.0,48.4
13,CCR,True,12.0,54.24
13,CCR,True,11.0,51.61999999999999
13,CCR,True,35.0,177.12999999999997
13,CCR,False,inf,0.0
13,CCR,True,20.0,98.34
13,CCR,False,inf,0.0
13,CCR,True,8.0,42.79
13,CCR,True,8.0,43.0
13,CCR,True,8.0,37.41
13,CCR,True,29.0,137.60000000000002
13,CCR,True,11.0,38.45
13,CCR,True,19.0,84.89
13,CCR,True,29.0,135.91
13,CCR,True,17.0,84.58999999999999
13,CCR,True,26.0,125.94999999999997
13,CCR,True,35.0,177.14
13,CCR,True,7.0,33.19
13,CCR,True,21.0,101.39
13,CCR,False,inf,0.0
13,CCR,False,inf,0.0
13,CCR,False,inf,0.0
13,CCR,False,inf,0.0
13,CCR,False,inf,0.0
13,CCR,True,16.0,78.77000000000002
13,CCR,False,inf,0.0
13,CCR,False,inf,0.0
13,CCR,False,inf,0.0
13,CCR,False,inf,0.0
13,CCR,False,inf,0.0
13,CCR,True,20.0,93.04
13,CCR,True,16.0,66.28
13,CCR,True,7.0,34.589999999999996
13,CCR,True,12.0,56.83000000000001
13,CCR,False,inf,0.0
13,CCR,False,inf,0.0
13,CCR,True,18.0,81.49000000000001
13,CCR,False,inf,0.0
13,CCR,True,13.0,63.95000000000001
13,CCR,False,inf,0.0
13,CCR,False,inf,0.0
13,CCR,False,inf,0.0
13,CCR,True,13.0,59.050000000000004
13,CCR,False,inf,0.0
13,CCR,False,inf,0.0
13,CCR,True,10.0,48.660000000000004
13,CCR,False,inf,0.0
13,CCR,False,inf,0.0
13,CCR,False,inf,0.0
13,CCR,True,12.0,51.480000000000004
13,CCR,False,inf,0.0
13,CCR,True,20.0,92.73
13,CCR,True,20.0,91.31
13,CCR,True,1.0,9.54
13,CCR,True,18.0,89.66
13,CCR,True,17.0,82.95
13,CCR,False,inf,0.0
13,CCR,True,16.0,67.25
13,CCR,False,inf,0.0
13,CCR,False,inf,0.0
13,CCR,True,20.0,103.37
13,CCR,False,inf,0.0
13,CCR,True,16.0,74.91
13,CCR,True,9.0,30.770000000000003
13,CCR,True,15.0,61.69
13,CCR,True,13.0,59.88000000000001
13,CCR,True,3.0,13.479999999999999
13,CCR,False,inf,0.0
13,CCR,True,10.0,57.71
13,CCR,False,inf,0.0
13,CCR,False,inf,0.0
13,CCR,False,inf,0.0
13,CCR,False,inf,0.0
13,CCR,True,5.0,21.22
13,CCR,False,inf,0.0
13,CCR,True,4.0,15.96
13,CCR,True,6.0,31.09
13,CCR,False,inf,0.0
13,CCR,False,inf,0.0
13,CCR,True,4.0,9.299999999999999
13,CCR,True,24.0,117.13000000000001
13,CCR,True,4.0,18.48
13,CCR,True,7.0,30.979999999999997
13,CCR,True,18.0,90.18999999999998
13,CCR,False,inf,0.0
13,CCR,False,inf,0.0
13,CCR,True,40.0,204.04
13,CCR,False,inf,0.0
13,CCR,False,inf,0.0
13,CCR,True,21.0,96.72999999999999
13,CCR,False,inf,0.0
13,CCR,False,inf,0.0
13,CCR,False,inf,0.0
13,CCR,True,16.0,80.16000000000003
13,CCR,True,15.0,68.27000000000001
13,CCR,True,27.0,127.74
13,CCR,False,inf,0.0
13,CCR,True,17.0,78.17000000000003
13,CCR,False,inf,0.0
13,CCR,False,inf,0.0
13,CCR,True,2.0,2.88
13,CCR,True,18.0,83.41
13,CCR,False,inf,0.0
13,CCR,False,inf,0.0
13,CCR,True,16.0,69.64
13,CCR,True,17.0,82.19
13,CCR,True,15.0,74.42999999999999
13,CCR,True,5.0,14.790000000000003
13,CCR,False,inf,0.0
13,CCR,False,inf,0.0
13,CCR,False,inf,0.0
13,CCR,True,2.0,7.23
13,CCR,True,19.0,89.77000000000002
13,CCR,False,inf,0.0
13,CCR,True,15.0,68.27000000000001
13,CCR,True,11.0,45.45
13,CCR,True,19.0,89.82000000000002
13,CCR,False,inf,0.0
13,CCR,False,inf,0.0
13,CCR,False,inf,0.0
13,CCR,False,inf,0.0
13,CCR,True,20.0,91.36000000000001
13,CCR,False,inf,0.0
13,CCR,True,20.0,101.23
13,CCR,False,inf,0.0
13,CCR,False,inf,0.0
13,CCR,True,3.0,11.149999999999999
13,CCR,True,3.0,10.120000000000001
13,CCR,False,inf,0.0
13,CCR,True,25.0,118.91000000000001
13,CCR,True,6.0,27.71
13,CCR,False,inf,0.0
13,CCR,True,4.0,20.3
13,CCR,False,inf,0.0
13,CCR,True,30.0,143.21
13,CCR,False,inf,0.0
13,CCR,True,4.0,13.719999999999999
13,CCR,True,19.0,92.15000000000002
13,CCR,False,inf,0.0
13,CCR,True,16.0,76.39000000000003
13,CCR,False,inf,0.0
13,CCR,False,inf,0.0
13,CCR,False,inf,0.0
13,CCR,False,inf,0.0
13,CCR,True,22.0,115.07000000000001
13,CCR,True,39.0,202.37
13,CCR,True,21.0,101.90000000000003
13,CCR,True,10.0,54.870000000000005
13,CCR,True,18.0,85.71
13,CCR,True,32.0,156.35999999999999
13,CCR,True,16.0,69.64
13,CCR,True,32.0,152.81
13,CCR,False,inf,0.0
13,CCR,False,inf,0.0
13,CCR,True,17.0,82.95
13,CCR,False,inf,0.0
13,CCR,True,31.0,157.36999999999998
13,CCR,True,30.0,153.93999999999997
13,CCR,False,inf,0.0
13,CCR,True,10.0,44.76999999999999
13,CCR,True,18.0,83.89
13,CCR,False,inf,0.0
13,CCR,True,11.0,41.45
13,CCR,True,18.0,85.76000000000002
13,CCR,False,inf,0.0
13,CCR,False,inf,0.0
13,CCR,False,inf,0.0
13,CCR,False,inf,0.0
13,CCR,False,inf,0.0
13,CCR,True,10.0,47.35
13,CCR,True,16.0,76.66
13,CCR,False,inf,0.0
13,CCR,True,18.0,81.46000000000002
13,CCR,False,inf,0.0
13,CCR,False,inf,0.0
13,CCR,False,inf,0.0
13,CCR,True,34.0,167.39
13,CCR,True,6.0,24.31
13,CCR,False,inf,0.0
13,CCR,False,inf,0.0
13,CCR,True,3.0,13.75
13,CCR,False,inf,0.0
13,CCR,False,inf,0.0
13,CCR,False,inf,0.0
13,CCR,True,9.0,38.92
13,CCR,True,29.0,139.47
13,CCR,True,12.0,51.03
13,CCR,True,11.0,57.64
13,CCR,True,20.0,92.56000000000002
13,CCR,True,13.0,49.36
13,CCR,True,2.0,4.69
13,CCR,True,1.0,4.13
13,CCR,False,inf,0.0
13,CCR,False,inf,0.0
13,CCR,False,inf,0.0
13,CCR,True,35.0,157.48000000000002
13,CCR,False,inf,0.0
13,CCR,True,1.0,3.1
13,CCR,True,2.0,9.5
13,CCR,True,16.0,75.7
13,CCR,False,inf,0.0
13,CCR,True,10.0,32.45
13,CCR,False,inf,0.0
13,CCR,False,inf,0.0
13,CCR,True,24.0,130.71
13,CCR,False,inf,0.0
13,CCR,True,22.0,102.67999999999999
13,CCR,True,10.0,44.58
13,CCR,True,19.0,93.61
13,CCR,True,2.0,5.85
13,CCR,True,8.0,43.83
13,CCR,True,17.0,75.13
13,CCR,False,inf,0.0
13,CCR,False,inf,0.0
13,CCR,True,19.0,89.02000000000001
13,CCR,True,4.0,12.37
13,CCR,True,20.0,97.97
13,CCR,True,20.0,91.65
13,CCR,True,1.0,7.25
13,CCR,False,inf,0.0
13,CCR,True,18.0,89.65
13,CCR,True,24.0,117.3
13,CCR,True,29.0,137.17000000000002
13,CCR,False,inf,0.0
13,CCR,True,32.0,149.48999999999998
13,CCR,True,14.0,62.699999999999996
13,CCR,False,inf,0.0
13,CCR,True,23.0,116.36999999999998
13,CCR,False,inf,0.0
13,CCR,False,inf,0.0
13,CCR,True,17.0,81.97999999999999
13,CCR,True,33.0,157.95999999999998
13,CCR,False,inf,0.0
13,CCR,True,3.0,12.36
13,CCR,True,6.0,19.89
13,CCR,True,17.0,76.85000000000001
13,CCR,True,16.0,75.73
13,CCR,False,inf,0.0
13,CCR,False,inf,0.0
13,CCR,False,inf,0.0
13,CCR,False,inf,0.0
13,CCR,True,22.0,117.99000000000001
13,CCR,False,inf,0.0
13,CCR,True,14.0,72.78000000000002
13,CCR,True,15.0,68.56
13,CCR,True,6.0,14.879999999999999
13,CCR,True,2.0,5.08
13,CCR,True,13.0,62.160000000000004
13,CCR,True,21.0,98.72000000000003
13,CCR,True,2.0,9.05
13,CCR,True,13.0,58.769999999999996
13,CCR,False,inf,0.0
13,CCR,True,21.0,98.91
13,CCR,False,inf,0.0
13,CCR,True,23.0,107.53999999999999
13,CCR,False,inf,0.0
13,CCR,False,inf,0.0
13,CCR,False,inf,0.0
13,CCR,False,inf,0.0
13,CCR,False,inf,0.0
13,CCR,False,inf,0.0
13,CCR,False,inf,0.0
13,CCR,False,inf,0.0
13,CCR,False,inf,0.0
13,CCR,True,30.0,146.07
13,CCR,True,5.0,23.37
13,CCR,True,16.0,74.3
13,CCR,True,5.0,21.22
13,CCR,True,11.0,49.23
13,CCR,True,26.0,124.99000000000001
13,CCR,False,inf,0.0
13,CCR,True,11.0,49.620000000000005
13,CCR,False,inf,0.0
13,CCR,True,23.0,113.98000000000003
13,CCR,False,inf,0.0
13,CCR,True,12.0,48.650000000000006
13,CCR,True,6.0,30.229999999999997
13,CCR,False,inf,0.0
13,CCR,True,12.0,53.42000000000001
13,CCR,True,25.0,128.42999999999998
13,CCR,False,inf,0.0
13,CCR,True,3.0,9.68
13,CCR,True,38.0,198.44
13,CCR,True,9.0,45.66
13,CCR,False,inf,0.0
13,CCR,False,inf,0.0
13,CCR,True,26.0,128.32
13,CCR,False,inf,0.0
13,CCR,True,3.0,11.59
13,CCR,True,3.0,10.120000000000001
13,CCR,True,11.0,50.09
13,CCR,True,15.0,67.13000000000001
13,CCR,False,inf,0.0
13,CCR,False,inf,0.0
13,CCR,True,22.0,115.15
13,CCR,False,inf,0.0
13,CCR,False,inf,0.0
13,CCR,True,23.0,120.63000000000001
13,CCR,False,inf,0.0
13,CCR,True,21.0,110.92999999999999
13,CCR,True,14.0,69.86
13,CCR,True,21.0,101.75
13,CCR,True,23.0,114.75
13,CCR,True,16.0,76.93000000000002
13,CCR,True,12.0,57.89
13,CCR,True,26.0,141.45
13,CCR,False,inf,0.0
13,CCR,False,inf,0.0
13,CCR,True,24.0,104.58999999999999
13,CCR,True,6.0,29.379999999999995
13,CCR,True,12.0,51.69999999999999
13,CCR,False,inf,0.0
13,CCR,False,inf,0.0
13,CCR,False,inf,0.0
13,CCR,True,17.0,78.91
13,CCR,True,19.0,90.42999999999999
13,CCR,True,1.0,8.0
13,CCR,True,5.0,19.7
13,CCR,True,11.0,41.660000000000004
13,CCR,True,9.0,30.900000000000002
13,CCR,True,31.0,163.48999999999998
13,CCR,True,2.0,7.23
13,CCR,False,inf,0.0
13,CCR,False,inf,0.0
13,CCR,True,6.0,26.61
13,CCR,True,16.0,79.72000000000003
13,CCR,True,2.0,9.05
13,CCR,True,20.0,92.85000000000002
13,CCR,True,14.0,66.52000000000001
13,CCR,False,inf,0.0
13,CCR,False,inf,0.0
13,CCR,False,inf,0.0
13,CCR,False,inf,0.0
13,CCR,True,15.0,59.3
13,CCR,True,5.0,16.419999999999998
13,CCR,True,10.0,32.06
13,CCR,False,inf,0.0
13,CCR,False,inf,0.0
13,CCR,True,16.0,68.42
13,CCR,False,inf,0.0
13,CCR,False,inf,0.0
13,CCR,True,30.0,139.39
13,CCR,True,22.0,115.51
13,CCR,True,20.0,97.04
13,CCR,True,11.0,50.39000000000001
13,CCR,False,inf,0.0
13,CCR,True,15.0,78.42
13,CCR,False,inf,0.0
13,CCR,False,inf,0.0
13,CCR,True,23.0,104.45
13,CCR,True,31.0,163.48999999999998
13,CCR,True,20.0,91.36000000000001
13,CCR,False,inf,0.0
13,CCR,False,inf,0.0
13,CCR,False,inf,0.0
13,CCR,False,inf,0.0
13,CCR,True,17.0,82.46000000000002
13,CCR,False,inf,0.0
13,CCR,False,inf,0.0
13,CCR,True,13.0,65.27
13,CCR,True,25.0,124.45
13,CCR,True,9.0,36.629999999999995
13,CCR,True,12.0,58.34000000000001
13,CCR,False,inf,0.0
13,CCR,True,5.0,22.080000000000002
13,CCR,True,13.0,65.36999999999999
13,CCR,True,15.0,74.12000000000002
13,CCR,True,15.0,72.93000000000002
13,CCR,True,25.0,118.91000000000001
13,CCR,True,24.0,116.36000000000001
13,CCR,True,8.0,47.21
13,CCR,True,20.0,101.23
13,CCR,False,inf,0.0
13,CCR,True,14.0,69.15
13,CCR,False,inf,0.0
13,CCR,False,inf,0.0
13,CCR,False,inf,0.0
13,CCR,True,10.0,45.5
13,CCR,False,inf,0.0
13,CCR,True,13.0,61.85000000000001
13,CCR,False,inf,0.0
13,CCR,True,22.0,101.46
13,CCR,True,4.0,13.969999999999999
13,CCR,False,inf,0.0
13,CCR,True,20.0,100.27
13,CCR,False,inf,0.0
13,CCR,False,inf,0.0
13,CCR,False,inf,0.0
13,CCR,True,16.0,72.75
13,CCR,False,inf,0.0
13,CCR,False,inf,0.0
13,CCR,False,inf,0.0
13,CCR,True,17.0,82.76000000000002
13,CCR,False,inf,0.0
13,CCR,True,12.0,53.900000000000006
13,CCR,False,inf,0.0
13,CCR,False,inf,0.0
13,CCR,False,inf,0.0
13,CCR,False,inf,0.0
13,CCR,True,22.0,104.35000000000002
13,CCR,True,24.0,121.42
13,CCR,True,8.0,38.65
13,CCR,True,30.0,153.93999999999997
13,CCR,True,8.0,29.89
13,CCR,True,21.0,99.91000000000003
13,CCR,False,inf,0.0
13,CCR,False,inf,0.0
13,CCR,False,inf,0.0
13,CCR,True,7.0,34.29
13,CCR,False,inf,0.0
13,CCR,False,inf,0.0
13,CCR,True,18.0,87.93000000000002
13,CCR,False,inf,0.0
13,CCR,False,inf,0.0
13,CCR,True,23.0,105.22999999999999
13,CCR,False,inf,0.0
13,CCR,False,inf,0.0
13,CCR,True,14.0,59.49
13,CCR,True,14.0,61.75
13,CCR,True,22.0,108.27000000000002
13,CCR,False,inf,0.0
13,CCR,False,inf,0.0
13,CCR,True,5.0,15.899999999999999
13,CCR,False,inf,0.0
13,CCR,True,14.0,61.75
13,CCR,True,1.0,6.85
13,CCR,False,inf,0.0
13,CCR,False,inf,0.0
13,CCR,True,22.0,117.99000000000001
13,CCR,False,inf,0.0
13,CCR,True,20.0,98.27
13,CCR,False,inf,0.0
13,CCR,True,31.0,149.4
13,CCR,False,inf,0.0
13,CCR,False,inf,0.0
13,CCR,False,inf,0.0
13,CCR,True,22.0,115.51
13,CCR,True,12.0,47.13
13,CCR,True,5.0,28.02
13,CCR,True,7.0,36.08
13,CCR,True,13.0,61.37000000000001
13,CCR,True,12.0,62.54999999999999
13,CCR,True,21.0,106.37
13,CCR,True,4.0,20.27
13,CCR,True,15.0,79.38
13,CCR,False,inf,0.0
13,CCR,False,inf,0.0
13,CCR,True,20.0,102.16
13,CCR,False,inf,0.0
13,CCR,True,24.0,115.58000000000003
13,CCR,True,4.0,16.35
13,CCR,True,12.0,53.900000000000006
13,CCR,True,11.0,56.39999999999999
13,CCR,True,2.0,10.45
13,CCR,True,2.0,13.86
13,CCR,True,20.0,100.45
13,CCR,True,23.0,124.48
13,CCR,False,inf,0.0
13,CCR,True,26.0,112.39
13,CCR,True,11.0,41.660000000000004
13,CCR,False,inf,0.0
13,CCR,False,inf,0.0
13,CCR,False,inf,0.0
13,CCR,True,14.0,55.49
13,CCR,True,19.0,84.89
13,CCR,True,34.0,167.37999999999997
13,CCR,True,13.0,61.37000000000001
13,CCR,False,inf,0.0
13,CCR,False,inf,0.0
13,CCR,False,inf,0.0
13,CCR,True,16.0,77.83
13,CCR,False,inf,0.0
13,CCR,False,inf,0.0
13,CCR,True,22.0,112.14000000000003
13,CCR,False,inf,0.0
13,CCR,True,12.0,58.67
13,CCR,False,inf,0.0
13,CCR,False,inf,0.0
13,CCR,True,20.0,103.58
13,CCR,False,inf,0.0
13,CCR,False,inf,0.0
13,CCR,True,29.0,130.26
13,CCR,True,24.0,118.0
13,CCR,False,inf,0.0
13,CCR,False,inf,0.0
13,CCR,True,20.0,100.45
13,CCR,False,inf,0.0
13,CCR,True,16.0,68.21000000000001
13,CCR,False,inf,0.0
13,CCR,False,inf,0.0
13,CCR,False,inf,0.0
13,CCR,False,inf,0.0
13,CCR,False,inf,0.0
13,CCR,True,23.0,116.26
13,CCR,True,6.0,32.949999999999996
13,CCR,False,inf,0.0
13,CCR,True,6.0,27.200000000000003
13,CCR,False,inf,0.0
13,CCR,True,25.0,119.68
13,CCR,True,24.0,123.53999999999999
13,CCR,True,8.0,42.839999999999996
13,CCR,False,inf,0.0
13,CCR,True,13.0,62.160000000000004
13,CCR,False,inf,0.0
13,CCR,False,inf,0.0
13,CCR,True,7.0,31.619999999999997
13,CCR,True,34.0,155.59000000000003
13,CCR,True,36.0,168.1
13,CCR,False,inf,0.0
13,CCR,False,inf,0.0
13,CCR,False,inf,0.0
13,CCR,True,16.0,76.85000000000002
13,CCR,True,9.0,47.38999999999999
13,CCR,False,inf,0.0
13,CCR,True,4.0,18.55
13,CCR,False,inf,0.0
13,CCR,False,inf,0.0
13,CCR,False,inf,0.0
13,CCR,False,inf,0.0
13,CCR,False,inf,0.0
13,CCR,False,inf,0.0
13,CCR,False,inf,0.0
13,CCR,True,22.0,107.75
13,CCR,False,inf,0.0
13,CCR,False,inf,0.0
13,CCR,False,inf,0.0
13,CCR,True,20.0,93.04
13,CCR,True,14.0,59.49
13,CCR,False,inf,0.0
13,CCR,True,17.0,82.19
13,CCR,True,10.0,41.190000000000005
13,CCR,True,20.0,98.88000000000001
13,CCR,True,11.0,43.81
13,CCR,False,inf,0.0
13,CCR,False,inf,0.0
13,CCR,False,inf,0.0
13,CCR,False,inf,0.0
13,CCR,True,3.0,8.18
13,CCR,False,inf,0.0
13,CCR,True,12.0,57.23999999999999
13,CCR,False,inf,0.0
13,CCR,True,8.0,38.519999999999996
13,CCR,False,inf,0.0
13,CCR,False,inf,0.0
13,CCR,True,14.0,62.99999999999999
13,CCR,False,inf,0.0
13,CCR,True,7.0,33.209999999999994
13,CCR,True,10.0,32.45
13,CCR,False,inf,0.0
13,CCR,False,inf,0.0
13,CCR,False,inf,0.0
13,CCR,False,inf,0.0
13,CCR,True,6.0,32.019999999999996
13,CCR,True,19.0,97.97999999999999
13,CCR,True,2.0,12.36
13,CCR,True,19.0,92.83
13,CCR,True,15.0,68.56
13,CCR,False,inf,0.0
13,CCR,True,8.0,41.78
13,CCR,False,inf,0.0
13,CCR,False,inf,0.0
13,CCR,False,inf,0.0
13,CCR,False,inf,0.0
13,CCR,True,5.0,25.599999999999998
13,CCR,False,inf,0.0
13,CCR,False,inf,0.0
13,CCR,False,inf,0.0
13,CCR,False,inf,0.0
13,CCR,False,inf,0.0
13,CCR,True,7.0,33.19
13,CCR,False,inf,0.0
13,CCR,True,4.0,16.54
13,CCR,False,inf,0.0
13,CCR,False,inf,0.0
13,CCR,True,2.0,6.63
13,CCR,True,16.0,80.72
13,CCR,True,7.0,31.14
13,CCR,True,23.0,116.36000000000003
13,CCR,True,30.0,143.21
13,CCR,False,inf,0.0
13,CCR,True,27.0,140.1
13,CCR,True,16.0,71.76
13,CCR,False,inf,0.0
13,CCR,False,inf,0.0
13,CCR,True,5.0,23.12
13,CCR,True,24.0,117.03999999999999
13,CCR,True,12.0,46.53
13,CCR,False,inf,0.0
13,CCR,True,14.0,57.459999999999994
13,CCR,True,12.0,55.11
13,CCR,True,7.0,36.7
13,CCR,True,9.0,31.500000000000004
13,CCR,True,36.0,161.23999999999995
13,CCR,True,18.0,87.67000000000002
13,CCR,True,30.0,153.93999999999997
13,CCR,True,27.0,119.78
13,CCR,True,2.0,8.26
13,CCR,True,7.0,38.94
13,CCR,False,inf,0.0
13,CCR,True,3.0,8.18
13,CCR,False,inf,0.0
13,CCR,False,inf,0.0
13,CCR,False,inf,0.0
13,CCR,False,inf,0.0
13,CCR,False,inf,0.0
13,CCR,True,29.0,139.47
13,CCR,False,inf,0.0
13,CCR,False,inf,0.0
13,CCR,True,25.0,112.62000000000002
13,CCR,False,inf,0.0
13,CCR,False,inf,0.0
13,CCR,False,inf,0.0
13,CCR,False,inf,0.0
13,CCR,True,26.0,130.53
13,CCR,True,17.0,82.19
13,CCR,True,20.0,91.31
13,CCR,False,inf,0.0
13,CCR,False,inf,0.0
13,CCR,True,2.0,3.27
13,CCR,False,inf,0.0
13,CCR,True,13.0,61.85000000000001
13,CCR,False,inf,0.0
13,CCR,True,24.0,115.42999999999999
13,CCR,False,inf,0.0
13,CCR,False,inf,0.0
13,CCR,False,inf,0.0
13,CCR,True,3.0,8.31
13,CCR,True,1.0,1.09
13,CCR,False,inf,0.0
13,CCR,True,14.0,57.86000000000001
13,CCR,True,12.0,49.35
13,CCR,True,23.0,116.36000000000003
13,CCR,True,5.0,27.869999999999997
13,CCR,False,inf,0.0
13,CCR,False,inf,0.0
13,CCR,True,15.0,73.64000000000003
13,CCR,True,38.0,198.44
13,CCR,False,inf,0.0
13,CCR,True,12.0,54.309999999999995
13,CCR,True,8.0,39.97
13,CCR,True,7.0,33.19
13,CCR,False,inf,0.0
13,CCR,True,8.0,39.04
13,CCR,True,25.0,123.74000000000001
13,CCR,True,20.0,94.78000000000003
13,CCR,False,inf,0.0
13,CCR,False,inf,0.0
13,CCR,True,14.0,57.69
13,CCR,True,19.0,93.61
13,CCR,True,10.0,47.68999999999999
13,CCR,False,inf,0.0
13,CCR,False,inf,0.0
13,CCR,True,1.0,5.92
13,CCR,True,17.0,77.02
13,CCR,False,inf,0.0
13,CCR,True,17.0,89.74000000000001
13,CCR,True,12.0,56.00999999999999
13,CCR,True,3.0,10.27
13,CCR,False,inf,0.0
13,CCR,False,inf,0.0
13,CCR,True,3.0,10.19
13,CCR,True,12.0,46.53
13,CCR,True,11.0,47.04
13,CCR,False,inf,0.0
13,CCR,True,17.0,82.19
13,CCR,False,inf,0.0
13,CCR,True,33.0,163.86999999999998
13,CCR,True,12.0,57.36999999999999
13,CCR,False,inf,0.0
13,CCR,True,8.0,34.73
13,CCR,True,18.0,91.06
13,CCR,True,4.0,13.74
13,CCR,False,inf,0.0
13,CCR,False,inf,0.0
13,CCR,False,inf,0.0
13,CCR,False,inf,0.0
13,CCR,True,3.0,9.87
13,CCR,False,inf,0.0
13,CCR,False,inf,0.0
13,CCR,True,10.0,44.76999999999999
13,CCR,False,inf,0.0
13,CCR,False,inf,0.0
13,CCR,False,inf,0.0
13,CCR,True,2.0,7.23
13,CCR,True,17.0,89.74000000000001
13,CCR,False,inf,0.0
13,CCR,False,inf,0.0
13,CCR,True,14.0,70.11
13,CCR,True,32.0,161.86999999999995
13,CCR,True,26.0,124.71999999999998
13,CCR,True,17.0,76.81
13,CCR,True,17.0,77.94000000000001
13,CCR,False,inf,0.0
13,CCR,True,38.0,193.4
13,CCR,True,9.0,43.86
13,CCR,True,6.0,24.889999999999997
13,CCR,True,18.0,80.62000000000002
13,CCR,False,inf,0.0
13,CCR,True,11.0,45.45
13,CCR,False,inf,0.0
13,CCR,True,5.0,25.15
13,CCR,False,inf,0.0
13,CCR,False,inf,0.0
13,CCR,False,inf,0.0
13,CCR,False,inf,0.0
13,CCR,True,2.0,8.49
13,CCR,True,16.0,78.06000000000002
13,CCR,False,inf,0.0
13,CCR,True,28.0,136.21
13,CCR,False,inf,0.0
13,CCR,True,8.0,32.08
13,CCR,True,23.0,116.36000000000003
13,CCR,False,inf,0.0
13,CCR,False,inf,0.0
13,CCR,True,12.0,57.89
13,CCR,True,22.0,107.99000000000001
13,CCR,True,10.0,54.99999999999999
13,CCR,True,14.0,71.83000000000001
13,CCR,False,inf,0.0
13,CCR,True,23.0,116.36999999999998
13,CCR,True,31.0,141.27999999999997
13,CCR,False,inf,0.0
13,CCR,True,18.0,84.48
13,CCR,False,inf,0.0
13,CCR,True,21.0,98.94000000000003
13,CCR,False,inf,0.0
13,CCR,True,12.0,51.69999999999999
13,CCR,False,inf,0.0
13,CCR,True,15.0,68.56
13,CCR,False,inf,0.0
13,CCR,False,inf,0.0
