seed,method,delivered,hops,delay
42,BCR,True,20.0,126.28
42,BCR,False,inf,0.0
42,BCR,True,38.0,203.45
42,BCR,True,5.0,26.7
42,BCR,True,22.0,117.2
42,BCR,False,inf,0.0
42,BCR,False,inf,0.0
42,BCR,False,inf,0.0
42,BCR,False,inf,0.0
42,BCR,False,inf,0.0
42,BCR,True,30.0,174.79
42,BCR,True,12.0,71.65
42,BCR,False,inf,0.0
42,BCR,True,13.0,68.5
42,BCR,True,16.0,81.07000000000001
42,BCR,True,6.0,29.27
42,BCR,True,31.0,174.85
42,BCR,False,inf,0.0
42,BCR,True,35.0,194.53
42,BCR,False,inf,0.0
42,BCR,True,35.0,177.74
42,BCR,True,17.0,97.36
42,BCR,True,2.0,18.810000000000002
42,BCR,True,27.0,156.41
42,BCR,False,inf,0.0
42,BCR,True,13.0,66.12
42,BCR,True,26.0,143.4
42,BCR,True,22.0,119.48
42,BCR,True,32.0,183.88
42,BCR,False,inf,0.0
42,BCR,False,inf,0.0
42,BCR,True,18.0,107.19
42,BCR,True,10.0,60.44
42,BCR,True,17.0,93.11
42,BCR,True,20.0,113.77
42,BCR,True,4.0,25.240000000000002
42,BCR,False,inf,0.0
42,BCR,False,inf,0.0
42,BCR,True,9.0,63.99
42,BCR,True,18.0,95.56
42,BCR,True,2.0,17.509999999999998
42,BCR,True,28.0,164.6
42,BCR,False,inf,0.0
42,BCR,False,inf,0.0
42,BCR,True,13.0,67.56
42,BCR,False,inf,0.0
42,BCR,True,21.0,118.15
42,BCR,True,7.0,40.93
42,BCR,False,inf,0.0
42,BCR,True,11.0,60.21
42,BCR,False,inf,0.0
42,BCR,True,17.0,92.64
42,BCR,True,19.0,106.97
42,BCR,False,inf,0.0
42,BCR,True,20.0,108.2
42,BCR,True,6.0,30.12
42,BCR,False,inf,0.0
42,BCR,True,11.0,66.5
42,BCR,True,20.0,104.23
42,BCR,False,inf,0.0
42,BCR,False,inf,0.0
42,BCR,False,inf,0.0
42,BCR,False,inf,0.0
42,BCR,True,12.0,73.58
42,BCR,False,inf,0.0
42,BCR,True,2.0,7.93
42,BCR,True,31.0,174.42
42,BCR,True,32.0,166.77
42,BCR,True,11.0,63.42
42,BCR,True,21.0,115.21000000000001
42,BCR,False,inf,0.0
42,BCR,True,14.0,82.31
42,BCR,True,7.0,51.81
42,BCR,False,inf,0.0
42,BCR,False,inf,0.0
42,BCR,True,8.0,47.13
42,BCR,True,21.0,132.67000000000002
42,BCR,True,22.0,120.86
42,BCR,True,23.0,124.78
42,BCR,True,26.0,147.86
42,BCR,False,inf,0.0
42,BCR,False,inf,0.0
42,BCR,True,19.0,104.74
42,BCR,True,27.0,155.16
42,BCR,True,33.0,178.93
42,BCR,True,25.0,142.71
42,BCR,True,30.0,173.84
42,BCR,False,inf,0.0
42,BCR,False,inf,0.0
42,BCR,True,1.0,1.88
42,BCR,True,1.0,4.27
42,BCR,True,35.0,179.79
42,BCR,True,9.0,56.44
42,BCR,True,5.0,21.25
42,BCR,False,inf,0.0
42,BCR,False,inf,0.0
42,BCR,True,22.0,122.79
42,BCR,True,21.0,119.79
42,BCR,True,35.0,201.89000000000001
42,BCR,True,7.0,41.08
42,BCR,False,inf,0.0
42,BCR,True,30.0,174.68
42,BCR,False,inf,0.0
42,BCR,True,5.0,34.9
42,BCR,False,inf,0.0
42,BCR,False,inf,0.0
42,BCR,True,1.0,9.37
42,BCR,True,19.0,102.66
42,BCR,True,13.0,73.65
42,BCR,False,inf,0.0
42,BCR,False,inf,0.0
42,BCR,False,inf,0.0
42,BCR,True,26.0,139.75
42,BCR,False,inf,0.0
42,BCR,True,19.0,100.62
42,BCR,False,inf,0.0
42,BCR,False,inf,0.0
42,BCR,True,9.0,54.97
42,BCR,False,inf,0.0
42,BCR,True,16.0,86.55
42,BCR,True,20.0,110.53
42,BCR,True,3.0,13.9
42,BCR,True,15.0,81.81
42,BCR,False,inf,0.0
42,BCR,True,7.0,43.68
42,BCR,True,1.0,1.59
42,BCR,False,inf,0.0
42,BCR,True,11.0,60.910000000000004
42,BCR,True,36.0,211.29
42,BCR,True,25.0,142.61
42,BCR,False,inf,0.0
42,BCR,True,21.0,124.01
42,BCR,True,26.0,128.12
42,BCR,True,11.0,66.97
42,BCR,True,3.0,19.53
42,BCR,True,16.0,84.6
42,BCR,True,4.0,21.900000000000002
42,BCR,True,22.0,124.59
42,BCR,True,10.0,59.79
42,BCR,True,13.0,76.46000000000001
42,BCR,True,33.0,176.28
42,BCR,False,inf,0.0
42,BCR,True,26.0,128.12
42,BCR,False,inf,0.0
42,BCR,False,inf,0.0
42,BCR,True,26.0,149.94
42,BCR,False,inf,0.0
42,BCR,True,3.0,25.73
42,BCR,True,27.0,152.73
42,BCR,True,37.0,200.77
42,BCR,True,6.0,39.24
42,BCR,False,inf,0.0
42,BCR,True,1.0,3.61
42,BCR,True,24.0,136.35
42,BCR,False,inf,0.0
42,BCR,True,28.0,144.53
42,BCR,True,35.0,177.74
42,BCR,True,17.0,93.31
42,BCR,True,36.0,196.91
42,BCR,True,37.0,212.14000000000001
42,BCR,True,29.0,163.43
42,BCR,True,23.0,129.73
42,BCR,True,15.0,82.75
42,BCR,True,25.0,140.51
42,BCR,True,11.0,60.21
42,BCR,False,inf,0.0
42,BCR,False,inf,0.0
42,BCR,False,inf,0.0
42,BCR,True,15.0,88.56
42,BCR,True,36.0,210.73
42,BCR,True,21.0,122.07000000000001
42,BCR,False,inf,0.0
42,BCR,True,34.0,182.66
42,BCR,True,10.0,58.730000000000004
42,BCR,False,inf,0.0
42,BCR,True,29.0,169.29
42,BCR,False,inf,0.0
42,BCR,True,17.0,90.73
42,BCR,True,19.0,104.62
42,BCR,True,19.0,105.58
42,BCR,True,2.0,17.509999999999998
42,BCR,True,12.0,64.16
42,BCR,False,inf,0.0
42,BCR,False,inf,0.0
42,BCR,True,15.0,74.24000000000001
42,BCR,True,24.0,135.54
42,BCR,False,inf,0.0
42,BCR,True,16.0,87.5
42,BCR,True,32.0,182.93
42,BCR,False,inf,0.0
42,BCR,True,11.0,60.35
42,BCR,True,18.0,99.03
42,BCR,True,8.0,48.5
42,BCR,True,21.0,123.87
42,BCR,True,28.0,164.89000000000001
42,BCR,True,15.0,83.82000000000001
42,BCR,False,inf,0.0
42,BCR,True,37.0,206.35
42,BCR,True,7.0,43.12
42,BCR,False,inf,0.0
42,BCR,True,28.0,160.8
42,BCR,True,27.0,148.31
42,BCR,False,inf,0.0
42,BCR,False,inf,0.0
42,BCR,True,35.0,191.55
42,BCR,True,24.0,140.0
42,BCR,False,inf,0.0
42,BCR,True,21.0,115.37
42,BCR,True,15.0,82.9
42,BCR,True,28.0,144.29
42,BCR,True,8.0,44.52
42,BCR,True,12.0,72.08
42,BCR,True,12.0,64.94
42,BCR,True,31.0,169.15
42,BCR,True,35.0,206.04
42,BCR,True,1.0,9.06
42,BCR,False,inf,0.0
42,BCR,True,6.0,38.480000000000004
42,BCR,True,6.0,37.27
42,BCR,True,18.0,92.06
42,BCR,False,inf,0.0
42,BCR,True,16.0,99.53
42,BCR,True,28.0,155.84
42,BCR,True,19.0,100.26
42,BCR,True,29.0,168.53
42,BCR,True,25.0,136.71
42,BCR,True,10.0,59.93
42,BCR,True,12.0,63.72
42,BCR,False,inf,0.0
42,BCR,True,33.0,191.3
42,BCR,True,23.0,123.03
42,BCR,True,10.0,58.81
42,BCR,True,36.0,204.98000000000002
42,BCR,False,inf,0.0
42,BCR,False,inf,0.0
42,BCR,True,1.0,3.0
42,BCR,False,inf,0.0
42,BCR,True,28.0,144.29
42,BCR,True,37.0,214.86
42,BCR,True,26.0,143.4
42,BCR,False,inf,0.0
42,BCR,True,3.0,28.71
42,BCR,True,15.0,82.78
42,BCR,False,inf,0.0
42,BCR,True,13.0,76.46000000000001
42,BCR,True,26.0,144.39000000000001
42,BCR,False,inf,0.0
42,BCR,False,inf,0.0
42,BCR,False,inf,0.0
42,BCR,True,20.0,114.35000000000001
42,BCR,True,37.0,200.77
42,BCR,True,4.0,17.080000000000002
42,BCR,False,inf,0.0
42,BCR,True,33.0,181.88
42,BCR,True,32.0,175.29
42,BCR,False,inf,0.0
42,BCR,False,inf,0.0
42,BCR,True,22.0,128.81
42,BCR,True,7.0,30.25
42,BCR,True,3.0,25.73
42,BCR,True,4.0,18.29
42,BCR,False,inf,0.0
42,BCR,True,11.0,62.620000000000005
42,BCR,False,inf,0.0
42,BCR,False,inf,0.0
42,BCR,True,16.0,86.64
42,BCR,True,16.0,90.52
42,BCR,True,16.0,89.81
42,BCR,False,inf,0.0
42,BCR,False,inf,0.0
42,BCR,False,inf,0.0
42,BCR,True,11.0,62.260000000000005
42,BCR,True,15.0,82.9
42,BCR,True,7.0,42.21
42,BCR,True,2.0,13.22
42,BCR,True,29.0,158.93
42,BCR,True,30.0,174.69
42,BCR,True,1.0,9.73
42,BCR,True,16.0,90.61
42,BCR,True,19.0,102.66
42,BCR,True,28.0,167.6
42,BCR,True,20.0,108.56
42,BCR,False,inf,0.0
42,BCR,False,inf,0.0
42,BCR,True,22.0,120.86
42,BCR,True,17.0,92.57
42,BCR,False,inf,0.0
42,BCR,True,7.0,48.9
42,BCR,True,3.0,21.22
42,BCR,True,3.0,21.22
42,BCR,True,12.0,72.65
42,BCR,True,20.0,116.68
42,BCR,False,inf,0.0
42,BCR,False,inf,0.0
42,BCR,True,13.0,75.26
42,BCR,True,38.0,212.35
42,BCR,True,5.0,26.830000000000002
42,BCR,True,35.0,191.09
42,BCR,True,17.0,91.04
42,BCR,True,18.0,93.8
42,BCR,False,inf,0.0
42,BCR,True,27.0,159.63
42,BCR,True,33.0,195.78
42,BCR,True,19.0,98.69
42,BCR,True,30.0,157.13
42,BCR,True,14.0,71.01
42,BCR,True,30.0,171.9
42,BCR,False,inf,0.0
42,BCR,True,27.0,156.23
42,BCR,True,26.0,146.5
42,BCR,True,14.0,79.19
42,BCR,True,16.0,87.2
42,BCR,True,3.0,25.89
42,BCR,False,inf,0.0
42,BCR,False,inf,0.0
42,BCR,True,5.0,24.07
42,BCR,False,inf,0.0
42,BCR,False,inf,0.0
42,BCR,False,inf,0.0
42,BCR,True,15.0,84.46000000000001
42,BCR,False,inf,0.0
42,BCR,True,35.0,206.03
42,BCR,True,30.0,175.05
42,BCR,False,inf,0.0
42,BCR,True,31.0,174.47
42,BCR,False,inf,0.0
42,BCR,True,8.0,41.0
42,BCR,True,32.0,166.77
42,BCR,False,inf,0.0
42,BCR,True,2.0,5.43
42,BCR,True,19.0,107.0
42,BCR,True,20.0,102.86
42,BCR,False,inf,0.0
42,BCR,True,30.0,175.05
42,BCR,True,34.0,197.01
42,BCR,False,inf,0.0
42,BCR,True,7.0,46.0
42,BCR,False,inf,0.0
42,BCR,True,18.0,107.19
42,BCR,True,14.0,71.01
42,BCR,True,9.0,55.07
42,BCR,True,13.0,68.33
42,BCR,False,inf,0.0
42,BCR,True,20.0,102.86
42,BCR,True,38.0,223.91
42,BCR,True,17.0,92.81
42,BCR,False,inf,0.0
42,BCR,False,inf,0.0
42,BCR,True,14.0,79.09
42,BCR,True,39.0,225.88
42,BCR,True,18.0,91.06
42,BCR,True,22.0,123.77
42,BCR,True,18.0,102.67
42,BCR,True,1.0,5.61
42,BCR,True,29.0,168.53
42,BCR,False,inf,0.0
42,BCR,True,29.0,164.03
42,BCR,False,inf,0.0
42,BCR,True,18.0,97.27
42,BCR,False,inf,0.0
42,BCR,True,5.0,30.66
42,BCR,True,27.0,159.74
42,BCR,True,16.0,90.61
42,BCR,True,32.0,180.81
42,BCR,True,25.0,142.71
42,BCR,True,24.0,134.82
42,BCR,True,8.0,46.910000000000004
42,BCR,True,22.0,116.82000000000001
42,BCR,True,31.0,171.73
42,BCR,True,32.0,175.94
42,BCR,False,inf,0.0
42,BCR,True,33.0,184.99
42,BCR,True,3.0,22.59
42,BCR,False,inf,0.0
42,BCR,False,inf,0.0
42,BCR,True,18.0,97.72
42,BCR,True,29.0,170.48
42,BCR,True,10.0,57.34
42,BCR,True,24.0,127.01
42,BCR,True,35.0,193.35
42,BCR,True,11.0,67.54
42,BCR,False,inf,0.0
42,BCR,True,6.0,40.81
42,BCR,False,inf,0.0
42,BCR,False,inf,0.0
42,BCR,False,inf,0.0
42,BCR,True,3.0,21.1
42,BCR,True,19.0,98.96000000000001
42,BCR,False,inf,0.0
42,BCR,True,29.0,168.66
42,BCR,False,inf,0.0
42,BCR,True,29.0,170.58
42,BCR,True,14.0,80.37
42,BCR,True,22.0,121.12
42,BCR,True,27.0,152.99
42,BCR,True,20.0,96.15
42,BCR,False,inf,0.0
42,BCR,True,13.0,68.73
42,BCR,True,33.0,195.78
42,BCR,False,inf,0.0
42,BCR,True,7.0,43.0
42,BCR,True,31.0,181.17
42,BCR,True,32.0,182.4
42,BCR,True,10.0,61.13
42,BCR,False,inf,0.0
42,BCR,True,9.0,44.230000000000004
42,BCR,True,23.0,116.67
42,BCR,True,26.0,138.43
42,BCR,True,36.0,196.97
42,BCR,False,inf,0.0
42,BCR,True,24.0,132.72
42,BCR,True,29.0,151.22
42,BCR,True,2.0,12.02
42,BCR,True,1.0,9.37
42,BCR,True,22.0,132.52
42,BCR,True,5.0,25.03
42,BCR,True,13.0,83.03
42,BCR,True,19.0,95.29
42,BCR,False,inf,0.0
42,BCR,True,33.0,195.22
42,BCR,True,28.0,154.04
42,BCR,True,5.0,41.6
42,BCR,False,inf,0.0
42,BCR,True,2.0,10.530000000000001
42,BCR,True,1.0,9.73
42,BCR,True,34.0,193.68
42,BCR,False,inf,0.0
42,BCR,True,34.0,190.36
42,BCR,True,6.0,30.16
42,BCR,True,39.0,225.88
42,BCR,True,28.0,157.95
42,BCR,True,19.0,105.29
42,BCR,True,4.0,29.29
42,BCR,False,inf,0.0
42,BCR,True,21.0,114.57000000000001
42,BCR,True,37.0,221.46
42,BCR,True,18.0,95.56
42,BCR,True,4.0,16.580000000000002
42,BCR,True,9.0,49.46
42,BCR,False,inf,0.0
42,BCR,True,1.0,3.91
42,BCR,True,17.0,91.53
42,BCR,False,inf,0.0
42,BCR,True,22.0,119.48
42,BCR,False,inf,0.0
42,BCR,False,inf,0.0
42,BCR,True,7.0,31.650000000000002
42,BCR,True,15.0,82.9
42,BCR,False,inf,0.0
42,BCR,True,3.0,11.84
42,BCR,True,24.0,136.14000000000001
42,BCR,True,33.0,181.51
42,BCR,True,5.0,26.830000000000002
42,BCR,False,inf,0.0
42,BCR,True,6.0,34.67
42,BCR,True,25.0,143.1
42,BCR,True,3.0,13.77
42,BCR,True,27.0,153.85
42,BCR,False,inf,0.0
42,BCR,True,16.0,79.03
42,BCR,True,22.0,135.67000000000002
42,BCR,True,16.0,88.45
42,BCR,True,34.0,181.84
42,BCR,True,32.0,185.42000000000002
42,BCR,False,inf,0.0
42,BCR,True,15.0,81.31
42,BCR,True,17.0,94.84
42,BCR,True,17.0,94.03
42,BCR,True,1.0,9.06
42,BCR,True,9.0,50.660000000000004
42,BCR,True,15.0,81.31
42,BCR,True,13.0,70.24
42,BCR,True,22.0,116.82000000000001
42,BCR,True,22.0,117.9
42,BCR,True,9.0,58.230000000000004
42,BCR,True,21.0,116.23
42,BCR,True,33.0,171.5
42,BCR,False,inf,0.0
42,BCR,True,11.0,62.35
42,BCR,True,32.0,181.1
42,BCR,True,2.0,8.22
42,BCR,True,2.0,12.31
42,BCR,False,inf,0.0
42,BCR,True,36.0,194.08
42,BCR,True,2.0,8.22
42,BCR,True,24.0,134.92000000000002
42,BCR,False,inf,0.0
42,BCR,True,23.0,133.89000000000001
42,BCR,False,inf,0.0
42,BCR,True,34.0,176.75
42,BCR,False,inf,0.0
42,BCR,False,inf,0.0
42,BCR,False,inf,0.0
42,BCR,True,25.0,141.78
42,BCR,False,inf,0.0
42,BCR,True,20.0,106.62
42,BCR,False,inf,0.0
42,BCR,True,13.0,76.54
42,BCR,False,inf,0.0
42,BCR,True,35.0,199.39
42,BCR,True,24.0,135.54
42,BCR,True,31.0,172.64000000000001
42,BCR,True,18.0,95.57
42,BCR,True,11.0,60.2
42,BCR,True,18.0,93.8
42,BCR,True,25.0,136.71
42,BCR,True,20.0,107.99
42,BCR,True,2.0,9.7
42,BCR,True,11.0,60.2
42,BCR,False,inf,0.0
42,BCR,True,23.0,122.14
42,BCR,False,inf,0.0
42,BCR,True,1.0,4.27
42,BCR,True,17.0,92.64
42,BCR,True,8.0,44.64
42,BCR,True,9.0,54.54
42,BCR,False,inf,0.0
42,BCR,True,4.0,22.55
42,BCR,False,inf,0.0
42,BCR,False,inf,0.0
42,BCR,True,35.0,206.04
42,BCR,True,1.0,1.33
42,BCR,True,24.0,128.22
42,BCR,False,inf,0.0
42,BCR,True,7.0,42.83
42,BCR,True,26.0,148.45
42,BCR,False,inf,0.0
42,BCR,True,27.0,157.17
42,BCR,True,25.0,142.6
42,BCR,True,1.0,6.7
42,BCR,True,11.0,60.910000000000004
42,BCR,True,33.0,181.51
42,BCR,True,25.0,149.99
42,BCR,True,19.0,107.52
42,BCR,False,inf,0.0
42,BCR,True,12.0,74.54
42,BCR,True,1.0,4.76
42,BCR,False,inf,0.0
42,BCR,True,16.0,88.3
42,BCR,True,37.0,212.14000000000001
42,BCR,False,inf,0.0
42,BCR,True,9.0,55.07
42,BCR,True,20.0,108.83
42,BCR,True,17.0,92.57
42,BCR,False,inf,0.0
42,BCR,True,27.0,143.67000000000002
42,BCR,True,35.0,210.87
42,BCR,True,1.0,6.96
42,BCR,True,21.0,113.29
42,BCR,False,inf,0.0
42,BCR,True,2.0,7.69
42,BCR,True,16.0,89.4
42,BCR,True,8.0,52.410000000000004
42,BCR,False,inf,0.0
42,BCR,True,32.0,175.32
42,BCR,False,inf,0.0
42,BCR,True,37.0,209.73
42,BCR,True,24.0,125.79
42,BCR,True,22.0,117.9
42,BCR,True,2.0,11.47
42,BCR,True,29.0,165.86
42,BCR,True,28.0,152.86
42,BCR,True,30.0,171.58
42,BCR,False,inf,0.0
42,BCR,True,20.0,114.35000000000001
42,BCR,True,24.0,134.16
42,BCR,False,inf,0.0
42,BCR,False,inf,0.0
42,BCR,False,inf,0.0
42,BCR,False,inf,0.0
42,BCR,False,inf,0.0
42,BCR,False,inf,0.0
42,BCR,True,26.0,147.64000000000001
42,BCR,False,inf,0.0
42,BCR,True,3.0,18.02
42,BCR,True,3.0,21.22
42,BCR,True,16.0,90.52
42,BCR,False,inf,0.0
42,BCR,False,inf,0.0
42,BCR,True,15.0,80.73
42,BCR,True,23.0,127.89
42,BCR,True,38.0,216.82
42,BCR,False,inf,0.0
42,BCR,True,19.0,104.51
42,BCR,True,12.0,69.7
42,BCR,True,24.0,134.82
42,BCR,True,37.0,224.26
42,BCR,True,13.0,66.54
42,BCR,True,2.0,19.41
42,BCR,True,6.0,34.67
42,BCR,True,35.0,210.87
42,BCR,False,inf,0.0
42,BCR,True,25.0,134.89000000000001
42,BCR,True,26.0,152.48
42,BCR,True,20.0,110.54
42,BCR,True,3.0,18.72
42,BCR,True,3.0,18.02
42,BCR,False,inf,0.0
42,BCR,True,31.0,173.63
42,BCR,True,18.0,96.55
42,BCR,True,2.0,8.290000000000001
42,BCR,True,8.0,34.480000000000004
42,BCR,True,37.0,193.47
42,BCR,False,inf,0.0
42,BCR,True,2.0,7.76
42,BCR,False,inf,0.0
42,BCR,True,17.0,93.0
42,BCR,False,inf,0.0
42,BCR,True,9.0,50.31
42,BCR,True,31.0,181.06
42,BCR,False,inf,0.0
42,BCR,True,23.0,133.89000000000001
42,BCR,False,inf,0.0
42,BCR,True,26.0,158.06
42,BCR,True,6.0,42.12
42,BCR,False,inf,0.0
42,BCR,True,27.0,147.07
42,BCR,False,inf,0.0
42,BCR,True,29.0,160.41
42,BCR,True,35.0,193.35
42,BCR,True,24.0,132.72
42,BCR,True,38.0,219.55
42,BCR,True,19.0,100.85000000000001
42,BCR,True,17.0,91.04
42,BCR,False,inf,0.0
42,BCR,False,inf,0.0
42,BCR,False,inf,0.0
42,BCR,True,33.0,187.57
42,BCR,True,27.0,143.66
42,BCR,True,16.0,90.52
42,BCR,True,27.0,156.85
42,BCR,True,28.0,164.3
42,BCR,True,22.0,123.62
42,BCR,True,10.0,56.21
42,BCR,True,5.0,34.0
42,BCR,True,28.0,156.38
42,BCR,True,29.0,154.18
42,BCR,True,25.0,138.32
42,BCR,True,20.0,116.39
42,BCR,True,38.0,216.21
42,BCR,True,23.0,123.84
42,BCR,True,25.0,141.15
42,BCR,True,10.0,59.7
42,BCR,False,inf,0.0
42,BCR,False,inf,0.0
42,BCR,True,16.0,89.4
42,BCR,True,5.0,26.7
42,BCR,True,27.0,147.07
42,BCR,True,6.0,29.740000000000002
42,BCR,False,inf,0.0
42,BCR,False,inf,0.0
42,BCR,True,32.0,178.38
42,BCR,True,6.0,38.480000000000004
42,BCR,True,13.0,70.13
42,BCR,True,19.0,105.39
42,BCR,True,27.0,154.57
42,BCR,True,37.0,215.15
42,BCR,True,17.0,87.69
42,BCR,True,27.0,148.16
42,BCR,False,inf,0.0
42,BCR,True,15.0,82.93
42,BCR,True,10.0,63.04
42,BCR,True,6.0,40.85
42,BCR,True,33.0,189.85
42,BCR,True,16.0,90.46000000000001
42,BCR,True,3.0,20.78
42,BCR,True,14.0,79.19
42,BCR,False,inf,0.0
42,BCR,True,36.0,203.87
42,BCR,True,10.0,53.89
42,BCR,True,10.0,60.74
42,BCR,True,8.0,44.49
42,BCR,True,10.0,60.02
42,BCR,False,inf,0.0
42,BCR,True,20.0,114.35000000000001
42,BCR,True,3.0,28.47
42,BCR,False,inf,0.0
42,BCR,True,12.0,76.64
42,BCR,True,16.0,86.49
42,BCR,True,37.0,211.7
42,BCR,True,26.0,144.6
42,BCR,False,inf,0.0
42,BCR,False,inf,0.0
42,BCR,False,inf,0.0
42,BCR,False,inf,0.0
42,BCR,True,18.0,99.38
42,BCR,True,26.0,147.72
42,BCR,True,17.0,88.22
42,BCR,True,19.0,105.39
42,BCR,True,6.0,36.78
42,BCR,False,inf,0.0
42,BCR,False,inf,0.0
42,BCR,False,inf,0.0
42,BCR,True,27.0,152.73
42,BCR,True,24.0,137.08
42,BCR,True,2.0,7.93
42,BCR,True,14.0,74.68
42,BCR,True,4.0,22.71
42,BCR,True,5.0,34.0
42,BCR,True,16.0,86.49
42,BCR,False,inf,0.0
42,BCR,False,inf,0.0
42,BCR,True,18.0,99.34
42,BCR,True,13.0,75.96000000000001
42,BCR,True,19.0,98.96000000000001
42,BCR,True,22.0,117.2
42,BCR,True,18.0,93.46000000000001
42,BCR,False,inf,0.0
42,BCR,True,26.0,148.45
42,BCR,True,34.0,176.37
42,BCR,False,inf,0.0
42,BCR,True,32.0,190.12
42,BCR,True,25.0,135.82
42,BCR,True,9.0,59.21
42,BCR,True,8.0,55.22
42,BCR,True,11.0,64.37
42,BCR,False,inf,0.0
42,BCR,True,28.0,161.37
42,BCR,True,24.0,132.72
42,BCR,True,31.0,176.59
42,BCR,True,4.0,20.28
42,BCR,False,inf,0.0
42,BCR,True,28.0,167.64000000000001
42,BCR,True,24.0,136.14000000000001
42,BCR,False,inf,0.0
42,BCR,True,31.0,169.15
42,BCR,True,21.0,117.7
42,BCR,True,22.0,118.19
42,BCR,True,1.0,6.61
42,BCR,False,inf,0.0
42,BCR,True,26.0,137.06
42,BCR,True,2.0,10.99
42,BCR,True,35.0,195.86
42,BCR,True,14.0,80.2
42,BCR,True,2.0,19.41
42,BCR,True,30.0,165.17000000000002
42,BCR,True,2.0,7.65
42,BCR,True,27.0,152.99
42,BCR,False,inf,0.0
42,BCR,True,5.0,35.24
42,BCR,True,10.0,62.21
42,BCR,True,2.0,8.65
42,BCR,True,20.0,103.88
42,BCR,False,inf,0.0
42,BCR,True,15.0,80.73
42,BCR,True,40.0,241.67000000000002
42,BCR,False,inf,0.0
42,BCR,True,1.0,7.22
42,BCR,True,24.0,125.7
42,BCR,True,16.0,85.23
42,BCR,True,26.0,142.54
42,BCR,True,1.0,9.66
42,BCR,True,22.0,113.43
42,BCR,False,inf,0.0
42,BCR,True,14.0,90.97
42,BCR,True,20.0,118.16
42,BCR,False,inf,0.0
42,BCR,True,15.0,83.46000000000001
42,BCR,False,inf,0.0
42,BCR,True,5.0,30.95
42,BCR,True,2.0,7.93
42,BCR,True,26.0,135.93
42,BCR,True,3.0,13.78
42,BCR,True,35.0,177.74
42,BCR,True,38.0,199.02
42,BCR,True,10.0,56.64
42,BCR,True,10.0,57.38
42,BCR,True,29.0,158.93
42,BCR,True,19.0,103.14
42,BCR,True,16.0,86.55
42,BCR,False,inf,0.0
42,BCR,True,24.0,128.25
42,BCR,True,4.0,24.96
42,BCR,True,24.0,118.06
42,BCR,False,inf,0.0
42,BCR,True,20.0,106.07000000000001
42,BCR,True,17.0,91.04
42,BCR,True,18.0,109.79
42,BCR,True,21.0,117.7
42,BCR,True,36.0,196.97
42,BCR,True,4.0,16.580000000000002
42,BCR,True,4.0,22.36
42,BCR,True,17.0,90.73
42,BCR,True,2.0,16.71
42,BCR,True,5.0,29.490000000000002
42,BCR,False,inf,0.0
42,BCR,True,29.0,151.61
42,BCR,False,inf,0.0
42,BCR,True,16.0,90.61
42,BCR,True,3.0,15.49
42,BCR,True,25.0,141.87
42,BCR,True,16.0,86.54
42,BCR,True,10.0,55.980000000000004
42,BCR,True,17.0,87.69
42,BCR,True,6.0,33.17
42,BCR,False,inf,0.0
42,BCR,True,29.0,169.85
42,BCR,True,23.0,137.23
42,BCR,True,32.0,181.1
42,BCR,True,19.0,116.37
42,BCR,True,34.0,195.66
42,BCR,True,8.0,44.7
42,BCR,False,inf,0.0
42,BCR,True,37.0,212.07
42,BCR,False,inf,0.0
42,BCR,False,inf,0.0
42,BCR,True,12.0,65.89
42,BCR,True,22.0,116.64
42,BCR,True,16.0,88.3
42,BCR,False,inf,0.0
42,BCR,True,21.0,124.01
42,BCR,True,19.0,103.97
42,BCR,True,10.0,60.02
42,BCR,False,inf,0.0
42,BCR,False,inf,0.0
42,BCR,True,8.0,42.93
42,BCR,True,10.0,66.17
42,BCR,True,30.0,173.03
42,BCR,True,11.0,57.97
42,BCR,True,5.0,28.87
42,BCR,False,inf,0.0
42,BCR,True,16.0,81.07000000000001
42,BCR,True,16.0,85.01
42,BCR,True,16.0,90.87
42,BCR,True,9.0,57.83
42,BCR,True,34.0,195.66
42,BCR,True,4.0,24.28
42,BCR,False,inf,0.0
42,BCR,False,inf,0.0
42,BCR,False,inf,0.0
42,BCR,True,22.0,132.52
42,BCR,True,26.0,137.06
42,BCR,False,inf,0.0
42,BCR,True,12.0,72.65
42,BCR,True,27.0,156.41
42,BCR,True,22.0,121.59
42,BCR,False,inf,0.0
42,BCR,True,2.0,14.0
42,BCR,True,1.0,9.06
42,BCR,True,12.0,64.16
42,BCR,True,22.0,132.52
42,BCR,False,inf,0.0
42,BCR,False,inf,0.0
42,BCR,False,inf,0.0
42,BCR,True,25.0,137.29
42,BCR,True,34.0,194.22
42,BCR,False,inf,0.0
42,BCR,True,18.0,97.57
42,BCR,True,32.0,177.84
42,BCR,True,29.0,149.05
42,BCR,True,4.0,30.51
42,BCR,True,16.0,88.76
42,BCR,True,23.0,122.14
42,BCR,True,12.0,68.64
42,BCR,False,inf,0.0
42,BCR,False,inf,0.0
42,BCR,True,1.0,1.81
42,BCR,False,inf,0.0
42,BCR,True,22.0,106.48
42,BCR,True,10.0,57.44
42,BCR,True,19.0,100.85000000000001
42,BCR,True,31.0,173.63
42,BCR,True,8.0,48.660000000000004
42,BCR,False,inf,0.0
42,BCR,True,1.0,9.3
42,BCR,True,27.0,141.34
42,BCR,True,15.0,84.46000000000001
42,BCR,True,34.0,193.95000000000002
42,BCR,True,28.0,144.29
42,BCR,False,inf,0.0
42,BCR,True,30.0,172.19
42,BCR,True,10.0,58.13
42,BCR,True,11.0,59.44
42,BCR,True,31.0,172.64000000000001
42,BCR,True,7.0,44.85
42,BCR,True,32.0,186.05
42,BCR,False,inf,0.0
42,BCR,False,inf,0.0
42,BCR,True,35.0,192.12
42,BCR,True,5.0,41.6
42,BCR,True,27.0,157.17
42,BCR,True,3.0,11.84
42,BCR,True,2.0,19.39
42,BCR,True,30.0,166.48
42,BCR,True,28.0,163.57
42,BCR,False,inf,0.0
42,BCR,True,17.0,95.92
42,BCR,True,12.0,64.72
42,BCR,True,11.0,64.37
42,BCR,True,21.0,120.84
42,BCR,True,23.0,130.29
42,BCR,True,15.0,84.95
42,BCR,True,19.0,97.04
42,BCR,True,23.0,125.45
42,BCR,False,inf,0.0
42,BCR,True,17.0,90.14
42,BCR,True,8.0,43.730000000000004
42,BCR,False,inf,0.0
42,BCR,True,18.0,98.49000000000001
42,BCR,True,12.0,64.72
42,BCR,True,6.0,27.330000000000002
42,BCR,False,inf,0.0
42,BCR,True,28.0,146.2
42,BCR,False,inf,0.0
42,BCR,True,10.0,57.75
42,BCR,True,16.0,84.6
42,BCR,True,18.0,95.84
42,BCR,True,23.0,127.35000000000001
42,BCR,True,6.0,30.16
42,BCR,True,23.0,122.51
42,BCR,True,4.0,32.32
42,BCR,True,9.0,46.61
42,BCR,True,12.0,69.7
42,BCR,True,34.0,189.98
42,BCR,False,inf,0.0
42,BCR,False,inf,0.0
42,BCR,True,6.0,36.71
42,BCR,True,38.0,204.15
42,BCR,True,7.0,47.7
42,BCR,False,inf,0.0
42,BCR,True,3.0,22.66
42,BCR,True,23.0,123.77
42,BCR,True,10.0,60.83
42,BCR,True,16.0,90.46000000000001
42,BCR,False,inf,0.0
42,BCR,True,2.0,12.02
42,BCR,True,4.0,22.36
42,BCR,True,20.0,108.11
42,BCR,True,22.0,121.59
42,BCR,True,22.0,135.67000000000002
42,BCR,True,17.0,88.64
42,BCR,True,16.0,86.92
42,BCR,True,21.0,119.96000000000001
42,BCR,True,14.0,72.92
42,BCR,True,2.0,12.02
42,BCR,True,16.0,79.03
42,BCR,True,26.0,149.9
42,BCR,True,7.0,41.08
42,BCR,True,8.0,44.52
42,BCR,True,3.0,19.53
42,BCR,True,6.0,28.07
42,BCR,True,17.0,88.22
42,BCR,True,19.0,98.93
42,BCR,True,21.0,118.15
42,BCR,True,19.0,99.63
42,BCR,True,26.0,138.72
42,BCR,True,35.0,195.37
42,BCR,True,17.0,94.96000000000001
42,BCR,False,inf,0.0
42,BCR,True,3.0,18.02
42,BCR,True,31.0,180.65
42,BCR,True,22.0,118.19
42,BCR,True,4.0,17.080000000000002
42,BCR,True,35.0,195.34
42,BCR,True,9.0,48.27
42,BCR,False,inf,0.0
42,BCR,True,4.0,22.71
42,BCR,True,2.0,18.810000000000002
42,BCR,True,20.0,109.65
42,BCR,True,5.0,22.25
42,BCR,True,38.0,203.45
42,BCR,True,17.0,92.03
42,BCR,False,inf,0.0
42,BCR,True,10.0,58.25
42,BCR,True,12.0,61.78
42,BCR,False,inf,0.0
42,BCR,False,inf,0.0
42,BCR,False,inf,0.0
42,BCR,False,inf,0.0
42,BCR,False,inf,0.0
42,BCR,True,7.0,31.25
42,BCR,True,29.0,168.66
42,BCR,True,16.0,83.11
42,BCR,True,17.0,92.13
42,BCR,False,inf,0.0
42,BCR,False,inf,0.0
42,BCR,True,18.0,97.27
42,BCR,True,21.0,114.34
42,BCR,True,28.0,164.3
42,BCR,False,inf,0.0
42,BCR,True,5.0,26.48
42,BCR,True,31.0,179.38
42,BCR,True,32.0,187.74
42,BCR,False,inf,0.0
42,BCR,True,33.0,174.76
42,BCR,False,inf,0.0
42,BCR,True,31.0,166.08
42,BCR,True,3.0,28.71
42,BCR,False,inf,0.0
42,BCR,True,1.0,6.61
42,BCR,False,inf,0.0
42,BCR,True,7.0,42.68
42,BCR,True,26.0,157.58
42,BCR,False,inf,0.0
42,BCR,False,inf,0.0
42,BCR,False,inf,0.0
42,BCR,True,27.0,146.27
42,BCR,True,11.0,64.71
42,BCR,True,13.0,67.97
42,BCR,True,4.0,20.0
42,DCR,True,1.0,7.59
42,DCR,True,12.0,67.69
42,DCR,True,18.0,102.63000000000001
42,DCR,True,2.0,8.26
42,DCR,True,12.0,64.26
42,DCR,False,inf,0.0
42,DCR,True,7.0,30.81
42,DCR,True,1.0,9.06
42,DCR,True,33.0,172.61
42,DCR,True,27.0,135.12
42,DCR,False,inf,0.0
42,DCR,False,inf,0.0
42,DCR,False,inf,0.0
42,DCR,True,39.0,205.67
42,DCR,True,23.0,110.53
42,DCR,True,27.0,153.47
42,DCR,False,inf,0.0
42,DCR,False,inf,0.0
42,DCR,True,25.0,131.8
42,DCR,True,6.0,19.16
42,DCR,True,36.0,196.52
42,DCR,True,15.0,87.8
42,DCR,True,21.0,111.15
42,DCR,True,20.0,110.63
42,DCR,True,22.0,122.48
42,DCR,True,20.0,104.7
42,DCR,True,31.0,160.07
42,DCR,True,25.0,127.68
42,DCR,True,31.0,177.17
42,DCR,True,1.0,7.22
42,DCR,False,inf,0.0
42,DCR,True,14.0,74.63
42,DCR,True,21.0,101.97
42,DCR,True,17.0,99.02000000000001
42,DCR,True,15.0,83.45
42,DCR,False,inf,0.0
42,DCR,True,18.0,88.21
42,DCR,True,29.0,151.88
42,DCR,True,22.0,118.36
42,DCR,True,2.0,13.780000000000001
42,DCR,True,11.0,56.81
42,DCR,True,16.0,77.95
42,DCR,False,inf,0.0
42,DCR,True,7.0,28.650000000000002
42,DCR,True,9.0,41.28
42,DCR,True,33.0,179.24
42,DCR,True,4.0,22.74
42,DCR,False,inf,0.0
42,DCR,True,27.0,141.86
42,DCR,True,14.0,81.35
42,DCR,True,30.0,166.55
42,DCR,True,10.0,49.730000000000004
42,DCR,True,26.0,133.02
42,DCR,True,32.0,162.24
42,DCR,True,7.0,29.76
42,DCR,False,inf,0.0
42,DCR,False,inf,0.0
42,DCR,True,15.0,81.3
42,DCR,True,13.0,71.5
42,DCR,True,7.0,28.25
42,DCR,True,18.0,87.82
42,DCR,True,8.0,44.13
42,DCR,False,inf,0.0
42,DCR,True,11.0,52.57
42,DCR,False,inf,0.0
42,DCR,False,inf,0.0
42,DCR,True,8.0,35.37
42,DCR,False,inf,0.0
42,DCR,False,inf,0.0
42,DCR,False,inf,0.0
42,DCR,True,19.0,100.67
42,DCR,False,inf,0.0
42,DCR,False,inf,0.0
42,DCR,True,19.0,100.67
42,DCR,True,8.0,30.32
42,DCR,True,24.0,135.69
42,DCR,True,32.0,160.13
42,DCR,True,24.0,121.72
42,DCR,True,13.0,68.86
42,DCR,True,41.0,208.46
42,DCR,True,37.0,197.2
42,DCR,False,inf,0.0
42,DCR,True,15.0,72.04
42,DCR,True,27.0,141.01
42,DCR,False,inf,0.0
42,DCR,False,inf,0.0
42,DCR,False,inf,0.0
42,DCR,True,9.0,48.97
42,DCR,False,inf,0.0
42,DCR,True,7.0,32.0
42,DCR,True,37.0,208.17000000000002
42,DCR,True,31.0,156.16
42,DCR,True,12.0,66.54
42,DCR,True,36.0,199.32
42,DCR,True,21.0,109.38
42,DCR,False,inf,0.0
42,DCR,True,34.0,190.76
42,DCR,True,1.0,2.68
42,DCR,True,13.0,71.33
42,DCR,True,13.0,55.51
42,DCR,True,20.0,118.72
42,DCR,False,inf,0.0
42,DCR,True,13.0,62.06
42,DCR,True,13.0,68.9
42,DCR,True,30.0,170.3
42,DCR,True,19.0,97.24
42,DCR,False,inf,0.0
42,DCR,True,26.0,128.68
42,DCR,True,18.0,82.72
42,DCR,False,inf,0.0
42,DCR,True,7.0,33.5
42,DCR,True,10.0,48.17
42,DCR,True,30.0,163.37
42,DCR,False,inf,0.0
42,DCR,False,inf,0.0
42,DCR,False,inf,0.0
42,DCR,True,12.0,57.85
42,DCR,True,30.0,159.63
42,DCR,True,19.0,88.64
42,DCR,True,22.0,106.62
42,DCR,True,40.0,207.26
42,DCR,True,26.0,145.72
42,DCR,True,13.0,61.56
42,DCR,True,9.0,45.55
42,DCR,True,9.0,37.26
42,DCR,True,14.0,66.45
42,DCR,False,inf,0.0
42,DCR,True,7.0,25.46
42,DCR,True,16.0,78.01
42,DCR,True,22.0,122.88
42,DCR,True,3.0,14.42
42,DCR,True,29.0,164.11
42,DCR,True,17.0,76.23
42,DCR,True,7.0,35.22
42,DCR,False,inf,0.0
42,DCR,True,23.0,121.67
42,DCR,False,inf,0.0
42,DCR,True,27.0,149.77
42,DCR,True,10.0,49.480000000000004
42,DCR,True,38.0,197.14000000000001
42,DCR,True,36.0,202.11
42,DCR,True,26.0,138.42
42,DCR,True,2.0,13.84
42,DCR,True,10.0,53.28
42,DCR,True,24.0,123.75
42,DCR,True,35.0,181.22
42,DCR,True,18.0,100.47
42,DCR,False,inf,0.0
42,DCR,True,21.0,105.23
42,DCR,True,35.0,186.84
42,DCR,False,inf,0.0
42,DCR,True,22.0,115.04
42,DCR,False,inf,0.0
42,DCR,True,14.0,83.23
42,DCR,True,32.0,160.13
42,DCR,False,inf,0.0
42,DCR,True,3.0,16.14
42,DCR,True,10.0,40.34
42,DCR,True,7.0,27.43
42,DCR,True,34.0,184.89
42,DCR,True,4.0,13.27
42,DCR,True,13.0,63.4
42,DCR,False,inf,0.0
42,DCR,False,inf,0.0
42,DCR,True,33.0,168.44
42,DCR,True,25.0,131.95
42,DCR,True,21.0,106.77
42,DCR,True,21.0,113.26
42,DCR,False,inf,0.0
42,DCR,True,22.0,120.19
42,DCR,True,1.0,9.06
42,DCR,True,32.0,173.06
42,DCR,True,1.0,6.39
42,DCR,True,7.0,30.89
42,DCR,True,3.0,11.39
42,DCR,True,18.0,89.24
42,DCR,False,inf,0.0
42,DCR,True,16.0,77.98
42,DCR,False,inf,0.0
42,DCR,True,18.0,98.67
42,DCR,True,20.0,112.03
42,DCR,True,6.0,29.63
42,DCR,True,19.0,97.19
42,DCR,True,15.0,68.1
42,DCR,True,26.0,133.02
42,DCR,True,21.0,113.26
42,DCR,True,10.0,47.160000000000004
42,DCR,True,20.0,106.03
42,DCR,True,31.0,175.8
42,DCR,False,inf,0.0
42,DCR,True,36.0,185.97
42,DCR,False,inf,0.0
42,DCR,False,inf,0.0
42,DCR,True,22.0,120.19
42,DCR,True,36.0,187.67
42,DCR,True,28.0,158.84
42,DCR,False,inf,0.0
42,DCR,True,21.0,103.93
42,DCR,True,34.0,173.02
42,DCR,True,28.0,141.89
42,DCR,False,inf,0.0
42,DCR,True,12.0,56.44
42,DCR,False,inf,0.0
42,DCR,True,2.0,8.290000000000001
42,DCR,True,26.0,134.20000000000002
42,DCR,True,6.0,19.96
42,DCR,True,35.0,183.13
42,DCR,True,17.0,91.06
42,DCR,True,8.0,30.39
42,DCR,True,7.0,33.25
42,DCR,True,35.0,194.26
42,DCR,False,inf,0.0
42,DCR,False,inf,0.0
42,DCR,True,18.0,99.51
42,DCR,True,32.0,161.99
42,DCR,False,inf,0.0
42,DCR,False,inf,0.0
42,DCR,False,inf,0.0
42,DCR,True,33.0,164.24
42,DCR,True,37.0,192.07
42,DCR,True,22.0,126.54
42,DCR,True,39.0,200.91
42,DCR,True,2.0,12.31
42,DCR,True,17.0,79.11
42,DCR,True,23.0,118.69
42,DCR,True,32.0,168.4
42,DCR,True,37.0,192.07
42,DCR,True,21.0,93.35
42,DCR,False,inf,0.0
42,DCR,True,16.0,68.68
42,DCR,True,3.0,13.540000000000001
42,DCR,True,38.0,202.73
42,DCR,True,17.0,98.06
42,DCR,True,3.0,14.46
42,DCR,True,5.0,24.78
42,DCR,False,inf,0.0
42,DCR,True,2.0,12.02
42,DCR,False,inf,0.0
42,DCR,True,10.0,54.88
42,DCR,True,1.0,3.44
42,DCR,True,7.0,28.13
42,DCR,True,30.0,162.06
42,DCR,True,19.0,88.64
42,DCR,True,20.0,97.67
42,DCR,True,16.0,89.92
42,DCR,False,inf,0.0
42,DCR,False,inf,0.0
42,DCR,True,20.0,105.74
42,DCR,True,7.0,38.72
42,DCR,False,inf,0.0
42,DCR,False,inf,0.0
42,DCR,False,inf,0.0
42,DCR,True,5.0,22.98
42,DCR,False,inf,0.0
42,DCR,True,36.0,185.73
42,DCR,False,inf,0.0
42,DCR,False,inf,0.0
42,DCR,False,inf,0.0
42,DCR,True,13.0,71.33
42,DCR,True,15.0,83.45
42,DCR,True,1.0,5.46
42,DCR,True,24.0,124.22
42,DCR,True,35.0,189.27
42,DCR,True,27.0,136.97
42,DCR,True,26.0,129.24
42,DCR,True,25.0,115.44
42,DCR,False,inf,0.0
42,DCR,False,inf,0.0
42,DCR,False,inf,0.0
42,DCR,False,inf,0.0
42,DCR,False,inf,0.0
42,DCR,True,6.0,26.060000000000002
42,DCR,True,22.0,104.7
42,DCR,False,inf,0.0
42,DCR,True,10.0,52.61
42,DCR,False,inf,0.0
42,DCR,True,20.0,105.66
42,DCR,True,18.0,92.43
42,DCR,True,32.0,156.71
42,DCR,True,15.0,72.57
42,DCR,True,8.0,32.35
42,DCR,True,28.0,141.24
42,DCR,True,33.0,182.06
42,DCR,True,13.0,61.96
42,DCR,True,2.0,7.93
42,DCR,True,28.0,152.63
42,DCR,True,6.0,47.21
42,DCR,True,31.0,162.85
42,DCR,False,inf,0.0
42,DCR,False,inf,0.0
42,DCR,True,16.0,83.7
42,DCR,True,29.0,151.10999999999999
42,DCR,True,18.0,82.01
42,DCR,True,27.0,135.45
42,DCR,True,1.0,9.66
42,DCR,True,16.0,75.61
42,DCR,True,23.0,109.73
42,DCR,False,inf,0.0
42,DCR,False,inf,0.0
42,DCR,True,23.0,111.24
42,DCR,True,22.0,101.51
42,DCR,False,inf,0.0
42,DCR,True,33.0,174.53
42,DCR,True,17.0,91.57000000000001
42,DCR,False,inf,0.0
42,DCR,False,inf,0.0
42,DCR,True,11.0,51.69
42,DCR,False,inf,0.0
42,DCR,True,11.0,56.55
42,DCR,True,22.0,115.59
42,DCR,True,36.0,187.6
42,DCR,False,inf,0.0
42,DCR,True,22.0,121.59
42,DCR,True,18.0,88.21
42,DCR,True,19.0,102.03
42,DCR,True,1.0,4.89
42,DCR,False,inf,0.0
42,DCR,True,14.0,76.45
42,DCR,True,22.0,119.79
42,DCR,False,inf,0.0
42,DCR,False,inf,0.0
42,DCR,True,10.0,45.06
42,DCR,False,inf,0.0
42,DCR,True,15.0,81.3
42,DCR,True,4.0,12.98
42,DCR,False,inf,0.0
42,DCR,True,16.0,68.68
42,DCR,True,9.0,44.7
42,DCR,True,20.0,108.22
42,DCR,False,inf,0.0
42,DCR,True,27.0,138.51
42,DCR,True,25.0,137.1
42,DCR,True,25.0,131.95
42,DCR,False,inf,0.0
42,DCR,True,27.0,139.4
42,DCR,False,inf,0.0
42,DCR,True,25.0,133.43
42,DCR,True,16.0,85.6
42,DCR,True,23.0,122.66
42,DCR,False,inf,0.0
42,DCR,False,inf,0.0
42,DCR,True,26.0,136.56
42,DCR,False,inf,0.0
42,DCR,True,28.0,124.69
42,DCR,True,18.0,81.25
42,DCR,False,inf,0.0
42,DCR,False,inf,0.0
42,DCR,False,inf,0.0
42,DCR,True,3.0,14.42
42,DCR,True,29.0,165.2
42,DCR,False,inf,0.0
42,DCR,True,29.0,167.62
42,DCR,False,inf,0.0
42,DCR,True,13.0,64.35
42,DCR,True,1.0,2.8
42,DCR,True,5.0,24.19
42,DCR,False,inf,0.0
42,DCR,True,29.0,157.26
42,DCR,True,21.0,114.04
42,DCR,True,23.0,114.36
42,DCR,True,36.0,185.97
42,DCR,True,33.0,167.7
42,DCR,False,inf,0.0
42,DCR,False,inf,0.0
42,DCR,True,18.0,95.65
42,DCR,True,35.0,186.46
42,DCR,True,19.0,107.79
42,DCR,True,40.0,204.75
42,DCR,True,14.0,75.81
42,DCR,True,24.0,117.6
42,DCR,False,inf,0.0
42,DCR,True,15.0,67.39
42,DCR,False,inf,0.0
42,DCR,True,20.0,108.63
42,DCR,False,inf,0.0
42,DCR,True,18.0,81.25
42,DCR,False,inf,0.0
42,DCR,True,23.0,123.79
42,DCR,True,34.0,184.6
42,DCR,False,inf,0.0
42,DCR,True,28.0,156.15
42,DCR,True,14.0,69.12
42,DCR,True,26.0,144.47
42,DCR,True,4.0,20.82
42,DCR,True,31.0,163.1
42,DCR,True,1.0,3.56
42,DCR,True,34.0,190.77
42,DCR,True,3.0,13.540000000000001
42,DCR,True,13.0,65.33
42,DCR,True,17.0,86.67
42,DCR,False,inf,0.0
42,DCR,False,inf,0.0
42,DCR,True,20.0,89.63
42,DCR,False,inf,0.0
42,DCR,True,17.0,89.97
42,DCR,True,25.0,136.3
42,DCR,True,2.0,12.46
42,DCR,True,21.0,112.24
42,DCR,False,inf,0.0
42,DCR,True,24.0,120.46
42,DCR,True,25.0,121.85
42,DCR,True,23.0,113.11
42,DCR,False,inf,0.0
42,DCR,True,17.0,99.02000000000001
42,DCR,True,8.0,37.62
42,DCR,True,22.0,121.59
42,DCR,True,9.0,45.55
42,DCR,True,8.0,44.13
42,DCR,True,9.0,45.64
42,DCR,True,38.0,195.73
42,DCR,True,35.0,170.39000000000001
42,DCR,True,26.0,136.73
42,DCR,False,inf,0.0
42,DCR,True,23.0,117.97
42,DCR,True,34.0,180.91
42,DCR,True,14.0,75.81
42,DCR,False,inf,0.0
42,DCR,True,32.0,176.33
42,DCR,True,21.0,111.29
42,DCR,True,20.0,113.58
42,DCR,True,14.0,81.28
42,DCR,True,8.0,32.77
42,DCR,True,19.0,103.54
42,DCR,True,21.0,114.46000000000001
42,DCR,True,31.0,176.4
42,DCR,True,14.0,81.13
42,DCR,True,6.0,22.46
42,DCR,True,15.0,74.56
42,DCR,False,inf,0.0
42,DCR,True,39.0,200.91
42,DCR,True,4.0,12.98
42,DCR,True,33.0,175.2
42,DCR,False,inf,0.0
42,DCR,False,inf,0.0
42,DCR,True,18.0,102.63000000000001
42,DCR,True,13.0,68.07000000000001
42,DCR,True,22.0,127.43
42,DCR,True,12.0,70.02
42,DCR,True,3.0,26.88
42,DCR,False,inf,0.0
42,DCR,True,15.0,86.96000000000001
42,DCR,True,2.0,12.83
42,DCR,False,inf,0.0
42,DCR,False,inf,0.0
42,DCR,True,23.0,118.73
42,DCR,True,34.0,187.68
42,DCR,True,8.0,48.3
42,DCR,False,inf,0.0
42,DCR,True,33.0,181.67
42,DCR,True,37.0,197.2
42,DCR,False,inf,0.0
42,DCR,True,11.0,63.43
42,DCR,False,inf,0.0
42,DCR,True,16.0,81.42
42,DCR,True,34.0,187.2
42,DCR,False,inf,0.0
42,DCR,True,31.0,152.91
42,DCR,True,33.0,172.61
42,DCR,False,inf,0.0
42,DCR,False,inf,0.0
42,DCR,True,26.0,112.57
42,DCR,True,20.0,97.22
42,DCR,True,28.0,139.15
42,DCR,True,23.0,125.16
42,DCR,True,38.0,195.73
42,DCR,True,10.0,53.54
42,DCR,True,14.0,58.51
42,DCR,True,31.0,161.69
42,DCR,False,inf,0.0
42,DCR,True,34.0,192.7
42,DCR,True,28.0,142.45
42,DCR,True,31.0,169.73
42,DCR,True,10.0,50.28
42,DCR,True,40.0,211.49
42,DCR,True,7.0,32.38
42,DCR,False,inf,0.0
42,DCR,True,4.0,21.65
42,DCR,False,inf,0.0
42,DCR,True,1.0,5.85
42,DCR,True,30.0,149.47
42,DCR,False,inf,0.0
42,DCR,False,inf,0.0
42,DCR,True,21.0,101.97
42,DCR,True,2.0,13.780000000000001
42,DCR,False,inf,0.0
42,DCR,False,inf,0.0
42,DCR,True,3.0,9.530000000000001
42,DCR,False,inf,0.0
42,DCR,True,4.0,17.09
42,DCR,True,4.0,15.870000000000001
42,DCR,True,24.0,129.04
42,DCR,False,inf,0.0
42,DCR,True,18.0,107.71000000000001
42,DCR,True,34.0,173.7
42,DCR,False,inf,0.0
42,DCR,True,6.0,27.43
42,DCR,False,inf,0.0
42,DCR,True,29.0,154.0
42,DCR,False,inf,0.0
42,DCR,False,inf,0.0
42,DCR,True,25.0,135.92
42,DCR,True,7.0,30.89
42,DCR,True,1.0,6.41
42,DCR,True,8.0,37.62
42,DCR,True,16.0,77.98
42,DCR,True,8.0,37.56
42,DCR,False,inf,0.0
42,DCR,False,inf,0.0
42,DCR,True,8.0,52.99
42,DCR,True,22.0,127.43
42,DCR,False,inf,0.0
42,DCR,True,25.0,128.94
42,DCR,True,14.0,72.92
42,DCR,True,11.0,51.69
42,DCR,False,inf,0.0
42,DCR,False,inf,0.0
42,DCR,True,15.0,78.71000000000001
42,DCR,True,25.0,132.02
42,DCR,True,22.0,107.22
42,DCR,True,34.0,180.91
42,DCR,False,inf,0.0
42,DCR,False,inf,0.0
42,DCR,True,3.0,11.280000000000001
42,DCR,True,8.0,37.62
42,DCR,False,inf,0.0
42,DCR,True,7.0,28.13
42,DCR,True,6.0,16.91
42,DCR,True,9.0,44.11
42,DCR,True,3.0,25.73
42,DCR,True,33.0,163.37
42,DCR,False,inf,0.0
42,DCR,False,inf,0.0
42,DCR,False,inf,0.0
42,DCR,True,32.0,170.32
42,DCR,True,19.0,87.85
42,DCR,True,9.0,49.230000000000004
42,DCR,False,inf,0.0
42,DCR,True,22.0,115.45
42,DCR,True,9.0,48.97
42,DCR,True,14.0,58.51
42,DCR,False,inf,0.0
42,DCR,False,inf,0.0
42,DCR,True,8.0,29.830000000000002
42,DCR,False,inf,0.0
42,DCR,False,inf,0.0
42,DCR,True,23.0,122.83
42,DCR,True,31.0,150.36
42,DCR,True,9.0,44.11
42,DCR,True,39.0,205.67
42,DCR,True,15.0,80.47
42,DCR,True,11.0,54.22
42,DCR,True,21.0,103.93
42,DCR,True,8.0,28.26
42,DCR,True,9.0,37.410000000000004
42,DCR,True,19.0,101.27
42,DCR,True,17.0,95.91
42,DCR,True,24.0,125.89
42,DCR,False,inf,0.0
42,DCR,False,inf,0.0
42,DCR,False,inf,0.0
42,DCR,True,34.0,184.89
42,DCR,True,20.0,89.63
42,DCR,True,6.0,47.21
42,DCR,True,40.0,210.15
42,DCR,False,inf,0.0
42,DCR,False,inf,0.0
42,DCR,False,inf,0.0
42,DCR,True,3.0,11.39
42,DCR,False,inf,0.0
42,DCR,True,9.0,38.96
42,DCR,True,4.0,14.07
42,DCR,True,21.0,108.22
42,DCR,False,inf,0.0
42,DCR,False,inf,0.0
42,DCR,True,21.0,96.44
42,DCR,False,inf,0.0
42,DCR,True,33.0,175.43
42,DCR,False,inf,0.0
42,DCR,False,inf,0.0
42,DCR,True,18.0,89.24
42,DCR,True,8.0,41.61
42,DCR,True,19.0,94.63
42,DCR,True,8.0,37.56
42,DCR,True,33.0,166.44
42,DCR,True,25.0,121.85
42,DCR,True,21.0,106.2
42,DCR,True,10.0,38.93
42,DCR,True,31.0,162.52
42,DCR,True,15.0,72.05
42,DCR,True,26.0,131.24
42,DCR,True,28.0,162.52
42,DCR,False,inf,0.0
42,DCR,False,inf,0.0
42,DCR,True,6.0,28.17
42,DCR,True,28.0,142.45
42,DCR,False,inf,0.0
42,DCR,True,24.0,105.69
42,DCR,True,20.0,106.35000000000001
42,DCR,True,20.0,108.63
42,DCR,True,34.0,173.7
42,DCR,True,22.0,122.88
42,DCR,True,10.0,49.33
42,DCR,True,3.0,8.700000000000001
42,DCR,True,33.0,182.72
42,DCR,True,13.0,72.39
42,DCR,True,34.0,173.3
42,DCR,True,40.0,208.28
42,DCR,True,28.0,139.15
42,DCR,False,inf,0.0
42,DCR,True,29.0,166.25
42,DCR,True,10.0,49.55
42,DCR,True,22.0,114.67
42,DCR,True,16.0,81.42
42,DCR,True,4.0,15.870000000000001
42,DCR,True,13.0,62.25
42,DCR,False,inf,0.0
42,DCR,True,32.0,173.6
42,DCR,True,2.0,12.02
42,DCR,False,inf,0.0
42,DCR,True,24.0,110.48
42,DCR,True,38.0,202.04
42,DCR,False,inf,0.0
42,DCR,True,34.0,180.72
42,DCR,True,17.0,85.51
42,DCR,False,inf,0.0
42,DCR,True,5.0,22.57
42,DCR,True,2.0,7.93
42,DCR,True,27.0,135.12
42,DCR,False,inf,0.0
42,DCR,False,inf,0.0
42,DCR,False,inf,0.0
42,DCR,True,4.0,22.74
42,DCR,True,20.0,89.75
42,DCR,True,23.0,128.82
42,DCR,True,32.0,163.53
42,DCR,True,13.0,54.02
42,DCR,True,8.0,36.32
42,DCR,True,38.0,197.67000000000002
42,DCR,True,20.0,112.71000000000001
42,DCR,False,inf,0.0
42,DCR,False,inf,0.0
42,DCR,True,5.0,24.78
42,DCR,False,inf,0.0
42,DCR,True,12.0,61.35
42,DCR,False,inf,0.0
42,DCR,True,25.0,128.81
42,DCR,False,inf,0.0
42,DCR,True,34.0,171.83
42,DCR,True,21.0,117.11
42,DCR,True,2.0,12.02
42,DCR,False,inf,0.0
42,DCR,False,inf,0.0
42,DCR,True,4.0,22.11
42,DCR,True,37.0,195.77
42,DCR,True,2.0,8.52
42,DCR,True,8.0,36.32
42,DCR,False,inf,0.0
42,DCR,False,inf,0.0
42,DCR,True,28.0,146.71
42,DCR,True,30.0,159.63
42,DCR,True,33.0,185.81
42,DCR,True,32.0,169.6
42,DCR,False,inf,0.0
42,DCR,False,inf,0.0
42,DCR,False,inf,0.0
42,DCR,True,2.0,17.509999999999998
42,DCR,True,31.0,166.33
42,DCR,False,inf,0.0
42,DCR,True,16.0,77.95
42,DCR,False,inf,0.0
42,DCR,True,28.0,140.53
42,DCR,True,8.0,31.94
42,DCR,False,inf,0.0
42,DCR,True,11.0,56.55
42,DCR,False,inf,0.0
42,DCR,True,19.0,107.73
42,DCR,False,inf,0.0
42,DCR,False,inf,0.0
42,DCR,True,1.0,9.3
42,DCR,True,5.0,20.2
42,DCR,True,24.0,110.36
42,DCR,True,25.0,131.95
42,DCR,True,38.0,202.73
42,DCR,False,inf,0.0
42,DCR,True,4.0,21.22
42,DCR,False,inf,0.0
42,DCR,True,16.0,83.13
42,DCR,True,32.0,165.53
42,DCR,True,1.0,6.41
42,DCR,True,25.0,139.79
42,DCR,False,inf,0.0
42,DCR,True,23.0,111.19
42,DCR,True,30.0,164.07
42,DCR,True,39.0,208.58
42,DCR,True,21.0,109.57000000000001
42,DCR,True,39.0,200.36
42,DCR,True,27.0,143.83
42,DCR,True,27.0,156.56
42,DCR,True,2.0,11.47
42,DCR,True,3.0,22.990000000000002
42,DCR,True,10.0,46.96
42,DCR,True,12.0,62.85
42,DCR,True,20.0,93.33
42,DCR,True,14.0,66.64
42,DCR,True,25.0,119.51
42,DCR,False,inf,0.0
42,DCR,True,26.0,138.42
42,DCR,True,10.0,52.88
42,DCR,True,15.0,86.96000000000001
42,DCR,True,12.0,63.120000000000005
42,DCR,False,inf,0.0
42,DCR,True,24.0,124.43
42,DCR,False,inf,0.0
42,DCR,True,7.0,30.81
42,DCR,False,inf,0.0
42,DCR,True,9.0,44.11
42,DCR,True,25.0,125.84
42,DCR,True,31.0,167.60999999999999
42,DCR,False,inf,0.0
42,DCR,False,inf,0.0
42,DCR,True,28.0,155.06
42,DCR,True,38.0,205.05
42,DCR,True,38.0,197.14000000000001
42,DCR,True,35.0,180.08
42,DCR,False,inf,0.0
42,DCR,False,inf,0.0
42,DCR,False,inf,0.0
42,DCR,True,18.0,111.04
42,DCR,True,29.0,170.71
42,DCR,True,17.0,85.51
42,DCR,True,6.0,22.95
42,DCR,True,1.0,8.75
42,DCR,False,inf,0.0
42,DCR,True,15.0,83.19
42,DCR,True,16.0,94.45
42,DCR,True,5.0,25.91
42,DCR,True,19.0,105.12
42,DCR,True,25.0,127.68
42,DCR,False,inf,0.0
42,DCR,True,20.0,97.24
42,DCR,True,4.0,15.58
42,DCR,True,35.0,170.92
42,DCR,True,26.0,150.18
42,DCR,False,inf,0.0
42,DCR,True,27.0,119.73
42,DCR,True,11.0,59.31
42,DCR,True,4.0,22.74
42,DCR,True,4.0,32.54
42,DCR,False,inf,0.0
42,DCR,True,10.0,52.53
42,DCR,True,34.0,186.27
42,DCR,True,23.0,131.91
42,DCR,True,27.0,138.51
42,DCR,True,18.0,83.93
42,DCR,True,32.0,170.32
42,DCR,True,30.0,170.3
42,DCR,True,6.0,25.73
42,DCR,True,14.0,75.81
42,DCR,True,24.0,122.93
42,DCR,True,33.0,182.06
42,DCR,False,inf,0.0
42,DCR,True,21.0,106.77
42,DCR,False,inf,0.0
42,DCR,False,inf,0.0
42,DCR,True,10.0,52.99
42,DCR,False,inf,0.0
42,DCR,False,inf,0.0
42,DCR,True,26.0,134.20000000000002
42,DCR,False,inf,0.0
42,DCR,True,30.0,161.99
42,DCR,True,2.0,14.0
42,DCR,True,17.0,86.17
42,DCR,True,36.0,183.61
42,DCR,True,19.0,102.07000000000001
42,DCR,True,16.0,86.14
42,DCR,True,22.0,100.63
42,DCR,True,17.0,91.17
42,DCR,True,16.0,86.43
42,DCR,True,34.0,173.3
42,DCR,True,24.0,128.89
42,DCR,True,33.0,174.53
42,DCR,True,17.0,90.26
42,DCR,True,26.0,121.32000000000001
42,DCR,False,inf,0.0
42,DCR,True,21.0,111.92
42,DCR,True,37.0,191.81
42,DCR,False,inf,0.0
42,DCR,True,18.0,98.64
42,DCR,True,5.0,24.07
42,DCR,True,24.0,112.77
42,DCR,False,inf,0.0
42,DCR,True,21.0,114.04
42,DCR,False,inf,0.0
42,DCR,True,4.0,22.11
42,DCR,True,25.0,128.62
42,DCR,True,28.0,140.53
42,DCR,True,33.0,174.79
42,DCR,True,39.0,203.38
42,DCR,True,26.0,142.6
42,DCR,True,24.0,122.93
42,DCR,True,14.0,77.82
42,DCR,True,21.0,110.04
42,DCR,True,1.0,9.37
42,DCR,False,inf,0.0
42,DCR,True,32.0,182.11
42,DCR,True,17.0,98.06
42,DCR,True,9.0,37.26
42,DCR,True,10.0,53.28
42,DCR,True,14.0,75.81
42,DCR,True,22.0,107.63
42,DCR,True,28.0,141.1
42,DCR,False,inf,0.0
42,DCR,True,31.0,161.69
42,DCR,True,11.0,45.370000000000005
42,DCR,True,10.0,45.34
42,DCR,True,11.0,61.33
42,DCR,False,inf,0.0
42,DCR,True,3.0,18.72
42,DCR,False,inf,0.0
42,DCR,True,1.0,2.04
42,DCR,False,inf,0.0
42,DCR,True,8.0,37.440000000000005
42,DCR,True,27.0,143.83
42,DCR,True,3.0,21.32
42,DCR,True,36.0,194.25
42,DCR,True,24.0,125.89
42,DCR,True,22.0,118.36
42,DCR,True,32.0,169.05
42,DCR,True,26.0,121.32000000000001
42,DCR,False,inf,0.0
42,DCR,True,22.0,126.84
42,DCR,True,2.0,7.65
42,DCR,True,27.0,135.83
42,DCR,False,inf,0.0
42,DCR,True,11.0,45.08
42,DCR,True,3.0,21.32
42,DCR,True,20.0,106.35000000000001
42,DCR,True,8.0,37.7
42,DCR,True,33.0,158.52
42,DCR,False,inf,0.0
42,DCR,True,24.0,122.93
42,DCR,True,29.0,159.0
42,DCR,True,4.0,14.07
42,DCR,False,inf,0.0
42,DCR,True,18.0,98.64
42,DCR,True,9.0,47.03
42,DCR,True,5.0,18.44
42,DCR,True,12.0,60.54
42,DCR,True,3.0,19.18
42,DCR,False,inf,0.0
42,DCR,True,30.0,153.87
42,DCR,True,33.0,178.42
42,DCR,False,inf,0.0
42,DCR,False,inf,0.0
42,DCR,True,18.0,89.36
42,DCR,True,29.0,148.88
42,DCR,False,inf,0.0
42,DCR,True,19.0,108.82000000000001
42,DCR,False,inf,0.0
42,DCR,True,23.0,125.16
42,DCR,True,18.0,83.55
42,DCR,False,inf,0.0
42,DCR,False,inf,0.0
42,DCR,True,26.0,140.13
42,DCR,True,30.0,160.86
42,DCR,True,20.0,108.95
42,DCR,True,10.0,53.61
42,DCR,True,23.0,121.86
42,DCR,True,27.0,152.46
42,DCR,True,8.0,38.32
42,DCR,True,32.0,164.93
42,DCR,False,inf,0.0
42,DCR,False,inf,0.0
42,DCR,False,inf,0.0
42,DCR,False,inf,0.0
42,DCR,True,24.0,114.69
42,DCR,True,22.0,118.7
42,DCR,True,18.0,98.02
42,DCR,True,1.0,7.59
42,DCR,False,inf,0.0
42,DCR,True,15.0,67.81
42,DCR,True,30.0,157.69
42,DCR,True,17.0,77.64
42,DCR,True,31.0,171.08
42,DCR,False,inf,0.0
42,DCR,True,30.0,157.56
42,DCR,True,19.0,107.84
42,DCR,True,26.0,134.94
42,DCR,True,33.0,175.2
42,DCR,True,10.0,54.88
42,DCR,False,inf,0.0
42,DCR,True,24.0,113.17
42,DCR,True,19.0,102.52
42,DCR,True,23.0,120.84
42,DCR,False,inf,0.0
42,DCR,False,inf,0.0
42,DCR,True,32.0,170.32
42,DCR,False,inf,0.0
42,DCR,False,inf,0.0
42,DCR,True,33.0,175.43
42,DCR,False,inf,0.0
42,DCR,False,inf,0.0
42,DCR,False,inf,0.0
42,DCR,False,inf,0.0
42,DCR,False,inf,0.0
42,DCR,True,19.0,102.07000000000001
42,DCR,True,27.0,137.13
42,DCR,False,inf,0.0
42,DCR,False,inf,0.0
42,DCR,True,24.0,121.72
42,DCR,True,11.0,56.42
42,DCR,True,6.0,25.21
42,DCR,False,inf,0.0
42,DCR,True,12.0,56.8
42,DCR,True,24.0,128.96
42,DCR,True,27.0,143.11
42,DCR,False,inf,0.0
42,DCR,True,17.0,91.57000000000001
42,DCR,True,20.0,118.72
42,DCR,True,22.0,122.88
42,DCR,True,1.0,4.48
42,DCR,True,35.0,192.65
42,DCR,False,inf,0.0
42,DCR,True,18.0,95.21000000000001
42,DCR,True,7.0,32.0
42,DCR,True,27.0,134.73
42,DCR,True,13.0,58.36
42,DCR,True,7.0,28.13
42,DCR,True,7.0,28.14
42,DCR,True,18.0,95.3
42,DCR,True,29.0,153.24
42,DCR,True,19.0,97.24
42,DCR,True,14.0,67.4
42,DCR,False,inf,0.0
42,DCR,True,2.0,7.65
42,DCR,False,inf,0.0
42,DCR,True,33.0,184.56
42,DCR,False,inf,0.0
42,DCR,True,36.0,184.7
42,DCR,True,31.0,152.91
42,DCR,True,8.0,52.99
42,DCR,True,34.0,168.95
42,DCR,True,18.0,91.06
42,DCR,True,9.0,43.22
42,DCR,False,inf,0.0
42,DCR,True,33.0,176.92
42,DCR,True,8.0,29.95
42,DCR,True,9.0,31.35
42,DCR,True,33.0,172.36
42,DCR,True,2.0,7.93
42,DCR,True,19.0,103.17
42,DCR,True,1.0,8.75
42,DCR,True,9.0,39.67
42,DCR,True,7.0,26.88
42,DCR,False,inf,0.0
42,DCR,True,27.0,141.01
42,DCR,False,inf,0.0
42,DCR,True,9.0,47.38
42,DCR,False,inf,0.0
42,DCR,True,31.0,166.81
42,DCR,True,5.0,19.490000000000002
42,DCR,True,18.0,95.21000000000001
42,DCR,False,inf,0.0
42,DCR,True,32.0,169.10999999999999
42,DCR,True,13.0,62.06
42,DCR,True,40.0,211.49
42,DCR,True,4.0,22.11
42,DCR,True,19.0,92.92
42,DCR,True,6.0,23.77
42,DCR,True,12.0,65.65
42,DCR,True,20.0,108.19
42,DCR,True,15.0,86.96000000000001
42,DCR,True,8.0,28.26
42,DCR,True,14.0,72.19
42,DCR,True,21.0,105.23
42,DCR,True,4.0,13.2
42,DCR,False,inf,0.0
42,DCR,True,34.0,180.71
42,DCR,False,inf,0.0
42,DCR,True,20.0,109.52
42,DCR,False,inf,0.0
42,DCR,True,34.0,166.95
42,DCR,True,15.0,74.56
42,DCR,True,12.0,59.870000000000005
42,DCR,False,inf,0.0
42,DCR,True,2.0,9.05
42,DCR,True,35.0,181.76
42,DCR,False,inf,0.0
42,DCR,True,29.0,144.25
42,DCR,True,30.0,146.95
42,DCR,True,35.0,175.68
42,DCR,True,5.0,22.98
42,DCR,True,29.0,150.4
42,DCR,False,inf,0.0
42,DCR,True,30.0,146.95
42,DCR,True,25.0,121.85
42,DCR,False,inf,0.0
42,DCR,False,inf,0.0
42,DCR,True,22.0,100.63
42,DCR,True,13.0,74.39
42,CCR,False,inf,0.0
42,CCR,True,22.0,110.60000000000001
42,CCR,True,24.0,128.51
42,CCR,True,25.0,136.63
42,CCR,True,16.0,77.18
42,CCR,False,inf,0.0
42,CCR,False,inf,0.0
42,CCR,True,28.0,132.38
42,CCR,True,27.0,128.02
42,CCR,True,7.0,36.31
42,CCR,False,inf,0.0
42,CCR,True,36.0,191.69
42,CCR,True,2.0,6.76
42,CCR,True,11.0,61.83
42,CCR,False,inf,0.0
42,CCR,True,29.0,138.84
42,CCR,True,28.0,132.23
42,CCR,True,7.0,25.43
42,CCR,True,29.0,139.96
42,CCR,True,10.0,52.14
42,CCR,True,12.0,60.98
42,CCR,False,inf,0.0
42,CCR,True,30.0,142.88
42,CCR,False,inf,0.0
42,CCR,False,inf,0.0
42,CCR,True,37.0,202.23
42,CCR,False,inf,0.0
42,CCR,True,27.0,132.02
42,CCR,True,14.0,68.11
42,CCR,False,inf,0.0
42,CCR,True,31.0,153.57
42,CCR,True,23.0,109.79
42,CCR,False,inf,0.0
42,CCR,True,3.0,14.870000000000001
42,CCR,True,11.0,63.32
42,CCR,True,18.0,85.05
42,CCR,True,7.0,33.29
42,CCR,True,39.0,204.17000000000002
42,CCR,False,inf,0.0
42,CCR,False,inf,0.0
42,CCR,False,inf,0.0
42,CCR,False,inf,0.0
42,CCR,False,inf,0.0
42,CCR,True,18.0,87.60000000000001
42,CCR,False,inf,0.0
42,CCR,True,6.0,28.86
42,CCR,True,23.0,113.51
42,CCR,False,inf,0.0
42,CCR,True,10.0,50.33
42,CCR,True,33.0,172.98
42,CCR,True,30.0,147.3
42,CCR,True,28.0,143.66
42,CCR,True,7.0,43.25
42,CCR,True,20.0,96.39
42,CCR,True,2.0,7.65
42,CCR,True,18.0,85.33
42,CCR,True,18.0,95.99
42,CCR,True,9.0,54.11
42,CCR,False,inf,0.0
42,CCR,True,10.0,59.96
42,CCR,True,8.0,39.87
42,CCR,True,21.0,103.0
42,CCR,True,11.0,58.18
42,CCR,False,inf,0.0
42,CCR,True,21.0,103.12
42,CCR,False,inf,0.0
42,CCR,False,inf,0.0
42,CCR,True,5.0,24.53
42,CCR,True,18.0,88.38
42,CCR,True,23.0,116.35
42,CCR,True,38.0,201.26
42,CCR,True,2.0,5.32
42,CCR,False,inf,0.0
42,CCR,True,17.0,82.54
42,CCR,True,8.0,46.230000000000004
42,CCR,True,6.0,23.16
42,CCR,True,14.0,68.19
42,CCR,True,4.0,32.54
42,CCR,True,13.0,66.96000000000001
42,CCR,False,inf,0.0
42,CCR,False,inf,0.0
42,CCR,True,15.0,74.29
42,CCR,False,inf,0.0
42,CCR,True,16.0,80.07000000000001
42,CCR,True,10.0,53.08
42,CCR,True,3.0,10.93
42,CCR,False,inf,0.0
42,CCR,False,inf,0.0
42,CCR,True,3.0,21.060000000000002
42,CCR,False,inf,0.0
42,CCR,True,18.0,92.56
42,CCR,True,36.0,191.69
42,CCR,False,inf,0.0
42,CCR,True,28.0,130.72
42,CCR,True,32.0,156.82
42,CCR,True,31.0,159.58
42,CCR,False,inf,0.0
42,CCR,True,28.0,154.57
42,CCR,True,15.0,75.18
42,CCR,True,28.0,140.31
42,CCR,True,15.0,84.3
42,CCR,True,11.0,60.08
42,CCR,True,8.0,52.59
42,CCR,False,inf,0.0
42,CCR,True,22.0,107.18
42,CCR,True,19.0,88.84
42,CCR,True,17.0,80.08
42,CCR,True,2.0,13.84
42,CCR,True,38.0,182.4
42,CCR,True,28.0,138.81
42,CCR,True,18.0,87.60000000000001
42,CCR,True,13.0,68.2
42,CCR,False,inf,0.0
42,CCR,True,40.0,217.0
42,CCR,True,21.0,99.07000000000001
42,CCR,False,inf,0.0
42,CCR,True,20.0,109.74
42,CCR,True,25.0,126.77
42,CCR,True,1.0,3.04
42,CCR,True,36.0,166.56
42,CCR,True,19.0,100.51
42,CCR,False,inf,0.0
42,CCR,True,30.0,147.3
42,CCR,False,inf,0.0
42,CCR,True,25.0,121.29
42,CCR,True,17.0,80.37
42,CCR,True,21.0,108.78
42,CCR,True,39.0,211.08
42,CCR,True,15.0,71.96
42,CCR,True,4.0,15.84
42,CCR,True,29.0,142.25
42,CCR,True,28.0,153.16
42,CCR,True,37.0,173.61
42,CCR,True,20.0,91.42
42,CCR,True,29.0,145.63
42,CCR,False,inf,0.0
42,CCR,False,inf,0.0
42,CCR,False,inf,0.0
42,CCR,True,24.0,120.08
42,CCR,True,34.0,183.45
42,CCR,False,inf,0.0
42,CCR,False,inf,0.0
42,CCR,True,3.0,21.32
42,CCR,True,24.0,128.51
42,CCR,True,31.0,149.66
42,CCR,True,37.0,198.62
42,CCR,True,8.0,48.14
42,CCR,True,21.0,98.17
42,CCR,True,13.0,66.96000000000001
42,CCR,False,inf,0.0
42,CCR,True,16.0,77.47
42,CCR,True,8.0,39.9
42,CCR,True,23.0,112.13
42,CCR,True,25.0,119.89
42,CCR,True,12.0,60.620000000000005
42,CCR,False,inf,0.0
42,CCR,False,inf,0.0
42,CCR,True,21.0,118.21000000000001
42,CCR,True,21.0,95.35000000000001
42,CCR,False,inf,0.0
42,CCR,False,inf,0.0
42,CCR,True,21.0,101.85000000000001
42,CCR,False,inf,0.0
42,CCR,True,30.0,154.6
42,CCR,True,38.0,197.45000000000002
42,CCR,True,8.0,46.019999999999996
42,CCR,True,35.0,164.55
42,CCR,True,25.0,120.49
42,CCR,False,inf,0.0
42,CCR,True,36.0,193.66
42,CCR,True,11.0,65.14
42,CCR,True,2.0,7.49
42,CCR,True,23.0,109.24
42,CCR,False,inf,0.0
42,CCR,False,inf,0.0
42,CCR,True,19.0,92.51
42,CCR,False,inf,0.0
42,CCR,True,23.0,106.0
42,CCR,True,13.0,61.410000000000004
42,CCR,True,13.0,73.0
42,CCR,True,37.0,178.06
42,CCR,False,inf,0.0
42,CCR,False,inf,0.0
42,CCR,False,inf,0.0
42,CCR,False,inf,0.0
42,CCR,True,25.0,120.49
42,CCR,True,30.0,142.88
42,CCR,True,7.0,25.56
42,CCR,False,inf,0.0
42,CCR,True,11.0,53.25
42,CCR,True,5.0,21.64
42,CCR,False,inf,0.0
42,CCR,True,32.0,157.54
42,CCR,True,34.0,163.88
42,CCR,False,inf,0.0
42,CCR,True,26.0,137.48
42,CCR,True,29.0,137.85
42,CCR,True,3.0,20.31
42,CCR,True,22.0,106.79
42,CCR,True,18.0,86.83
42,CCR,True,38.0,203.8
42,CCR,False,inf,0.0
42,CCR,True,37.0,197.61
42,CCR,False,inf,0.0
42,CCR,True,20.0,104.35
42,CCR,False,inf,0.0
42,CCR,True,10.0,39.18
42,CCR,False,inf,0.0
42,CCR,True,10.0,62.78
42,CCR,True,5.0,21.64
42,CCR,False,inf,0.0
42,CCR,False,inf,0.0
42,CCR,True,13.0,66.08
42,CCR,True,25.0,123.43
42,CCR,True,19.0,96.57000000000001
42,CCR,True,1.0,2.65
42,CCR,True,30.0,147.66
42,CCR,True,22.0,116.15
42,CCR,True,23.0,109.79
42,CCR,True,23.0,123.69
42,CCR,False,inf,0.0
42,CCR,True,25.0,116.19
42,CCR,True,21.0,103.12
42,CCR,True,16.0,88.22
42,CCR,False,inf,0.0
42,CCR,True,9.0,59.230000000000004
42,CCR,True,16.0,77.43
42,CCR,True,27.0,128.27
42,CCR,True,30.0,142.34
42,CCR,True,26.0,137.48
42,CCR,False,inf,0.0
42,CCR,True,8.0,42.49
42,CCR,True,15.0,85.19
42,CCR,True,23.0,103.79
42,CCR,True,28.0,138.76
42,CCR,False,inf,0.0
42,CCR,True,24.0,118.25
42,CCR,True,7.0,42.99
42,CCR,True,9.0,43.48
42,CCR,False,inf,0.0
42,CCR,True,15.0,82.95
42,CCR,True,14.0,76.92
42,CCR,True,23.0,113.4
42,CCR,True,20.0,105.17
42,CCR,True,1.0,9.75
42,CCR,True,5.0,41.6
42,CCR,True,1.0,2.4
42,CCR,True,16.0,77.4
42,CCR,False,inf,0.0
42,CCR,False,inf,0.0
42,CCR,False,inf,0.0
42,CCR,True,28.0,155.62
42,CCR,True,34.0,176.12
42,CCR,True,30.0,150.23
42,CCR,False,inf,0.0
42,CCR,True,29.0,141.97
42,CCR,True,33.0,161.72
42,CCR,True,19.0,88.83
42,CCR,True,38.0,188.76
42,CCR,True,20.0,104.08
42,CCR,True,32.0,177.57
42,CCR,True,29.0,147.46
42,CCR,False,inf,0.0
42,CCR,True,33.0,175.42
42,CCR,True,23.0,112.59
42,CCR,True,14.0,71.98
42,CCR,False,inf,0.0
42,CCR,True,2.0,12.83
42,CCR,False,inf,0.0
42,CCR,True,10.0,48.0
42,CCR,True,20.0,97.52
42,CCR,True,31.0,176.07
42,CCR,True,30.0,146.93
42,CCR,False,inf,0.0
42,CCR,True,28.0,138.06
42,CCR,True,13.0,70.7
42,CCR,False,inf,0.0
42,CCR,True,3.0,21.55
42,CCR,True,27.0,134.55
42,CCR,False,inf,0.0
42,CCR,False,inf,0.0
42,CCR,False,inf,0.0
42,CCR,True,35.0,172.4
42,CCR,True,6.0,32.66
42,CCR,True,2.0,12.120000000000001
42,CCR,True,21.0,92.76
42,CCR,True,16.0,93.59
42,CCR,True,39.0,190.7
42,CCR,True,14.0,71.78
42,CCR,True,35.0,163.02
42,CCR,True,28.0,138.35
42,CCR,True,3.0,28.47
42,CCR,True,18.0,88.35
42,CCR,False,inf,0.0
42,CCR,False,inf,0.0
42,CCR,True,22.0,121.87
42,CCR,False,inf,0.0
42,CCR,True,11.0,60.08
42,CCR,True,4.0,23.81
42,CCR,False,inf,0.0
42,CCR,False,inf,0.0
42,CCR,False,inf,0.0
42,CCR,False,inf,0.0
42,CCR,True,17.0,79.32
42,CCR,False,inf,0.0
42,CCR,False,inf,0.0
42,CCR,False,inf,0.0
42,CCR,True,40.0,210.5
42,CCR,False,inf,0.0
42,CCR,True,6.0,31.0
42,CCR,False,inf,0.0
42,CCR,True,33.0,182.41
42,CCR,False,inf,0.0
42,CCR,True,22.0,105.73
42,CCR,True,22.0,116.14
42,CCR,True,16.0,85.02
42,CCR,True,1.0,3.63
42,CCR,False,inf,0.0
42,CCR,True,21.0,103.83
42,CCR,False,inf,0.0
42,CCR,False,inf,0.0
42,CCR,True,7.0,25.02
42,CCR,True,31.0,146.45
42,CCR,True,14.0,80.19
42,CCR,True,30.0,164.03
42,CCR,True,30.0,150.23
42,CCR,True,21.0,95.35000000000001
42,CCR,True,26.0,126.1
42,CCR,True,14.0,71.78
42,CCR,True,13.0,66.05
42,CCR,True,17.0,80.37
42,CCR,True,25.0,120.49
42,CCR,True,36.0,194.81
42,CCR,True,1.0,1.88
42,CCR,True,12.0,60.47
42,CCR,True,13.0,71.86
42,CCR,True,4.0,15.97
42,CCR,False,inf,0.0
42,CCR,False,inf,0.0
42,CCR,True,3.0,17.82
42,CCR,False,inf,0.0
42,CCR,True,2.0,18.96
42,CCR,True,18.0,84.93
42,CCR,True,5.0,27.060000000000002
42,CCR,True,28.0,134.81
42,CCR,True,28.0,136.48
42,CCR,True,2.0,13.84
42,CCR,True,2.0,7.93
42,CCR,True,22.0,121.87
42,CCR,True,27.0,138.15
42,CCR,False,inf,0.0
42,CCR,False,inf,0.0
42,CCR,True,6.0,27.59
42,CCR,False,inf,0.0
42,CCR,True,3.0,15.99
42,CCR,True,21.0,117.36
42,CCR,True,25.0,121.29
42,CCR,True,28.0,153.16
42,CCR,True,7.0,30.78
42,CCR,False,inf,0.0
42,CCR,True,30.0,144.7
42,CCR,False,inf,0.0
42,CCR,False,inf,0.0
42,CCR,False,inf,0.0
42,CCR,False,inf,0.0
42,CCR,True,5.0,17.84
42,CCR,True,2.0,8.11
42,CCR,True,1.0,3.44
42,CCR,True,9.0,49.27
42,CCR,True,9.0,55.31
42,CCR,True,11.0,60.8
42,CCR,True,5.0,21.5
42,CCR,True,8.0,52.59
42,CCR,False,inf,0.0
42,CCR,True,23.0,109.24
42,CCR,True,10.0,45.76
42,CCR,False,inf,0.0
42,CCR,False,inf,0.0
42,CCR,True,29.0,128.2
42,CCR,True,21.0,102.03
42,CCR,True,8.0,39.87
42,CCR,True,19.0,91.68
42,CCR,True,6.0,24.25
42,CCR,True,29.0,139.82
42,CCR,False,inf,0.0
42,CCR,True,9.0,44.59
42,CCR,False,inf,0.0
42,CCR,True,27.0,131.76
42,CCR,True,27.0,127.6
42,CCR,True,26.0,130.99
42,CCR,True,9.0,55.31
42,CCR,True,15.0,77.77
42,CCR,True,11.0,57.58
42,CCR,True,9.0,50.04
42,CCR,True,10.0,61.7
42,CCR,False,inf,0.0
42,CCR,True,9.0,58.97
42,CCR,False,inf,0.0
42,CCR,True,14.0,70.34
42,CCR,True,8.0,33.86
42,CCR,True,26.0,130.61
42,CCR,False,inf,0.0
42,CCR,False,inf,0.0
42,CCR,False,inf,0.0
42,CCR,True,31.0,148.76
42,CCR,True,11.0,60.08
42,CCR,True,1.0,6.74
42,CCR,True,16.0,77.4
42,CCR,True,25.0,125.59
42,CCR,True,2.0,7.65
42,CCR,True,22.0,121.82000000000001
42,CCR,True,1.0,5.67
42,CCR,True,4.0,25.009999999999998
42,CCR,True,2.0,8.11
42,CCR,True,3.0,18.41
42,CCR,True,19.0,95.81
42,CCR,True,24.0,112.33
42,CCR,True,23.0,109.12
42,CCR,False,inf,0.0
42,CCR,True,24.0,124.3
42,CCR,True,10.0,53.4
42,CCR,True,13.0,58.730000000000004
42,CCR,True,31.0,169.76
42,CCR,True,13.0,76.58
42,CCR,True,22.0,113.8
42,CCR,True,31.0,149.39000000000001
42,CCR,True,33.0,159.49
42,CCR,False,inf,0.0
42,CCR,False,inf,0.0
42,CCR,True,18.0,86.85
42,CCR,True,10.0,59.96
42,CCR,True,26.0,130.99
42,CCR,True,30.0,152.42000000000002
42,CCR,False,inf,0.0
42,CCR,False,inf,0.0
42,CCR,True,3.0,13.58
42,CCR,True,30.0,167.22
42,CCR,True,2.0,9.58
42,CCR,False,inf,0.0
42,CCR,True,8.0,39.0
42,CCR,True,12.0,59.85
42,CCR,False,inf,0.0
42,CCR,True,5.0,32.85
42,CCR,True,5.0,28.73
42,CCR,True,26.0,137.48
42,CCR,True,18.0,93.01
42,CCR,True,12.0,61.02
42,CCR,True,14.0,84.79
42,CCR,False,inf,0.0
42,CCR,True,26.0,119.1
42,CCR,True,8.0,41.62
42,CCR,False,inf,0.0
42,CCR,True,19.0,100.42
42,CCR,True,28.0,137.85
42,CCR,True,4.0,18.13
42,CCR,True,4.0,23.61
42,CCR,True,8.0,40.68
42,CCR,True,5.0,26.83
42,CCR,True,16.0,74.04
42,CCR,True,25.0,136.63
42,CCR,True,15.0,78.28
42,CCR,True,11.0,63.87
42,CCR,True,22.0,111.54
42,CCR,False,inf,0.0
42,CCR,False,inf,0.0
42,CCR,True,13.0,63.42
42,CCR,False,inf,0.0
42,CCR,True,28.0,137.88
42,CCR,True,19.0,96.6
42,CCR,True,14.0,67.01
42,CCR,True,9.0,52.31
42,CCR,False,inf,0.0
42,CCR,False,inf,0.0
42,CCR,True,25.0,121.41
42,CCR,False,inf,0.0
42,CCR,True,33.0,162.03
42,CCR,True,37.0,177.61
42,CCR,True,9.0,43.52
42,CCR,True,10.0,59.96
42,CCR,True,3.0,21.08
42,CCR,False,inf,0.0
42,CCR,True,33.0,172.98
42,CCR,True,9.0,53.15
42,CCR,False,inf,0.0
42,CCR,False,inf,0.0
42,CCR,True,36.0,178.33
42,CCR,False,inf,0.0
42,CCR,True,20.0,91.42
42,CCR,True,1.0,3.63
42,CCR,True,25.0,122.94
42,CCR,False,inf,0.0
42,CCR,True,12.0,58.74
42,CCR,True,24.0,115.07000000000001
42,CCR,False,inf,0.0
42,CCR,True,7.0,43.54
42,CCR,False,inf,0.0
42,CCR,False,inf,0.0
42,CCR,False,inf,0.0
42,CCR,True,27.0,146.99
42,CCR,True,18.0,85.05
42,CCR,True,34.0,163.11
42,CCR,True,21.0,101.85000000000001
42,CCR,False,inf,0.0
42,CCR,False,inf,0.0
42,CCR,False,inf,0.0
42,CCR,True,39.0,206.51
42,CCR,False,inf,0.0
42,CCR,True,30.0,150.66
42,CCR,True,37.0,193.06
42,CCR,False,inf,0.0
42,CCR,False,inf,0.0
42,CCR,False,inf,0.0
42,CCR,False,inf,0.0
42,CCR,True,10.0,56.51
42,CCR,True,31.0,148.57
42,CCR,True,18.0,104.21000000000001
42,CCR,True,25.0,125.42
42,CCR,True,13.0,66.05
42,CCR,False,inf,0.0
42,CCR,True,30.0,171.68
42,CCR,True,22.0,122.49
42,CCR,False,inf,0.0
42,CCR,True,27.0,132.87
42,CCR,True,23.0,127.75
42,CCR,True,15.0,85.04
42,CCR,False,inf,0.0
42,CCR,False,inf,0.0
42,CCR,True,19.0,88.26
42,CCR,False,inf,0.0
42,CCR,True,27.0,149.94
42,CCR,True,9.0,43.48
42,CCR,True,4.0,25.240000000000002
42,CCR,True,16.0,70.96000000000001
42,CCR,False,inf,0.0
42,CCR,True,8.0,38.18
42,CCR,True,35.0,164.97
42,CCR,False,inf,0.0
42,CCR,True,28.0,137.3
42,CCR,False,inf,0.0
42,CCR,True,20.0,115.42
42,CCR,False,inf,0.0
42,CCR,False,inf,0.0
42,CCR,True,11.0,58.2
42,CCR,True,1.0,3.86
42,CCR,True,25.0,112.18
42,CCR,False,inf,0.0
42,CCR,True,28.0,137.85
42,CCR,True,18.0,94.63
42,CCR,False,inf,0.0
42,CCR,True,16.0,85.47
42,CCR,False,inf,0.0
42,CCR,False,inf,0.0
42,CCR,True,2.0,19.39
42,CCR,False,inf,0.0
42,CCR,True,28.0,136.26
42,CCR,True,15.0,71.99
42,CCR,True,3.0,14.379999999999999
42,CCR,False,inf,0.0
42,CCR,True,28.0,138.11
42,CCR,True,30.0,147.3
42,CCR,False,inf,0.0
42,CCR,True,12.0,69.38
42,CCR,True,28.0,137.88
42,CCR,False,inf,0.0
42,CCR,True,26.0,127.78
42,CCR,True,15.0,80.03
42,CCR,True,9.0,35.32
42,CCR,True,40.0,196.62
42,CCR,True,8.0,34.87
42,CCR,True,29.0,139.82
42,CCR,True,9.0,40.67
42,CCR,False,inf,0.0
42,CCR,True,38.0,185.02
42,CCR,True,16.0,81.15
42,CCR,True,6.0,21.65
42,CCR,False,inf,0.0
42,CCR,True,23.0,123.69
42,CCR,True,34.0,163.11
42,CCR,True,38.0,183.98
42,CCR,False,inf,0.0
42,CCR,False,inf,0.0
42,CCR,True,15.0,75.74
42,CCR,True,1.0,8.23
42,CCR,False,inf,0.0
42,CCR,True,2.0,19.39
42,CCR,True,21.0,102.17
42,CCR,True,7.0,26.65
42,CCR,True,12.0,61.74
42,CCR,True,20.0,100.1
42,CCR,False,inf,0.0
42,CCR,False,inf,0.0
42,CCR,False,inf,0.0
42,CCR,False,inf,0.0
42,CCR,True,14.0,76.03
42,CCR,False,inf,0.0
42,CCR,False,inf,0.0
42,CCR,True,31.0,159.58
42,CCR,False,inf,0.0
42,CCR,True,20.0,96.78
42,CCR,False,inf,0.0
42,CCR,True,28.0,153.68
42,CCR,False,inf,0.0
42,CCR,False,inf,0.0
42,CCR,True,29.0,159.83
42,CCR,True,4.0,15.84
42,CCR,True,11.0,58.18
42,CCR,True,17.0,87.72
42,CCR,True,32.0,153.28
42,CCR,True,32.0,156.14000000000001
42,CCR,True,2.0,6.66
42,CCR,False,inf,0.0
42,CCR,False,inf,0.0
42,CCR,True,9.0,56.57
42,CCR,True,36.0,172.47
42,CCR,False,inf,0.0
42,CCR,False,inf,0.0
42,CCR,True,8.0,29.29
42,CCR,False,inf,0.0
42,CCR,True,38.0,180.02
42,CCR,True,4.0,30.380000000000003
42,CCR,False,inf,0.0
42,CCR,True,1.0,5.46
42,CCR,True,24.0,113.47
42,CCR,True,17.0,94.99
42,CCR,True,27.0,132.82
42,CCR,True,16.0,86.88
42,CCR,True,3.0,21.08
42,CCR,False,inf,0.0
42,CCR,True,20.0,99.36
42,CCR,False,inf,0.0
42,CCR,True,34.0,163.63
42,CCR,True,30.0,166.22
42,CCR,True,2.0,12.46
42,CCR,False,inf,0.0
42,CCR,True,20.0,100.1
42,CCR,False,inf,0.0
42,CCR,True,7.0,38.35
42,CCR,True,11.0,58.2
42,CCR,True,1.0,3.63
42,CCR,True,17.0,83.25
42,CCR,True,23.0,115.47
42,CCR,False,inf,0.0
42,CCR,False,inf,0.0
42,CCR,True,22.0,121.29
42,CCR,True,22.0,108.26
42,CCR,True,3.0,11.280000000000001
42,CCR,True,11.0,55.25
42,CCR,False,inf,0.0
42,CCR,True,4.0,34.79
42,CCR,True,21.0,96.76
42,CCR,True,1.0,1.69
42,CCR,False,inf,0.0
42,CCR,True,2.0,7.65
42,CCR,True,15.0,80.97
42,CCR,True,4.0,22.77
42,CCR,True,1.0,1.23
42,CCR,True,13.0,64.61
42,CCR,True,6.0,35.49
42,CCR,False,inf,0.0
42,CCR,True,18.0,96.42
42,CCR,True,19.0,96.05
42,CCR,True,39.0,190.7
42,CCR,True,25.0,131.5
42,CCR,True,5.0,21.87
42,CCR,True,26.0,127.19
42,CCR,True,18.0,88.35
42,CCR,True,18.0,92.31
42,CCR,False,inf,0.0
42,CCR,True,25.0,125.31
42,CCR,True,12.0,55.72
42,CCR,True,14.0,70.12
42,CCR,True,8.0,33.86
42,CCR,True,13.0,69.02
42,CCR,True,18.0,89.75
42,CCR,True,20.0,99.41
42,CCR,True,34.0,163.69
42,CCR,False,inf,0.0
42,CCR,True,34.0,182.16
42,CCR,True,12.0,61.02
42,CCR,False,inf,0.0
42,CCR,True,2.0,17.509999999999998
42,CCR,False,inf,0.0
42,CCR,True,14.0,82.64
42,CCR,True,29.0,136.46
42,CCR,True,17.0,83.25
42,CCR,True,23.0,117.3
42,CCR,True,20.0,115.42
42,CCR,True,2.0,8.52
42,CCR,True,28.0,156.33
42,CCR,True,18.0,96.42
42,CCR,True,6.0,22.62
42,CCR,True,7.0,44.16
42,CCR,False,inf,0.0
42,CCR,True,28.0,139.15
42,CCR,False,inf,0.0
42,CCR,True,28.0,138.76
42,CCR,True,21.0,115.08
42,CCR,True,3.0,14.42
42,CCR,True,30.0,171.11
42,CCR,False,inf,0.0
42,CCR,True,2.0,12.31
42,CCR,True,13.0,74.12
42,CCR,True,24.0,115.07000000000001
42,CCR,False,inf,0.0
42,CCR,True,21.0,102.97
42,CCR,True,3.0,21.32
42,CCR,True,8.0,40.47
42,CCR,False,inf,0.0
42,CCR,False,inf,0.0
42,CCR,True,16.0,79.4
42,CCR,True,35.0,184.01
42,CCR,False,inf,0.0
42,CCR,True,25.0,129.24
42,CCR,True,7.0,37.61
42,CCR,True,6.0,32.66
42,CCR,False,inf,0.0
42,CCR,True,24.0,118.25
42,CCR,False,inf,0.0
42,CCR,True,32.0,154.46
42,CCR,True,17.0,86.69
42,CCR,True,4.0,20.79
42,CCR,False,inf,0.0
42,CCR,True,22.0,108.0
42,CCR,False,inf,0.0
42,CCR,True,12.0,67.91
42,CCR,True,25.0,125.42
42,CCR,True,12.0,66.1
42,CCR,False,inf,0.0
42,CCR,True,11.0,55.18
42,CCR,True,29.0,138.67000000000002
42,CCR,True,33.0,171.81
42,CCR,False,inf,0.0
42,CCR,True,6.0,44.66
42,CCR,True,2.0,11.52
42,CCR,True,25.0,131.07
42,CCR,True,5.0,24.81
42,CCR,False,inf,0.0
42,CCR,False,inf,0.0
42,CCR,True,3.0,13.71
42,CCR,True,11.0,65.14
42,CCR,False,inf,0.0
42,CCR,True,15.0,74.29
42,CCR,True,11.0,57.58
42,CCR,True,27.0,121.74
42,CCR,True,19.0,91.37
42,CCR,False,inf,0.0
42,CCR,False,inf,0.0
42,CCR,False,inf,0.0
42,CCR,True,24.0,115.85
42,CCR,True,34.0,183.45
42,CCR,True,26.0,137.48
42,CCR,False,inf,0.0
42,CCR,False,inf,0.0
42,CCR,False,inf,0.0
42,CCR,True,9.0,47.96
42,CCR,True,34.0,168.47
42,CCR,False,inf,0.0
42,CCR,False,inf,0.0
42,CCR,False,inf,0.0
42,CCR,True,16.0,77.18
42,CCR,True,7.0,37.61
42,CCR,False,inf,0.0
42,CCR,True,13.0,63.300000000000004
42,CCR,True,18.0,87.59
42,CCR,False,inf,0.0
42,CCR,True,18.0,103.44
42,CCR,True,5.0,30.59
42,CCR,True,4.0,23.32
42,CCR,True,21.0,104.07000000000001
42,CCR,True,21.0,109.46000000000001
42,CCR,True,19.0,104.64
42,CCR,True,1.0,1.59
42,CCR,True,2.0,12.31
42,CCR,True,14.0,75.48
42,CCR,True,24.0,119.73
42,CCR,False,inf,0.0
42,CCR,True,2.0,12.02
42,CCR,False,inf,0.0
42,CCR,True,15.0,85.04
42,CCR,True,11.0,50.61
42,CCR,True,13.0,58.36
42,CCR,True,10.0,53.83
42,CCR,False,inf,0.0
42,CCR,True,13.0,63.660000000000004
42,CCR,True,23.0,124.51
42,CCR,True,22.0,113.58
42,CCR,True,12.0,73.79
42,CCR,True,15.0,85.32000000000001
42,CCR,True,19.0,97.7
42,CCR,True,15.0,71.52
42,CCR,True,4.0,20.79
42,CCR,True,20.0,97.94
42,CCR,False,inf,0.0
42,CCR,False,inf,0.0
42,CCR,True,3.0,11.88
42,CCR,False,inf,0.0
42,CCR,False,inf,0.0
42,CCR,True,22.0,106.53
42,CCR,True,36.0,172.47
42,CCR,False,inf,0.0
42,CCR,True,26.0,118.79
42,CCR,True,29.0,143.07
42,CCR,True,32.0,154.46
42,CCR,False,inf,0.0
42,CCR,True,15.0,80.03
42,CCR,True,5.0,31.83
42,CCR,True,11.0,55.25
42,CCR,True,31.0,147.3
42,CCR,True,19.0,87.4
42,CCR,True,17.0,80.08
42,CCR,True,25.0,134.81
42,CCR,True,27.0,121.74
42,CCR,True,21.0,102.03
42,CCR,False,inf,0.0
42,CCR,False,inf,0.0
42,CCR,True,27.0,131.51
42,CCR,False,inf,0.0
42,CCR,True,19.0,96.77
42,CCR,False,inf,0.0
42,CCR,False,inf,0.0
42,CCR,False,inf,0.0
42,CCR,False,inf,0.0
42,CCR,False,inf,0.0
42,CCR,True,20.0,99.39
42,CCR,True,28.0,132.25
42,CCR,False,inf,0.0
42,CCR,False,inf,0.0
42,CCR,True,11.0,57.97
42,CCR,True,14.0,72.73
42,CCR,True,28.0,132.25
42,CCR,True,6.0,32.66
42,CCR,False,inf,0.0
42,CCR,True,31.0,149.39000000000001
42,CCR,True,17.0,94.96000000000001
42,CCR,True,5.0,24.02
42,CCR,True,5.0,25.75
42,CCR,True,21.0,100.55
42,CCR,True,31.0,153.28
42,CCR,True,32.0,169.45
42,CCR,True,27.0,135.47
42,CCR,True,3.0,13.58
42,CCR,False,inf,0.0
42,CCR,False,inf,0.0
42,CCR,False,inf,0.0
42,CCR,True,1.0,2.68
42,CCR,True,33.0,172.98
42,CCR,True,17.0,81.39
42,CCR,True,4.0,17.06
42,CCR,True,14.0,73.17
42,CCR,True,21.0,102.17
42,CCR,False,inf,0.0
42,CCR,False,inf,0.0
42,CCR,True,8.0,49.83
42,CCR,True,37.0,191.12
42,CCR,True,19.0,96.05
42,CCR,True,13.0,62.57
42,CCR,True,38.0,180.66
42,CCR,False,inf,0.0
42,CCR,True,13.0,70.18
42,CCR,True,23.0,116.09
42,CCR,False,inf,0.0
42,CCR,True,4.0,25.240000000000002
42,CCR,False,inf,0.0
42,CCR,True,18.0,87.60000000000001
42,CCR,False,inf,0.0
42,CCR,True,5.0,23.740000000000002
42,CCR,False,inf,0.0
42,CCR,False,inf,0.0
42,CCR,True,33.0,158.81
42,CCR,True,27.0,131.51
42,CCR,True,34.0,163.88
42,CCR,True,23.0,115.8
42,CCR,False,inf,0.0
42,CCR,False,inf,0.0
42,CCR,True,19.0,108.21000000000001
42,CCR,False,inf,0.0
42,CCR,False,inf,0.0
42,CCR,True,3.0,18.93
42,CCR,True,4.0,30.380000000000003
42,CCR,True,38.0,203.8
42,CCR,False,inf,0.0
42,CCR,True,5.0,24.78
42,CCR,False,inf,0.0
42,CCR,False,inf,0.0
42,CCR,False,inf,0.0
42,CCR,True,13.0,63.300000000000004
42,CCR,False,inf,0.0
42,CCR,True,33.0,174.86
42,CCR,True,32.0,158.12
42,CCR,False,inf,0.0
42,CCR,False,inf,0.0
42,CCR,True,27.0,131.18
42,CCR,True,12.0,62.49
42,CCR,True,30.0,171.68
42,CCR,True,24.0,113.47
42,CCR,True,14.0,73.89
42,CCR,True,29.0,136.46
42,CCR,False,inf,0.0
42,CCR,True,16.0,87.72
42,CCR,True,16.0,80.07000000000001
42,CCR,True,30.0,146.98
42,CCR,True,4.0,15.43
42,CCR,False,inf,0.0
42,CCR,True,31.0,148.85
42,CCR,True,15.0,83.45
42,CCR,True,16.0,75.58
42,CCR,True,18.0,85.01
42,CCR,True,29.0,148.02
42,CCR,True,28.0,136.48
42,CCR,True,8.0,39.0
42,CCR,False,inf,0.0
42,CCR,True,29.0,142.06
42,CCR,True,8.0,29.29
42,CCR,False,inf,0.0
42,CCR,True,14.0,77.93
42,CCR,True,2.0,8.65
42,CCR,True,18.0,94.91
42,CCR,False,inf,0.0
42,CCR,False,inf,0.0
42,CCR,True,22.0,118.99
42,CCR,False,inf,0.0
42,CCR,True,16.0,75.58
42,CCR,True,15.0,82.36
42,CCR,True,16.0,88.22
42,CCR,False,inf,0.0
42,CCR,True,16.0,76.52
42,CCR,True,36.0,182.96
42,CCR,True,10.0,53.480000000000004
42,CCR,True,24.0,120.6
42,CCR,True,4.0,25.009999999999998
42,CCR,True,21.0,118.21000000000001
42,CCR,True,2.0,8.65
42,CCR,True,5.0,19.39
42,CCR,True,20.0,97.94
42,CCR,True,21.0,105.3
42,CCR,True,37.0,197.61
42,CCR,True,35.0,189.67000000000002
42,CCR,False,inf,0.0
42,CCR,True,23.0,115.47
42,CCR,False,inf,0.0
42,CCR,True,26.0,126.1
42,CCR,True,5.0,26.83
42,CCR,True,36.0,174.24
42,CCR,True,23.0,121.52
42,CCR,True,13.0,71.21000000000001
42,CCR,False,inf,0.0
42,CCR,True,25.0,121.29
42,CCR,True,1.0,9.3
42,CCR,True,29.0,132.09
42,CCR,True,30.0,143.9
42,CCR,True,22.0,121.82000000000001
42,CCR,True,23.0,117.3
42,CCR,False,inf,0.0
42,CCR,True,25.0,122.49
42,CCR,True,23.0,127.75
42,CCR,False,inf,0.0
42,CCR,True,1.0,2.8
42,CCR,True,6.0,21.65
42,CCR,True,3.0,14.870000000000001
42,CCR,True,7.0,45.25
42,CCR,True,16.0,73.82000000000001
42,CCR,False,inf,0.0
42,CCR,True,9.0,40.67
42,CCR,False,inf,0.0
42,CCR,True,37.0,201.19
42,CCR,True,32.0,149.5
42,CCR,True,31.0,149.57
42,CCR,True,38.0,195.97
42,CCR,False,inf,0.0
42,CCR,True,20.0,92.76
42,CCR,False,inf,0.0
42,CCR,True,34.0,163.4
42,CCR,True,24.0,112.33
42,CCR,True,16.0,86.7
42,CCR,False,inf,0.0
42,CCR,False,inf,0.0
42,CCR,True,27.0,121.74
42,CCR,True,8.0,41.62
42,CCR,False,inf,0.0
42,CCR,True,27.0,134.55
42,CCR,True,32.0,169.45
42,CCR,True,37.0,198.62
42,CCR,True,5.0,23.19
42,CCR,False,inf,0.0
42,CCR,False,inf,0.0
42,CCR,True,16.0,76.64
42,CCR,False,inf,0.0
42,CCR,True,3.0,19.61
42,CCR,True,4.0,23.81
42,CCR,True,2.0,14.0
42,CCR,True,3.0,11.280000000000001
42,CCR,True,10.0,52.53
42,CCR,True,26.0,129.63
42,CCR,True,24.0,124.3
42,CCR,True,23.0,109.79
42,CCR,False,inf,0.0
42,CCR,True,16.0,79.4
42,CCR,True,16.0,86.88
42,CCR,True,3.0,16.27
42,CCR,True,22.0,108.0
7,BCR,True,29.0,166.10999999999999
7,BCR,False,inf,0.0
7,BCR,False,inf,0.0
7,BCR,True,31.0,159.34
7,BCR,True,9.0,53.25
7,BCR,True,24.0,129.29
7,BCR,False,inf,0.0
7,BCR,True,13.0,75.42999999999999
7,BCR,False,inf,0.0
7,BCR,True,16.0,93.07
7,BCR,True,27.0,153.89
7,BCR,True,23.0,126.44
7,BCR,True,12.0,72.71
7,BCR,True,14.0,84.01
7,BCR,False,inf,0.0
7,BCR,False,inf,0.0
7,BCR,False,inf,0.0
7,BCR,True,2.0,8.91
7,BCR,True,25.0,149.44
7,BCR,True,4.0,26.4
7,BCR,False,inf,0.0
7,BCR,False,inf,0.0
7,BCR,True,8.0,44.15
7,BCR,False,inf,0.0
7,BCR,False,inf,0.0
7,BCR,True,7.0,40.44
7,BCR,True,23.0,121.82
7,BCR,True,38.0,219.60999999999999
7,BCR,True,10.0,59.72
7,BCR,True,12.0,72.34
7,BCR,False,inf,0.0
7,BCR,True,36.0,208.63
7,BCR,True,27.0,163.05
7,BCR,True,18.0,101.97
7,BCR,True,31.0,171.0
7,BCR,True,16.0,85.89
7,BCR,False,inf,0.0
7,BCR,False,inf,0.0
7,BCR,False,inf,0.0
7,BCR,False,inf,0.0
7,BCR,False,inf,0.0
7,BCR,True,18.0,112.88
7,BCR,True,12.0,74.73
7,BCR,True,32.0,177.5
7,BCR,True,15.0,93.55
7,BCR,True,11.0,61.75
7,BCR,True,14.0,89.79
7,BCR,True,10.0,59.88
7,BCR,False,inf,0.0
7,BCR,True,26.0,133.94
7,BCR,True,21.0,124.92
7,BCR,True,24.0,129.29
7,BCR,False,inf,0.0
7,BCR,True,19.0,114.12
7,BCR,True,29.0,168.26
7,BCR,True,16.0,94.19
7,BCR,False,inf,0.0
7,BCR,True,6.0,34.2
7,BCR,False,inf,0.0
7,BCR,True,17.0,100.6
7,BCR,True,35.0,191.01
7,BCR,True,21.0,125.2
7,BCR,True,33.0,194.62
7,BCR,True,2.0,8.91
7,BCR,True,9.0,44.79
7,BCR,True,32.0,163.04
7,BCR,False,inf,0.0
7,BCR,True,23.0,136.35
7,BCR,True,16.0,88.91
7,BCR,False,inf,0.0
7,BCR,False,inf,0.0
7,BCR,False,inf,0.0
7,BCR,True,14.0,82.1
7,BCR,True,23.0,126.25999999999999
7,BCR,True,34.0,188.52
7,BCR,False,inf,0.0
7,BCR,False,inf,0.0
7,BCR,True,32.0,183.34
7,BCR,True,16.0,83.26
7,BCR,True,15.0,88.24
7,BCR,False,inf,0.0
7,BCR,False,inf,0.0
7,BCR,True,26.0,149.79
7,BCR,False,inf,0.0
7,BCR,True,11.0,72.16
7,BCR,False,inf,0.0
7,BCR,True,9.0,48.3
7,BCR,True,4.0,12.479999999999999
7,BCR,True,4.0,19.69
7,BCR,True,20.0,116.32
7,BCR,True,36.0,208.63
7,BCR,True,5.0,34.87
7,BCR,True,8.0,49.39
7,BCR,False,inf,0.0
7,BCR,True,5.0,20.509999999999998
7,BCR,False,inf,0.0
7,BCR,True,3.0,13.809999999999999
7,BCR,True,1.0,1.55
7,BCR,True,23.0,131.13
7,BCR,True,5.0,36.79
7,BCR,True,33.0,185.37
7,BCR,True,18.0,95.23
7,BCR,True,26.0,153.93
7,BCR,True,34.0,193.85
7,BCR,True,20.0,111.44
7,BCR,True,29.0,166.16
7,BCR,False,inf,0.0
7,BCR,True,26.0,146.16
7,BCR,True,23.0,123.48
7,BCR,True,35.0,191.01
7,BCR,True,16.0,102.56
7,BCR,True,30.0,157.44
7,BCR,False,inf,0.0
7,BCR,False,inf,0.0
7,BCR,True,19.0,105.92
7,BCR,True,26.0,147.46
7,BCR,True,19.0,107.14
7,BCR,True,35.0,204.57
7,BCR,True,9.0,49.6
7,BCR,True,24.0,140.82999999999998
7,BCR,False,inf,0.0
7,BCR,False,inf,0.0
7,BCR,True,29.0,150.49
7,BCR,True,28.0,156.87
7,BCR,False,inf,0.0
7,BCR,False,inf,0.0
7,BCR,True,23.0,120.6
7,BCR,True,36.0,198.51
7,BCR,True,17.0,96.92
7,BCR,False,inf,0.0
7,BCR,True,3.0,17.740000000000002
7,BCR,False,inf,0.0
7,BCR,True,30.0,180.81
7,BCR,True,6.0,28.28
7,BCR,False,inf,0.0
7,BCR,True,22.0,115.87
7,BCR,True,8.0,45.45
7,BCR,True,4.0,11.66
7,BCR,True,8.0,51.41
7,BCR,True,16.0,97.8
7,BCR,False,inf,0.0
7,BCR,False,inf,0.0
7,BCR,True,9.0,54.15
7,BCR,True,29.0,166.16
7,BCR,True,19.0,102.24
7,BCR,True,34.0,197.79
7,BCR,True,24.0,133.53
7,BCR,True,4.0,26.48
7,BCR,True,3.0,16.669999999999998
7,BCR,False,inf,0.0
7,BCR,True,23.0,121.82
7,BCR,False,inf,0.0
7,BCR,False,inf,0.0
7,BCR,True,19.0,111.17999999999999
7,BCR,False,inf,0.0
7,BCR,True,5.0,26.259999999999998
7,BCR,True,32.0,185.93
7,BCR,True,25.0,129.95
7,BCR,True,21.0,115.39
7,BCR,False,inf,0.0
7,BCR,False,inf,0.0
7,BCR,False,inf,0.0
7,BCR,True,5.0,30.91
7,BCR,False,inf,0.0
7,BCR,True,35.0,186.24
7,BCR,True,23.0,145.93
7,BCR,False,inf,0.0
7,BCR,True,13.0,86.02
7,BCR,False,inf,0.0
7,BCR,True,19.0,98.21
7,BCR,False,inf,0.0
7,BCR,False,inf,0.0
7,BCR,True,19.0,98.36
7,BCR,False,inf,0.0
7,BCR,True,16.0,87.55
7,BCR,True,18.0,97.13
7,BCR,False,inf,0.0
7,BCR,True,4.0,27.94
7,BCR,False,inf,0.0
7,BCR,True,34.0,191.76
7,BCR,True,15.0,95.91
7,BCR,False,inf,0.0
7,BCR,True,16.0,93.97
7,BCR,True,6.0,37.8
7,BCR,True,27.0,138.27
7,BCR,False,inf,0.0
7,BCR,True,10.0,66.08
7,BCR,True,35.0,172.84
7,BCR,True,2.0,9.25
7,BCR,True,35.0,191.05
7,BCR,True,25.0,145.63
7,BCR,False,inf,0.0
7,BCR,True,3.0,14.69
7,BCR,True,9.0,54.6
7,BCR,True,15.0,84.61
7,BCR,True,28.0,154.82
7,BCR,True,26.0,154.59
7,BCR,True,5.0,26.24
7,BCR,True,29.0,164.0
7,BCR,True,22.0,120.17
7,BCR,True,26.0,156.49
7,BCR,True,6.0,28.28
7,BCR,False,inf,0.0
7,BCR,True,22.0,119.58
7,BCR,True,34.0,192.57
7,BCR,True,21.0,123.81
7,BCR,True,23.0,124.71
7,BCR,False,inf,0.0
7,BCR,True,3.0,13.48
7,BCR,True,4.0,12.74
7,BCR,True,32.0,191.96
7,BCR,True,10.0,51.11
7,BCR,True,14.0,82.53
7,BCR,False,inf,0.0
7,BCR,True,5.0,33.75
7,BCR,True,10.0,61.72
7,BCR,True,32.0,173.82
7,BCR,False,inf,0.0
7,BCR,True,13.0,75.39
7,BCR,True,29.0,169.28
7,BCR,False,inf,0.0
7,BCR,True,26.0,162.35
7,BCR,True,14.0,79.32
7,BCR,True,4.0,16.75
7,BCR,True,6.0,31.5
7,BCR,True,24.0,138.64
7,BCR,True,24.0,141.96
7,BCR,False,inf,0.0
7,BCR,True,1.0,8.48
7,BCR,True,7.0,42.68
7,BCR,False,inf,0.0
7,BCR,False,inf,0.0
7,BCR,True,9.0,56.84
7,BCR,True,10.0,54.82
7,BCR,True,10.0,61.22
7,BCR,True,29.0,164.85999999999999
7,BCR,True,17.0,100.66
7,BCR,False,inf,0.0
7,BCR,True,16.0,92.94
7,BCR,False,inf,0.0
7,BCR,True,4.0,29.009999999999998
7,BCR,True,14.0,79.32
7,BCR,False,inf,0.0
7,BCR,False,inf,0.0
7,BCR,True,1.0,3.85
7,BCR,True,29.0,164.06
7,BCR,True,15.0,86.32
7,BCR,True,2.0,16.42
7,BCR,False,inf,0.0
7,BCR,True,20.0,112.8
7,BCR,True,18.0,107.84
7,BCR,False,inf,0.0
7,BCR,True,13.0,78.57
7,BCR,True,18.0,91.72
7,BCR,True,4.0,21.47
7,BCR,True,14.0,85.46
7,BCR,False,inf,0.0
7,BCR,True,4.0,19.849999999999998
7,BCR,True,23.0,132.41
7,BCR,False,inf,0.0
7,BCR,False,inf,0.0
7,BCR,True,15.0,97.17999999999999
7,BCR,True,31.0,159.34
7,BCR,False,inf,0.0
7,BCR,False,inf,0.0
7,BCR,True,8.0,46.83
7,BCR,False,inf,0.0
7,BCR,True,31.0,170.72
7,BCR,False,inf,0.0
7,BCR,False,inf,0.0
7,BCR,True,15.0,96.16
7,BCR,True,35.0,190.77
7,BCR,True,4.0,29.009999999999998
7,BCR,True,32.0,183.85
7,BCR,False,inf,0.0
7,BCR,True,20.0,112.59
7,BCR,True,3.0,15.82
7,BCR,True,13.0,88.36
7,BCR,True,26.0,139.58
7,BCR,True,35.0,205.60999999999999
7,BCR,True,29.0,154.81
7,BCR,True,29.0,155.49
7,BCR,True,32.0,175.43
7,BCR,False,inf,0.0
7,BCR,False,inf,0.0
7,BCR,True,8.0,43.24
7,BCR,True,2.0,8.75
7,BCR,True,21.0,124.35
7,BCR,True,27.0,157.72
7,BCR,True,16.0,89.28
7,BCR,True,19.0,108.15
7,BCR,True,1.0,7.27
7,BCR,True,26.0,139.49
7,BCR,True,14.0,78.17
7,BCR,True,24.0,140.82999999999998
7,BCR,True,5.0,30.68
7,BCR,True,6.0,39.18
7,BCR,False,inf,0.0
7,BCR,True,22.0,129.3
7,BCR,True,6.0,23.19
7,BCR,False,inf,0.0
7,BCR,True,23.0,126.44
7,BCR,True,8.0,43.24
7,BCR,True,10.0,62.43
7,BCR,True,18.0,97.06
7,BCR,False,inf,0.0
7,BCR,False,inf,0.0
7,BCR,False,inf,0.0
7,BCR,True,24.0,127.33
7,BCR,True,6.0,32.17
7,BCR,False,inf,0.0
7,BCR,True,29.0,153.57
7,BCR,True,24.0,139.93
7,BCR,False,inf,0.0
7,BCR,True,26.0,154.59
7,BCR,True,2.0,3.7299999999999995
7,BCR,False,inf,0.0
7,BCR,True,31.0,171.0
7,BCR,False,inf,0.0
7,BCR,True,32.0,175.58
7,BCR,True,12.0,73.17
7,BCR,True,13.0,87.36
7,BCR,True,32.0,191.96
7,BCR,False,inf,0.0
7,BCR,True,29.0,177.93
7,BCR,True,14.0,83.58
7,BCR,True,23.0,137.71
7,BCR,True,23.0,119.29
7,BCR,True,8.0,49.41
7,BCR,True,22.0,127.94
7,BCR,True,13.0,80.99
7,BCR,True,10.0,62.36
7,BCR,True,27.0,148.82999999999998
7,BCR,True,8.0,47.97
7,BCR,True,5.0,30.91
7,BCR,True,2.0,15.66
7,BCR,True,2.0,3.7299999999999995
7,BCR,False,inf,0.0
7,BCR,False,inf,0.0
7,BCR,False,inf,0.0
7,BCR,True,11.0,72.02
7,BCR,False,inf,0.0
7,BCR,True,14.0,94.09
7,BCR,False,inf,0.0
7,BCR,False,inf,0.0
7,BCR,False,inf,0.0
7,BCR,False,inf,0.0
7,BCR,False,inf,0.0
7,BCR,True,24.0,140.82999999999998
7,BCR,False,inf,0.0
7,BCR,True,30.0,180.81
7,BCR,True,28.0,151.73
7,BCR,True,2.0,13.61
7,BCR,True,11.0,64.32
7,BCR,True,18.0,106.97
7,BCR,True,18.0,103.42999999999999
7,BCR,True,10.0,66.52
7,BCR,False,inf,0.0
7,BCR,False,inf,0.0
7,BCR,False,inf,0.0
7,BCR,False,inf,0.0
7,BCR,True,33.0,188.37
7,BCR,False,inf,0.0
7,BCR,True,12.0,76.58
7,BCR,True,22.0,127.2
7,BCR,True,2.0,9.4
7,BCR,False,inf,0.0
7,BCR,True,31.0,178.19
7,BCR,False,inf,0.0
7,BCR,False,inf,0.0
7,BCR,False,inf,0.0
7,BCR,False,inf,0.0
7,BCR,True,9.0,58.62
7,BCR,True,29.0,169.28
7,BCR,True,21.0,125.53
7,BCR,False,inf,0.0
7,BCR,True,13.0,83.1
7,BCR,True,5.0,23.28
7,BCR,True,26.0,146.4
7,BCR,True,12.0,74.23
7,BCR,True,3.0,17.740000000000002
7,BCR,True,35.0,195.96
7,BCR,False,inf,0.0
7,BCR,False,inf,0.0
7,BCR,True,35.0,196.85999999999999
7,BCR,True,25.0,126.47
7,BCR,True,1.0,1.32
7,BCR,False,inf,0.0
7,BCR,False,inf,0.0
7,BCR,True,26.0,144.41
7,BCR,False,inf,0.0
7,BCR,True,14.0,84.01
7,BCR,False,inf,0.0
7,BCR,True,8.0,49.39
7,BCR,False,inf,0.0
7,BCR,True,5.0,31.85
7,BCR,False,inf,0.0
7,BCR,True,5.0,20.669999999999998
7,BCR,True,9.0,56.84
7,BCR,True,9.0,49.49
7,BCR,True,15.0,92.14
7,BCR,False,inf,0.0
7,BCR,True,28.0,154.82
7,BCR,False,inf,0.0
7,BCR,False,inf,0.0
7,BCR,False,inf,0.0
7,BCR,False,inf,0.0
7,BCR,True,7.0,40.12
7,BCR,False,inf,0.0
7,BCR,True,1.0,7.07
7,BCR,True,28.0,151.73
7,BCR,True,21.0,133.3
7,BCR,False,inf,0.0
7,BCR,True,8.0,43.24
7,BCR,True,1.0,1.64
7,BCR,True,5.0,30.49
7,BCR,False,inf,0.0
7,BCR,True,14.0,80.46
7,BCR,True,26.0,137.62
7,BCR,True,29.0,166.16
7,BCR,False,inf,0.0
7,BCR,False,inf,0.0
7,BCR,False,inf,0.0
7,BCR,True,36.0,206.4
7,BCR,False,inf,0.0
7,BCR,True,16.0,94.19
7,BCR,True,6.0,29.84
7,BCR,True,26.0,154.43
7,BCR,False,inf,0.0
7,BCR,True,2.0,14.649999999999999
7,BCR,True,31.0,175.59
7,BCR,True,13.0,72.46
7,BCR,True,19.0,104.26
7,BCR,True,14.0,92.77
7,BCR,True,19.0,103.49
7,BCR,False,inf,0.0
7,BCR,False,inf,0.0
7,BCR,True,16.0,90.04
7,BCR,True,22.0,120.41
7,BCR,True,25.0,143.01
7,BCR,True,13.0,75.42999999999999
7,BCR,False,inf,0.0
7,BCR,True,29.0,171.05
7,BCR,False,inf,0.0
7,BCR,True,18.0,93.97
7,BCR,False,inf,0.0
7,BCR,True,34.0,192.57
7,BCR,True,35.0,191.01
7,BCR,False,inf,0.0
7,BCR,True,15.0,92.14
7,BCR,False,inf,0.0
7,BCR,True,20.0,108.42999999999999
7,BCR,True,23.0,131.17
7,BCR,False,inf,0.0
7,BCR,True,14.0,88.88
7,BCR,True,25.0,152.97
7,BCR,False,inf,0.0
7,BCR,True,1.0,1.27
7,BCR,True,33.0,184.71
7,BCR,False,inf,0.0
7,BCR,True,21.0,121.25999999999999
7,BCR,True,29.0,165.89
7,BCR,True,8.0,44.15
7,BCR,True,18.0,96.54
7,BCR,False,inf,0.0
7,BCR,True,20.0,106.85
7,BCR,False,inf,0.0
7,BCR,False,inf,0.0
7,BCR,True,10.0,52.42
7,BCR,True,23.0,132.5
7,BCR,True,26.0,153.93
7,BCR,True,10.0,56.58
7,BCR,True,16.0,97.51
7,BCR,True,18.0,104.31
7,BCR,True,27.0,155.17
7,BCR,True,14.0,86.19
7,BCR,False,inf,0.0
7,BCR,True,17.0,98.72
7,BCR,False,inf,0.0
7,BCR,True,15.0,85.13
7,BCR,False,inf,0.0
7,BCR,False,inf,0.0
7,BCR,True,27.0,149.65
7,BCR,True,1.0,3.59
7,BCR,True,9.0,52.71
7,BCR,True,23.0,120.6
7,BCR,True,7.0,36.79
7,BCR,True,27.0,146.95
7,BCR,True,17.0,92.75
7,BCR,True,31.0,173.88
7,BCR,True,22.0,129.10999999999999
7,BCR,True,19.0,108.21
7,BCR,True,33.0,184.6
7,BCR,True,12.0,69.06
7,BCR,True,18.0,118.15
7,BCR,True,23.0,126.82
7,BCR,True,31.0,188.48
7,BCR,False,inf,0.0
7,BCR,False,inf,0.0
7,BCR,True,26.0,150.24
7,BCR,True,5.0,30.57
7,BCR,True,27.0,159.10999999999999
7,BCR,False,inf,0.0
7,BCR,False,inf,0.0
7,BCR,True,27.0,140.73
7,BCR,True,23.0,129.65
7,BCR,True,38.0,185.46
7,BCR,True,10.0,56.72
7,BCR,True,29.0,148.78
7,BCR,False,inf,0.0
7,BCR,True,15.0,93.59
7,BCR,True,27.0,161.35
7,BCR,True,26.0,152.06
7,BCR,False,inf,0.0
7,BCR,True,13.0,74.27
7,BCR,True,31.0,180.82
7,BCR,True,22.0,120.69
7,BCR,True,4.0,20.36
7,BCR,True,31.0,175.52
7,BCR,True,25.0,144.42
7,BCR,False,inf,0.0
7,BCR,False,inf,0.0
7,BCR,False,inf,0.0
7,BCR,True,21.0,127.44
7,BCR,True,34.0,184.09
7,BCR,True,10.0,59.88
7,BCR,True,5.0,34.87
7,BCR,True,30.0,168.77
7,BCR,False,inf,0.0
7,BCR,True,18.0,97.06
7,BCR,True,17.0,103.58
7,BCR,False,inf,0.0
7,BCR,True,14.0,77.63
7,BCR,False,inf,0.0
7,BCR,True,1.0,5.94
7,BCR,True,34.0,195.74
7,BCR,True,28.0,170.25
7,BCR,True,38.0,211.29
7,BCR,True,5.0,23.88
7,BCR,False,inf,0.0
7,BCR,True,2.0,9.48
7,BCR,True,22.0,118.77
7,BCR,True,31.0,189.47
7,BCR,True,3.0,22.23
7,BCR,False,inf,0.0
7,BCR,True,6.0,37.87
7,BCR,True,13.0,72.46
7,BCR,True,36.0,197.79
7,BCR,True,16.0,95.75
7,BCR,True,11.0,63.019999999999996
7,BCR,True,35.0,188.49
7,BCR,True,25.0,136.89
7,BCR,True,28.0,145.94
7,BCR,True,28.0,155.14
7,BCR,True,2.0,16.42
7,BCR,True,1.0,4.76
7,BCR,False,inf,0.0
7,BCR,True,12.0,73.36
7,BCR,False,inf,0.0
7,BCR,False,inf,0.0
7,BCR,True,28.0,161.57
7,BCR,False,inf,0.0
7,BCR,True,27.0,151.89
7,BCR,True,36.0,205.25
7,BCR,True,11.0,61.71
7,BCR,False,inf,0.0
7,BCR,True,6.0,28.299999999999997
7,BCR,True,5.0,15.53
7,BCR,True,7.0,36.76
7,BCR,False,inf,0.0
7,BCR,True,1.0,6.49
7,BCR,False,inf,0.0
7,BCR,True,33.0,188.37
7,BCR,True,20.0,111.44
7,BCR,True,24.0,143.52
7,BCR,True,3.0,16.669999999999998
7,BCR,True,12.0,77.6
7,BCR,True,30.0,168.3
7,BCR,True,13.0,87.13
7,BCR,True,12.0,77.4
7,BCR,True,32.0,173.2
7,BCR,True,18.0,95.91
7,BCR,True,6.0,33.07
7,BCR,True,10.0,54.78
7,BCR,True,17.0,100.66
7,BCR,True,13.0,74.27
7,BCR,True,21.0,115.28999999999999
7,BCR,True,2.0,13.42
7,BCR,True,27.0,146.60999999999999
7,BCR,False,inf,0.0
7,BCR,True,2.0,6.539999999999999
7,BCR,True,17.0,100.66
7,BCR,True,4.0,20.36
7,BCR,True,11.0,69.89
7,BCR,False,inf,0.0
7,BCR,False,inf,0.0
7,BCR,False,inf,0.0
7,BCR,True,16.0,90.04
7,BCR,True,36.0,192.73
7,BCR,True,16.0,97.77
7,BCR,False,inf,0.0
7,BCR,False,inf,0.0
7,BCR,True,28.0,165.75
7,BCR,False,inf,0.0
7,BCR,True,33.0,179.63
7,BCR,True,25.0,141.97
7,BCR,True,26.0,162.35
7,BCR,True,11.0,72.02
7,BCR,False,inf,0.0
7,BCR,False,inf,0.0
7,BCR,False,inf,0.0
7,BCR,True,29.0,161.81
7,BCR,True,20.0,106.38
7,BCR,True,31.0,181.14
7,BCR,False,inf,0.0
7,BCR,True,19.0,100.85
7,BCR,True,15.0,94.94
7,BCR,True,15.0,88.24
7,BCR,False,inf,0.0
7,BCR,True,8.0,49.11
7,BCR,False,inf,0.0
7,BCR,False,inf,0.0
7,BCR,True,8.0,47.33
7,BCR,True,28.0,146.64
7,BCR,False,inf,0.0
7,BCR,True,13.0,80.33
7,BCR,True,23.0,126.07
7,BCR,True,32.0,177.67
7,BCR,True,35.0,191.01
7,BCR,True,9.0,48.89
7,BCR,True,21.0,115.28999999999999
7,BCR,True,19.0,111.17999999999999
7,BCR,False,inf,0.0
7,BCR,True,5.0,25.06
7,BCR,True,32.0,185.93
7,BCR,True,16.0,96.63
7,BCR,True,26.0,153.93
7,BCR,True,14.0,89.79
7,BCR,True,25.0,149.22
7,BCR,True,14.0,85.46
7,BCR,False,inf,0.0
7,BCR,True,16.0,99.52
7,BCR,True,31.0,172.82
7,BCR,True,18.0,104.91
7,BCR,True,2.0,16.11
7,BCR,True,12.0,76.78
7,BCR,False,inf,0.0
7,BCR,True,7.0,40.34
7,BCR,True,21.0,115.28999999999999
7,BCR,True,19.0,105.3
7,BCR,False,inf,0.0
7,BCR,True,28.0,148.87
7,BCR,True,6.0,39.64
7,BCR,True,28.0,161.78
7,BCR,False,inf,0.0
7,BCR,False,inf,0.0
7,BCR,False,inf,0.0
7,BCR,True,10.0,64.7
7,BCR,False,inf,0.0
7,BCR,False,inf,0.0
7,BCR,False,inf,0.0
7,BCR,True,14.0,89.28999999999999
7,BCR,False,inf,0.0
7,BCR,False,inf,0.0
7,BCR,True,26.0,147.46
7,BCR,False,inf,0.0
7,BCR,True,36.0,193.2
7,BCR,True,3.0,14.69
7,BCR,False,inf,0.0
7,BCR,False,inf,0.0
7,BCR,False,inf,0.0
7,BCR,True,3.0,21.240000000000002
7,BCR,True,25.0,148.61
7,BCR,True,21.0,126.12
7,BCR,True,26.0,136.4
7,BCR,False,inf,0.0
7,BCR,False,inf,0.0
7,BCR,True,19.0,102.0
7,BCR,False,inf,0.0
7,BCR,False,inf,0.0
7,BCR,True,26.0,146.57999999999998
7,BCR,False,inf,0.0
7,BCR,True,18.0,107.2
7,BCR,True,23.0,126.82
7,BCR,True,27.0,163.05
7,BCR,True,8.0,47.33
7,BCR,True,10.0,61.72
7,BCR,False,inf,0.0
7,BCR,False,inf,0.0
7,BCR,True,24.0,132.22
7,BCR,True,23.0,136.35
7,BCR,True,31.0,171.11
7,BCR,True,18.0,118.15
7,BCR,True,23.0,132.97
7,BCR,False,inf,0.0
7,BCR,True,22.0,120.36
7,BCR,True,14.0,91.75
7,BCR,False,inf,0.0
7,BCR,True,34.0,181.78
7,BCR,True,2.0,9.1
7,BCR,True,28.0,158.69
7,BCR,True,19.0,99.89
7,BCR,False,inf,0.0
7,BCR,False,inf,0.0
7,BCR,True,30.0,170.49
7,BCR,True,5.0,23.919999999999998
7,BCR,True,27.0,155.28
7,BCR,True,2.0,6.539999999999999
7,BCR,True,10.0,58.91
7,BCR,True,6.0,38.27
7,BCR,False,inf,0.0
7,BCR,True,34.0,187.7
7,BCR,True,17.0,102.32
7,BCR,False,inf,0.0
7,BCR,True,33.0,177.53
7,BCR,True,21.0,118.74
7,BCR,False,inf,0.0
7,BCR,False,inf,0.0
7,BCR,False,inf,0.0
7,BCR,False,inf,0.0
7,BCR,True,10.0,57.25
7,BCR,True,22.0,122.38
7,BCR,True,10.0,62.39
7,BCR,False,inf,0.0
7,BCR,False,inf,0.0
7,BCR,True,10.0,66.3
7,BCR,True,23.0,132.97
7,BCR,False,inf,0.0
7,BCR,False,inf,0.0
7,BCR,True,7.0,40.44
7,BCR,True,6.0,29.34
7,BCR,True,4.0,16.77
7,BCR,True,5.0,25.13
7,BCR,True,3.0,16.93
7,BCR,True,3.0,23.35
7,BCR,False,inf,0.0
7,BCR,True,32.0,173.26
7,BCR,True,24.0,140.66
7,BCR,False,inf,0.0
7,BCR,True,17.0,92.57
7,BCR,True,5.0,33.75
7,BCR,False,inf,0.0
7,BCR,True,21.0,113.73
7,BCR,True,7.0,42.68
7,BCR,True,27.0,155.28
7,BCR,True,25.0,141.97
7,BCR,True,21.0,118.95
7,BCR,True,27.0,155.17
7,BCR,True,2.0,12.07
7,BCR,False,inf,0.0
7,BCR,False,inf,0.0
7,BCR,True,33.0,170.88
7,BCR,True,24.0,142.44
7,BCR,True,19.0,105.05
7,BCR,True,29.0,161.21
7,BCR,True,32.0,188.47
7,BCR,True,18.0,102.92999999999999
7,BCR,False,inf,0.0
7,BCR,True,26.0,147.02
7,BCR,False,inf,0.0
7,BCR,False,inf,0.0
7,BCR,False,inf,0.0
7,BCR,True,23.0,131.13
7,BCR,True,13.0,86.69
7,BCR,True,22.0,117.18
7,BCR,True,12.0,69.67
7,BCR,True,29.0,167.22
7,BCR,True,17.0,96.62
7,BCR,True,8.0,40.38
7,BCR,False,inf,0.0
7,BCR,True,22.0,130.2
7,BCR,True,32.0,174.46
7,BCR,True,12.0,82.72
7,BCR,False,inf,0.0
7,BCR,False,inf,0.0
7,BCR,False,inf,0.0
7,BCR,True,30.0,168.25
7,BCR,False,inf,0.0
7,BCR,False,inf,0.0
7,BCR,False,inf,0.0
7,BCR,True,34.0,196.4
7,BCR,True,19.0,96.85
7,BCR,False,inf,0.0
7,BCR,False,inf,0.0
7,BCR,True,16.0,100.16
7,BCR,True,15.0,89.94
7,BCR,True,14.0,82.98
7,BCR,True,33.0,190.12
7,BCR,True,15.0,92.38
7,BCR,True,14.0,91.85
7,BCR,False,inf,0.0
7,BCR,True,27.0,160.63
7,BCR,True,5.0,22.779999999999998
7,BCR,True,2.0,8.91
7,BCR,True,27.0,155.17
7,BCR,True,33.0,189.62
7,BCR,True,23.0,136.35
7,BCR,True,19.0,98.4
7,BCR,True,10.0,67.39
7,BCR,True,4.0,12.899999999999999
7,BCR,False,inf,0.0
7,BCR,True,12.0,69.06
7,BCR,True,14.0,81.76
7,BCR,False,inf,0.0
7,BCR,True,36.0,213.42
7,BCR,True,1.0,3.59
7,BCR,True,2.0,13.42
7,BCR,True,2.0,2.75
7,BCR,True,6.0,34.269999999999996
7,BCR,True,31.0,181.14
7,BCR,False,inf,0.0
7,BCR,True,3.0,10.389999999999999
7,BCR,True,16.0,107.52
7,BCR,False,inf,0.0
7,BCR,False,inf,0.0
7,BCR,True,35.0,196.85999999999999
7,BCR,True,6.0,37.76
7,BCR,True,4.0,20.36
7,BCR,False,inf,0.0
7,BCR,True,9.0,44.71
7,BCR,True,16.0,88.86
7,BCR,True,33.0,177.53
7,BCR,True,9.0,52.54
7,BCR,True,18.0,100.83
7,BCR,True,30.0,184.92
7,BCR,True,25.0,133.03
7,BCR,True,28.0,167.10999999999999
7,BCR,True,10.0,55.6
7,BCR,True,27.0,151.45
7,BCR,True,27.0,166.78
7,BCR,True,11.0,73.45
7,BCR,False,inf,0.0
7,BCR,True,25.0,133.77
7,BCR,False,inf,0.0
7,BCR,False,inf,0.0
7,BCR,False,inf,0.0
7,BCR,False,inf,0.0
7,BCR,True,26.0,142.48
7,BCR,False,inf,0.0
7,BCR,True,38.0,219.60999999999999
7,BCR,True,32.0,187.57
7,BCR,True,14.0,82.98
7,BCR,True,27.0,157.21
7,BCR,True,30.0,166.98
7,BCR,True,13.0,87.16
7,BCR,True,8.0,48.0
7,BCR,True,5.0,15.53
7,BCR,True,23.0,134.81
7,BCR,True,19.0,98.21
7,BCR,True,25.0,145.07999999999998
7,BCR,True,9.0,54.32
7,BCR,True,32.0,183.18
7,BCR,False,inf,0.0
7,BCR,False,inf,0.0
7,BCR,False,inf,0.0
7,BCR,True,8.0,54.96
7,BCR,True,21.0,123.81
7,BCR,False,inf,0.0
7,BCR,True,16.0,93.15
7,BCR,True,28.0,150.65
7,BCR,False,inf,0.0
7,BCR,True,35.0,172.84
7,BCR,True,27.0,149.65
7,BCR,True,4.0,26.4
7,BCR,False,inf,0.0
7,BCR,False,inf,0.0
7,BCR,False,inf,0.0
7,BCR,False,inf,0.0
7,BCR,True,26.0,136.81
7,BCR,False,inf,0.0
7,BCR,True,28.0,160.82999999999998
7,BCR,True,24.0,133.95
7,BCR,True,1.0,3.85
7,BCR,False,inf,0.0
7,BCR,False,inf,0.0
7,BCR,True,33.0,189.62
7,BCR,False,inf,0.0
7,BCR,True,11.0,72.91
7,BCR,True,29.0,154.81
7,BCR,True,20.0,115.24
7,BCR,True,2.0,14.29
7,BCR,True,13.0,86.02
7,BCR,True,17.0,90.1
7,BCR,True,30.0,169.45
7,BCR,True,33.0,179.63
7,BCR,False,inf,0.0
7,BCR,True,34.0,187.7
7,BCR,True,8.0,47.93
7,BCR,False,inf,0.0
7,BCR,True,3.0,21.240000000000002
7,BCR,False,inf,0.0
7,BCR,True,13.0,87.67999999999999
7,BCR,False,inf,0.0
7,BCR,False,inf,0.0
7,BCR,True,5.0,22.779999999999998
7,BCR,False,inf,0.0
7,BCR,True,18.0,104.31
7,BCR,True,24.0,142.44
7,BCR,False,inf,0.0
7,BCR,True,21.0,120.97
7,BCR,True,12.0,76.11
7,BCR,True,5.0,21.9
7,BCR,True,35.0,189.82
7,BCR,False,inf,0.0
7,BCR,True,3.0,11.61
7,BCR,True,10.0,62.36
7,BCR,True,35.0,195.85999999999999
7,BCR,True,12.0,79.98
7,BCR,True,13.0,77.12
7,BCR,True,23.0,119.29
7,BCR,True,26.0,146.68
7,BCR,True,21.0,114.21
7,BCR,False,inf,0.0
7,BCR,True,7.0,41.48
7,BCR,True,6.0,34.18
7,BCR,True,31.0,174.56
7,BCR,True,31.0,189.47
7,BCR,False,inf,0.0
7,BCR,True,28.0,171.10999999999999
7,BCR,True,23.0,122.76
7,BCR,False,inf,0.0
7,BCR,True,27.0,156.46
7,BCR,True,3.0,19.05
7,BCR,False,inf,0.0
7,BCR,False,inf,0.0
7,BCR,False,inf,0.0
7,BCR,True,10.0,62.43
7,BCR,True,28.0,150.65
7,BCR,False,inf,0.0
7,BCR,True,36.0,201.62
7,BCR,True,15.0,84.87
7,BCR,True,16.0,92.51
7,BCR,True,27.0,166.78
7,BCR,True,23.0,129.34
7,BCR,False,inf,0.0
7,BCR,True,34.0,192.57
7,BCR,False,inf,0.0
7,BCR,False,inf,0.0
7,BCR,True,4.0,22.669999999999998
7,BCR,True,6.0,38.31
7,BCR,False,inf,0.0
7,BCR,True,30.0,174.66
7,BCR,False,inf,0.0
7,BCR,False,inf,0.0
7,BCR,False,inf,0.0
7,BCR,True,17.0,95.96
7,BCR,True,33.0,184.29
7,BCR,True,11.0,69.18
7,BCR,False,inf,0.0
7,BCR,True,24.0,132.14
7,BCR,True,25.0,145.13
7,BCR,False,inf,0.0
7,BCR,True,14.0,84.01
7,BCR,False,inf,0.0
7,BCR,True,17.0,95.29
7,BCR,False,inf,0.0
7,BCR,False,inf,0.0
7,BCR,True,29.0,168.26
7,BCR,True,7.0,46.79
7,BCR,True,23.0,131.88
7,BCR,True,11.0,69.85
7,BCR,False,inf,0.0
7,BCR,False,inf,0.0
7,BCR,True,19.0,108.21
7,BCR,True,37.0,214.44
7,BCR,True,1.0,7.27
7,BCR,True,5.0,20.509999999999998
7,BCR,True,11.0,73.67999999999999
7,BCR,True,8.0,44.3
7,BCR,True,9.0,59.06
7,BCR,True,24.0,143.52
7,BCR,True,14.0,74.98
7,BCR,True,19.0,107.1
7,BCR,False,inf,0.0
7,BCR,True,2.0,14.97
7,BCR,True,29.0,172.43
7,BCR,False,inf,0.0
7,BCR,True,21.0,121.25999999999999
7,BCR,True,28.0,165.75
7,BCR,True,7.0,47.58
7,BCR,True,34.0,184.09
7,BCR,True,7.0,42.68
7,BCR,True,30.0,161.74
7,BCR,True,21.0,125.2
7,BCR,False,inf,0.0
7,BCR,True,32.0,165.01
7,BCR,True,18.0,103.42999999999999
7,BCR,True,27.0,152.85999999999999
7,BCR,False,inf,0.0
7,BCR,True,17.0,90.1
7,BCR,True,26.0,150.11
7,BCR,True,10.0,63.5
7,BCR,False,inf,0.0
7,BCR,False,inf,0.0
7,BCR,False,inf,0.0
7,BCR,True,18.0,95.23
7,BCR,False,inf,0.0
7,BCR,True,30.0,169.45
7,BCR,True,21.0,115.11
7,BCR,False,inf,0.0
7,DCR,False,inf,0.0
7,DCR,False,inf,0.0
7,DCR,False,inf,0.0
7,DCR,False,inf,0.0
7,DCR,False,inf,0.0
7,DCR,False,inf,0.0
7,DCR,True,8.0,45.77
7,DCR,True,35.0,186.97
7,DCR,False,inf,0.0
7,DCR,False,inf,0.0
7,DCR,False,inf,0.0
7,DCR,False,inf,0.0
7,DCR,True,15.0,82.59
7,DCR,True,12.0,77.98
7,DCR,True,15.0,79.8
7,DCR,True,14.0,84.15
7,DCR,True,39.0,205.68
7,DCR,False,inf,0.0
7,DCR,True,39.0,202.54
7,DCR,False,inf,0.0
7,DCR,True,8.0,47.98
7,DCR,False,inf,0.0
7,DCR,False,inf,0.0
7,DCR,False,inf,0.0
7,DCR,False,inf,0.0
7,DCR,True,23.0,122.73
7,DCR,False,inf,0.0
7,DCR,False,inf,0.0
7,DCR,True,5.0,23.05
7,DCR,False,inf,0.0
7,DCR,False,inf,0.0
7,DCR,False,inf,0.0
7,DCR,False,inf,0.0
7,DCR,True,16.0,83.6
7,DCR,True,30.0,149.66
7,DCR,True,38.0,185.57
7,DCR,True,25.0,132.06
7,DCR,False,inf,0.0
7,DCR,True,10.0,61.98
7,DCR,False,inf,0.0
7,DCR,True,10.0,49.84
7,DCR,False,inf,0.0
7,DCR,False,inf,0.0
7,DCR,True,31.0,165.59
7,DCR,True,8.0,44.51
7,DCR,True,29.0,150.85
7,DCR,True,5.0,33.65
7,DCR,True,39.0,206.91
7,DCR,True,14.0,85.42
7,DCR,False,inf,0.0
7,DCR,True,22.0,119.89
7,DCR,True,16.0,82.58
7,DCR,False,inf,0.0
7,DCR,True,5.0,28.71
7,DCR,True,29.0,159.42
7,DCR,True,14.0,76.56
7,DCR,True,32.0,159.01
7,DCR,False,inf,0.0
7,DCR,False,inf,0.0
7,DCR,True,14.0,82.2
7,DCR,True,13.0,71.34
7,DCR,True,33.0,175.25
7,DCR,True,26.0,139.46
7,DCR,False,inf,0.0
7,DCR,True,26.0,139.71
7,DCR,True,20.0,111.89
7,DCR,False,inf,0.0
7,DCR,False,inf,0.0
7,DCR,True,18.0,104.49
7,DCR,True,35.0,190.36
7,DCR,False,inf,0.0
7,DCR,False,inf,0.0
7,DCR,True,37.0,198.93
7,DCR,False,inf,0.0
7,DCR,True,16.0,81.46
7,DCR,True,5.0,34.31
7,DCR,True,2.0,11.41
7,DCR,False,inf,0.0
7,DCR,False,inf,0.0
7,DCR,True,27.0,140.23
7,DCR,True,18.0,93.32
7,DCR,True,17.0,101.37
7,DCR,True,25.0,147.69
7,DCR,True,2.0,12.989999999999998
7,DCR,True,1.0,7.07
7,DCR,True,36.0,191.27
7,DCR,True,5.0,28.66
7,DCR,False,inf,0.0
7,DCR,True,20.0,108.98
7,DCR,True,7.0,38.94
7,DCR,True,26.0,136.19
7,DCR,False,inf,0.0
7,DCR,False,inf,0.0
7,DCR,True,12.0,72.13
7,DCR,True,15.0,83.27
7,DCR,True,21.0,113.67
7,DCR,True,16.0,82.35
7,DCR,False,inf,0.0
7,DCR,True,1.0,7.63
7,DCR,False,inf,0.0
7,DCR,True,21.0,116.36
7,DCR,True,18.0,112.87
7,DCR,False,inf,0.0
7,DCR,True,1.0,5.06
7,DCR,True,4.0,17.759999999999998
7,DCR,True,1.0,1.01
7,DCR,True,19.0,103.57
7,DCR,True,3.0,19.22
7,DCR,True,31.0,164.66
7,DCR,False,inf,0.0
7,DCR,True,21.0,113.75
7,DCR,True,2.0,14.42
7,DCR,False,inf,0.0
7,DCR,False,inf,0.0
7,DCR,True,7.0,45.01
7,DCR,True,12.0,66.88
7,DCR,True,14.0,77.97
7,DCR,False,inf,0.0
7,DCR,False,inf,0.0
7,DCR,False,inf,0.0
7,DCR,False,inf,0.0
7,DCR,True,26.0,141.3
7,DCR,True,39.0,201.43
7,DCR,True,40.0,206.87
7,DCR,False,inf,0.0
7,DCR,True,33.0,172.48
7,DCR,False,inf,0.0
7,DCR,False,inf,0.0
7,DCR,False,inf,0.0
7,DCR,True,25.0,138.66
7,DCR,True,3.0,17.759999999999998
7,DCR,False,inf,0.0
7,DCR,True,29.0,150.69
7,DCR,True,4.0,19.78
7,DCR,True,18.0,105.6
7,DCR,True,6.0,27.599999999999998
7,DCR,False,inf,0.0
7,DCR,False,inf,0.0
7,DCR,False,inf,0.0
7,DCR,True,17.0,98.11
7,DCR,False,inf,0.0
7,DCR,True,34.0,174.03
7,DCR,True,2.0,15.44
7,DCR,False,inf,0.0
7,DCR,True,2.0,8.75
7,DCR,True,19.0,98.57
7,DCR,True,28.0,150.87
7,DCR,False,inf,0.0
7,DCR,True,8.0,49.88
7,DCR,True,20.0,105.44
7,DCR,False,inf,0.0
7,DCR,True,3.0,10.389999999999999
7,DCR,True,32.0,156.10999999999999
7,DCR,True,11.0,67.0
7,DCR,False,inf,0.0
7,DCR,False,inf,0.0
7,DCR,True,3.0,13.809999999999999
7,DCR,True,20.0,107.76
7,DCR,True,3.0,20.86
7,DCR,True,7.0,45.01
7,DCR,True,20.0,125.5
7,DCR,True,28.0,139.43
7,DCR,False,inf,0.0
7,DCR,True,33.0,170.82
7,DCR,True,2.0,11.52
7,DCR,False,inf,0.0
7,DCR,False,inf,0.0
7,DCR,True,1.0,1.83
7,DCR,True,36.0,190.81
7,DCR,True,4.0,28.32
7,DCR,True,10.0,56.6
7,DCR,True,34.0,183.96
7,DCR,True,10.0,51.519999999999996
7,DCR,True,30.0,150.27
7,DCR,True,13.0,71.34
7,DCR,True,27.0,140.92
7,DCR,True,16.0,88.35
7,DCR,True,31.0,158.07
7,DCR,False,inf,0.0
7,DCR,False,inf,0.0
7,DCR,True,18.0,108.36
7,DCR,False,inf,0.0
7,DCR,False,inf,0.0
7,DCR,False,inf,0.0
7,DCR,True,2.0,3.99
7,DCR,False,inf,0.0
7,DCR,True,27.0,142.37
7,DCR,True,23.0,124.57
7,DCR,True,2.0,7.84
7,DCR,False,inf,0.0
7,DCR,False,inf,0.0
7,DCR,True,9.0,50.44
7,DCR,True,28.0,139.43
7,DCR,True,1.0,6.4
7,DCR,False,inf,0.0
7,DCR,True,34.0,173.14
7,DCR,True,8.0,43.76
7,DCR,True,4.0,26.849999999999998
7,DCR,True,4.0,16.41
7,DCR,False,inf,0.0
7,DCR,False,inf,0.0
7,DCR,True,29.0,154.86
7,DCR,False,inf,0.0
7,DCR,True,31.0,168.44
7,DCR,True,32.0,168.19
7,DCR,True,15.0,83.3
7,DCR,True,7.0,36.58
7,DCR,False,inf,0.0
7,DCR,True,26.0,135.23
7,DCR,True,28.0,148.0
7,DCR,True,31.0,166.18
7,DCR,False,inf,0.0
7,DCR,False,inf,0.0
7,DCR,True,12.0,72.13
7,DCR,False,inf,0.0
7,DCR,True,7.0,37.0
7,DCR,True,20.0,106.25
7,DCR,True,23.0,124.57
7,DCR,False,inf,0.0
7,DCR,True,2.0,6.539999999999999
7,DCR,True,14.0,81.91
7,DCR,True,10.0,61.98
7,DCR,True,7.0,35.88
7,DCR,True,17.0,88.4
7,DCR,True,23.0,128.91
7,DCR,True,19.0,103.94
7,DCR,True,30.0,155.84
7,DCR,True,15.0,77.33
7,DCR,True,11.0,58.57
7,DCR,True,20.0,111.89
7,DCR,True,6.0,36.269999999999996
7,DCR,True,21.0,108.25
7,DCR,True,18.0,97.98
7,DCR,False,inf,0.0
7,DCR,False,inf,0.0
7,DCR,True,23.0,113.63
7,DCR,True,19.0,107.16
7,DCR,True,25.0,133.47
7,DCR,True,25.0,127.91
7,DCR,True,1.0,6.71
7,DCR,True,25.0,135.71
7,DCR,False,inf,0.0
7,DCR,False,inf,0.0
7,DCR,True,19.0,114.0
7,DCR,True,33.0,175.25
7,DCR,True,29.0,154.63
7,DCR,True,13.0,71.5
7,DCR,False,inf,0.0
7,DCR,True,35.0,171.52
7,DCR,True,31.0,161.14
7,DCR,False,inf,0.0
7,DCR,True,18.0,112.87
7,DCR,False,inf,0.0
7,DCR,True,6.0,33.44
7,DCR,True,2.0,7.84
7,DCR,True,36.0,191.27
7,DCR,True,30.0,150.6
7,DCR,True,23.0,110.41
7,DCR,True,7.0,41.44
7,DCR,True,12.0,68.02
7,DCR,True,30.0,150.6
7,DCR,False,inf,0.0
7,DCR,True,30.0,147.73
7,DCR,False,inf,0.0
7,DCR,True,22.0,122.41
7,DCR,True,11.0,58.11
7,DCR,True,16.0,91.37
7,DCR,True,21.0,114.95
7,DCR,False,inf,0.0
7,DCR,True,37.0,195.89
7,DCR,True,12.0,68.02
7,DCR,True,21.0,119.46
7,DCR,False,inf,0.0
7,DCR,False,inf,0.0
7,DCR,False,inf,0.0
7,DCR,False,inf,0.0
7,DCR,True,3.0,15.08
7,DCR,True,32.0,174.22
7,DCR,False,inf,0.0
7,DCR,True,14.0,77.94
7,DCR,True,7.0,41.6
7,DCR,True,12.0,74.94
7,DCR,True,1.0,3.49
7,DCR,False,inf,0.0
7,DCR,True,18.0,96.42999999999999
7,DCR,True,15.0,85.6
7,DCR,True,17.0,107.73
7,DCR,False,inf,0.0
7,DCR,True,20.0,108.98
7,DCR,True,21.0,115.33
7,DCR,True,16.0,94.03999999999999
7,DCR,True,23.0,127.41
7,DCR,True,5.0,24.18
7,DCR,True,22.0,118.25
7,DCR,True,36.0,185.83
7,DCR,True,27.0,140.85
7,DCR,True,25.0,145.18
7,DCR,False,inf,0.0
7,DCR,False,inf,0.0
7,DCR,True,24.0,131.97
7,DCR,False,inf,0.0
7,DCR,True,19.0,104.45
7,DCR,True,2.0,14.32
7,DCR,True,20.0,99.06
7,DCR,True,9.0,48.16
7,DCR,True,22.0,119.89
7,DCR,True,7.0,38.66
7,DCR,True,9.0,42.69
7,DCR,True,21.0,109.78
7,DCR,False,inf,0.0
7,DCR,False,inf,0.0
7,DCR,True,21.0,119.82
7,DCR,True,20.0,113.94
7,DCR,True,29.0,146.81
7,DCR,False,inf,0.0
7,DCR,True,35.0,187.38
7,DCR,False,inf,0.0
7,DCR,False,inf,0.0
7,DCR,True,29.0,151.2
7,DCR,True,26.0,139.46
7,DCR,False,inf,0.0
7,DCR,True,14.0,77.71
7,DCR,False,inf,0.0
7,DCR,True,30.0,149.66
7,DCR,True,10.0,47.0
7,DCR,True,32.0,168.08
7,DCR,False,inf,0.0
7,DCR,False,inf,0.0
7,DCR,True,29.0,150.8
7,DCR,True,9.0,43.41
7,DCR,True,20.0,113.94
7,DCR,True,26.0,139.37
7,DCR,True,9.0,54.2
7,DCR,True,17.0,93.50999999999999
7,DCR,False,inf,0.0
7,DCR,True,3.0,12.34
7,DCR,True,27.0,140.04
7,DCR,True,36.0,187.35
7,DCR,False,inf,0.0
7,DCR,True,36.0,196.79
7,DCR,False,inf,0.0
7,DCR,False,inf,0.0
7,DCR,True,16.0,94.03999999999999
7,DCR,True,15.0,82.59
7,DCR,True,29.0,146.85
7,DCR,True,34.0,190.87
7,DCR,True,29.0,163.27
7,DCR,True,26.0,134.93
7,DCR,True,26.0,131.34
7,DCR,False,inf,0.0
7,DCR,False,inf,0.0
7,DCR,True,26.0,143.26
7,DCR,True,8.0,51.24
7,DCR,False,inf,0.0
7,DCR,True,6.0,32.78
7,DCR,True,1.0,9.6
7,DCR,True,2.0,12.42
7,DCR,True,8.0,47.09
7,DCR,True,4.0,25.02
7,DCR,True,31.0,158.63
7,DCR,False,inf,0.0
7,DCR,True,5.0,28.64
7,DCR,True,31.0,169.43
7,DCR,False,inf,0.0
7,DCR,True,16.0,84.22
7,DCR,False,inf,0.0
7,DCR,False,inf,0.0
7,DCR,True,5.0,15.6
7,DCR,False,inf,0.0
7,DCR,True,18.0,96.98
7,DCR,False,inf,0.0
7,DCR,True,5.0,15.76
7,DCR,True,7.0,40.37
7,DCR,False,inf,0.0
7,DCR,False,inf,0.0
7,DCR,True,7.0,37.96
7,DCR,False,inf,0.0
7,DCR,True,15.0,85.6
7,DCR,False,inf,0.0
7,DCR,True,29.0,162.41
7,DCR,True,31.0,156.31
7,DCR,True,5.0,25.93
7,DCR,True,17.0,89.23
7,DCR,True,9.0,53.48
7,DCR,True,31.0,158.07
7,DCR,False,inf,0.0
7,DCR,False,inf,0.0
7,DCR,True,19.0,108.77
7,DCR,True,29.0,150.85
7,DCR,True,3.0,11.26
7,DCR,False,inf,0.0
7,DCR,True,5.0,29.439999999999998
7,DCR,True,16.0,97.53
7,DCR,True,38.0,199.81
7,DCR,True,29.0,148.77
7,DCR,True,6.0,38.01
7,DCR,True,23.0,110.84
7,DCR,False,inf,0.0
7,DCR,False,inf,0.0
7,DCR,True,6.0,32.39
7,DCR,True,20.0,107.06
7,DCR,True,1.0,3.59
7,DCR,False,inf,0.0
7,DCR,False,inf,0.0
7,DCR,False,inf,0.0
7,DCR,False,inf,0.0
7,DCR,False,inf,0.0
7,DCR,False,inf,0.0
7,DCR,False,inf,0.0
7,DCR,True,10.0,54.04
7,DCR,False,inf,0.0
7,DCR,True,8.0,40.31
7,DCR,False,inf,0.0
7,DCR,True,10.0,51.519999999999996
7,DCR,True,15.0,79.8
7,DCR,True,37.0,203.19
7,DCR,False,inf,0.0
7,DCR,True,25.0,135.71
7,DCR,False,inf,0.0
7,DCR,True,22.0,126.81
7,DCR,False,inf,0.0
7,DCR,True,16.0,81.46
7,DCR,True,29.0,146.29
7,DCR,True,8.0,49.88
7,DCR,True,3.0,19.689999999999998
7,DCR,True,5.0,32.01
7,DCR,False,inf,0.0
7,DCR,True,24.0,126.0
7,DCR,True,36.0,194.65
7,DCR,True,23.0,124.57
7,DCR,True,28.0,144.14
7,DCR,True,7.0,39.13
7,DCR,False,inf,0.0
7,DCR,True,1.0,3.49
7,DCR,False,inf,0.0
7,DCR,True,16.0,87.88
7,DCR,True,2.0,3.99
7,DCR,True,19.0,98.81
7,DCR,False,inf,0.0
7,DCR,True,8.0,42.2
7,DCR,False,inf,0.0
7,DCR,True,11.0,64.98
7,DCR,True,27.0,148.99
7,DCR,True,22.0,121.24
7,DCR,True,8.0,40.34
7,DCR,True,7.0,35.18
7,DCR,False,inf,0.0
7,DCR,False,inf,0.0
7,DCR,True,35.0,190.74
7,DCR,False,inf,0.0
7,DCR,True,2.0,12.0
7,DCR,True,23.0,121.14
7,DCR,True,21.0,114.95
7,DCR,True,9.0,43.41
7,DCR,False,inf,0.0
7,DCR,True,32.0,171.65
7,DCR,False,inf,0.0
7,DCR,False,inf,0.0
7,DCR,True,32.0,161.97
7,DCR,False,inf,0.0
7,DCR,True,35.0,190.36
7,DCR,True,23.0,125.22
7,DCR,False,inf,0.0
7,DCR,True,1.0,5.06
7,DCR,True,20.0,103.37
7,DCR,True,17.0,101.37
7,DCR,True,17.0,88.3
7,DCR,True,13.0,77.53
7,DCR,True,10.0,58.39
7,DCR,False,inf,0.0
7,DCR,False,inf,0.0
7,DCR,True,31.0,153.62
7,DCR,True,21.0,104.87
7,DCR,True,30.0,149.78
7,DCR,False,inf,0.0
7,DCR,True,15.0,87.47
7,DCR,True,23.0,115.34
7,DCR,True,26.0,130.27
7,DCR,True,35.0,186.95
7,DCR,True,26.0,130.53
7,DCR,True,11.0,54.86
7,DCR,True,38.0,199.28
7,DCR,True,1.0,7.27
7,DCR,False,inf,0.0
7,DCR,True,3.0,16.919999999999998
7,DCR,False,inf,0.0
7,DCR,True,20.0,111.89
7,DCR,True,1.0,9.6
7,DCR,True,20.0,99.58
7,DCR,False,inf,0.0
7,DCR,False,inf,0.0
7,DCR,True,31.0,156.52
7,DCR,True,11.0,59.32
7,DCR,False,inf,0.0
7,DCR,True,3.0,13.0
7,DCR,True,2.0,14.34
7,DCR,True,28.0,147.35999999999999
7,DCR,False,inf,0.0
7,DCR,True,15.0,81.77
7,DCR,False,inf,0.0
7,DCR,True,5.0,33.68
7,DCR,True,7.0,40.73
7,DCR,True,22.0,124.76
7,DCR,True,29.0,155.41
7,DCR,True,2.0,6.539999999999999
7,DCR,True,19.0,97.02
7,DCR,False,inf,0.0
7,DCR,True,12.0,67.6
7,DCR,False,inf,0.0
7,DCR,True,33.0,167.78
7,DCR,True,13.0,76.41
7,DCR,True,10.0,63.94
7,DCR,False,inf,0.0
7,DCR,True,10.0,57.949999999999996
7,DCR,True,9.0,52.14
7,DCR,False,inf,0.0
7,DCR,True,18.0,94.09
7,DCR,True,35.0,187.38
7,DCR,True,29.0,150.69
7,DCR,True,17.0,102.23
7,DCR,True,1.0,8.85
7,DCR,True,21.0,119.86
7,DCR,True,13.0,80.0
7,DCR,True,28.0,150.47
7,DCR,False,inf,0.0
7,DCR,True,7.0,31.06
7,DCR,True,25.0,139.28
7,DCR,False,inf,0.0
7,DCR,True,8.0,48.62
7,DCR,False,inf,0.0
7,DCR,True,7.0,45.01
7,DCR,False,inf,0.0
7,DCR,True,35.0,189.19
7,DCR,True,6.0,33.14
7,DCR,True,3.0,19.89
7,DCR,True,8.0,40.91
7,DCR,False,inf,0.0
7,DCR,False,inf,0.0
7,DCR,True,24.0,145.06
7,DCR,True,16.0,86.21000000000001
7,DCR,False,inf,0.0
7,DCR,False,inf,0.0
7,DCR,False,inf,0.0
7,DCR,False,inf,0.0
7,DCR,True,9.0,46.51
7,DCR,True,2.0,7.81
7,DCR,True,29.0,156.17
7,DCR,True,3.0,22.82
7,DCR,True,20.0,111.89
7,DCR,True,17.0,89.23
7,DCR,False,inf,0.0
7,DCR,True,3.0,11.0
7,DCR,False,inf,0.0
7,DCR,True,15.0,93.11
7,DCR,True,23.0,119.09
7,DCR,False,inf,0.0
7,DCR,True,7.0,36.74
7,DCR,True,29.0,151.23
7,DCR,False,inf,0.0
7,DCR,True,1.0,5.13
7,DCR,False,inf,0.0
7,DCR,False,inf,0.0
7,DCR,True,37.0,182.55
7,DCR,True,9.0,47.05
7,DCR,True,37.0,191.64
7,DCR,True,5.0,28.71
7,DCR,False,inf,0.0
7,DCR,True,8.0,54.53
7,DCR,True,13.0,75.76
7,DCR,True,21.0,109.78
7,DCR,False,inf,0.0
7,DCR,False,inf,0.0
7,DCR,True,40.0,212.98
7,DCR,True,21.0,114.95
7,DCR,False,inf,0.0
7,DCR,False,inf,0.0
7,DCR,False,inf,0.0
7,DCR,True,34.0,188.4
7,DCR,True,36.0,194.65
7,DCR,True,2.0,12.0
7,DCR,True,25.0,120.21
7,DCR,True,34.0,174.03
7,DCR,True,32.0,155.85
7,DCR,False,inf,0.0
7,DCR,True,7.0,41.44
7,DCR,True,33.0,174.55
7,DCR,True,12.0,65.95
7,DCR,True,22.0,113.87
7,DCR,False,inf,0.0
7,DCR,True,9.0,54.1
7,DCR,True,13.0,77.53
7,DCR,True,28.0,141.54
7,DCR,True,14.0,75.24
7,DCR,False,inf,0.0
7,DCR,False,inf,0.0
7,DCR,True,25.0,129.51
7,DCR,False,inf,0.0
7,DCR,True,12.0,67.32
7,DCR,True,21.0,109.16
7,DCR,True,12.0,64.8
7,DCR,True,18.0,108.02
7,DCR,True,30.0,154.49
7,DCR,True,18.0,100.45
7,DCR,True,4.0,21.98
7,DCR,False,inf,0.0
7,DCR,True,17.0,91.99
7,DCR,True,7.0,38.66
7,DCR,True,16.0,90.33
7,DCR,True,9.0,48.16
7,DCR,True,10.0,47.0
7,DCR,False,inf,0.0
7,DCR,True,30.0,149.78
7,DCR,True,32.0,170.25
7,DCR,True,7.0,40.31
7,DCR,True,22.0,122.44
7,DCR,True,3.0,15.11
7,DCR,False,inf,0.0
7,DCR,True,37.0,192.35999999999999
7,DCR,False,inf,0.0
7,DCR,True,30.0,156.09
7,DCR,True,28.0,144.88
7,DCR,True,11.0,63.74
7,DCR,True,20.0,116.62
7,DCR,True,9.0,48.16
7,DCR,True,17.0,98.11
7,DCR,False,inf,0.0
7,DCR,True,34.0,163.25
7,DCR,True,33.0,185.44
7,DCR,True,27.0,144.44
7,DCR,False,inf,0.0
7,DCR,False,inf,0.0
7,DCR,True,5.0,21.84
7,DCR,False,inf,0.0
7,DCR,True,6.0,34.16
7,DCR,False,inf,0.0
7,DCR,True,25.0,125.01
7,DCR,True,30.0,155.45
7,DCR,True,15.0,89.6
7,DCR,True,33.0,162.71
7,DCR,True,26.0,136.19
7,DCR,True,6.0,33.15
7,DCR,False,inf,0.0
7,DCR,False,inf,0.0
7,DCR,True,23.0,124.15
7,DCR,True,31.0,162.5
7,DCR,True,6.0,41.82
7,DCR,True,24.0,123.82
7,DCR,True,4.0,19.24
7,DCR,False,inf,0.0
7,DCR,True,24.0,128.68
7,DCR,True,2.0,8.26
7,DCR,False,inf,0.0
7,DCR,True,10.0,61.46
7,DCR,True,27.0,145.25
7,DCR,True,14.0,82.2
7,DCR,False,inf,0.0
7,DCR,False,inf,0.0
7,DCR,True,17.0,91.0
7,DCR,True,30.0,164.94
7,DCR,True,40.0,217.83
7,DCR,True,23.0,118.27
7,DCR,False,inf,0.0
7,DCR,True,14.0,79.81
7,DCR,True,6.0,33.14
7,DCR,True,18.0,101.11
7,DCR,True,1.0,2.35
7,DCR,True,8.0,44.85
7,DCR,False,inf,0.0
7,DCR,True,29.0,145.49
7,DCR,True,13.0,71.5
7,DCR,True,23.0,124.15
7,DCR,True,3.0,15.08
7,DCR,False,inf,0.0
7,DCR,True,4.0,27.529999999999998
7,DCR,True,11.0,67.56
7,DCR,False,inf,0.0
7,DCR,True,28.0,144.49
7,DCR,True,9.0,48.44
7,DCR,False,inf,0.0
7,DCR,True,17.0,88.33
7,DCR,True,33.0,172.48
7,DCR,True,15.0,80.03
7,DCR,True,18.0,98.85
7,DCR,False,inf,0.0
7,DCR,True,17.0,88.72
7,DCR,True,23.0,119.63
7,DCR,False,inf,0.0
7,DCR,True,22.0,123.5
7,DCR,True,3.0,20.86
7,DCR,True,31.0,156.52
7,DCR,True,12.0,66.91
7,DCR,False,inf,0.0
7,DCR,True,14.0,77.71
7,DCR,True,24.0,125.07
7,DCR,True,27.0,140.66
7,DCR,True,7.0,40.52
7,DCR,False,inf,0.0
7,DCR,False,inf,0.0
7,DCR,True,26.0,136.89
7,DCR,False,inf,0.0
7,DCR,True,9.0,49.19
7,DCR,False,inf,0.0
7,DCR,True,25.0,132.08
7,DCR,True,21.0,117.27
7,DCR,False,inf,0.0
7,DCR,False,inf,0.0
7,DCR,True,23.0,125.25
7,DCR,False,inf,0.0
7,DCR,True,26.0,147.5
7,DCR,True,25.0,132.06
7,DCR,True,18.0,93.32
7,DCR,False,inf,0.0
7,DCR,True,16.0,91.32
7,DCR,False,inf,0.0
7,DCR,True,25.0,137.25
7,DCR,True,7.0,42.08
7,DCR,True,8.0,43.46
7,DCR,True,1.0,6.4
7,DCR,True,2.0,14.34
7,DCR,True,28.0,146.37
7,DCR,True,7.0,30.64
7,DCR,True,30.0,160.76
7,DCR,False,inf,0.0
7,DCR,False,inf,0.0
7,DCR,True,20.0,104.28999999999999
7,DCR,True,1.0,5.94
7,DCR,True,36.0,185.83
7,DCR,True,17.0,93.48
7,DCR,True,33.0,159.81
7,DCR,False,inf,0.0
7,DCR,True,16.0,88.35
7,DCR,False,inf,0.0
7,DCR,False,inf,0.0
7,DCR,True,7.0,40.31
7,DCR,True,2.0,13.98
7,DCR,True,9.0,53.83
7,DCR,True,29.0,146.35999999999999
7,DCR,True,5.0,25.87
7,DCR,False,inf,0.0
7,DCR,True,6.0,32.85
7,DCR,True,25.0,128.6
7,DCR,True,23.0,131.99
7,DCR,False,inf,0.0
7,DCR,True,4.0,26.22
7,DCR,False,inf,0.0
7,DCR,True,7.0,38.9
7,DCR,True,29.0,151.2
7,DCR,True,20.0,105.95
7,DCR,True,24.0,130.68
7,DCR,False,inf,0.0
7,DCR,True,33.0,179.33
7,DCR,True,4.0,32.5
7,DCR,True,7.0,38.9
7,DCR,False,inf,0.0
7,DCR,True,6.0,42.79
7,DCR,True,39.0,212.22
7,DCR,True,13.0,79.31
7,DCR,False,inf,0.0
7,DCR,True,34.0,170.55
7,DCR,True,20.0,99.58
7,DCR,True,23.0,124.5
7,DCR,False,inf,0.0
7,DCR,True,9.0,53.66
7,DCR,True,21.0,115.33
7,DCR,True,23.0,127.13
7,DCR,True,11.0,59.25
7,DCR,False,inf,0.0
7,DCR,True,32.0,182.42
7,DCR,True,28.0,149.05
7,DCR,True,5.0,21.869999999999997
7,DCR,True,36.0,190.76
7,DCR,True,11.0,58.57
7,DCR,True,14.0,77.78999999999999
7,DCR,True,33.0,175.25
7,DCR,True,34.0,178.84
7,DCR,True,15.0,78.42999999999999
7,DCR,True,2.0,13.42
7,DCR,True,14.0,83.49
7,DCR,True,28.0,148.54
7,DCR,True,11.0,65.7
7,DCR,True,32.0,171.06
7,DCR,False,inf,0.0
7,DCR,True,13.0,74.44
7,DCR,True,8.0,43.76
7,DCR,False,inf,0.0
7,DCR,True,9.0,44.5
7,DCR,True,31.0,174.18
7,DCR,False,inf,0.0
7,DCR,True,38.0,206.58
7,DCR,True,31.0,158.63
7,DCR,False,inf,0.0
7,DCR,True,9.0,54.35
7,DCR,True,13.0,80.1
7,DCR,True,3.0,18.68
7,DCR,True,13.0,81.4
7,DCR,True,4.0,16.41
7,DCR,False,inf,0.0
7,DCR,True,2.0,13.44
7,DCR,False,inf,0.0
7,DCR,False,inf,0.0
7,DCR,True,34.0,178.84
7,DCR,True,13.0,73.78
7,DCR,True,30.0,151.08
7,DCR,False,inf,0.0
7,DCR,True,12.0,70.54
7,DCR,True,9.0,52.74
7,DCR,True,8.0,44.57
7,DCR,True,25.0,133.85
7,DCR,True,29.0,145.49
7,DCR,True,15.0,82.59
7,DCR,True,4.0,12.74
7,DCR,True,12.0,77.98
7,DCR,True,3.0,19.689999999999998
7,DCR,False,inf,0.0
7,DCR,False,inf,0.0
7,DCR,True,26.0,139.37
7,DCR,True,3.0,22.59
7,DCR,True,19.0,103.69
7,DCR,False,inf,0.0
7,DCR,True,22.0,118.54
7,DCR,False,inf,0.0
7,DCR,False,inf,0.0
7,DCR,False,inf,0.0
7,DCR,True,7.0,38.94
7,DCR,True,14.0,75.24
7,DCR,True,14.0,81.51
7,DCR,True,12.0,68.87
7,DCR,False,inf,0.0
7,DCR,False,inf,0.0
7,DCR,False,inf,0.0
7,DCR,False,inf,0.0
7,DCR,False,inf,0.0
7,DCR,True,39.0,208.42
7,DCR,True,31.0,156.31
7,DCR,True,24.0,129.86
7,DCR,False,inf,0.0
7,DCR,True,1.0,5.37
7,DCR,True,18.0,97.03
7,DCR,True,27.0,142.34
7,DCR,True,7.0,45.01
7,DCR,True,11.0,56.6
7,DCR,True,38.0,204.06
7,DCR,True,10.0,57.7
7,DCR,False,inf,0.0
7,DCR,False,inf,0.0
7,DCR,True,24.0,125.71
7,DCR,True,8.0,44.57
7,DCR,False,inf,0.0
7,DCR,False,inf,0.0
7,DCR,False,inf,0.0
7,DCR,True,15.0,82.98
7,DCR,False,inf,0.0
7,DCR,False,inf,0.0
7,DCR,True,2.0,14.32
7,DCR,True,31.0,156.89
7,DCR,True,13.0,76.59
7,DCR,True,1.0,7.07
7,DCR,False,inf,0.0
7,DCR,False,inf,0.0
7,DCR,True,12.0,66.32
7,DCR,True,11.0,58.57
7,DCR,True,2.0,12.03
7,DCR,True,2.0,12.69
7,DCR,True,9.0,53.48
7,DCR,False,inf,0.0
7,DCR,False,inf,0.0
7,DCR,True,4.0,18.66
7,DCR,False,inf,0.0
7,DCR,True,29.0,152.49
7,DCR,True,1.0,7.05
7,DCR,False,inf,0.0
7,DCR,False,inf,0.0
7,DCR,True,14.0,78.54
7,DCR,False,inf,0.0
7,DCR,True,6.0,40.12
7,DCR,True,31.0,157.51
7,DCR,True,7.0,38.62
7,DCR,True,28.0,147.73
7,DCR,True,4.0,16.41
7,DCR,False,inf,0.0
7,DCR,True,29.0,152.69
7,DCR,True,12.0,72.98
7,DCR,False,inf,0.0
7,DCR,True,39.0,188.06
7,DCR,True,27.0,146.49
7,DCR,True,26.0,141.98
7,DCR,True,1.0,3.78
7,DCR,True,12.0,67.6
7,DCR,True,30.0,164.94
7,DCR,True,34.0,178.84
7,DCR,False,inf,0.0
7,DCR,False,inf,0.0
7,DCR,True,15.0,78.84
7,DCR,True,29.0,166.39
7,DCR,True,24.0,126.0
7,DCR,False,inf,0.0
7,DCR,False,inf,0.0
7,DCR,True,21.0,112.95
7,DCR,True,10.0,54.11
7,DCR,True,2.0,14.32
7,DCR,True,4.0,19.4
7,DCR,True,13.0,70.97
7,DCR,True,4.0,24.73
7,DCR,True,13.0,79.8
7,DCR,True,10.0,51.519999999999996
7,DCR,True,7.0,37.56
7,DCR,True,24.0,120.47
7,DCR,False,inf,0.0
7,DCR,True,1.0,8.88
7,DCR,True,12.0,64.36
7,DCR,True,17.0,103.42
7,DCR,True,31.0,165.17
7,DCR,False,inf,0.0
7,DCR,True,5.0,19.419999999999998
7,DCR,True,16.0,97.53
7,DCR,True,10.0,49.84
7,DCR,True,23.0,117.35
7,DCR,False,inf,0.0
7,DCR,False,inf,0.0
7,DCR,True,12.0,74.27
7,DCR,True,5.0,23.05
7,DCR,False,inf,0.0
7,DCR,True,20.0,107.76
7,DCR,True,35.0,183.43
7,DCR,True,8.0,40.91
7,DCR,False,inf,0.0
7,DCR,False,inf,0.0
7,DCR,True,10.0,57.57
7,DCR,True,29.0,152.69
7,DCR,True,26.0,131.63
7,DCR,True,25.0,129.89
7,DCR,True,27.0,144.74
7,DCR,True,5.0,35.33
7,DCR,True,12.0,68.3
7,DCR,True,6.0,33.44
7,DCR,True,24.0,120.49
7,DCR,False,inf,0.0
7,DCR,False,inf,0.0
7,DCR,True,8.0,42.29
7,DCR,True,30.0,161.89
7,DCR,True,1.0,2.35
7,DCR,True,22.0,121.24
7,DCR,True,20.0,110.28
7,DCR,True,12.0,72.98
7,DCR,True,32.0,171.65
7,DCR,False,inf,0.0
7,DCR,True,31.0,166.18
7,DCR,True,8.0,42.56
7,DCR,True,22.0,123.5
7,DCR,True,36.0,192.82999999999998
7,DCR,True,37.0,198.37
7,DCR,True,17.0,96.14999999999999
7,DCR,False,inf,0.0
7,DCR,False,inf,0.0
7,DCR,False,inf,0.0
7,DCR,False,inf,0.0
7,DCR,True,16.0,86.21000000000001
7,DCR,True,29.0,154.86
7,DCR,True,25.0,127.66
7,DCR,False,inf,0.0
7,DCR,False,inf,0.0
7,DCR,True,24.0,134.21
7,DCR,True,12.0,70.23
7,DCR,True,16.0,90.4
7,DCR,True,18.0,98.78
7,DCR,False,inf,0.0
7,DCR,False,inf,0.0
7,DCR,False,inf,0.0
7,DCR,True,15.0,77.33
7,DCR,True,9.0,50.68
7,DCR,True,7.0,42.76
7,DCR,True,20.0,104.28999999999999
7,DCR,False,inf,0.0
7,DCR,False,inf,0.0
7,DCR,True,35.0,190.36
7,DCR,True,6.0,32.78
7,DCR,True,22.0,118.54
7,DCR,True,4.0,23.28
7,DCR,False,inf,0.0
7,DCR,True,22.0,117.57
7,DCR,True,35.0,186.97
7,DCR,True,7.0,39.93
7,DCR,True,4.0,24.38
7,DCR,False,inf,0.0
7,DCR,True,41.0,199.31
7,DCR,True,16.0,96.23
7,DCR,True,28.0,144.46
7,DCR,True,8.0,43.46
7,DCR,True,16.0,82.58
7,DCR,False,inf,0.0
7,DCR,True,5.0,25.5
7,DCR,False,inf,0.0
7,DCR,False,inf,0.0
7,DCR,True,10.0,61.19
7,DCR,True,17.0,98.11
7,DCR,False,inf,0.0
7,DCR,True,10.0,59.6
7,DCR,False,inf,0.0
7,DCR,True,10.0,57.22
7,DCR,True,4.0,19.24
7,CCR,False,inf,0.0
7,CCR,True,12.0,58.51
7,CCR,False,inf,0.0
7,CCR,False,inf,0.0
7,CCR,True,28.0,149.47
7,CCR,False,inf,0.0
7,CCR,True,1.0,9.55
7,CCR,True,27.0,148.8
7,CCR,True,16.0,92.66
7,CCR,False,inf,0.0
7,CCR,True,17.0,92.89
7,CCR,True,16.0,92.66
7,CCR,True,6.0,30.889999999999997
7,CCR,False,inf,0.0
7,CCR,True,8.0,37.839999999999996
7,CCR,True,11.0,63.559999999999995
7,CCR,False,inf,0.0
7,CCR,True,18.0,99.59
7,CCR,True,30.0,158.35999999999999
7,CCR,True,20.0,108.86
7,CCR,True,32.0,168.02
7,CCR,False,inf,0.0
7,CCR,False,inf,0.0
7,CCR,True,5.0,20.23
7,CCR,True,6.0,34.68
7,CCR,False,inf,0.0
7,CCR,True,20.0,107.01
7,CCR,True,6.0,29.46
7,CCR,False,inf,0.0
7,CCR,True,25.0,139.15
7,CCR,False,inf,0.0
7,CCR,False,inf,0.0
7,CCR,True,7.0,27.919999999999998
7,CCR,True,19.0,111.34
7,CCR,False,inf,0.0
7,CCR,True,23.0,129.43
7,CCR,False,inf,0.0
7,CCR,True,15.0,71.2
7,CCR,True,23.0,115.28999999999999
7,CCR,False,inf,0.0
7,CCR,False,inf,0.0
7,CCR,True,20.0,111.11
7,CCR,True,17.0,99.17
7,CCR,False,inf,0.0
7,CCR,True,4.0,22.91
7,CCR,False,inf,0.0
7,CCR,False,inf,0.0
7,CCR,False,inf,0.0
7,CCR,True,15.0,82.17
7,CCR,True,28.0,145.29
7,CCR,False,inf,0.0
7,CCR,True,28.0,142.56
7,CCR,True,4.0,17.81
7,CCR,True,19.0,107.86
7,CCR,True,18.0,100.47
7,CCR,True,18.0,87.6
7,CCR,True,14.0,73.95
7,CCR,True,2.0,13.42
7,CCR,False,inf,0.0
7,CCR,True,15.0,84.95
7,CCR,True,7.0,37.449999999999996
7,CCR,False,inf,0.0
7,CCR,True,27.0,148.55
7,CCR,True,11.0,70.92
7,CCR,False,inf,0.0
7,CCR,False,inf,0.0
7,CCR,True,25.0,139.14
7,CCR,True,22.0,119.55
7,CCR,True,18.0,99.15
7,CCR,True,17.0,83.95
7,CCR,True,18.0,99.67999999999999
7,CCR,True,18.0,98.69
7,CCR,True,12.0,83.94
7,CCR,True,16.0,80.1
7,CCR,True,24.0,122.56
7,CCR,False,inf,0.0
7,CCR,True,10.0,58.67
7,CCR,True,27.0,145.96
7,CCR,False,inf,0.0
7,CCR,False,inf,0.0
7,CCR,True,14.0,81.44
7,CCR,True,20.0,109.98
7,CCR,True,25.0,131.76
7,CCR,True,11.0,64.63
7,CCR,True,1.0,8.39
7,CCR,True,26.0,131.31
7,CCR,True,22.0,122.45
7,CCR,False,inf,0.0
7,CCR,False,inf,0.0
7,CCR,True,3.0,15.76
7,CCR,False,inf,0.0
7,CCR,False,inf,0.0
7,CCR,True,37.0,211.21
7,CCR,True,31.0,161.21
7,CCR,True,2.0,7.81
7,CCR,True,10.0,55.9
7,CCR,False,inf,0.0
7,CCR,False,inf,0.0
7,CCR,False,inf,0.0
7,CCR,True,22.0,123.74
7,CCR,True,20.0,111.76
7,CCR,False,inf,0.0
7,CCR,True,4.0,18.04
7,CCR,True,24.0,135.28
7,CCR,True,31.0,166.59
7,CCR,False,inf,0.0
7,CCR,True,21.0,113.53999999999999
7,CCR,True,15.0,84.46
7,CCR,False,inf,0.0
7,CCR,False,inf,0.0
7,CCR,False,inf,0.0
7,CCR,True,21.0,114.12
7,CCR,True,23.0,117.91
7,CCR,False,inf,0.0
7,CCR,True,22.0,126.59
7,CCR,True,17.0,100.95
7,CCR,True,6.0,39.97
7,CCR,True,15.0,83.88
7,CCR,True,19.0,107.19
7,CCR,True,17.0,93.19
7,CCR,True,20.0,110.92
7,CCR,True,35.0,181.98
7,CCR,False,inf,0.0
7,CCR,True,3.0,18.509999999999998
7,CCR,False,inf,0.0
7,CCR,False,inf,0.0
7,CCR,True,13.0,69.39
7,CCR,False,inf,0.0
7,CCR,True,13.0,76.12
7,CCR,True,12.0,63.76
7,CCR,True,25.0,132.42
7,CCR,True,13.0,76.16
7,CCR,True,24.0,141.16
7,CCR,False,inf,0.0
7,CCR,False,inf,0.0
7,CCR,False,inf,0.0
7,CCR,True,23.0,125.52
7,CCR,False,inf,0.0
7,CCR,True,28.0,154.54
7,CCR,True,32.0,168.02
7,CCR,False,inf,0.0
7,CCR,True,28.0,148.41
7,CCR,True,24.0,132.09
7,CCR,True,3.0,18.93
7,CCR,True,2.0,7.81
7,CCR,True,9.0,55.64
7,CCR,True,27.0,157.67
7,CCR,True,5.0,27.259999999999998
7,CCR,False,inf,0.0
7,CCR,True,11.0,64.38
7,CCR,True,13.0,83.5
7,CCR,True,16.0,83.32
7,CCR,True,23.0,125.93
7,CCR,False,inf,0.0
7,CCR,True,1.0,7.15
7,CCR,False,inf,0.0
7,CCR,True,24.0,137.97
7,CCR,True,29.0,164.43
7,CCR,True,25.0,146.14
7,CCR,False,inf,0.0
7,CCR,False,inf,0.0
7,CCR,True,34.0,180.97
7,CCR,False,inf,0.0
7,CCR,True,25.0,145.67
7,CCR,True,18.0,87.6
7,CCR,False,inf,0.0
7,CCR,True,30.0,169.29
7,CCR,False,inf,0.0
7,CCR,True,4.0,18.04
7,CCR,True,22.0,112.87
7,CCR,True,9.0,52.75
7,CCR,True,11.0,75.06
7,CCR,False,inf,0.0
7,CCR,False,inf,0.0
7,CCR,False,inf,0.0
7,CCR,True,16.0,90.42
7,CCR,True,2.0,9.1
7,CCR,True,1.0,2.35
7,CCR,False,inf,0.0
7,CCR,False,inf,0.0
7,CCR,True,23.0,112.98
7,CCR,True,14.0,80.98
7,CCR,False,inf,0.0
7,CCR,False,inf,0.0
7,CCR,True,9.0,49.949999999999996
7,CCR,True,21.0,117.84
7,CCR,True,13.0,67.7
7,CCR,True,23.0,117.91
7,CCR,False,inf,0.0
7,CCR,True,21.0,120.5
7,CCR,False,inf,0.0
7,CCR,False,inf,0.0
7,CCR,True,25.0,140.26
7,CCR,True,4.0,16.75
7,CCR,True,20.0,110.98
7,CCR,False,inf,0.0
7,CCR,False,inf,0.0
7,CCR,False,inf,0.0
7,CCR,False,inf,0.0
7,CCR,False,inf,0.0
7,CCR,True,11.0,62.85
7,CCR,True,1.0,6.17
7,CCR,True,21.0,113.46
7,CCR,True,5.0,28.77
7,CCR,True,6.0,29.46
7,CCR,True,21.0,115.73
7,CCR,True,17.0,82.92
7,CCR,True,17.0,94.17999999999999
7,CCR,True,20.0,114.87
7,CCR,True,28.0,153.47
7,CCR,True,26.0,138.14
7,CCR,False,inf,0.0
7,CCR,True,11.0,54.28
7,CCR,True,5.0,21.849999999999998
7,CCR,False,inf,0.0
7,CCR,False,inf,0.0
7,CCR,True,5.0,32.65
7,CCR,True,26.0,137.3
7,CCR,True,17.0,91.34
7,CCR,True,28.0,143.6
7,CCR,False,inf,0.0
7,CCR,False,inf,0.0
7,CCR,False,inf,0.0
7,CCR,True,27.0,147.21
7,CCR,True,11.0,61.18
7,CCR,True,15.0,82.67
7,CCR,True,19.0,103.6
7,CCR,True,33.0,179.35
7,CCR,True,19.0,94.89
7,CCR,True,8.0,43.67
7,CCR,False,inf,0.0
7,CCR,True,15.0,76.45
7,CCR,False,inf,0.0
7,CCR,True,23.0,129.43
7,CCR,False,inf,0.0
7,CCR,True,17.0,100.75
7,CCR,True,6.0,26.09
7,CCR,False,inf,0.0
7,CCR,True,30.0,154.19
7,CCR,False,inf,0.0
7,CCR,False,inf,0.0
7,CCR,True,5.0,25.34
7,CCR,False,inf,0.0
7,CCR,True,14.0,86.99
7,CCR,False,inf,0.0
7,CCR,True,6.0,28.44
7,CCR,True,24.0,123.59
7,CCR,True,7.0,29.33
7,CCR,True,18.0,99.02
7,CCR,True,2.0,11.049999999999999
7,CCR,False,inf,0.0
7,CCR,False,inf,0.0
7,CCR,False,inf,0.0
7,CCR,True,10.0,59.65
7,CCR,False,inf,0.0
7,CCR,True,32.0,187.25
7,CCR,True,25.0,132.84
7,CCR,True,1.0,4.76
7,CCR,True,21.0,118.53
7,CCR,False,inf,0.0
7,CCR,True,30.0,157.62
7,CCR,False,inf,0.0
7,CCR,False,inf,0.0
7,CCR,True,13.0,79.63
7,CCR,True,15.0,86.95
7,CCR,True,31.0,161.21
7,CCR,True,8.0,33.66
7,CCR,True,15.0,76.57
7,CCR,False,inf,0.0
7,CCR,False,inf,0.0
7,CCR,True,1.0,5.72
7,CCR,True,21.0,115.81
7,CCR,False,inf,0.0
7,CCR,False,inf,0.0
7,CCR,True,28.0,152.88
7,CCR,False,inf,0.0
7,CCR,True,15.0,80.77
7,CCR,False,inf,0.0
7,CCR,True,17.0,88.27
7,CCR,True,8.0,46.47
7,CCR,False,inf,0.0
7,CCR,True,6.0,30.889999999999997
7,CCR,True,28.0,143.6
7,CCR,False,inf,0.0
7,CCR,True,20.0,107.44
7,CCR,True,14.0,83.74
7,CCR,False,inf,0.0
7,CCR,False,inf,0.0
7,CCR,False,inf,0.0
7,CCR,True,15.0,85.69
7,CCR,True,26.0,154.13
7,CCR,False,inf,0.0
7,CCR,False,inf,0.0
7,CCR,False,inf,0.0
7,CCR,True,19.0,108.53
7,CCR,True,16.0,95.25
7,CCR,False,inf,0.0
7,CCR,False,inf,0.0
7,CCR,True,12.0,62.73
7,CCR,True,4.0,27.16
7,CCR,False,inf,0.0
7,CCR,False,inf,0.0
7,CCR,True,20.0,113.76
7,CCR,True,21.0,109.59
7,CCR,False,inf,0.0
7,CCR,False,inf,0.0
7,CCR,False,inf,0.0
7,CCR,False,inf,0.0
7,CCR,True,5.0,29.23
7,CCR,True,26.0,142.22
7,CCR,False,inf,0.0
7,CCR,False,inf,0.0
7,CCR,True,19.0,104.39
7,CCR,False,inf,0.0
7,CCR,True,16.0,78.51
7,CCR,True,4.0,23.14
7,CCR,True,14.0,79.03
7,CCR,True,1.0,7.07
7,CCR,True,24.0,131.84
7,CCR,True,7.0,41.79
7,CCR,True,16.0,86.92999999999999
7,CCR,True,20.0,114.46
7,CCR,True,21.0,118.83
7,CCR,True,13.0,69.62
7,CCR,True,32.0,164.24
7,CCR,False,inf,0.0
7,CCR,True,27.0,149.54
7,CCR,True,21.0,119.06
7,CCR,True,18.0,94.8
7,CCR,True,7.0,31.15
7,CCR,False,inf,0.0
7,CCR,True,13.0,73.53
7,CCR,True,21.0,123.21
7,CCR,True,7.0,44.3
7,CCR,False,inf,0.0
7,CCR,False,inf,0.0
7,CCR,False,inf,0.0
7,CCR,True,27.0,147.66
7,CCR,True,16.0,82.1
7,CCR,False,inf,0.0
7,CCR,False,inf,0.0
7,CCR,False,inf,0.0
7,CCR,True,18.0,103.07
7,CCR,True,11.0,58.91
7,CCR,True,8.0,45.15
7,CCR,True,4.0,27.16
7,CCR,True,24.0,134.47
7,CCR,True,12.0,72.53999999999999
7,CCR,True,28.0,149.42
7,CCR,True,9.0,42.76
7,CCR,False,inf,0.0
7,CCR,True,32.0,177.25
7,CCR,True,15.0,81.8
7,CCR,False,inf,0.0
7,CCR,True,8.0,46.47
7,CCR,True,25.0,151.72
7,CCR,False,inf,0.0
7,CCR,False,inf,0.0
7,CCR,True,22.0,117.67999999999999
7,CCR,True,2.0,11.11
7,CCR,True,6.0,27.43
7,CCR,True,4.0,25.02
7,CCR,True,32.0,171.02
7,CCR,True,18.0,88.42
7,CCR,True,19.0,102.89
7,CCR,True,20.0,105.42999999999999
7,CCR,False,inf,0.0
7,CCR,False,inf,0.0
7,CCR,True,22.0,106.96
7,CCR,True,2.0,13.14
7,CCR,False,inf,0.0
7,CCR,False,inf,0.0
7,CCR,True,37.0,190.21
7,CCR,True,30.0,158.23
7,CCR,True,23.0,132.99
7,CCR,False,inf,0.0
7,CCR,False,inf,0.0
7,CCR,True,9.0,45.0
7,CCR,False,inf,0.0
7,CCR,False,inf,0.0
7,CCR,False,inf,0.0
7,CCR,False,inf,0.0
7,CCR,False,inf,0.0
7,CCR,False,inf,0.0
7,CCR,True,20.0,111.11
7,CCR,False,inf,0.0
7,CCR,True,14.0,79.56
7,CCR,False,inf,0.0
7,CCR,True,5.0,28.02
7,CCR,True,22.0,119.6
7,CCR,False,inf,0.0
7,CCR,False,inf,0.0
7,CCR,False,inf,0.0
7,CCR,True,9.0,49.24
7,CCR,False,inf,0.0
7,CCR,False,inf,0.0
7,CCR,True,7.0,48.85
7,CCR,True,16.0,91.36
7,CCR,True,30.0,175.3
7,CCR,True,4.0,16.75
7,CCR,False,inf,0.0
7,CCR,False,inf,0.0
7,CCR,True,24.0,134.49
7,CCR,True,3.0,10.77
7,CCR,True,17.0,95.55
7,CCR,True,22.0,120.71
7,CCR,True,23.0,127.33
7,CCR,True,3.0,15.82
7,CCR,True,11.0,65.37
7,CCR,False,inf,0.0
7,CCR,False,inf,0.0
7,CCR,True,10.0,46.62
7,CCR,False,inf,0.0
7,CCR,True,5.0,33.11
7,CCR,True,27.0,156.97
7,CCR,True,27.0,142.05
7,CCR,True,32.0,184.65
7,CCR,False,inf,0.0
7,CCR,True,25.0,137.82999999999998
7,CCR,False,inf,0.0
7,CCR,False,inf,0.0
7,CCR,False,inf,0.0
7,CCR,False,inf,0.0
7,CCR,True,3.0,18.509999999999998
7,CCR,True,15.0,85.69
7,CCR,True,12.0,62.73
7,CCR,True,24.0,127.91
7,CCR,True,3.0,15.08
7,CCR,True,27.0,149.77
7,CCR,False,inf,0.0
7,CCR,False,inf,0.0
7,CCR,True,13.0,78.16
7,CCR,False,inf,0.0
7,CCR,True,18.0,87.6
7,CCR,False,inf,0.0
7,CCR,False,inf,0.0
7,CCR,True,24.0,124.77
7,CCR,True,22.0,142.41
7,CCR,True,19.0,91.71
7,CCR,True,5.0,19.68
7,CCR,False,inf,0.0
7,CCR,True,11.0,69.25
7,CCR,False,inf,0.0
7,CCR,False,inf,0.0
7,CCR,False,inf,0.0
7,CCR,False,inf,0.0
7,CCR,True,2.0,11.049999999999999
7,CCR,False,inf,0.0
7,CCR,True,24.0,121.52
7,CCR,False,inf,0.0
7,CCR,True,28.0,149.47
7,CCR,True,11.0,61.91
7,CCR,False,inf,0.0
7,CCR,False,inf,0.0
7,CCR,False,inf,0.0
7,CCR,True,8.0,41.78
7,CCR,False,inf,0.0
7,CCR,True,4.0,16.75
7,CCR,True,3.0,19.89
7,CCR,True,11.0,60.0
7,CCR,True,5.0,26.09
7,CCR,True,19.0,111.75
7,CCR,False,inf,0.0
7,CCR,True,2.0,10.780000000000001
7,CCR,True,27.0,140.98
7,CCR,False,inf,0.0
7,CCR,True,8.0,43.67
7,CCR,True,29.0,152.49
7,CCR,True,6.0,32.75
7,CCR,True,25.0,141.23
7,CCR,True,10.0,56.8
7,CCR,False,inf,0.0
7,CCR,True,25.0,132.42
7,CCR,True,17.0,89.3
7,CCR,True,35.0,187.89
7,CCR,True,20.0,107.01
7,CCR,True,15.0,84.95
7,CCR,True,3.0,15.11
7,CCR,False,inf,0.0
7,CCR,True,33.0,169.37
7,CCR,False,inf,0.0
7,CCR,True,14.0,68.57
7,CCR,False,inf,0.0
7,CCR,True,29.0,155.7
7,CCR,True,18.0,100.47
7,CCR,False,inf,0.0
7,CCR,False,inf,0.0
7,CCR,False,inf,0.0
7,CCR,True,22.0,106.96
7,CCR,False,inf,0.0
7,CCR,False,inf,0.0
7,CCR,True,21.0,114.84
7,CCR,True,9.0,41.49
7,CCR,True,19.0,105.9
7,CCR,True,1.0,9.6
7,CCR,True,10.0,58.76
7,CCR,True,15.0,85.23
7,CCR,True,21.0,113.46
7,CCR,True,21.0,114.42999999999999
7,CCR,False,inf,0.0
7,CCR,False,inf,0.0
7,CCR,True,20.0,100.32
7,CCR,True,16.0,90.42
7,CCR,False,inf,0.0
7,CCR,True,4.0,20.33
7,CCR,False,inf,0.0
7,CCR,True,18.0,89.08
7,CCR,True,34.0,186.54
7,CCR,True,27.0,147.69
7,CCR,False,inf,0.0
7,CCR,True,9.0,45.0
7,CCR,True,18.0,95.67
7,CCR,True,21.0,115.73
7,CCR,False,inf,0.0
7,CCR,True,24.0,134.39
7,CCR,True,11.0,58.61
7,CCR,True,28.0,152.02
7,CCR,True,5.0,25.13
7,CCR,True,7.0,31.15
7,CCR,True,9.0,45.07
7,CCR,False,inf,0.0
7,CCR,True,31.0,163.82999999999998
7,CCR,True,5.0,27.29
7,CCR,True,30.0,154.19
7,CCR,True,5.0,26.71
7,CCR,True,24.0,129.29
7,CCR,True,22.0,118.57
7,CCR,True,6.0,31.299999999999997
7,CCR,False,inf,0.0
7,CCR,True,6.0,26.82
7,CCR,True,3.0,10.389999999999999
7,CCR,False,inf,0.0
7,CCR,True,4.0,18.04
7,CCR,True,6.0,29.709999999999997
7,CCR,False,inf,0.0
7,CCR,True,11.0,60.66
7,CCR,True,27.0,140.54
7,CCR,False,inf,0.0
7,CCR,True,11.0,75.06
7,CCR,False,inf,0.0
7,CCR,True,15.0,91.17
7,CCR,False,inf,0.0
7,CCR,True,28.0,143.73
7,CCR,True,1.0,4.73
7,CCR,True,4.0,20.33
7,CCR,False,inf,0.0
7,CCR,True,7.0,27.64
7,CCR,True,38.0,206.66
7,CCR,True,20.0,104.61
7,CCR,True,2.0,12.0
7,CCR,True,14.0,86.99
7,CCR,True,31.0,162.62
7,CCR,True,22.0,125.63
7,CCR,True,26.0,146.67
7,CCR,False,inf,0.0
7,CCR,False,inf,0.0
7,CCR,True,9.0,48.739999999999995
7,CCR,False,inf,0.0
7,CCR,True,13.0,64.32
7,CCR,True,25.0,140.97
7,CCR,True,29.0,173.68
7,CCR,False,inf,0.0
7,CCR,True,22.0,123.09
7,CCR,True,28.0,156.21
7,CCR,True,11.0,66.39
7,CCR,True,16.0,83.86
7,CCR,True,18.0,98.28999999999999
7,CCR,True,6.0,30.889999999999997
7,CCR,True,35.0,194.09
7,CCR,True,1.0,4.73
7,CCR,True,2.0,15.44
7,CCR,False,inf,0.0
7,CCR,True,14.0,80.7
7,CCR,False,inf,0.0
7,CCR,False,inf,0.0
7,CCR,False,inf,0.0
7,CCR,True,9.0,42.8
7,CCR,False,inf,0.0
7,CCR,True,2.0,15.44
7,CCR,True,6.0,29.709999999999997
7,CCR,False,inf,0.0
7,CCR,True,2.0,7.81
7,CCR,True,7.0,39.57
7,CCR,False,inf,0.0
7,CCR,True,36.0,195.39
7,CCR,False,inf,0.0
7,CCR,True,4.0,18.04
7,CCR,True,17.0,90.78
7,CCR,True,4.0,21.54
7,CCR,True,8.0,44.54
7,CCR,True,12.0,71.12
7,CCR,False,inf,0.0
7,CCR,True,4.0,19.189999999999998
7,CCR,False,inf,0.0
7,CCR,True,17.0,99.17
7,CCR,True,6.0,21.869999999999997
7,CCR,False,inf,0.0
7,CCR,True,24.0,137.97
7,CCR,False,inf,0.0
7,CCR,True,35.0,187.89
7,CCR,True,12.0,74.64
7,CCR,False,inf,0.0
7,CCR,True,19.0,101.28
7,CCR,False,inf,0.0
7,CCR,False,inf,0.0
7,CCR,True,5.0,23.84
7,CCR,False,inf,0.0
7,CCR,True,6.0,33.11
7,CCR,True,12.0,72.26
7,CCR,True,10.0,58.32
7,CCR,True,33.0,169.37
7,CCR,True,17.0,82.92
7,CCR,False,inf,0.0
7,CCR,True,18.0,110.95
7,CCR,True,28.0,148.41
7,CCR,True,28.0,153.87
7,CCR,True,25.0,131.26
7,CCR,True,4.0,16.75
7,CCR,False,inf,0.0
7,CCR,True,18.0,93.98
7,CCR,False,inf,0.0
7,CCR,True,35.0,181.98
7,CCR,True,11.0,65.07
7,CCR,False,inf,0.0
7,CCR,True,2.0,12.07
7,CCR,True,2.0,13.42
7,CCR,True,27.0,139.27
7,CCR,False,inf,0.0
7,CCR,True,13.0,72.51
7,CCR,False,inf,0.0
7,CCR,False,inf,0.0
7,CCR,False,inf,0.0
7,CCR,True,27.0,140.54
7,CCR,True,17.0,84.19
7,CCR,True,5.0,30.66
7,CCR,False,inf,0.0
7,CCR,True,28.0,156.21
7,CCR,False,inf,0.0
7,CCR,True,10.0,56.8
7,CCR,True,6.0,23.07
7,CCR,False,inf,0.0
7,CCR,False,inf,0.0
7,CCR,False,inf,0.0
7,CCR,True,19.0,106.39
7,CCR,True,15.0,86.95
7,CCR,True,8.0,38.35
7,CCR,False,inf,0.0
7,CCR,True,8.0,41.25
7,CCR,True,18.0,89.08
7,CCR,False,inf,0.0
7,CCR,False,inf,0.0
7,CCR,True,24.0,137.97
7,CCR,False,inf,0.0
7,CCR,False,inf,0.0
7,CCR,False,inf,0.0
7,CCR,True,8.0,40.3
7,CCR,False,inf,0.0
7,CCR,False,inf,0.0
7,CCR,True,17.0,87.73
7,CCR,False,inf,0.0
7,CCR,True,27.0,147.67
7,CCR,False,inf,0.0
7,CCR,True,11.0,69.25
7,CCR,True,16.0,88.48
7,CCR,True,24.0,123.88
7,CCR,True,4.0,25.36
7,CCR,True,1.0,8.02
7,CCR,False,inf,0.0
7,CCR,True,24.0,123.88
7,CCR,False,inf,0.0
7,CCR,False,inf,0.0
7,CCR,False,inf,0.0
7,CCR,False,inf,0.0
7,CCR,False,inf,0.0
7,CCR,True,23.0,120.4
7,CCR,True,7.0,40.21
7,CCR,True,7.0,35.39
7,CCR,True,11.0,63.559999999999995
7,CCR,False,inf,0.0
7,CCR,True,10.0,51.97
7,CCR,True,4.0,25.02
7,CCR,False,inf,0.0
7,CCR,False,inf,0.0
7,CCR,True,8.0,40.3
7,CCR,True,13.0,68.97
7,CCR,True,13.0,71.21
7,CCR,False,inf,0.0
7,CCR,False,inf,0.0
7,CCR,True,17.0,98.67
7,CCR,False,inf,0.0
7,CCR,False,inf,0.0
7,CCR,False,inf,0.0
7,CCR,False,inf,0.0
7,CCR,True,3.0,17.759999999999998
7,CCR,True,24.0,132.82999999999998
7,CCR,False,inf,0.0
7,CCR,True,16.0,74.29
7,CCR,False,inf,0.0
7,CCR,True,27.0,142.6
7,CCR,True,25.0,140.97
7,CCR,False,inf,0.0
7,CCR,True,8.0,45.15
7,CCR,True,21.0,113.91
7,CCR,True,12.0,63.88
7,CCR,False,inf,0.0
7,CCR,True,26.0,144.4
7,CCR,False,inf,0.0
7,CCR,False,inf,0.0
7,CCR,False,inf,0.0
7,CCR,False,inf,0.0
7,CCR,False,inf,0.0
7,CCR,True,4.0,21.54
7,CCR,True,10.0,48.15
7,CCR,False,inf,0.0
7,CCR,False,inf,0.0
7,CCR,False,inf,0.0
7,CCR,True,5.0,31.09
7,CCR,False,inf,0.0
7,CCR,True,6.0,26.7
7,CCR,True,24.0,122.34
7,CCR,True,21.0,116.98
7,CCR,True,14.0,79.08
7,CCR,False,inf,0.0
7,CCR,True,12.0,58.51
7,CCR,False,inf,0.0
7,CCR,False,inf,0.0
7,CCR,True,19.0,100.74
7,CCR,False,inf,0.0
7,CCR,True,16.0,85.76
7,CCR,True,3.0,18.05
7,CCR,False,inf,0.0
7,CCR,True,12.0,73.46
7,CCR,True,8.0,39.72
7,CCR,True,8.0,44.54
7,CCR,True,15.0,91.17
7,CCR,True,12.0,76.88
7,CCR,False,inf,0.0
7,CCR,False,inf,0.0
7,CCR,True,7.0,36.519999999999996
7,CCR,True,4.0,15.45
7,CCR,True,17.0,109.36
7,CCR,True,26.0,139.6
7,CCR,True,10.0,48.31
7,CCR,True,3.0,17.759999999999998
7,CCR,True,10.0,48.31
7,CCR,False,inf,0.0
7,CCR,False,inf,0.0
7,CCR,True,12.0,66.15
7,CCR,True,23.0,134.31
7,CCR,True,19.0,106.42999999999999
7,CCR,True,12.0,66.15
7,CCR,True,1.0,8.39
7,CCR,False,inf,0.0
7,CCR,False,inf,0.0
7,CCR,True,27.0,157.67
7,CCR,True,9.0,48.16
7,CCR,True,9.0,48.98
7,CCR,False,inf,0.0
7,CCR,True,25.0,136.6
7,CCR,False,inf,0.0
7,CCR,True,20.0,108.58
7,CCR,True,11.0,64.38
7,CCR,True,14.0,87.75
7,CCR,True,8.0,36.68
7,CCR,True,3.0,15.799999999999999
7,CCR,True,18.0,97.76
7,CCR,True,13.0,73.57
7,CCR,False,inf,0.0
7,CCR,True,22.0,124.39
7,CCR,True,15.0,76.69
7,CCR,True,36.0,182.53
7,CCR,True,10.0,51.97
7,CCR,True,17.0,92.89
7,CCR,True,19.0,110.58
7,CCR,True,12.0,69.11
7,CCR,False,inf,0.0
7,CCR,True,34.0,198.34
7,CCR,True,11.0,63.519999999999996
7,CCR,False,inf,0.0
7,CCR,False,inf,0.0
7,CCR,True,8.0,36.78
7,CCR,True,2.0,13.98
7,CCR,False,inf,0.0
7,CCR,True,23.0,121.00999999999999
7,CCR,False,inf,0.0
7,CCR,False,inf,0.0
7,CCR,True,36.0,195.39
7,CCR,False,inf,0.0
7,CCR,True,11.0,64.63
7,CCR,True,31.0,158.72
7,CCR,False,inf,0.0
7,CCR,False,inf,0.0
7,CCR,False,inf,0.0
7,CCR,False,inf,0.0
7,CCR,True,2.0,10.86
7,CCR,True,1.0,5.42
7,CCR,True,9.0,46.39
7,CCR,True,22.0,111.17999999999999
7,CCR,False,inf,0.0
7,CCR,True,25.0,136.6
7,CCR,True,10.0,62.44
7,CCR,True,30.0,154.45
7,CCR,True,5.0,26.09
7,CCR,False,inf,0.0
7,CCR,True,9.0,45.0
7,CCR,True,20.0,108.33
7,CCR,False,inf,0.0
7,CCR,True,3.0,14.629999999999999
7,CCR,True,3.0,9.92
7,CCR,True,21.0,113.37
7,CCR,True,8.0,41.5
7,CCR,False,inf,0.0
7,CCR,True,7.0,37.17
7,CCR,True,24.0,143.18
7,CCR,True,24.0,131.84
7,CCR,False,inf,0.0
7,CCR,False,inf,0.0
7,CCR,False,inf,0.0
7,CCR,False,inf,0.0
7,CCR,True,23.0,124.67999999999999
7,CCR,False,inf,0.0
7,CCR,True,2.0,12.0
7,CCR,True,26.0,141.63
7,CCR,True,14.0,79.08
7,CCR,True,4.0,12.74
7,CCR,True,9.0,48.16
7,CCR,True,19.0,106.51
7,CCR,False,inf,0.0
7,CCR,False,inf,0.0
7,CCR,True,11.0,66.8
7,CCR,False,inf,0.0
7,CCR,True,4.0,22.619999999999997
7,CCR,False,inf,0.0
7,CCR,True,27.0,149.77
7,CCR,True,13.0,82.35
7,CCR,True,8.0,33.24
7,CCR,True,27.0,145.3
7,CCR,False,inf,0.0
7,CCR,True,16.0,81.37
7,CCR,False,inf,0.0
7,CCR,True,17.0,94.45
7,CCR,True,17.0,92.2
7,CCR,True,25.0,135.63
7,CCR,True,20.0,100.95
7,CCR,True,7.0,27.64
7,CCR,True,12.0,71.36
7,CCR,True,11.0,60.66
7,CCR,False,inf,0.0
7,CCR,True,12.0,71.84
7,CCR,False,inf,0.0
7,CCR,False,inf,0.0
7,CCR,False,inf,0.0
7,CCR,False,inf,0.0
7,CCR,False,inf,0.0
7,CCR,False,inf,0.0
7,CCR,True,32.0,169.10999999999999
7,CCR,False,inf,0.0
7,CCR,True,5.0,28.8
7,CCR,False,inf,0.0
7,CCR,True,24.0,129.29
7,CCR,True,23.0,127.33
7,CCR,True,29.0,173.68
7,CCR,True,16.0,96.53999999999999
7,CCR,False,inf,0.0
7,CCR,True,3.0,16.06
7,CCR,True,5.0,32.29
7,CCR,True,6.0,23.07
7,CCR,False,inf,0.0
7,CCR,True,3.0,13.51
7,CCR,False,inf,0.0
7,CCR,False,inf,0.0
7,CCR,True,24.0,129.91
7,CCR,True,24.0,132.09
7,CCR,False,inf,0.0
7,CCR,True,4.0,27.16
7,CCR,True,8.0,31.97
7,CCR,False,inf,0.0
7,CCR,False,inf,0.0
7,CCR,False,inf,0.0
7,CCR,False,inf,0.0
7,CCR,True,10.0,51.97
7,CCR,False,inf,0.0
7,CCR,False,inf,0.0
7,CCR,True,19.0,101.8
7,CCR,False,inf,0.0
7,CCR,True,18.0,96.88
7,CCR,False,inf,0.0
7,CCR,False,inf,0.0
7,CCR,False,inf,0.0
7,CCR,True,21.0,115.57
7,CCR,True,3.0,16.93
7,CCR,False,inf,0.0
7,CCR,True,19.0,107.84
7,CCR,True,22.0,110.14
7,CCR,False,inf,0.0
7,CCR,False,inf,0.0
7,CCR,True,26.0,140.1
7,CCR,True,2.0,10.780000000000001
7,CCR,True,27.0,150.96
7,CCR,True,10.0,52.489999999999995
7,CCR,False,inf,0.0
7,CCR,False,inf,0.0
7,CCR,True,13.0,80.33
7,CCR,True,16.0,88.48
7,CCR,True,14.0,86.1
7,CCR,True,11.0,59.91
7,CCR,False,inf,0.0
7,CCR,False,inf,0.0
7,CCR,False,inf,0.0
7,CCR,False,inf,0.0
7,CCR,True,27.0,157.67
7,CCR,True,39.0,217.12
7,CCR,True,21.0,120.47
7,CCR,True,19.0,108.53
7,CCR,False,inf,0.0
7,CCR,False,inf,0.0
7,CCR,False,inf,0.0
7,CCR,True,12.0,69.12
7,CCR,False,inf,0.0
7,CCR,True,33.0,166.04
7,CCR,True,28.0,154.1
7,CCR,False,inf,0.0
7,CCR,True,20.0,113.76
7,CCR,False,inf,0.0
7,CCR,True,12.0,75.03999999999999
7,CCR,False,inf,0.0
7,CCR,True,17.0,82.92
7,CCR,False,inf,0.0
7,CCR,True,36.0,195.39
7,CCR,True,17.0,78.7
7,CCR,True,2.0,8.91
7,CCR,False,inf,0.0
7,CCR,True,25.0,143.24
7,CCR,False,inf,0.0
7,CCR,True,6.0,27.93
7,CCR,True,7.0,32.54
7,CCR,True,26.0,142.1
7,CCR,True,6.0,26.56
7,CCR,True,1.0,5.72
7,CCR,True,16.0,88.48
7,CCR,False,inf,0.0
7,CCR,True,3.0,16.06
7,CCR,True,8.0,36.68
7,CCR,False,inf,0.0
7,CCR,False,inf,0.0
7,CCR,True,15.0,83.17
7,CCR,False,inf,0.0
7,CCR,True,26.0,135.45
7,CCR,False,inf,0.0
7,CCR,True,24.0,121.52
7,CCR,True,26.0,132.42
7,CCR,False,inf,0.0
7,CCR,True,27.0,155.93
7,CCR,True,40.0,225.82999999999998
7,CCR,False,inf,0.0
7,CCR,True,12.0,66.24
7,CCR,False,inf,0.0
7,CCR,False,inf,0.0
7,CCR,True,27.0,140.96
7,CCR,True,18.0,99.67999999999999
7,CCR,False,inf,0.0
7,CCR,True,24.0,141.16
7,CCR,True,24.0,118.34
7,CCR,True,28.0,153.41
7,CCR,False,inf,0.0
7,CCR,False,inf,0.0
7,CCR,True,28.0,145.09
7,CCR,True,18.0,103.07
7,CCR,False,inf,0.0
7,CCR,True,9.0,51.17
7,CCR,False,inf,0.0
7,CCR,True,6.0,23.07
7,CCR,False,inf,0.0
7,CCR,True,11.0,65.09
7,CCR,True,28.0,152.02
7,CCR,True,26.0,138.22
7,CCR,False,inf,0.0
7,CCR,True,9.0,39.71
7,CCR,True,13.0,73.26
7,CCR,True,7.0,48.85
7,CCR,False,inf,0.0
7,CCR,True,28.0,148.41
7,CCR,False,inf,0.0
7,CCR,False,inf,0.0
7,CCR,True,17.0,94.17999999999999
7,CCR,True,8.0,46.47
7,CCR,False,inf,0.0
7,CCR,True,33.0,166.04
7,CCR,True,2.0,12.03
7,CCR,True,21.0,109.83
7,CCR,True,2.0,17.05
7,CCR,True,23.0,126.45
7,CCR,False,inf,0.0
7,CCR,False,inf,0.0
7,CCR,True,1.0,2.35
7,CCR,True,15.0,87.33
7,CCR,False,inf,0.0
7,CCR,True,9.0,44.14
7,CCR,True,20.0,103.86
7,CCR,False,inf,0.0
13,BCR,True,23.0,139.08
13,BCR,False,inf,0.0
13,BCR,False,inf,0.0
13,BCR,False,inf,0.0
13,BCR,True,26.0,157.3
13,BCR,True,7.0,28.83
13,BCR,True,10.0,44.48
13,BCR,False,inf,0.0
13,BCR,False,inf,0.0
13,BCR,True,24.0,139.05
13,BCR,True,4.0,13.33
13,BCR,False,inf,0.0
13,BCR,True,26.0,147.68
13,BCR,False,inf,0.0
13,BCR,True,25.0,129.09
13,BCR,True,26.0,152.33
13,BCR,True,23.0,131.7
13,BCR,False,inf,0.0
13,BCR,False,inf,0.0
13,BCR,False,inf,0.0
13,BCR,True,18.0,112.08
13,BCR,False,inf,0.0
13,BCR,False,inf,0.0
13,BCR,False,inf,0.0
13,BCR,False,inf,0.0
13,BCR,False,inf,0.0
13,BCR,True,5.0,28.740000000000002
13,BCR,False,inf,0.0
13,BCR,True,12.0,58.85
13,BCR,True,5.0,19.2
13,BCR,False,inf,0.0
13,BCR,True,15.0,69.8
13,BCR,False,inf,0.0
13,BCR,False,inf,0.0
13,BCR,False,inf,0.0
13,BCR,True,22.0,128.3
13,BCR,False,inf,0.0
13,BCR,True,1.0,2.45
13,BCR,True,30.0,167.79
13,BCR,False,inf,0.0
13,BCR,True,16.0,99.1
13,BCR,False,inf,0.0
13,BCR,True,10.0,52.0
13,BCR,True,15.0,80.27
13,BCR,True,4.0,16.29
13,BCR,True,8.0,32.51
13,BCR,False,inf,0.0
13,BCR,True,19.0,119.91
13,BCR,False,inf,0.0
13,BCR,True,13.0,71.72
13,BCR,False,inf,0.0
13,BCR,True,1.0,2.83
13,BCR,True,13.0,67.5
13,BCR,False,inf,0.0
13,BCR,True,32.0,180.89
13,BCR,False,inf,0.0
13,BCR,True,20.0,113.48
13,BCR,False,inf,0.0
13,BCR,False,inf,0.0
13,BCR,True,3.0,7.68
13,BCR,True,6.0,31.43
13,BCR,True,10.0,43.13
13,BCR,True,1.0,8.56
13,BCR,True,5.0,23.57
13,BCR,True,9.0,35.17
13,BCR,True,4.0,22.66
13,BCR,True,1.0,3.1
13,BCR,True,21.0,126.83
13,BCR,True,20.0,107.19
13,BCR,False,inf,0.0
13,BCR,False,inf,0.0
13,BCR,False,inf,0.0
13,BCR,True,11.0,60.05
13,BCR,False,inf,0.0
13,BCR,True,9.0,36.25
13,BCR,True,1.0,5.92
13,BCR,True,27.0,163.17
13,BCR,True,30.0,171.56
13,BCR,True,9.0,38.18
13,BCR,True,8.0,37.44
13,BCR,True,23.0,132.08
13,BCR,False,inf,0.0
13,BCR,True,12.0,70.07
13,BCR,True,28.0,158.87
13,BCR,False,inf,0.0
13,BCR,False,inf,0.0
13,BCR,False,inf,0.0
13,BCR,True,13.0,67.43
13,BCR,True,2.0,6.32
13,BCR,False,inf,0.0
13,BCR,True,25.0,142.01
13,BCR,True,6.0,28.639999999999997
13,BCR,True,2.0,8.23
13,BCR,True,25.0,152.54
13,BCR,True,10.0,46.9
13,BCR,True,11.0,61.72
13,BCR,True,17.0,95.78
13,BCR,True,25.0,133.46
13,BCR,False,inf,0.0
13,BCR,True,10.0,52.85
13,BCR,True,7.0,27.15
13,BCR,False,inf,0.0
13,BCR,False,inf,0.0
13,BCR,True,20.0,111.8
13,BCR,False,inf,0.0
13,BCR,False,inf,0.0
13,BCR,True,16.0,91.03999999999999
13,BCR,True,29.0,166.65
13,BCR,False,inf,0.0
13,BCR,False,inf,0.0
13,BCR,True,19.0,112.53
13,BCR,True,10.0,48.769999999999996
13,BCR,False,inf,0.0
13,BCR,False,inf,0.0
13,BCR,False,inf,0.0
13,BCR,False,inf,0.0
13,BCR,False,inf,0.0
13,BCR,True,17.0,97.09
13,BCR,True,3.0,14.389999999999999
13,BCR,False,inf,0.0
13,BCR,True,15.0,72.78
13,BCR,False,inf,0.0
13,BCR,True,26.0,150.82
13,BCR,True,2.0,5.550000000000001
13,BCR,False,inf,0.0
13,BCR,True,19.0,101.89
13,BCR,True,19.0,104.69
13,BCR,True,11.0,55.68
13,BCR,True,9.0,44.43
13,BCR,False,inf,0.0
13,BCR,False,inf,0.0
13,BCR,False,inf,0.0
13,BCR,False,inf,0.0
13,BCR,False,inf,0.0
13,BCR,True,20.0,106.36
13,BCR,False,inf,0.0
13,BCR,True,23.0,123.64
13,BCR,False,inf,0.0
13,BCR,False,inf,0.0
13,BCR,True,7.0,31.18
13,BCR,True,21.0,120.85
13,BCR,False,inf,0.0
13,BCR,True,11.0,61.78
13,BCR,False,inf,0.0
13,BCR,False,inf,0.0
13,BCR,False,inf,0.0
13,BCR,False,inf,0.0
13,BCR,True,1.0,8.61
13,BCR,True,11.0,56.48
13,BCR,False,inf,0.0
13,BCR,True,15.0,72.78
13,BCR,False,inf,0.0
13,BCR,False,inf,0.0
13,BCR,True,22.0,125.57
13,BCR,True,17.0,88.27
13,BCR,False,inf,0.0
13,BCR,True,23.0,135.71
13,BCR,True,12.0,65.0
13,BCR,True,17.0,107.73
13,BCR,True,6.0,22.86
13,BCR,False,inf,0.0
13,BCR,False,inf,0.0
13,BCR,True,11.0,51.94
13,BCR,True,16.0,81.9
13,BCR,False,inf,0.0
13,BCR,False,inf,0.0
13,BCR,True,11.0,53.339999999999996
13,BCR,True,7.0,37.15
13,BCR,False,inf,0.0
13,BCR,True,20.0,111.24
13,BCR,True,1.0,3.29
13,BCR,True,4.0,18.02
13,BCR,False,inf,0.0
13,BCR,True,16.0,100.0
13,BCR,False,inf,0.0
13,BCR,False,inf,0.0
13,BCR,True,3.0,7.68
13,BCR,False,inf,0.0
13,BCR,True,14.0,83.97
13,BCR,False,inf,0.0
13,BCR,True,23.0,130.61
13,BCR,False,inf,0.0
13,BCR,True,20.0,119.77
13,BCR,False,inf,0.0
13,BCR,False,inf,0.0
13,BCR,True,29.0,171.29
13,BCR,True,20.0,106.58
13,BCR,True,26.0,151.23
13,BCR,True,6.0,30.97
13,BCR,False,inf,0.0
13,BCR,True,16.0,91.17
13,BCR,False,inf,0.0
13,BCR,False,inf,0.0
13,BCR,False,inf,0.0
13,BCR,False,inf,0.0
13,BCR,False,inf,0.0
13,BCR,True,11.0,53.04
13,BCR,True,4.0,18.12
13,BCR,False,inf,0.0
13,BCR,True,20.0,114.32
13,BCR,False,inf,0.0
13,BCR,True,6.0,28.27
13,BCR,True,5.0,16.93
13,BCR,True,10.0,40.0
13,BCR,True,28.0,167.69
13,BCR,True,12.0,66.21
13,BCR,False,inf,0.0
13,BCR,False,inf,0.0
13,BCR,False,inf,0.0
13,BCR,True,14.0,86.9
13,BCR,True,16.0,91.17
13,BCR,True,23.0,124.03999999999999
13,BCR,True,12.0,64.77
13,BCR,True,30.0,160.66
13,BCR,False,inf,0.0
13,BCR,False,inf,0.0
13,BCR,True,3.0,12.32
13,BCR,True,14.0,73.99
13,BCR,False,inf,0.0
13,BCR,True,17.0,92.17999999999999
13,BCR,True,16.0,80.11
13,BCR,True,19.0,110.75
13,BCR,True,26.0,138.24
13,BCR,True,7.0,31.529999999999998
13,BCR,True,4.0,17.73
13,BCR,False,inf,0.0
13,BCR,True,21.0,130.34
13,BCR,False,inf,0.0
13,BCR,True,13.0,64.96
13,BCR,True,13.0,64.51
13,BCR,True,21.0,122.11
13,BCR,False,inf,0.0
13,BCR,True,6.0,18.28
13,BCR,True,15.0,90.07
13,BCR,False,inf,0.0
13,BCR,True,20.0,113.78999999999999
13,BCR,True,5.0,26.04
13,BCR,True,6.0,29.02
13,BCR,True,30.0,177.83
13,BCR,True,29.0,171.29
13,BCR,False,inf,0.0
13,BCR,True,5.0,22.669999999999998
13,BCR,True,12.0,68.55
13,BCR,True,17.0,107.73
13,BCR,False,inf,0.0
13,BCR,False,inf,0.0
13,BCR,True,27.0,160.19
13,BCR,False,inf,0.0
13,BCR,True,18.0,97.87
13,BCR,True,2.0,4.84
13,BCR,True,14.0,74.47
13,BCR,True,27.0,141.99
13,BCR,False,inf,0.0
13,BCR,False,inf,0.0
13,BCR,False,inf,0.0
13,BCR,True,23.0,121.05
13,BCR,True,2.0,12.16
13,BCR,True,7.0,27.349999999999998
13,BCR,False,inf,0.0
13,BCR,True,19.0,106.16
13,BCR,True,2.0,4.76
13,BCR,False,inf,0.0
13,BCR,False,inf,0.0
13,BCR,True,19.0,110.75
13,BCR,False,inf,0.0
13,BCR,True,23.0,136.61
13,BCR,False,inf,0.0
13,BCR,True,2.0,9.42
13,BCR,False,inf,0.0
13,BCR,False,inf,0.0
13,BCR,True,10.0,44.07
13,BCR,True,6.0,23.669999999999998
13,BCR,False,inf,0.0
13,BCR,True,18.0,109.75
13,BCR,False,inf,0.0
13,BCR,True,9.0,48.58
13,BCR,False,inf,0.0
13,BCR,True,11.0,51.11
13,BCR,True,6.0,27.799999999999997
13,BCR,False,inf,0.0
13,BCR,False,inf,0.0
13,BCR,True,20.0,120.53
13,BCR,True,25.0,138.39
13,BCR,False,inf,0.0
13,BCR,True,31.0,180.62
13,BCR,True,4.0,14.13
13,BCR,False,inf,0.0
13,BCR,False,inf,0.0
13,BCR,False,inf,0.0
13,BCR,False,inf,0.0
13,BCR,False,inf,0.0
13,BCR,False,inf,0.0
13,BCR,False,inf,0.0
13,BCR,False,inf,0.0
13,BCR,False,inf,0.0
13,BCR,True,12.0,57.01
13,BCR,False,inf,0.0
13,BCR,True,3.0,16.86
13,BCR,True,7.0,33.73
13,BCR,True,14.0,68.15
13,BCR,False,inf,0.0
13,BCR,False,inf,0.0
13,BCR,False,inf,0.0
13,BCR,True,28.0,138.87
13,BCR,True,23.0,125.02
13,BCR,False,inf,0.0
13,BCR,True,8.0,29.81
13,BCR,False,inf,0.0
13,BCR,False,inf,0.0
13,BCR,False,inf,0.0
13,BCR,True,5.0,15.36
13,BCR,False,inf,0.0
13,BCR,True,20.0,102.61
13,BCR,True,1.0,7.12
13,BCR,False,inf,0.0
13,BCR,True,14.0,85.85
13,BCR,False,inf,0.0
13,BCR,True,13.0,65.88
13,BCR,True,1.0,9.5
13,BCR,False,inf,0.0
13,BCR,False,inf,0.0
13,BCR,True,11.0,53.04
13,BCR,False,inf,0.0
13,BCR,True,12.0,67.7
13,BCR,False,inf,0.0
13,BCR,True,28.0,150.2
13,BCR,False,inf,0.0
13,BCR,False,inf,0.0
13,BCR,True,1.0,3.29
13,BCR,True,14.0,82.22
13,BCR,False,inf,0.0
13,BCR,True,3.0,11.41
13,BCR,True,11.0,60.8
13,BCR,True,16.0,91.48
13,BCR,True,23.0,131.7
13,BCR,True,2.0,4.71
13,BCR,False,inf,0.0
13,BCR,False,inf,0.0
13,BCR,True,12.0,68.0
13,BCR,True,9.0,43.339999999999996
13,BCR,True,9.0,40.91
13,BCR,True,9.0,43.35
13,BCR,True,15.0,76.71
13,BCR,True,15.0,91.05
13,BCR,False,inf,0.0
13,BCR,False,inf,0.0
13,BCR,True,5.0,20.009999999999998
13,BCR,False,inf,0.0
13,BCR,True,22.0,123.38
13,BCR,True,16.0,94.19
13,BCR,True,29.0,154.22
13,BCR,True,5.0,22.57
13,BCR,False,inf,0.0
13,BCR,True,17.0,99.28999999999999
13,BCR,False,inf,0.0
13,BCR,True,2.0,10.86
13,BCR,True,17.0,85.32
13,BCR,True,11.0,48.79
13,BCR,False,inf,0.0
13,BCR,True,6.0,27.799999999999997
13,BCR,False,inf,0.0
13,BCR,True,19.0,105.32
13,BCR,True,9.0,36.97
13,BCR,True,6.0,25.8
13,BCR,False,inf,0.0
13,BCR,True,2.0,11.169999999999998
13,BCR,True,2.0,9.42
13,BCR,True,5.0,25.349999999999998
13,BCR,True,31.0,176.25
13,BCR,True,26.0,131.38
13,BCR,False,inf,0.0
13,BCR,True,22.0,129.27
13,BCR,False,inf,0.0
13,BCR,False,inf,0.0
13,BCR,True,4.0,19.17
13,BCR,False,inf,0.0
13,BCR,False,inf,0.0
13,BCR,True,6.0,31.41
13,BCR,False,inf,0.0
13,BCR,True,17.0,90.97
13,BCR,True,3.0,18.03
13,BCR,True,13.0,78.95
13,BCR,True,24.0,130.59
13,BCR,True,4.0,16.0
13,BCR,False,inf,0.0
13,BCR,True,23.0,137.38
13,BCR,True,7.0,27.15
13,BCR,False,inf,0.0
13,BCR,True,21.0,114.35
13,BCR,False,inf,0.0
13,BCR,False,inf,0.0
13,BCR,False,inf,0.0
13,BCR,True,23.0,134.62
13,BCR,True,12.0,68.63
13,BCR,True,9.0,38.18
13,BCR,True,1.0,8.87
13,BCR,True,14.0,77.46
13,BCR,True,3.0,11.65
13,BCR,False,inf,0.0
13,BCR,True,6.0,24.189999999999998
13,BCR,True,17.0,100.6
13,BCR,True,27.0,156.55
13,BCR,False,inf,0.0
13,BCR,True,18.0,97.87
13,BCR,True,3.0,8.13
13,BCR,False,inf,0.0
13,BCR,False,inf,0.0
13,BCR,True,5.0,15.45
13,BCR,False,inf,0.0
13,BCR,True,22.0,131.97
13,BCR,False,inf,0.0
13,BCR,False,inf,0.0
13,BCR,True,7.0,27.09
13,BCR,True,14.0,71.37
13,BCR,False,inf,0.0
13,BCR,True,16.0,91.71
13,BCR,False,inf,0.0
13,BCR,True,26.0,144.06
13,BCR,True,8.0,30.369999999999997
13,BCR,False,inf,0.0
13,BCR,False,inf,0.0
13,BCR,True,9.0,39.02
13,BCR,True,13.0,65.88
13,BCR,True,7.0,40.28
13,BCR,True,10.0,56.53
13,BCR,True,32.0,189.8
13,BCR,False,inf,0.0
13,BCR,True,14.0,88.01
13,BCR,False,inf,0.0
13,BCR,True,18.0,102.87
13,BCR,True,30.0,174.58
13,BCR,False,inf,0.0
13,BCR,False,inf,0.0
13,BCR,False,inf,0.0
13,BCR,False,inf,0.0
13,BCR,True,21.0,109.08
13,BCR,False,inf,0.0
13,BCR,True,19.0,108.46
13,BCR,False,inf,0.0
13,BCR,True,18.0,97.53999999999999
13,BCR,True,24.0,130.89
13,BCR,False,inf,0.0
13,BCR,False,inf,0.0
13,BCR,True,20.0,106.36
13,BCR,False,inf,0.0
13,BCR,True,20.0,119.5
13,BCR,True,19.0,112.53999999999999
13,BCR,True,15.0,91.05
13,BCR,False,inf,0.0
13,BCR,False,inf,0.0
13,BCR,True,18.0,98.05
13,BCR,False,inf,0.0
13,BCR,True,10.0,57.809999999999995
13,BCR,True,4.0,15.9
13,BCR,False,inf,0.0
13,BCR,False,inf,0.0
13,BCR,False,inf,0.0
13,BCR,False,inf,0.0
13,BCR,True,12.0,75.64999999999999
13,BCR,False,inf,0.0
13,BCR,False,inf,0.0
13,BCR,True,23.0,139.08
13,BCR,True,11.0,50.1
13,BCR,False,inf,0.0
13,BCR,False,inf,0.0
13,BCR,False,inf,0.0
13,BCR,False,inf,0.0
13,BCR,True,6.0,18.17
13,BCR,True,5.0,22.27
13,BCR,True,16.0,95.78999999999999
13,BCR,True,15.0,83.86
13,BCR,True,28.0,147.77
13,BCR,True,15.0,91.15
13,BCR,True,29.0,154.38
13,BCR,True,25.0,126.32
13,BCR,False,inf,0.0
13,BCR,False,inf,0.0
13,BCR,False,inf,0.0
13,BCR,True,18.0,102.52
13,BCR,False,inf,0.0
13,BCR,False,inf,0.0
13,BCR,True,12.0,70.07
13,BCR,True,27.0,157.84
13,BCR,False,inf,0.0
13,BCR,True,18.0,104.95
13,BCR,True,3.0,12.32
13,BCR,True,28.0,164.9
13,BCR,False,inf,0.0
13,BCR,False,inf,0.0
13,BCR,True,16.0,101.45
13,BCR,False,inf,0.0
13,BCR,True,24.0,139.11
13,BCR,True,30.0,146.33
13,BCR,True,25.0,146.86
13,BCR,True,21.0,121.12
13,BCR,False,inf,0.0
13,BCR,True,22.0,127.66
13,BCR,True,22.0,129.38
13,BCR,False,inf,0.0
13,BCR,True,14.0,71.3
13,BCR,True,16.0,88.12
13,BCR,True,5.0,19.32
13,BCR,False,inf,0.0
13,BCR,True,7.0,27.22
13,BCR,True,4.0,19.77
13,BCR,True,30.0,147.9
13,BCR,False,inf,0.0
13,BCR,True,21.0,115.72
13,BCR,False,inf,0.0
13,BCR,False,inf,0.0
13,BCR,False,inf,0.0
13,BCR,True,3.0,8.13
13,BCR,True,1.0,3.02
13,BCR,False,inf,0.0
13,BCR,False,inf,0.0
13,BCR,True,10.0,40.839999999999996
13,BCR,False,inf,0.0
13,BCR,False,inf,0.0
13,BCR,False,inf,0.0
13,BCR,False,inf,0.0
13,BCR,False,inf,0.0
13,BCR,True,18.0,94.92999999999999
13,BCR,False,inf,0.0
13,BCR,True,10.0,47.71
13,BCR,False,inf,0.0
13,BCR,True,1.0,3.21
13,BCR,False,inf,0.0
13,BCR,False,inf,0.0
13,BCR,False,inf,0.0
13,BCR,False,inf,0.0
13,BCR,False,inf,0.0
13,BCR,False,inf,0.0
13,BCR,True,18.0,97.87
13,BCR,True,4.0,13.33
13,BCR,True,16.0,99.73
13,BCR,False,inf,0.0
13,BCR,False,inf,0.0
13,BCR,True,29.0,177.33
13,BCR,True,29.0,155.35999999999999
13,BCR,True,29.0,162.47
13,BCR,True,3.0,11.65
13,BCR,False,inf,0.0
13,BCR,False,inf,0.0
13,BCR,False,inf,0.0
13,BCR,True,9.0,36.03
13,BCR,True,20.0,103.28
13,BCR,True,22.0,130.23
13,BCR,False,inf,0.0
13,BCR,True,29.0,174.6
13,BCR,True,23.0,124.38
13,BCR,True,12.0,56.17
13,BCR,False,inf,0.0
13,BCR,True,5.0,21.72
13,BCR,True,11.0,60.05
13,BCR,False,inf,0.0
13,BCR,False,inf,0.0
13,BCR,False,inf,0.0
13,BCR,False,inf,0.0
13,BCR,True,11.0,66.38
13,BCR,True,7.0,31.47
13,BCR,True,6.0,20.87
13,BCR,True,28.0,158.87
13,BCR,True,23.0,137.28
13,BCR,True,1.0,6.51
13,BCR,True,1.0,2.3
13,BCR,True,22.0,123.38
13,BCR,True,18.0,101.32
13,BCR,True,31.0,151.38
13,BCR,False,inf,0.0
13,BCR,True,31.0,179.15
13,BCR,True,6.0,31.43
13,BCR,False,inf,0.0
13,BCR,True,7.0,31.52
13,BCR,True,27.0,153.16
13,BCR,True,13.0,65.2
13,BCR,True,14.0,73.01
13,BCR,True,19.0,108.46
13,BCR,False,inf,0.0
13,BCR,False,inf,0.0
13,BCR,True,14.0,71.66
13,BCR,True,14.0,84.92
13,BCR,False,inf,0.0
13,BCR,True,17.0,100.59
13,BCR,True,30.0,149.16
13,BCR,True,19.0,104.69
13,BCR,False,inf,0.0
13,BCR,True,24.0,134.44
13,BCR,True,3.0,12.32
13,BCR,False,inf,0.0
13,BCR,False,inf,0.0
13,BCR,True,11.0,53.04
13,BCR,False,inf,0.0
13,BCR,True,11.0,66.17999999999999
13,BCR,True,31.0,164.18
13,BCR,True,11.0,61.78
13,BCR,False,inf,0.0
13,BCR,True,10.0,53.14
13,BCR,True,23.0,124.38
13,BCR,True,18.0,103.44
13,BCR,True,17.0,85.25
13,BCR,False,inf,0.0
13,BCR,True,27.0,153.4
13,BCR,True,24.0,142.22
13,BCR,True,10.0,51.339999999999996
13,BCR,False,inf,0.0
13,BCR,True,28.0,150.2
13,BCR,True,24.0,133.4
13,BCR,True,30.0,153.66
13,BCR,False,inf,0.0
13,BCR,True,7.0,27.22
13,BCR,True,9.0,38.32
13,BCR,True,4.0,16.0
13,BCR,True,5.0,28.38
13,BCR,False,inf,0.0
13,BCR,False,inf,0.0
13,BCR,False,inf,0.0
13,BCR,False,inf,0.0
13,BCR,True,21.0,118.07
13,BCR,True,22.0,129.84
13,BCR,True,27.0,161.81
13,BCR,True,31.0,180.62
13,BCR,True,3.0,14.129999999999999
13,BCR,True,25.0,142.91
13,BCR,False,inf,0.0
13,BCR,False,inf,0.0
13,BCR,False,inf,0.0
13,BCR,True,6.0,20.94
13,BCR,False,inf,0.0
13,BCR,False,inf,0.0
13,BCR,False,inf,0.0
13,BCR,True,2.0,15.309999999999999
13,BCR,True,7.0,25.41
13,BCR,True,26.0,154.15
13,BCR,False,inf,0.0
13,BCR,True,15.0,83.86
13,BCR,True,25.0,147.71
13,BCR,True,20.0,117.98
13,BCR,False,inf,0.0
13,BCR,False,inf,0.0
13,BCR,False,inf,0.0
13,BCR,False,inf,0.0
13,BCR,False,inf,0.0
13,BCR,True,13.0,64.28999999999999
13,BCR,True,30.0,158.6
13,BCR,True,17.0,106.4
13,BCR,False,inf,0.0
13,BCR,True,20.0,113.27
13,BCR,True,26.0,144.96
13,BCR,True,7.0,29.48
13,BCR,False,inf,0.0
13,BCR,True,2.0,9.42
13,BCR,True,2.0,9.42
13,BCR,True,32.0,181.04
13,BCR,True,16.0,99.65
13,BCR,False,inf,0.0
13,BCR,True,32.0,164.55
13,BCR,True,9.0,44.43
13,BCR,True,26.0,151.09
13,BCR,True,18.0,93.1
13,BCR,True,22.0,122.09
13,BCR,True,23.0,123.64
13,BCR,True,13.0,78.85
13,BCR,True,26.0,138.73
13,BCR,True,25.0,151.84
13,BCR,True,4.0,16.98
13,BCR,False,inf,0.0
13,BCR,False,inf,0.0
13,BCR,True,25.0,138.39
13,BCR,False,inf,0.0
13,BCR,True,20.0,101.35
13,BCR,False,inf,0.0
13,BCR,True,9.0,48.96
13,BCR,False,inf,0.0
13,BCR,True,27.0,141.99
13,BCR,False,inf,0.0
13,BCR,True,22.0,127.78
13,BCR,False,inf,0.0
13,BCR,False,inf,0.0
13,BCR,False,inf,0.0
13,BCR,True,22.0,127.22
13,BCR,True,27.0,156.96
13,BCR,False,inf,0.0
13,BCR,False,inf,0.0
13,BCR,True,26.0,134.67
13,BCR,True,6.0,28.5
13,BCR,True,4.0,18.67
13,BCR,False,inf,0.0
13,BCR,False,inf,0.0
13,BCR,False,inf,0.0
13,BCR,True,32.0,164.55
13,BCR,True,23.0,135.53
13,BCR,True,18.0,96.84
13,BCR,True,6.0,24.32
13,BCR,False,inf,0.0
13,BCR,True,12.0,62.3
13,BCR,True,19.0,110.75
13,BCR,True,1.0,2.45
13,BCR,True,26.0,146.09
13,BCR,True,6.0,27.65
13,BCR,False,inf,0.0
13,BCR,True,12.0,64.77
13,BCR,True,16.0,105.31
13,BCR,True,19.0,108.0
13,BCR,True,7.0,27.349999999999998
13,BCR,False,inf,0.0
13,BCR,False,inf,0.0
13,BCR,False,inf,0.0
13,BCR,True,27.0,159.08
13,BCR,False,inf,0.0
13,BCR,True,26.0,147.08
13,BCR,False,inf,0.0
13,BCR,True,1.0,5.42
13,BCR,True,14.0,73.41
13,BCR,True,14.0,73.99
13,BCR,False,inf,0.0
13,BCR,True,6.0,31.43
13,BCR,False,inf,0.0
13,BCR,False,inf,0.0
13,BCR,False,inf,0.0
13,BCR,False,inf,0.0
13,BCR,False,inf,0.0
13,BCR,True,27.0,155.85
13,BCR,True,5.0,19.77
13,BCR,True,11.0,55.87
13,BCR,False,inf,0.0
13,BCR,True,30.0,177.83
13,BCR,True,12.0,58.85
13,BCR,True,15.0,75.4
13,BCR,False,inf,0.0
13,BCR,True,24.0,143.12
13,BCR,False,inf,0.0
13,BCR,False,inf,0.0
13,BCR,True,6.0,23.2
13,BCR,True,10.0,48.76
13,BCR,False,inf,0.0
13,BCR,False,inf,0.0
13,BCR,True,25.0,129.09
13,BCR,True,27.0,159.26
13,BCR,True,23.0,146.24
13,BCR,True,6.0,23.2
13,BCR,True,31.0,173.87
13,BCR,True,10.0,52.61
13,BCR,False,inf,0.0
13,BCR,True,23.0,135.71
13,BCR,True,28.0,164.46
13,BCR,False,inf,0.0
13,BCR,False,inf,0.0
13,BCR,False,inf,0.0
13,BCR,False,inf,0.0
13,BCR,False,inf,0.0
13,BCR,True,21.0,122.03999999999999
13,BCR,False,inf,0.0
13,BCR,True,23.0,135.71
13,BCR,False,inf,0.0
13,BCR,True,21.0,115.72
13,BCR,True,21.0,124.63
13,BCR,True,24.0,147.93
13,BCR,False,inf,0.0
13,BCR,False,inf,0.0
13,BCR,True,11.0,59.839999999999996
13,BCR,True,21.0,108.01
13,BCR,True,2.0,3.9499999999999997
13,BCR,False,inf,0.0
13,BCR,False,inf,0.0
13,BCR,False,inf,0.0
13,BCR,True,7.0,31.18
13,BCR,True,24.0,139.45
13,BCR,False,inf,0.0
13,BCR,False,inf,0.0
13,BCR,False,inf,0.0
13,BCR,False,inf,0.0
13,BCR,True,12.0,62.3
13,BCR,True,2.0,6.32
13,BCR,False,inf,0.0
13,BCR,False,inf,0.0
13,BCR,True,6.0,22.57
13,BCR,False,inf,0.0
13,BCR,True,22.0,133.37
13,BCR,False,inf,0.0
13,BCR,True,17.0,95.52
13,BCR,True,21.0,120.85
13,BCR,False,inf,0.0
13,BCR,False,inf,0.0
13,BCR,True,20.0,108.49
13,BCR,True,18.0,89.33
13,BCR,True,22.0,129.27
13,BCR,False,inf,0.0
13,BCR,False,inf,0.0
13,BCR,False,inf,0.0
13,BCR,False,inf,0.0
13,BCR,True,19.0,110.5
13,BCR,True,11.0,57.26
13,BCR,False,inf,0.0
13,BCR,False,inf,0.0
13,BCR,False,inf,0.0
13,BCR,False,inf,0.0
13,BCR,True,4.0,13.96
13,BCR,True,4.0,20.47
13,BCR,True,17.0,88.39
13,BCR,True,15.0,93.52
13,BCR,True,6.0,20.53
13,BCR,False,inf,0.0
13,BCR,True,19.0,108.44
13,BCR,True,21.0,122.25
13,BCR,False,inf,0.0
13,BCR,True,23.0,127.95
13,BCR,True,16.0,83.44
13,BCR,True,23.0,134.78
13,BCR,False,inf,0.0
13,BCR,False,inf,0.0
13,BCR,True,28.0,162.49
13,BCR,True,17.0,96.96
13,BCR,True,19.0,96.67999999999999
13,BCR,True,14.0,73.29
13,BCR,False,inf,0.0
13,BCR,False,inf,0.0
13,BCR,False,inf,0.0
13,BCR,True,11.0,58.25
13,BCR,True,23.0,137.38
13,BCR,False,inf,0.0
13,BCR,True,13.0,66.66
13,BCR,False,inf,0.0
13,BCR,False,inf,0.0
13,BCR,True,24.0,134.53
13,BCR,True,21.0,124.74
13,BCR,True,30.0,173.82
13,BCR,True,25.0,135.59
13,BCR,True,5.0,19.82
13,BCR,True,5.0,22.669999999999998
13,BCR,False,inf,0.0
13,BCR,False,inf,0.0
13,BCR,True,12.0,65.06
13,BCR,True,12.0,55.699999999999996
13,BCR,True,6.0,18.17
13,BCR,True,21.0,120.89
13,BCR,True,20.0,114.31
13,BCR,True,17.0,82.55
13,BCR,True,10.0,46.809999999999995
13,BCR,False,inf,0.0
13,BCR,True,14.0,74.44
13,BCR,True,11.0,56.309999999999995
13,BCR,True,22.0,129.27
13,BCR,False,inf,0.0
13,BCR,True,3.0,10.02
13,BCR,False,inf,0.0
13,BCR,True,23.0,137.28
13,BCR,False,inf,0.0
13,BCR,False,inf,0.0
13,BCR,False,inf,0.0
13,BCR,True,14.0,80.93
13,BCR,True,28.0,163.42
13,BCR,True,30.0,146.33
13,BCR,True,12.0,57.25
13,BCR,True,1.0,7.23
13,BCR,False,inf,0.0
13,BCR,True,25.0,129.09
13,BCR,True,29.0,152.09
13,BCR,True,27.0,160.65
13,BCR,False,inf,0.0
13,BCR,True,7.0,32.07
13,BCR,True,11.0,55.51
13,BCR,True,9.0,36.03
13,BCR,False,inf,0.0
13,BCR,True,17.0,96.06
13,BCR,False,inf,0.0
13,BCR,False,inf,0.0
13,BCR,True,8.0,36.68
13,BCR,True,5.0,20.9
13,BCR,False,inf,0.0
13,BCR,True,11.0,50.1
13,BCR,False,inf,0.0
13,BCR,True,16.0,94.95
13,BCR,False,inf,0.0
13,BCR,True,22.0,129.84
13,BCR,True,3.0,12.040000000000001
13,BCR,True,4.0,15.9
13,BCR,True,29.0,171.29
13,BCR,True,22.0,123.44
13,BCR,False,inf,0.0
13,BCR,True,25.0,143.54
13,BCR,False,inf,0.0
13,BCR,True,12.0,67.85
13,BCR,True,21.0,113.66
13,BCR,False,inf,0.0
13,BCR,True,9.0,45.19
13,BCR,False,inf,0.0
13,BCR,True,23.0,125.22
13,BCR,True,4.0,18.12
13,BCR,True,7.0,29.55
13,BCR,True,9.0,48.96
13,BCR,False,inf,0.0
13,BCR,True,24.0,123.77
13,BCR,True,22.0,129.38
13,BCR,True,22.0,128.3
13,BCR,True,30.0,149.16
13,BCR,False,inf,0.0
13,BCR,False,inf,0.0
13,BCR,True,25.0,138.39
13,BCR,False,inf,0.0
13,BCR,False,inf,0.0
13,BCR,True,16.0,91.03999999999999
13,BCR,False,inf,0.0
13,BCR,True,19.0,104.69
13,BCR,False,inf,0.0
13,BCR,False,inf,0.0
13,BCR,True,17.0,89.69
13,BCR,True,12.0,63.14
13,BCR,False,inf,0.0
13,BCR,True,28.0,157.9
13,BCR,True,3.0,13.399999999999999
13,BCR,False,inf,0.0
13,BCR,True,13.0,61.37
13,BCR,False,inf,0.0
13,BCR,True,16.0,87.11
13,BCR,True,2.0,4.57
13,BCR,False,inf,0.0
13,BCR,False,inf,0.0
13,BCR,True,8.0,29.81
13,BCR,False,inf,0.0
13,BCR,False,inf,0.0
13,BCR,False,inf,0.0
13,BCR,False,inf,0.0
13,BCR,False,inf,0.0
13,BCR,False,inf,0.0
13,BCR,True,5.0,22.669999999999998
13,BCR,True,30.0,170.17
13,BCR,False,inf,0.0
13,BCR,True,7.0,27.22
13,BCR,False,inf,0.0
13,BCR,True,12.0,75.03
13,BCR,False,inf,0.0
13,BCR,False,inf,0.0
13,BCR,True,20.0,113.67999999999999
13,BCR,True,19.0,108.44
13,BCR,True,15.0,75.56
13,BCR,False,inf,0.0
13,BCR,False,inf,0.0
13,BCR,True,19.0,106.16
13,BCR,False,inf,0.0
13,BCR,True,20.0,114.7
13,BCR,True,28.0,144.36
13,BCR,False,inf,0.0
13,BCR,True,22.0,133.45
13,BCR,True,12.0,63.14
13,BCR,True,25.0,137.41
13,BCR,True,13.0,70.58
13,BCR,False,inf,0.0
13,BCR,True,15.0,70.87
13,BCR,True,18.0,108.23
13,BCR,True,15.0,97.48
13,BCR,True,8.0,42.26
13,BCR,True,23.0,135.89
13,BCR,True,27.0,154.95
13,BCR,False,inf,0.0
13,BCR,True,7.0,32.62
13,BCR,True,26.0,149.84
13,BCR,True,3.0,14.34
13,BCR,True,11.0,57.26
13,BCR,False,inf,0.0
13,BCR,True,11.0,63.49
13,BCR,True,14.0,92.51
13,BCR,True,14.0,73.56
13,BCR,True,20.0,125.45
13,BCR,True,27.0,156.55
13,BCR,True,26.0,145.65
13,BCR,True,30.0,173.64000000000001
13,BCR,True,16.0,94.9
13,BCR,False,inf,0.0
13,BCR,True,3.0,12.040000000000001
13,BCR,False,inf,0.0
13,BCR,False,inf,0.0
13,BCR,True,24.0,139.11
13,BCR,False,inf,0.0
13,BCR,True,4.0,14.06
13,BCR,True,27.0,153.4
13,BCR,True,17.0,82.55
13,BCR,False,inf,0.0
13,BCR,False,inf,0.0
13,BCR,True,20.0,107.19
13,BCR,False,inf,0.0
13,BCR,False,inf,0.0
13,BCR,True,6.0,27.509999999999998
13,BCR,False,inf,0.0
13,BCR,False,inf,0.0
13,BCR,False,inf,0.0
13,BCR,True,19.0,112.53999999999999
13,BCR,False,inf,0.0
13,BCR,True,30.0,171.12
13,BCR,False,inf,0.0
13,BCR,True,8.0,40.14
13,BCR,True,2.0,7.84
13,BCR,True,24.0,134.44
13,BCR,True,16.0,89.86
13,BCR,True,6.0,24.189999999999998
13,BCR,True,2.0,4.84
13,BCR,True,5.0,22.58
13,BCR,True,10.0,47.71
13,BCR,True,4.0,18.02
13,BCR,True,8.0,30.18
13,BCR,True,23.0,123.64
13,DCR,True,28.0,141.61
13,DCR,True,21.0,101.79
13,DCR,True,20.0,102.15
13,DCR,True,2.0,7.23
13,DCR,False,inf,0.0
13,DCR,True,11.0,53.83
13,DCR,True,2.0,6.52
13,DCR,True,4.0,11.83
13,DCR,False,inf,0.0
13,DCR,True,19.0,89.1
13,DCR,True,17.0,78.65
13,DCR,True,24.0,114.02
13,DCR,True,14.0,78.53
13,DCR,True,30.0,154.32
13,DCR,False,inf,0.0
13,DCR,False,inf,0.0
13,DCR,True,20.0,94.27
13,DCR,True,9.0,46.28
13,DCR,False,inf,0.0
13,DCR,True,18.0,90.04
13,DCR,False,inf,0.0
13,DCR,True,1.0,5.08
13,DCR,True,30.0,163.82
13,DCR,False,inf,0.0
13,DCR,True,2.0,6.82
13,DCR,True,15.0,82.52
13,DCR,False,inf,0.0
13,DCR,False,inf,0.0
13,DCR,True,30.0,163.82
13,DCR,True,23.0,122.67
13,DCR,True,9.0,51.51
13,DCR,True,9.0,46.34
13,DCR,False,inf,0.0
13,DCR,False,inf,0.0
13,DCR,False,inf,0.0
13,DCR,True,11.0,66.13
13,DCR,False,inf,0.0
13,DCR,False,inf,0.0
13,DCR,True,30.0,154.72
13,DCR,False,inf,0.0
13,DCR,True,19.0,99.96
13,DCR,True,17.0,89.28999999999999
13,DCR,True,10.0,38.53
13,DCR,True,14.0,73.58
13,DCR,False,inf,0.0
13,DCR,False,inf,0.0
13,DCR,False,inf,0.0
13,DCR,True,13.0,59.89
13,DCR,False,inf,0.0
13,DCR,True,10.0,43.18
13,DCR,True,8.0,37.77
13,DCR,True,23.0,113.06
13,DCR,True,11.0,66.55
13,DCR,True,6.0,23.19
13,DCR,False,inf,0.0
13,DCR,True,10.0,48.51
13,DCR,False,inf,0.0
13,DCR,True,6.0,29.87
13,DCR,False,inf,0.0
13,DCR,False,inf,0.0
13,DCR,True,11.0,51.28
13,DCR,False,inf,0.0
13,DCR,True,30.0,154.72
13,DCR,False,inf,0.0
13,DCR,False,inf,0.0
13,DCR,True,7.0,37.76
13,DCR,True,3.0,10.27
13,DCR,True,10.0,48.51
13,DCR,False,inf,0.0
13,DCR,False,inf,0.0
13,DCR,False,inf,0.0
13,DCR,True,18.0,100.01
13,DCR,False,inf,0.0
13,DCR,False,inf,0.0
13,DCR,True,5.0,23.28
13,DCR,True,9.0,40.56
13,DCR,True,2.0,5.9399999999999995
13,DCR,True,11.0,54.73
13,DCR,True,26.0,132.60999999999999
13,DCR,True,2.0,9.81
13,DCR,True,10.0,48.58
13,DCR,False,inf,0.0
13,DCR,True,36.0,189.87
13,DCR,True,23.0,111.71
13,DCR,True,27.0,145.05
13,DCR,True,6.0,29.67
13,DCR,True,31.0,166.28
13,DCR,False,inf,0.0
13,DCR,False,inf,0.0
13,DCR,True,21.0,101.6
13,DCR,True,24.0,125.2
13,DCR,True,30.0,158.44
13,DCR,False,inf,0.0
13,DCR,True,8.0,43.12
13,DCR,False,inf,0.0
13,DCR,True,9.0,39.8
13,DCR,False,inf,0.0
13,DCR,True,5.0,23.74
13,DCR,False,inf,0.0
13,DCR,True,6.0,26.74
13,DCR,False,inf,0.0
13,DCR,True,2.0,10.37
13,DCR,True,16.0,86.48
13,DCR,True,7.0,36.27
13,DCR,True,22.0,104.38
13,DCR,False,inf,0.0
13,DCR,True,13.0,66.77
13,DCR,True,4.0,21.06
13,DCR,True,16.0,76.99
13,DCR,True,19.0,93.42999999999999
13,DCR,True,14.0,71.58
13,DCR,True,5.0,11.6
13,DCR,True,21.0,103.25
13,DCR,True,7.0,37.85
13,DCR,False,inf,0.0
13,DCR,True,6.0,30.65
13,DCR,False,inf,0.0
13,DCR,True,16.0,80.76
13,DCR,False,inf,0.0
13,DCR,True,11.0,46.230000000000004
13,DCR,False,inf,0.0
13,DCR,True,24.0,122.44
13,DCR,True,4.0,18.55
13,DCR,True,24.0,122.44
13,DCR,False,inf,0.0
13,DCR,True,16.0,81.9
13,DCR,True,8.0,30.93
13,DCR,False,inf,0.0
13,DCR,True,29.0,151.19
13,DCR,True,21.0,103.25
13,DCR,False,inf,0.0
13,DCR,False,inf,0.0
13,DCR,False,inf,0.0
13,DCR,False,inf,0.0
13,DCR,True,12.0,55.83
13,DCR,True,16.0,90.33
13,DCR,True,18.0,89.59
13,DCR,True,30.0,155.54
13,DCR,False,inf,0.0
13,DCR,False,inf,0.0
13,DCR,False,inf,0.0
13,DCR,True,35.0,183.94
13,DCR,False,inf,0.0
13,DCR,True,17.0,77.6
13,DCR,True,4.0,17.23
13,DCR,False,inf,0.0
13,DCR,False,inf,0.0
13,DCR,True,11.0,43.72
13,DCR,True,13.0,58.21
13,DCR,True,9.0,52.44
13,DCR,True,14.0,61.11
13,DCR,True,17.0,77.34
13,DCR,True,13.0,62.8
13,DCR,False,inf,0.0
13,DCR,True,31.0,166.69
13,DCR,True,21.0,98.62
13,DCR,False,inf,0.0
13,DCR,True,24.0,124.37
13,DCR,False,inf,0.0
13,DCR,False,inf,0.0
13,DCR,True,13.0,58.21
13,DCR,True,19.0,91.78
13,DCR,True,7.0,37.2
13,DCR,False,inf,0.0
13,DCR,False,inf,0.0
13,DCR,False,inf,0.0
13,DCR,False,inf,0.0
13,DCR,True,5.0,27.92
13,DCR,False,inf,0.0
13,DCR,True,22.0,105.22
13,DCR,False,inf,0.0
13,DCR,True,11.0,48.46
13,DCR,True,11.0,47.730000000000004
13,DCR,False,inf,0.0
13,DCR,False,inf,0.0
13,DCR,False,inf,0.0
13,DCR,True,24.0,122.52
13,DCR,False,inf,0.0
13,DCR,False,inf,0.0
13,DCR,False,inf,0.0
13,DCR,False,inf,0.0
13,DCR,True,16.0,84.48
13,DCR,True,19.0,99.24
13,DCR,True,23.0,120.02
13,DCR,True,19.0,90.12
13,DCR,False,inf,0.0
13,DCR,True,2.0,7.23
13,DCR,True,6.0,30.65
13,DCR,True,11.0,60.33
13,DCR,True,25.0,131.37
13,DCR,True,12.0,53.15
13,DCR,False,inf,0.0
13,DCR,True,10.0,48.58
13,DCR,True,19.0,95.47
13,DCR,True,26.0,133.79
13,DCR,False,inf,0.0
13,DCR,False,inf,0.0
13,DCR,False,inf,0.0
13,DCR,True,11.0,50.74
13,DCR,True,1.0,6.52
13,DCR,True,22.0,107.38
13,DCR,False,inf,0.0
13,DCR,False,inf,0.0
13,DCR,True,22.0,110.83
13,DCR,False,inf,0.0
13,DCR,True,17.0,88.59
13,DCR,True,24.0,125.56
13,DCR,False,inf,0.0
13,DCR,True,25.0,125.7
13,DCR,True,17.0,82.14
13,DCR,True,21.0,111.07
13,DCR,True,2.0,6.63
13,DCR,True,1.0,8.32
13,DCR,False,inf,0.0
13,DCR,False,inf,0.0
13,DCR,True,18.0,89.59
13,DCR,False,inf,0.0
13,DCR,True,11.0,50.74
13,DCR,True,5.0,24.5
13,DCR,True,19.0,84.72
13,DCR,False,inf,0.0
13,DCR,True,28.0,136.76
13,DCR,False,inf,0.0
13,DCR,True,10.0,38.53
13,DCR,True,24.0,118.69
13,DCR,True,19.0,105.2
13,DCR,False,inf,0.0
13,DCR,True,19.0,94.72
13,DCR,True,14.0,69.21
13,DCR,True,29.0,145.02
13,DCR,True,8.0,45.32
13,DCR,False,inf,0.0
13,DCR,False,inf,0.0
13,DCR,False,inf,0.0
13,DCR,False,inf,0.0
13,DCR,True,28.0,143.81
13,DCR,True,15.0,73.17
13,DCR,False,inf,0.0
13,DCR,True,15.0,82.13
13,DCR,True,19.0,105.2
13,DCR,False,inf,0.0
13,DCR,True,26.0,128.23
13,DCR,False,inf,0.0
13,DCR,True,21.0,106.52
13,DCR,False,inf,0.0
13,DCR,True,14.0,64.01
13,DCR,False,inf,0.0
13,DCR,False,inf,0.0
13,DCR,True,21.0,106.7
13,DCR,False,inf,0.0
13,DCR,True,20.0,93.73
13,DCR,True,12.0,52.68
13,DCR,True,21.0,104.98
13,DCR,True,20.0,97.5
13,DCR,True,25.0,126.17
13,DCR,True,30.0,158.07
13,DCR,True,5.0,27.73
13,DCR,True,4.0,16.37
13,DCR,False,inf,0.0
13,DCR,True,7.0,33.63
13,DCR,True,24.0,114.84
13,DCR,True,36.0,189.53
13,DCR,False,inf,0.0
13,DCR,False,inf,0.0
13,DCR,True,13.0,57.27
13,DCR,True,14.0,60.54
13,DCR,True,27.0,135.13
13,DCR,True,11.0,51.75
13,DCR,False,inf,0.0
13,DCR,False,inf,0.0
13,DCR,True,22.0,128.43
13,DCR,False,inf,0.0
13,DCR,True,10.0,42.42
13,DCR,True,35.0,178.19
13,DCR,True,27.0,145.56
13,DCR,True,6.0,28.59
13,DCR,False,inf,0.0
13,DCR,False,inf,0.0
13,DCR,True,27.0,145.56
13,DCR,True,6.0,30.65
13,DCR,True,20.0,97.0
13,DCR,True,5.0,18.36
13,DCR,False,inf,0.0
13,DCR,True,20.0,95.43
13,DCR,True,15.0,73.36
13,DCR,True,7.0,31.21
13,DCR,True,12.0,61.45
13,DCR,True,9.0,36.84
13,DCR,True,15.0,63.69
13,DCR,True,7.0,29.26
13,DCR,False,inf,0.0
13,DCR,True,18.0,88.94
13,DCR,False,inf,0.0
13,DCR,False,inf,0.0
13,DCR,False,inf,0.0
13,DCR,True,6.0,29.15
13,DCR,True,19.0,107.78
13,DCR,True,18.0,90.9
13,DCR,False,inf,0.0
13,DCR,True,21.0,97.31
13,DCR,True,24.0,110.49
13,DCR,False,inf,0.0
13,DCR,False,inf,0.0
13,DCR,False,inf,0.0
13,DCR,True,14.0,60.24
13,DCR,True,15.0,76.49
13,DCR,False,inf,0.0
13,DCR,True,20.0,111.71
13,DCR,True,7.0,26.79
13,DCR,False,inf,0.0
13,DCR,False,inf,0.0
13,DCR,False,inf,0.0
13,DCR,False,inf,0.0
13,DCR,False,inf,0.0
13,DCR,True,23.0,120.63
13,DCR,True,31.0,172.24
13,DCR,True,34.0,176.26
13,DCR,True,36.0,189.53
13,DCR,False,inf,0.0
13,DCR,False,inf,0.0
13,DCR,False,inf,0.0
13,DCR,True,8.0,43.12
13,DCR,True,24.0,116.67
13,DCR,True,8.0,36.48
13,DCR,True,11.0,53.32
13,DCR,False,inf,0.0
13,DCR,True,2.0,8.23
13,DCR,False,inf,0.0
13,DCR,True,26.0,139.54
13,DCR,True,15.0,80.32
13,DCR,False,inf,0.0
13,DCR,False,inf,0.0
13,DCR,True,5.0,25.04
13,DCR,True,28.0,148.18
13,DCR,True,33.0,187.32
13,DCR,True,13.0,61.8
13,DCR,True,12.0,54.23
13,DCR,True,21.0,98.08
13,DCR,True,30.0,164.8
13,DCR,False,inf,0.0
13,DCR,False,inf,0.0
13,DCR,True,19.0,98.03999999999999
13,DCR,True,15.0,78.36
13,DCR,True,33.0,173.24
13,DCR,False,inf,0.0
13,DCR,True,17.0,94.31
13,DCR,False,inf,0.0
13,DCR,True,20.0,111.71
13,DCR,True,11.0,48.95
13,DCR,True,3.0,7.29
13,DCR,False,inf,0.0
13,DCR,True,12.0,58.1
13,DCR,True,27.0,146.33
13,DCR,False,inf,0.0
13,DCR,True,6.0,14.22
13,DCR,False,inf,0.0
13,DCR,False,inf,0.0
13,DCR,True,8.0,34.0
13,DCR,False,inf,0.0
13,DCR,False,inf,0.0
13,DCR,True,23.0,116.51
13,DCR,True,29.0,151.47
13,DCR,True,9.0,36.3
13,DCR,False,inf,0.0
13,DCR,True,3.0,12.59
13,DCR,False,inf,0.0
13,DCR,False,inf,0.0
13,DCR,True,11.0,55.72
13,DCR,True,10.0,42.67
13,DCR,True,12.0,58.77
13,DCR,True,2.0,13.86
13,DCR,True,8.0,37.88
13,DCR,False,inf,0.0
13,DCR,True,2.0,4.57
13,DCR,True,24.0,129.25
13,DCR,False,inf,0.0
13,DCR,False,inf,0.0
13,DCR,False,inf,0.0
13,DCR,True,2.0,9.120000000000001
13,DCR,True,19.0,90.12
13,DCR,True,18.0,91.24
13,DCR,True,10.0,38.4
13,DCR,True,4.0,12.5
13,DCR,True,25.0,120.62
13,DCR,True,23.0,116.44
13,DCR,True,12.0,63.47
13,DCR,True,12.0,55.69
13,DCR,False,inf,0.0
13,DCR,False,inf,0.0
13,DCR,False,inf,0.0
13,DCR,False,inf,0.0
13,DCR,False,inf,0.0
13,DCR,True,21.0,100.46
13,DCR,False,inf,0.0
13,DCR,True,31.0,167.87
13,DCR,False,inf,0.0
13,DCR,True,15.0,76.49
13,DCR,False,inf,0.0
13,DCR,True,1.0,3.42
13,DCR,False,inf,0.0
13,DCR,False,inf,0.0
13,DCR,True,17.0,87.87
13,DCR,True,27.0,144.5
13,DCR,True,7.0,32.82
13,DCR,False,inf,0.0
13,DCR,False,inf,0.0
13,DCR,True,7.0,30.21
13,DCR,True,7.0,36.79
13,DCR,True,23.0,117.35
13,DCR,False,inf,0.0
13,DCR,True,27.0,134.31
13,DCR,False,inf,0.0
13,DCR,True,23.0,128.09
13,DCR,False,inf,0.0
13,DCR,True,12.0,70.34
13,DCR,True,23.0,119.16
13,DCR,True,9.0,36.17
13,DCR,True,19.0,95.47
13,DCR,True,2.0,11.25
13,DCR,False,inf,0.0
13,DCR,True,7.0,36.27
13,DCR,True,9.0,35.53
13,DCR,False,inf,0.0
13,DCR,True,1.0,5.13
13,DCR,True,4.0,20.46
13,DCR,False,inf,0.0
13,DCR,True,11.0,53.83
13,DCR,False,inf,0.0
13,DCR,False,inf,0.0
13,DCR,False,inf,0.0
13,DCR,True,28.0,148.18
13,DCR,True,20.0,95.33
13,DCR,True,10.0,49.37
13,DCR,True,6.0,23.55
13,DCR,True,15.0,74.24
13,DCR,True,7.0,34.8
13,DCR,False,inf,0.0
13,DCR,True,10.0,45.28
13,DCR,False,inf,0.0
13,DCR,True,13.0,62.67
13,DCR,False,inf,0.0
13,DCR,True,20.0,106.45
13,DCR,False,inf,0.0
13,DCR,True,11.0,48.0
13,DCR,True,4.0,10.1
13,DCR,False,inf,0.0
13,DCR,False,inf,0.0
13,DCR,True,20.0,106.87
13,DCR,False,inf,0.0
13,DCR,False,inf,0.0
13,DCR,True,34.0,176.26
13,DCR,True,21.0,94.31
13,DCR,True,25.0,128.31
13,DCR,True,1.0,1.74
13,DCR,False,inf,0.0
13,DCR,False,inf,0.0
13,DCR,True,14.0,65.64
13,DCR,False,inf,0.0
13,DCR,True,4.0,17.59
13,DCR,True,9.0,41.4
13,DCR,True,21.0,104.98
13,DCR,False,inf,0.0
13,DCR,True,28.0,149.58
13,DCR,False,inf,0.0
13,DCR,True,9.0,43.65
13,DCR,False,inf,0.0
13,DCR,True,4.0,13.49
13,DCR,True,6.0,25.39
13,DCR,False,inf,0.0
13,DCR,True,7.0,35.65
13,DCR,True,9.0,36.17
13,DCR,True,9.0,50.71
13,DCR,False,inf,0.0
13,DCR,False,inf,0.0
13,DCR,True,5.0,22.07
13,DCR,True,3.0,10.92
13,DCR,False,inf,0.0
13,DCR,True,27.0,131.52
13,DCR,False,inf,0.0
13,DCR,True,22.0,110.83
13,DCR,True,13.0,57.38
13,DCR,True,27.0,139.85
13,DCR,True,4.0,10.23
13,DCR,True,11.0,54.73
13,DCR,True,25.0,130.57
13,DCR,True,26.0,141.23
13,DCR,True,21.0,106.65
13,DCR,True,9.0,36.3
13,DCR,True,2.0,4.84
13,DCR,False,inf,0.0
13,DCR,True,32.0,177.57
13,DCR,True,3.0,14.8
13,DCR,True,19.0,98.89
13,DCR,True,18.0,85.53
13,DCR,False,inf,0.0
13,DCR,False,inf,0.0
13,DCR,False,inf,0.0
13,DCR,True,24.0,116.67
13,DCR,True,24.0,121.05
13,DCR,False,inf,0.0
13,DCR,True,12.0,59.78
13,DCR,True,1.0,7.75
13,DCR,True,29.0,155.82
13,DCR,True,24.0,123.96
13,DCR,True,12.0,55.83
13,DCR,True,20.0,101.86
13,DCR,True,8.0,40.85
13,DCR,False,inf,0.0
13,DCR,True,2.0,9.120000000000001
13,DCR,True,8.0,41.89
13,DCR,True,1.0,3.78
13,DCR,False,inf,0.0
13,DCR,True,21.0,110.48
13,DCR,False,inf,0.0
13,DCR,False,inf,0.0
13,DCR,False,inf,0.0
13,DCR,False,inf,0.0
13,DCR,False,inf,0.0
13,DCR,True,2.0,10.45
13,DCR,True,27.0,137.45
13,DCR,False,inf,0.0
13,DCR,True,21.0,115.72
13,DCR,True,21.0,112.09
13,DCR,True,15.0,76.36
13,DCR,True,25.0,131.6
13,DCR,True,34.0,191.76
13,DCR,False,inf,0.0
13,DCR,True,3.0,6.45
13,DCR,True,3.0,14.34
13,DCR,True,28.0,148.35999999999999
13,DCR,True,18.0,88.94
13,DCR,True,9.0,45.42
13,DCR,True,12.0,59.589999999999996
13,DCR,False,inf,0.0
13,DCR,True,29.0,149.14
13,DCR,True,23.0,121.8
13,DCR,False,inf,0.0
13,DCR,False,inf,0.0
13,DCR,False,inf,0.0
13,DCR,True,5.0,23.88
13,DCR,True,20.0,106.87
13,DCR,True,9.0,49.95
13,DCR,False,inf,0.0
13,DCR,False,inf,0.0
13,DCR,True,4.0,18.42
13,DCR,False,inf,0.0
13,DCR,False,inf,0.0
13,DCR,False,inf,0.0
13,DCR,False,inf,0.0
13,DCR,False,inf,0.0
13,DCR,True,13.0,62.61
13,DCR,False,inf,0.0
13,DCR,True,14.0,61.32
13,DCR,False,inf,0.0
13,DCR,True,22.0,107.35
13,DCR,True,18.0,93.96
13,DCR,True,6.0,31.99
13,DCR,False,inf,0.0
13,DCR,True,22.0,111.77
13,DCR,True,11.0,43.85
13,DCR,True,28.0,132.19
13,DCR,True,21.0,100.01
13,DCR,False,inf,0.0
13,DCR,True,11.0,47.62
13,DCR,True,15.0,81.34
13,DCR,False,inf,0.0
13,DCR,True,2.0,5.720000000000001
13,DCR,False,inf,0.0
13,DCR,False,inf,0.0
13,DCR,True,11.0,53.71
13,DCR,True,9.0,39.8
13,DCR,False,inf,0.0
13,DCR,True,5.0,23.68
13,DCR,True,8.0,44.02
13,DCR,True,19.0,100.73
13,DCR,False,inf,0.0
13,DCR,True,3.0,12.59
13,DCR,True,28.0,141.61
13,DCR,False,inf,0.0
13,DCR,False,inf,0.0
13,DCR,True,15.0,76.73
13,DCR,True,14.0,69.21
13,DCR,True,10.0,49.41
13,DCR,True,27.0,133.35999999999999
13,DCR,False,inf,0.0
13,DCR,True,9.0,40.8
13,DCR,True,11.0,49.14
13,DCR,True,15.0,63.69
13,DCR,True,33.0,173.24
13,DCR,True,33.0,161.24
13,DCR,True,2.0,6.88
13,DCR,True,5.0,12.93
13,DCR,True,18.0,99.12
13,DCR,True,16.0,83.74
13,DCR,True,17.0,89.28999999999999
13,DCR,True,19.0,94.44
13,DCR,False,inf,0.0
13,DCR,False,inf,0.0
13,DCR,True,29.0,156.59
13,DCR,False,inf,0.0
13,DCR,False,inf,0.0
13,DCR,False,inf,0.0
13,DCR,True,7.0,22.07
13,DCR,True,4.0,15.29
13,DCR,False,inf,0.0
13,DCR,True,19.0,95.27
13,DCR,False,inf,0.0
13,DCR,True,1.0,5.49
13,DCR,True,30.0,158.07
13,DCR,True,8.0,39.16
13,DCR,True,31.0,167.42
13,DCR,False,inf,0.0
13,DCR,False,inf,0.0
13,DCR,True,22.0,105.22
13,DCR,False,inf,0.0
13,DCR,False,inf,0.0
13,DCR,True,9.0,47.199999999999996
13,DCR,False,inf,0.0
13,DCR,True,16.0,86.48
13,DCR,False,inf,0.0
13,DCR,True,2.0,9.62
13,DCR,False,inf,0.0
13,DCR,True,16.0,79.11
13,DCR,True,14.0,64.95
13,DCR,False,inf,0.0
13,DCR,True,1.0,1.98
13,DCR,False,inf,0.0
13,DCR,True,24.0,124.65
13,DCR,True,18.0,94.49
13,DCR,False,inf,0.0
13,DCR,True,6.0,22.71
13,DCR,True,7.0,30.65
13,DCR,True,20.0,97.76
13,DCR,False,inf,0.0
13,DCR,False,inf,0.0
13,DCR,False,inf,0.0
13,DCR,True,39.0,204.2
13,DCR,True,2.0,11.21
13,DCR,False,inf,0.0
13,DCR,True,15.0,73.81
13,DCR,True,7.0,37.2
13,DCR,False,inf,0.0
13,DCR,True,30.0,164.8
13,DCR,False,inf,0.0
13,DCR,True,9.0,51.64
13,DCR,False,inf,0.0
13,DCR,True,22.0,105.95
13,DCR,False,inf,0.0
13,DCR,True,5.0,12.93
13,DCR,True,8.0,34.78
13,DCR,True,14.0,70.01
13,DCR,False,inf,0.0
13,DCR,True,14.0,74.83
13,DCR,False,inf,0.0
13,DCR,True,27.0,129.64
13,DCR,False,inf,0.0
13,DCR,True,34.0,176.95
13,DCR,True,29.0,149.6
13,DCR,True,21.0,105.76
13,DCR,True,17.0,87.87
13,DCR,False,inf,0.0
13,DCR,False,inf,0.0
13,DCR,True,5.0,18.55
13,DCR,True,10.0,44.8
13,DCR,False,inf,0.0
13,DCR,True,12.0,59.589999999999996
13,DCR,True,25.0,117.06
13,DCR,False,inf,0.0
13,DCR,True,26.0,136.86
13,DCR,False,inf,0.0
13,DCR,True,27.0,144.29
13,DCR,True,24.0,119.83
13,DCR,True,3.0,14.35
13,DCR,False,inf,0.0
13,DCR,False,inf,0.0
13,DCR,True,7.0,30.76
13,DCR,True,7.0,31.25
13,DCR,False,inf,0.0
13,DCR,True,27.0,117.73
13,DCR,False,inf,0.0
13,DCR,False,inf,0.0
13,DCR,True,13.0,73.67
13,DCR,True,28.0,153.77
13,DCR,True,29.0,155.82
13,DCR,False,inf,0.0
13,DCR,False,inf,0.0
13,DCR,False,inf,0.0
13,DCR,False,inf,0.0
13,DCR,False,inf,0.0
13,DCR,True,10.0,52.54
13,DCR,True,5.0,21.17
13,DCR,True,11.0,60.33
13,DCR,True,8.0,42.21
13,DCR,False,inf,0.0
13,DCR,False,inf,0.0
13,DCR,False,inf,0.0
13,DCR,True,5.0,18.36
13,DCR,True,18.0,86.17
13,DCR,True,19.0,100.73
13,DCR,False,inf,0.0
13,DCR,False,inf,0.0
13,DCR,False,inf,0.0
13,DCR,True,30.0,142.1
13,DCR,True,15.0,84.1
13,DCR,False,inf,0.0
13,DCR,False,inf,0.0
13,DCR,True,12.0,59.54
13,DCR,False,inf,0.0
13,DCR,False,inf,0.0
13,DCR,True,29.0,145.02
13,DCR,False,inf,0.0
13,DCR,True,11.0,66.55
13,DCR,True,4.0,14.85
13,DCR,True,7.0,32.45
13,DCR,False,inf,0.0
13,DCR,True,4.0,13.96
13,DCR,True,14.0,69.64
13,DCR,True,18.0,91.14
13,DCR,True,13.0,58.21
13,DCR,False,inf,0.0
13,DCR,False,inf,0.0
13,DCR,True,25.0,129.81
13,DCR,True,30.0,158.29
13,DCR,True,28.0,149.58
13,DCR,True,1.0,8.86
13,DCR,True,4.0,14.35
13,DCR,True,7.0,32.45
13,DCR,True,20.0,106.87
13,DCR,False,inf,0.0
13,DCR,True,25.0,131.6
13,DCR,False,inf,0.0
13,DCR,True,30.0,164.03
13,DCR,True,21.0,98.08
13,DCR,False,inf,0.0
13,DCR,False,inf,0.0
13,DCR,True,27.0,130.9
13,DCR,True,36.0,189.87
13,DCR,False,inf,0.0
13,DCR,False,inf,0.0
13,DCR,False,inf,0.0
13,DCR,False,inf,0.0
13,DCR,True,32.0,168.54
13,DCR,True,10.0,38.4
13,DCR,False,inf,0.0
13,DCR,True,19.0,98.92
13,DCR,False,inf,0.0
13,DCR,True,11.0,53.86
13,DCR,False,inf,0.0
13,DCR,True,11.0,51.28
13,DCR,False,inf,0.0
13,DCR,True,2.0,9.49
13,DCR,False,inf,0.0
13,DCR,True,3.0,14.8
13,DCR,False,inf,0.0
13,DCR,True,10.0,56.0
13,DCR,True,7.0,26.75
13,DCR,False,inf,0.0
13,DCR,True,32.0,174.13
13,DCR,True,6.0,29.6
13,DCR,True,2.0,5.85
13,DCR,False,inf,0.0
13,DCR,True,29.0,144.08
13,DCR,True,15.0,83.06
13,DCR,True,30.0,153.48
13,DCR,False,inf,0.0
13,DCR,True,18.0,90.9
13,DCR,False,inf,0.0
13,DCR,False,inf,0.0
13,DCR,False,inf,0.0
13,DCR,True,14.0,67.87
13,DCR,False,inf,0.0
13,DCR,False,inf,0.0
13,DCR,True,8.0,42.28
13,DCR,True,14.0,75.9
13,DCR,True,28.0,137.02
13,DCR,False,inf,0.0
13,DCR,False,inf,0.0
13,DCR,True,3.0,12.59
13,DCR,False,inf,0.0
13,DCR,True,15.0,69.87
13,DCR,False,inf,0.0
13,DCR,False,inf,0.0
13,DCR,False,inf,0.0
13,DCR,False,inf,0.0
13,DCR,False,inf,0.0
13,DCR,True,17.0,81.11
13,DCR,True,24.0,121.05
13,DCR,False,inf,0.0
13,DCR,False,inf,0.0
13,DCR,True,28.0,147.78
13,DCR,False,inf,0.0
13,DCR,False,inf,0.0
13,DCR,False,inf,0.0
13,DCR,True,1.0,7.95
13,DCR,False,inf,0.0
13,DCR,True,13.0,57.21
13,DCR,True,12.0,59.18
13,DCR,False,inf,0.0
13,DCR,False,inf,0.0
13,DCR,True,24.0,114.84
13,DCR,True,1.0,6.52
13,DCR,True,29.0,138.62
13,DCR,True,29.0,155.56
13,DCR,True,23.0,111.64
13,DCR,True,3.0,15.450000000000001
13,DCR,True,3.0,7.22
13,DCR,False,inf,0.0
13,DCR,True,8.0,36.48
13,DCR,True,30.0,159.66
13,DCR,True,2.0,4.12
13,DCR,True,18.0,101.48
13,DCR,False,inf,0.0
13,DCR,True,14.0,64.05
13,DCR,False,inf,0.0
13,DCR,True,3.0,12.59
13,DCR,True,23.0,119.69
13,DCR,True,2.0,6.6
13,DCR,False,inf,0.0
13,DCR,True,26.0,139.54
13,DCR,True,4.0,17.59
13,DCR,False,inf,0.0
13,DCR,True,8.0,38.57
13,DCR,True,8.0,44.269999999999996
13,DCR,True,20.0,92.56
13,DCR,True,14.0,75.7
13,DCR,False,inf,0.0
13,DCR,True,14.0,78.4
13,DCR,True,29.0,138.62
13,DCR,True,22.0,114.15
13,DCR,True,20.0,108.87
13,DCR,False,inf,0.0
13,DCR,True,20.0,101.66
13,DCR,True,10.0,46.12
13,DCR,True,14.0,69.64
13,DCR,True,25.0,129.45
13,DCR,False,inf,0.0
13,DCR,True,17.0,80.65
13,DCR,False,inf,0.0
13,DCR,True,7.0,27.42
13,DCR,True,26.0,136.86
13,DCR,True,20.0,101.42999999999999
13,DCR,True,2.0,4.71
13,DCR,False,inf,0.0
13,DCR,True,7.0,36.27
13,DCR,False,inf,0.0
13,DCR,True,19.0,90.98
13,DCR,True,18.0,81.69
13,DCR,True,28.0,137.06
13,DCR,True,1.0,3.1
13,DCR,False,inf,0.0
13,DCR,True,16.0,65.98
13,DCR,False,inf,0.0
13,DCR,False,inf,0.0
13,DCR,False,inf,0.0
13,DCR,True,18.0,86.44
13,DCR,False,inf,0.0
13,DCR,False,inf,0.0
13,DCR,False,inf,0.0
13,DCR,True,25.0,123.19
13,DCR,False,inf,0.0
13,DCR,True,16.0,76.22
13,DCR,True,11.0,51.2
13,DCR,False,inf,0.0
13,DCR,False,inf,0.0
13,DCR,True,27.0,139.68
13,DCR,True,30.0,154.72
13,DCR,False,inf,0.0
13,DCR,True,13.0,62.57
13,DCR,True,20.0,99.82
13,DCR,False,inf,0.0
13,DCR,True,5.0,22.330000000000002
13,DCR,False,inf,0.0
13,DCR,True,20.0,95.33
13,DCR,False,inf,0.0
13,DCR,False,inf,0.0
13,DCR,True,23.0,111.64
13,DCR,False,inf,0.0
13,DCR,True,14.0,67.87
13,DCR,False,inf,0.0
13,DCR,False,inf,0.0
13,DCR,False,inf,0.0
13,DCR,True,14.0,73.58
13,DCR,True,28.0,143.81
13,DCR,True,20.0,97.0
13,DCR,False,inf,0.0
13,DCR,True,13.0,62.57
13,DCR,False,inf,0.0
13,DCR,True,9.0,41.59
13,DCR,True,3.0,15.450000000000001
13,DCR,False,inf,0.0
13,DCR,True,31.0,167.11
13,DCR,True,17.0,87.47
13,DCR,True,12.0,60.07
13,DCR,True,4.0,19.96
13,DCR,False,inf,0.0
13,DCR,True,3.0,14.83
13,DCR,False,inf,0.0
13,DCR,True,2.0,4.95
13,DCR,False,inf,0.0
13,DCR,True,14.0,69.64
13,DCR,True,22.0,112.23
13,DCR,False,inf,0.0
13,DCR,True,29.0,151.03
13,DCR,True,26.0,128.32
13,DCR,True,7.0,26.11
13,DCR,True,5.0,21.71
13,DCR,True,25.0,125.94
13,DCR,True,2.0,4.76
13,DCR,True,9.0,51.64
13,DCR,False,inf,0.0
13,DCR,True,6.0,24.13
13,DCR,True,23.0,111.64
13,DCR,True,5.0,18.74
13,DCR,False,inf,0.0
13,DCR,False,inf,0.0
13,DCR,True,5.0,18.36
13,DCR,True,2.0,8.94
13,DCR,True,2.0,8.94
13,DCR,False,inf,0.0
13,DCR,True,8.0,45.32
13,DCR,True,17.0,78.65
13,DCR,True,21.0,102.96
13,DCR,False,inf,0.0
13,DCR,True,17.0,88.63
13,DCR,True,4.0,15.82
13,DCR,True,25.0,131.6
13,DCR,False,inf,0.0
13,DCR,False,inf,0.0
13,DCR,False,inf,0.0
13,DCR,True,9.0,46.34
13,DCR,False,inf,0.0
13,DCR,True,10.0,38.53
13,DCR,False,inf,0.0
13,DCR,True,12.0,62.92
13,DCR,True,7.0,30.21
13,DCR,False,inf,0.0
13,DCR,False,inf,0.0
13,DCR,True,14.0,69.8
13,DCR,True,8.0,30.93
13,DCR,True,17.0,81.41
13,DCR,False,inf,0.0
13,DCR,False,inf,0.0
13,DCR,False,inf,0.0
13,DCR,True,20.0,95.33
13,DCR,True,3.0,12.59
13,DCR,False,inf,0.0
13,DCR,True,17.0,78.65
13,DCR,True,11.0,60.33
13,DCR,False,inf,0.0
13,DCR,True,21.0,99.79
13,DCR,False,inf,0.0
13,DCR,False,inf,0.0
13,DCR,False,inf,0.0
13,DCR,True,10.0,44.8
13,DCR,False,inf,0.0
13,DCR,True,10.0,39.35
13,DCR,True,3.0,8.05
13,DCR,True,15.0,74.24
13,DCR,True,15.0,73.81
13,DCR,False,inf,0.0
13,DCR,False,inf,0.0
13,DCR,False,inf,0.0
13,DCR,True,10.0,57.22
13,DCR,True,19.0,99.96
13,DCR,False,inf,0.0
13,DCR,False,inf,0.0
13,DCR,True,10.0,48.51
13,DCR,False,inf,0.0
13,DCR,False,inf,0.0
13,DCR,False,inf,0.0
13,DCR,True,23.0,111.71
13,DCR,False,inf,0.0
13,DCR,True,10.0,47.79
13,DCR,False,inf,0.0
13,DCR,False,inf,0.0
13,DCR,False,inf,0.0
13,DCR,True,18.0,82.48
13,DCR,False,inf,0.0
13,DCR,True,4.0,20.46
13,DCR,True,15.0,84.76
13,DCR,True,7.0,27.42
13,DCR,False,inf,0.0
13,DCR,False,inf,0.0
13,DCR,True,18.0,91.24
13,DCR,True,25.0,125.11
13,DCR,False,inf,0.0
13,DCR,True,6.0,32.39
13,DCR,False,inf,0.0
13,DCR,True,10.0,53.74
13,DCR,False,inf,0.0
13,DCR,False,inf,0.0
13,DCR,False,inf,0.0
13,DCR,True,8.0,41.69
13,DCR,False,inf,0.0
13,DCR,True,6.0,22.240000000000002
13,DCR,True,12.0,55.83
13,DCR,True,20.0,95.67999999999999
13,DCR,True,1.0,2.84
13,DCR,True,27.0,135.13
13,DCR,True,36.0,190.77
13,CCR,True,31.0,148.15
13,CCR,False,inf,0.0
13,CCR,True,18.0,88.12
13,CCR,True,28.0,142.48
13,CCR,True,10.0,55.519999999999996
13,CCR,False,inf,0.0
13,CCR,True,20.0,95.9
13,CCR,True,14.0,58.769999999999996
13,CCR,False,inf,0.0
13,CCR,True,37.0,181.77
13,CCR,False,inf,0.0
13,CCR,True,7.0,38.94
13,CCR,False,inf,0.0
13,CCR,True,11.0,48.769999999999996
13,CCR,False,inf,0.0
13,CCR,True,11.0,51.58
13,CCR,True,18.0,89.67
13,CCR,True,13.0,60.18
13,CCR,False,inf,0.0
13,CCR,True,13.0,66.7
13,CCR,True,27.0,143.64
13,CCR,False,inf,0.0
13,CCR,False,inf,0.0
13,CCR,True,17.0,80.7
13,CCR,True,27.0,131.84
13,CCR,True,33.0,157.96
13,CCR,False,inf,0.0
13,CCR,False,inf,0.0
13,CCR,False,inf,0.0
13,CCR,True,12.0,48.05
13,CCR,True,11.0,38.45
13,CCR,True,15.0,63.44
13,CCR,True,6.0,28.11
13,CCR,False,inf,0.0
13,CCR,True,12.0,46.74
13,CCR,False,inf,0.0
13,CCR,True,7.0,32.17
13,CCR,True,21.0,108.92999999999999
13,CCR,True,38.0,200.41
13,CCR,False,inf,0.0
13,CCR,False,inf,0.0
13,CCR,False,inf,0.0
13,CCR,False,inf,0.0
13,CCR,True,19.0,84.53
13,CCR,False,inf,0.0
13,CCR,False,inf,0.0
13,CCR,False,inf,0.0
13,CCR,False,inf,0.0
13,CCR,False,inf,0.0
13,CCR,True,18.0,84.05
13,CCR,True,38.0,181.93
13,CCR,True,1.0,9.54
13,CCR,False,inf,0.0
13,CCR,True,15.0,73.64
13,CCR,True,2.0,10.45
13,CCR,True,19.0,95.58
13,CCR,True,24.0,117.58
13,CCR,True,1.0,1.29
13,CCR,False,inf,0.0
13,CCR,False,inf,0.0
13,CCR,True,19.0,89.2
13,CCR,True,13.0,66.93
13,CCR,False,inf,0.0
13,CCR,False,inf,0.0
13,CCR,False,inf,0.0
13,CCR,True,14.0,68.1
13,CCR,True,5.0,16.42
13,CCR,False,inf,0.0
13,CCR,False,inf,0.0
13,CCR,False,inf,0.0
13,CCR,True,4.0,13.969999999999999
13,CCR,True,17.0,86.61
13,CCR,False,inf,0.0
13,CCR,True,14.0,70.11
13,CCR,True,21.0,97.53
13,CCR,True,19.0,84.53
13,CCR,True,21.0,102.81
13,CCR,False,inf,0.0
13,CCR,True,18.0,80.17
13,CCR,True,16.0,83.14
13,CCR,True,19.0,87.28
13,CCR,True,25.0,118.91
13,CCR,True,19.0,90.21
13,CCR,False,inf,0.0
13,CCR,False,inf,0.0
13,CCR,True,1.0,2.38
13,CCR,True,24.0,119.41
13,CCR,False,inf,0.0
13,CCR,True,26.0,125.0
13,CCR,False,inf,0.0
13,CCR,True,12.0,58.98
13,CCR,True,35.0,165.91
13,CCR,False,inf,0.0
13,CCR,True,2.0,7.23
13,CCR,False,inf,0.0
13,CCR,False,inf,0.0
13,CCR,False,inf,0.0
13,CCR,False,inf,0.0
13,CCR,False,inf,0.0
13,CCR,True,9.0,45.66
13,CCR,False,inf,0.0
13,CCR,False,inf,0.0
13,CCR,True,6.0,22.53
13,CCR,True,36.0,180.38
13,CCR,False,inf,0.0
13,CCR,True,14.0,68.25
13,CCR,False,inf,0.0
13,CCR,True,10.0,52.91
13,CCR,True,13.0,63.51
13,CCR,False,inf,0.0
13,CCR,False,inf,0.0
13,CCR,False,inf,0.0
13,CCR,False,inf,0.0
13,CCR,True,9.0,27.13
13,CCR,True,29.0,132.72
13,CCR,False,inf,0.0
13,CCR,True,11.0,50.69
13,CCR,True,4.0,19.69
13,CCR,False,inf,0.0
13,CCR,False,inf,0.0
13,CCR,True,19.0,89.2
13,CCR,False,inf,0.0
13,CCR,False,inf,0.0
13,CCR,True,33.0,158.25
13,CCR,False,inf,0.0
13,CCR,False,inf,0.0
13,CCR,False,inf,0.0
13,CCR,True,5.0,22.31
13,CCR,True,14.0,69.99
13,CCR,True,28.0,122.86
13,CCR,False,inf,0.0
13,CCR,True,12.0,54.24
13,CCR,False,inf,0.0
13,CCR,True,2.0,4.71
13,CCR,False,inf,0.0
13,CCR,False,inf,0.0
13,CCR,False,inf,0.0
13,CCR,False,inf,0.0
13,CCR,True,7.0,39.769999999999996
13,CCR,False,inf,0.0
13,CCR,True,8.0,34.73
13,CCR,True,19.0,89.77
13,CCR,False,inf,0.0
13,CCR,True,31.0,147.7
13,CCR,True,4.0,16.54
13,CCR,True,27.0,126.89
13,CCR,True,7.0,27.59
13,CCR,True,16.0,78.77
13,CCR,True,13.0,59.5
13,CCR,True,2.0,9.91
13,CCR,True,24.0,115.58
13,CCR,False,inf,0.0
13,CCR,True,15.0,74.55
13,CCR,True,8.0,24.3
13,CCR,False,inf,0.0
13,CCR,False,inf,0.0
13,CCR,True,19.0,90.82000000000001
13,CCR,False,inf,0.0
13,CCR,True,15.0,59.54
13,CCR,True,23.0,116.36
13,CCR,True,5.0,12.13
13,CCR,True,5.0,17.27
13,CCR,True,4.0,13.219999999999999
13,CCR,True,10.0,52.91
13,CCR,True,13.0,65.37
13,CCR,False,inf,0.0
13,CCR,False,inf,0.0
13,CCR,True,28.0,126.74
13,CCR,True,27.0,135.37
13,CCR,False,inf,0.0
13,CCR,False,inf,0.0
13,CCR,False,inf,0.0
13,CCR,False,inf,0.0
13,CCR,False,inf,0.0
13,CCR,False,inf,0.0
13,CCR,True,13.0,49.75
13,CCR,True,19.0,93.61
13,CCR,True,1.0,3.29
13,CCR,False,inf,0.0
13,CCR,False,inf,0.0
13,CCR,True,21.0,97.23
13,CCR,True,10.0,49.69
13,CCR,True,16.0,77.83
13,CCR,False,inf,0.0
13,CCR,True,41.0,205.93
13,CCR,True,1.0,5.54
13,CCR,True,15.0,68.76
13,CCR,True,17.0,79.59
13,CCR,False,inf,0.0
13,CCR,False,inf,0.0
13,CCR,True,12.0,63.13
13,CCR,True,6.0,29.38
13,CCR,True,1.0,1.61
13,CCR,True,17.0,76.85
13,CCR,True,13.0,66.93
13,CCR,True,19.0,93.3
13,CCR,True,15.0,59.15
13,CCR,False,inf,0.0
13,CCR,False,inf,0.0
13,CCR,False,inf,0.0
13,CCR,True,31.0,163.49
13,CCR,True,3.0,11.149999999999999
13,CCR,False,inf,0.0
13,CCR,False,inf,0.0
13,CCR,False,inf,0.0
13,CCR,False,inf,0.0
13,CCR,True,12.0,56.83
13,CCR,True,12.0,62.449999999999996
13,CCR,False,inf,0.0
13,CCR,True,15.0,75.82
13,CCR,False,inf,0.0
13,CCR,True,14.0,64.03
13,CCR,False,inf,0.0
13,CCR,False,inf,0.0
13,CCR,False,inf,0.0
13,CCR,True,9.0,46.16
13,CCR,False,inf,0.0
13,CCR,True,23.0,113.98
13,CCR,False,inf,0.0
13,CCR,True,9.0,46.3
13,CCR,True,17.0,87.37
13,CCR,True,22.0,104.45
13,CCR,True,7.0,29.65
13,CCR,False,inf,0.0
13,CCR,True,17.0,78.39
13,CCR,True,2.0,3.27
13,CCR,False,inf,0.0
13,CCR,False,inf,0.0
13,CCR,False,inf,0.0
13,CCR,False,inf,0.0
13,CCR,True,19.0,90.67
13,CCR,False,inf,0.0
13,CCR,True,5.0,14.79
13,CCR,True,21.0,98.91
13,CCR,False,inf,0.0
13,CCR,False,inf,0.0
13,CCR,True,3.0,16.490000000000002
13,CCR,False,inf,0.0
13,CCR,False,inf,0.0
13,CCR,True,7.0,31.14
13,CCR,False,inf,0.0
13,CCR,True,3.0,12.22
13,CCR,True,8.0,38.519999999999996
13,CCR,False,inf,0.0
13,CCR,False,inf,0.0
13,CCR,False,inf,0.0
13,CCR,True,25.0,124.5
13,CCR,True,28.0,128.83
13,CCR,False,inf,0.0
13,CCR,False,inf,0.0
13,CCR,True,16.0,72.97
13,CCR,True,2.0,12.84
13,CCR,True,19.0,93.53999999999999
13,CCR,True,23.0,112.3
13,CCR,False,inf,0.0
13,CCR,True,25.0,122.43
13,CCR,True,12.0,52.77
13,CCR,True,15.0,70.99
13,CCR,True,28.0,128.83
13,CCR,True,26.0,128.03
13,CCR,False,inf,0.0
13,CCR,False,inf,0.0
13,CCR,False,inf,0.0
13,CCR,False,inf,0.0
13,CCR,True,2.0,4.71
13,CCR,True,17.0,78.39
13,CCR,True,10.0,47.82
13,CCR,True,16.0,75.64
13,CCR,True,23.0,118.53999999999999
13,CCR,True,9.0,48.4
13,CCR,True,12.0,54.24
13,CCR,True,11.0,51.62
13,CCR,True,35.0,177.13
13,CCR,False,inf,0.0
13,CCR,True,20.0,98.34
13,CCR,False,inf,0.0
13,CCR,True,8.0,42.79
13,CCR,True,8.0,43.0
13,CCR,True,8.0,37.41
13,CCR,True,29.0,137.6
13,CCR,True,11.0,38.45
13,CCR,True,19.0,84.89
13,CCR,True,29.0,135.91
13,CCR,True,17.0,84.59
13,CCR,True,26.0,125.95
13,CCR,True,35.0,177.14000000000001
13,CCR,True,7.0,33.19
13,CCR,True,21.0,101.39
13,CCR,False,inf,0.0
13,CCR,False,inf,0.0
13,CCR,False,inf,0.0
13,CCR,False,inf,0.0
13,CCR,False,inf,0.0
13,CCR,True,16.0,78.77
13,CCR,False,inf,0.0
13,CCR,False,inf,0.0
13,CCR,False,inf,0.0
13,CCR,False,inf,0.0
13,CCR,False,inf,0.0
13,CCR,True,20.0,93.04
13,CCR,True,16.0,66.28
13,CCR,True,7.0,34.59
13,CCR,True,12.0,56.83
13,CCR,False,inf,0.0
13,CCR,False,inf,0.0
13,CCR,True,18.0,81.49
13,CCR,False,inf,0.0
13,CCR,True,13.0,63.95
13,CCR,False,inf,0.0
13,CCR,False,inf,0.0
13,CCR,False,inf,0.0
13,CCR,True,13.0,59.05
13,CCR,False,inf,0.0
13,CCR,False,inf,0.0
13,CCR,True,10.0,48.66
13,CCR,False,inf,0.0
13,CCR,False,inf,0.0
13,CCR,False,inf,0.0
13,CCR,True,12.0,51.48
13,CCR,False,inf,0.0
13,CCR,True,20.0,92.73
13,CCR,True,20.0,91.31
13,CCR,True,1.0,9.54
13,CCR,True,18.0,89.66
13,CCR,True,17.0,82.95
13,CCR,False,inf,0.0
13,CCR,True,16.0,67.25
13,CCR,False,inf,0.0
13,CCR,False,inf,0.0
13,CCR,True,20.0,103.37
13,CCR,False,inf,0.0
13,CCR,True,16.0,74.91
13,CCR,True,9.0,30.77
13,CCR,True,15.0,61.69
13,CCR,True,13.0,59.88
13,CCR,True,3.0,13.48
13,CCR,False,inf,0.0
13,CCR,True,10.0,57.71
13,CCR,False,inf,0.0
13,CCR,False,inf,0.0
13,CCR,False,inf,0.0
13,CCR,False,inf,0.0
13,CCR,True,5.0,21.22
13,CCR,False,inf,0.0
13,CCR,True,4.0,15.959999999999999
13,CCR,True,6.0,31.09
13,CCR,False,inf,0.0
13,CCR,False,inf,0.0
13,CCR,True,4.0,9.3
13,CCR,True,24.0,117.13
13,CCR,True,4.0,18.48
13,CCR,True,7.0,30.98
13,CCR,True,18.0,90.19
13,CCR,False,inf,0.0
13,CCR,False,inf,0.0
13,CCR,True,40.0,204.04
13,CCR,False,inf,0.0
13,CCR,False,inf,0.0
13,CCR,True,21.0,96.73
13,CCR,False,inf,0.0
13,CCR,False,inf,0.0
13,CCR,False,inf,0.0
13,CCR,True,16.0,80.16
13,CCR,True,15.0,68.27
13,CCR,True,27.0,127.74
13,CCR,False,inf,0.0
13,CCR,True,17.0,78.17
13,CCR,False,inf,0.0
13,CCR,False,inf,0.0
13,CCR,True,2.0,2.88
13,CCR,True,18.0,83.41
13,CCR,False,inf,0.0
13,CCR,False,inf,0.0
13,CCR,True,16.0,69.64
13,CCR,True,17.0,82.19
13,CCR,True,15.0,74.42999999999999
13,CCR,True,5.0,14.79
13,CCR,False,inf,0.0
13,CCR,False,inf,0.0
13,CCR,False,inf,0.0
13,CCR,True,2.0,7.23
13,CCR,True,19.0,89.77
13,CCR,False,inf,0.0
13,CCR,True,15.0,68.27
13,CCR,True,11.0,45.45
13,CCR,True,19.0,89.82
13,CCR,False,inf,0.0
13,CCR,False,inf,0.0
13,CCR,False,inf,0.0
13,CCR,False,inf,0.0
13,CCR,True,20.0,91.36
13,CCR,False,inf,0.0
13,CCR,True,20.0,101.23
13,CCR,False,inf,0.0
13,CCR,False,inf,0.0
13,CCR,True,3.0,11.149999999999999
13,CCR,True,3.0,10.12
13,CCR,False,inf,0.0
13,CCR,True,25.0,118.91
13,CCR,True,6.0,27.71
13,CCR,False,inf,0.0
13,CCR,True,4.0,20.299999999999997
13,CCR,False,inf,0.0
13,CCR,True,30.0,143.21
13,CCR,False,inf,0.0
13,CCR,True,4.0,13.719999999999999
13,CCR,True,19.0,92.15
13,CCR,False,inf,0.0
13,CCR,True,16.0,76.39
13,CCR,False,inf,0.0
13,CCR,False,inf,0.0
13,CCR,False,inf,0.0
13,CCR,False,inf,0.0
13,CCR,True,22.0,115.07
13,CCR,True,39.0,202.37
13,CCR,True,21.0,101.9
13,CCR,True,10.0,54.87
13,CCR,True,18.0,85.71
13,CCR,True,32.0,156.36
13,CCR,True,16.0,69.64
13,CCR,True,32.0,152.81
13,CCR,False,inf,0.0
13,CCR,False,inf,0.0
13,CCR,True,17.0,82.95
13,CCR,False,inf,0.0
13,CCR,True,31.0,157.37
13,CCR,True,30.0,153.94
13,CCR,False,inf,0.0
13,CCR,True,10.0,44.769999999999996
13,CCR,True,18.0,83.89
13,CCR,False,inf,0.0
13,CCR,True,11.0,41.45
13,CCR,True,18.0,85.76
13,CCR,False,inf,0.0
13,CCR,False,inf,0.0
13,CCR,False,inf,0.0
13,CCR,False,inf,0.0
13,CCR,False,inf,0.0
13,CCR,True,10.0,47.35
13,CCR,True,16.0,76.66
13,CCR,False,inf,0.0
13,CCR,True,18.0,81.46
13,CCR,False,inf,0.0
13,CCR,False,inf,0.0
13,CCR,False,inf,0.0
13,CCR,True,34.0,167.39000000000001
13,CCR,True,6.0,24.31
13,CCR,False,inf,0.0
13,CCR,False,inf,0.0
13,CCR,True,3.0,13.75
13,CCR,False,inf,0.0
13,CCR,False,inf,0.0
13,CCR,False,inf,0.0
13,CCR,True,9.0,38.92
13,CCR,True,29.0,139.47
13,CCR,True,12.0,51.03
13,CCR,True,11.0,57.64
13,CCR,True,20.0,92.56
13,CCR,True,13.0,49.36
13,CCR,True,2.0,4.69
13,CCR,True,1.0,4.13
13,CCR,False,inf,0.0
13,CCR,False,inf,0.0
13,CCR,False,inf,0.0
13,CCR,True,35.0,157.48
13,CCR,False,inf,0.0
13,CCR,True,1.0,3.1
13,CCR,True,2.0,9.5
13,CCR,True,16.0,75.7
13,CCR,False,inf,0.0
13,CCR,True,10.0,32.45
13,CCR,False,inf,0.0
13,CCR,False,inf,0.0
13,CCR,True,24.0,130.71
13,CCR,False,inf,0.0
13,CCR,True,22.0,102.67999999999999
13,CCR,True,10.0,44.58
13,CCR,True,19.0,93.61
13,CCR,True,2.0,5.85
13,CCR,True,8.0,43.83
13,CCR,True,17.0,75.13
13,CCR,False,inf,0.0
13,CCR,False,inf,0.0
13,CCR,True,19.0,89.02
13,CCR,True,4.0,12.37
13,CCR,True,20.0,97.97
13,CCR,True,20.0,91.65
13,CCR,True,1.0,7.25
13,CCR,False,inf,0.0
13,CCR,True,18.0,89.65
13,CCR,True,24.0,117.3
13,CCR,True,29.0,137.17
13,CCR,False,inf,0.0
13,CCR,True,32.0,149.49
13,CCR,True,14.0,62.7
13,CCR,False,inf,0.0
13,CCR,True,23.0,116.37
13,CCR,False,inf,0.0
13,CCR,False,inf,0.0
13,CCR,True,17.0,81.98
13,CCR,True,33.0,157.96
13,CCR,False,inf,0.0
13,CCR,True,3.0,12.36
13,CCR,True,6.0,19.89
13,CCR,True,17.0,76.85
13,CCR,True,16.0,75.73
13,CCR,False,inf,0.0
13,CCR,False,inf,0.0
13,CCR,False,inf,0.0
13,CCR,False,inf,0.0
13,CCR,True,22.0,117.99
13,CCR,False,inf,0.0
13,CCR,True,14.0,72.78
13,CCR,True,15.0,68.56
13,CCR,True,6.0,14.88
13,CCR,True,2.0,5.08
13,CCR,True,13.0,62.16
13,CCR,True,21.0,98.72
13,CCR,True,2.0,9.05
13,CCR,True,13.0,58.769999999999996
13,CCR,False,inf,0.0
13,CCR,True,21.0,98.91
13,CCR,False,inf,0.0
13,CCR,True,23.0,107.54
13,CCR,False,inf,0.0
13,CCR,False,inf,0.0
13,CCR,False,inf,0.0
13,CCR,False,inf,0.0
13,CCR,False,inf,0.0
13,CCR,False,inf,0.0
13,CCR,False,inf,0.0
13,CCR,False,inf,0.0
13,CCR,False,inf,0.0
13,CCR,True,30.0,146.07
13,CCR,True,5.0,23.37
13,CCR,True,16.0,74.3
13,CCR,True,5.0,21.22
13,CCR,True,11.0,49.23
13,CCR,True,26.0,124.99
13,CCR,False,inf,0.0
13,CCR,True,11.0,49.62
13,CCR,False,inf,0.0
13,CCR,True,23.0,113.98
13,CCR,False,inf,0.0
13,CCR,True,12.0,48.65
13,CCR,True,6.0,30.23
13,CCR,False,inf,0.0
13,CCR,True,12.0,53.42
13,CCR,True,25.0,128.43
13,CCR,False,inf,0.0
13,CCR,True,3.0,9.68
13,CCR,True,38.0,198.44
13,CCR,True,9.0,45.66
13,CCR,False,inf,0.0
13,CCR,False,inf,0.0
13,CCR,True,26.0,128.32
13,CCR,False,inf,0.0
13,CCR,True,3.0,11.59
13,CCR,True,3.0,10.12
13,CCR,True,11.0,50.09
13,CCR,True,15.0,67.13
13,CCR,False,inf,0.0
13,CCR,False,inf,0.0
13,CCR,True,22.0,115.15
13,CCR,False,inf,0.0
13,CCR,False,inf,0.0
13,CCR,True,23.0,120.63
13,CCR,False,inf,0.0
13,CCR,True,21.0,110.92999999999999
13,CCR,True,14.0,69.86
13,CCR,True,21.0,101.75
13,CCR,True,23.0,114.75
13,CCR,True,16.0,76.93
13,CCR,True,12.0,57.89
13,CCR,True,26.0,141.45
13,CCR,False,inf,0.0
13,CCR,False,inf,0.0
13,CCR,True,24.0,104.59
13,CCR,True,6.0,29.38
13,CCR,True,12.0,51.7
13,CCR,False,inf,0.0
13,CCR,False,inf,0.0
13,CCR,False,inf,0.0
13,CCR,True,17.0,78.91
13,CCR,True,19.0,90.42999999999999
13,CCR,True,1.0,8.0
13,CCR,True,5.0,19.7
13,CCR,True,11.0,41.66
13,CCR,True,9.0,30.9
13,CCR,True,31.0,163.49
13,CCR,True,2.0,7.23
13,CCR,False,inf,0.0
13,CCR,False,inf,0.0
13,CCR,True,6.0,26.61
13,CCR,True,16.0,79.72
13,CCR,True,2.0,9.05
13,CCR,True,20.0,92.85
13,CCR,True,14.0,66.52
13,CCR,False,inf,0.0
13,CCR,False,inf,0.0
13,CCR,False,inf,0.0
13,CCR,False,inf,0.0
13,CCR,True,15.0,59.3
13,CCR,True,5.0,16.42
13,CCR,True,10.0,32.06
13,CCR,False,inf,0.0
13,CCR,False,inf,0.0
13,CCR,True,16.0,68.42
13,CCR,False,inf,0.0
13,CCR,False,inf,0.0
13,CCR,True,30.0,139.39
13,CCR,True,22.0,115.51
13,CCR,True,20.0,97.04
13,CCR,True,11.0,50.39
13,CCR,False,inf,0.0
13,CCR,True,15.0,78.42
13,CCR,False,inf,0.0
13,CCR,False,inf,0.0
13,CCR,True,23.0,104.45
13,CCR,True,31.0,163.49
13,CCR,True,20.0,91.36
13,CCR,False,inf,0.0
13,CCR,False,inf,0.0
13,CCR,False,inf,0.0
13,CCR,False,inf,0.0
13,CCR,True,17.0,82.46
13,CCR,False,inf,0.0
13,CCR,False,inf,0.0
13,CCR,True,13.0,65.27
13,CCR,True,25.0,124.45
13,CCR,True,9.0,36.63
13,CCR,True,12.0,58.339999999999996
13,CCR,False,inf,0.0
13,CCR,True,5.0,22.080000000000002
13,CCR,True,13.0,65.37
13,CCR,True,15.0,74.12
13,CCR,True,15.0,72.92999999999999
13,CCR,True,25.0,118.91
13,CCR,True,24.0,116.36
13,CCR,True,8.0,47.21
13,CCR,True,20.0,101.23
13,CCR,False,inf,0.0
13,CCR,True,14.0,69.15
13,CCR,False,inf,0.0
13,CCR,False,inf,0.0
13,CCR,False,inf,0.0
13,CCR,True,10.0,45.5
13,CCR,False,inf,0.0
13,CCR,True,13.0,61.85
13,CCR,False,inf,0.0
13,CCR,True,22.0,101.46
13,CCR,True,4.0,13.969999999999999
13,CCR,False,inf,0.0
13,CCR,True,20.0,100.27
13,CCR,False,inf,0.0
13,CCR,False,inf,0.0
13,CCR,False,inf,0.0
13,CCR,True,16.0,72.75
13,CCR,False,inf,0.0
13,CCR,False,inf,0.0
13,CCR,False,inf,0.0
13,CCR,True,17.0,82.76
13,CCR,False,inf,0.0
13,CCR,True,12.0,53.9
13,CCR,False,inf,0.0
13,CCR,False,inf,0.0
13,CCR,False,inf,0.0
13,CCR,False,inf,0.0
13,CCR,True,22.0,104.35
13,CCR,True,24.0,121.42
13,CCR,True,8.0,38.65
13,CCR,True,30.0,153.94
13,CCR,True,8.0,29.89
13,CCR,True,21.0,99.91
13,CCR,False,inf,0.0
13,CCR,False,inf,0.0
13,CCR,False,inf,0.0
13,CCR,True,7.0,34.29
13,CCR,False,inf,0.0
13,CCR,False,inf,0.0
13,CCR,True,18.0,87.92999999999999
13,CCR,False,inf,0.0
13,CCR,False,inf,0.0
13,CCR,True,23.0,105.23
13,CCR,False,inf,0.0
13,CCR,False,inf,0.0
13,CCR,True,14.0,59.49
13,CCR,True,14.0,61.75
13,CCR,True,22.0,108.27
13,CCR,False,inf,0.0
13,CCR,False,inf,0.0
13,CCR,True,5.0,15.9
13,CCR,False,inf,0.0
13,CCR,True,14.0,61.75
13,CCR,True,1.0,6.85
13,CCR,False,inf,0.0
13,CCR,False,inf,0.0
13,CCR,True,22.0,117.99
13,CCR,False,inf,0.0
13,CCR,True,20.0,98.27
13,CCR,False,inf,0.0
13,CCR,True,31.0,149.4
13,CCR,False,inf,0.0
13,CCR,False,inf,0.0
13,CCR,False,inf,0.0
13,CCR,True,22.0,115.51
13,CCR,True,12.0,47.13
13,CCR,True,5.0,28.02
13,CCR,True,7.0,36.08
13,CCR,True,13.0,61.37
13,CCR,True,12.0,62.55
13,CCR,True,21.0,106.37
13,CCR,True,4.0,20.27
13,CCR,True,15.0,79.38
13,CCR,False,inf,0.0
13,CCR,False,inf,0.0
13,CCR,True,20.0,102.16
13,CCR,False,inf,0.0
13,CCR,True,24.0,115.58
13,CCR,True,4.0,16.35
13,CCR,True,12.0,53.9
13,CCR,True,11.0,56.4
13,CCR,True,2.0,10.45
13,CCR,True,2.0,13.86
13,CCR,True,20.0,100.45
13,CCR,True,23.0,124.48
13,CCR,False,inf,0.0
13,CCR,True,26.0,112.39
13,CCR,True,11.0,41.66
13,CCR,False,inf,0.0
13,CCR,False,inf,0.0
13,CCR,False,inf,0.0
13,CCR,True,14.0,55.49
13,CCR,True,19.0,84.89
13,CCR,True,34.0,167.38
13,CCR,True,13.0,61.37
13,CCR,False,inf,0.0
13,CCR,False,inf,0.0
13,CCR,False,inf,0.0
13,CCR,True,16.0,77.83
13,CCR,False,inf,0.0
13,CCR,False,inf,0.0
13,CCR,True,22.0,112.14
13,CCR,False,inf,0.0
13,CCR,True,12.0,58.67
13,CCR,False,inf,0.0
13,CCR,False,inf,0.0
13,CCR,True,20.0,103.58
13,CCR,False,inf,0.0
13,CCR,False,inf,0.0
13,CCR,True,29.0,130.26
13,CCR,True,24.0,118.0
13,CCR,False,inf,0.0
13,CCR,False,inf,0.0
13,CCR,True,20.0,100.45
13,CCR,False,inf,0.0
13,CCR,True,16.0,68.21
13,CCR,False,inf,0.0
13,CCR,False,inf,0.0
13,CCR,False,inf,0.0
13,CCR,False,inf,0.0
13,CCR,False,inf,0.0
13,CCR,True,23.0,116.26
13,CCR,True,6.0,32.95
13,CCR,False,inf,0.0
13,CCR,True,6.0,27.2
13,CCR,False,inf,0.0
13,CCR,True,25.0,119.68
13,CCR,True,24.0,123.53999999999999
13,CCR,True,8.0,42.84
13,CCR,False,inf,0.0
13,CCR,True,13.0,62.16
13,CCR,False,inf,0.0
13,CCR,False,inf,0.0
13,CCR,True,7.0,31.619999999999997
13,CCR,True,34.0,155.59
13,CCR,True,36.0,168.1
13,CCR,False,inf,0.0
13,CCR,False,inf,0.0
13,CCR,False,inf,0.0
13,CCR,True,16.0,76.85
13,CCR,True,9.0,47.39
13,CCR,False,inf,0.0
13,CCR,True,4.0,18.55
13,CCR,False,inf,0.0
13,CCR,False,inf,0.0
13,CCR,False,inf,0.0
13,CCR,False,inf,0.0
13,CCR,False,inf,0.0
13,CCR,False,inf,0.0
13,CCR,False,inf,0.0
13,CCR,True,22.0,107.75
13,CCR,False,inf,0.0
13,CCR,False,inf,0.0
13,CCR,False,inf,0.0
13,CCR,True,20.0,93.04
13,CCR,True,14.0,59.49
13,CCR,False,inf,0.0
13,CCR,True,17.0,82.19
13,CCR,True,10.0,41.19
13,CCR,True,20.0,98.88
13,CCR,True,11.0,43.81
13,CCR,False,inf,0.0
13,CCR,False,inf,0.0
13,CCR,False,inf,0.0
13,CCR,False,inf,0.0
13,CCR,True,3.0,8.18
13,CCR,False,inf,0.0
13,CCR,True,12.0,57.24
13,CCR,False,inf,0.0
13,CCR,True,8.0,38.519999999999996
13,CCR,False,inf,0.0
13,CCR,False,inf,0.0
13,CCR,True,14.0,63.0
13,CCR,False,inf,0.0
13,CCR,True,7.0,33.21
13,CCR,True,10.0,32.45
13,CCR,False,inf,0.0
13,CCR,False,inf,0.0
13,CCR,False,inf,0.0
13,CCR,False,inf,0.0
13,CCR,True,6.0,32.019999999999996
13,CCR,True,19.0,97.98
13,CCR,True,2.0,12.36
13,CCR,True,19.0,92.83
13,CCR,True,15.0,68.56
13,CCR,False,inf,0.0
13,CCR,True,8.0,41.78
13,CCR,False,inf,0.0
13,CCR,False,inf,0.0
13,CCR,False,inf,0.0
13,CCR,False,inf,0.0
13,CCR,True,5.0,25.6
13,CCR,False,inf,0.0
13,CCR,False,inf,0.0
13,CCR,False,inf,0.0
13,CCR,False,inf,0.0
13,CCR,False,inf,0.0
13,CCR,True,7.0,33.19
13,CCR,False,inf,0.0
13,CCR,True,4.0,16.54
13,CCR,False,inf,0.0
13,CCR,False,inf,0.0
13,CCR,True,2.0,6.63
13,CCR,True,16.0,80.72
13,CCR,True,7.0,31.14
13,CCR,True,23.0,116.36
13,CCR,True,30.0,143.21
13,CCR,False,inf,0.0
13,CCR,True,27.0,140.1
13,CCR,True,16.0,71.76
13,CCR,False,inf,0.0
13,CCR,False,inf,0.0
13,CCR,True,5.0,23.12
13,CCR,True,24.0,117.03999999999999
13,CCR,True,12.0,46.53
13,CCR,False,inf,0.0
13,CCR,True,14.0,57.46
13,CCR,True,12.0,55.11
13,CCR,True,7.0,36.7
13,CCR,True,9.0,31.5
13,CCR,True,36.0,161.24
13,CCR,True,18.0,87.67
13,CCR,True,30.0,153.94
13,CCR,True,27.0,119.78
13,CCR,True,2.0,8.26
13,CCR,True,7.0,38.94
13,CCR,False,inf,0.0
13,CCR,True,3.0,8.18
13,CCR,False,inf,0.0
13,CCR,False,inf,0.0
13,CCR,False,inf,0.0
13,CCR,False,inf,0.0
13,CCR,False,inf,0.0
13,CCR,True,29.0,139.47
13,CCR,False,inf,0.0
13,CCR,False,inf,0.0
13,CCR,True,25.0,112.62
13,CCR,False,inf,0.0
13,CCR,False,inf,0.0
13,CCR,False,inf,0.0
13,CCR,False,inf,0.0
13,CCR,True,26.0,130.53
13,CCR,True,17.0,82.19
13,CCR,True,20.0,91.31
13,CCR,False,inf,0.0
13,CCR,False,inf,0.0
13,CCR,True,2.0,3.27
13,CCR,False,inf,0.0
13,CCR,True,13.0,61.85
13,CCR,False,inf,0.0
13,CCR,True,24.0,115.43
13,CCR,False,inf,0.0
13,CCR,False,inf,0.0
13,CCR,False,inf,0.0
13,CCR,True,3.0,8.31
13,CCR,True,1.0,1.09
13,CCR,False,inf,0.0
13,CCR,True,14.0,57.86
13,CCR,True,12.0,49.35
13,CCR,True,23.0,116.36
13,CCR,True,5.0,27.869999999999997
13,CCR,False,inf,0.0
13,CCR,False,inf,0.0
13,CCR,True,15.0,73.64
13,CCR,True,38.0,198.44
13,CCR,False,inf,0.0
13,CCR,True,12.0,54.31
13,CCR,True,8.0,39.97
13,CCR,True,7.0,33.19
13,CCR,False,inf,0.0
13,CCR,True,8.0,39.04
13,CCR,True,25.0,123.74
13,CCR,True,20.0,94.78
13,CCR,False,inf,0.0
13,CCR,False,inf,0.0
13,CCR,True,14.0,57.69
13,CCR,True,19.0,93.61
13,CCR,True,10.0,47.69
13,CCR,False,inf,0.0
13,CCR,False,inf,0.0
13,CCR,True,1.0,5.92
13,CCR,True,17.0,77.02
13,CCR,False,inf,0.0
13,CCR,True,17.0,89.74
13,CCR,True,12.0,56.01
13,CCR,True,3.0,10.27
13,CCR,False,inf,0.0
13,CCR,False,inf,0.0
13,CCR,True,3.0,10.19
13,CCR,True,12.0,46.53
13,CCR,True,11.0,47.04
13,CCR,False,inf,0.0
13,CCR,True,17.0,82.19
13,CCR,False,inf,0.0
13,CCR,True,33.0,163.87
13,CCR,True,12.0,57.37
13,CCR,False,inf,0.0
13,CCR,True,8.0,34.73
13,CCR,True,18.0,91.06
13,CCR,True,4.0,13.74
13,CCR,False,inf,0.0
13,CCR,False,inf,0.0
13,CCR,False,inf,0.0
13,CCR,False,inf,0.0
13,CCR,True,3.0,9.870000000000001
13,CCR,False,inf,0.0
13,CCR,False,inf,0.0
13,CCR,True,10.0,44.769999999999996
13,CCR,False,inf,0.0
13,CCR,False,inf,0.0
13,CCR,False,inf,0.0
13,CCR,True,2.0,7.23
13,CCR,True,17.0,89.74
13,CCR,False,inf,0.0
13,CCR,False,inf,0.0
13,CCR,True,14.0,70.11
13,CCR,True,32.0,161.87
13,CCR,True,26.0,124.72
13,CCR,True,17.0,76.81
13,CCR,True,17.0,77.94
13,CCR,False,inf,0.0
13,CCR,True,38.0,193.4
13,CCR,True,9.0,43.86
13,CCR,True,6.0,24.89
13,CCR,True,18.0,80.62
13,CCR,False,inf,0.0
13,CCR,True,11.0,45.45
13,CCR,False,inf,0.0
13,CCR,True,5.0,25.15
13,CCR,False,inf,0.0
13,CCR,False,inf,0.0
13,CCR,False,inf,0.0
13,CCR,False,inf,0.0
13,CCR,True,2.0,8.49
13,CCR,True,16.0,78.06
13,CCR,False,inf,0.0
13,CCR,True,28.0,136.21
13,CCR,False,inf,0.0
13,CCR,True,8.0,32.08
13,CCR,True,23.0,116.36
13,CCR,False,inf,0.0
13,CCR,False,inf,0.0
13,CCR,True,12.0,57.89
13,CCR,True,22.0,107.99
13,CCR,True,10.0,55.0
13,CCR,True,14.0,71.83
13,CCR,False,inf,0.0
13,CCR,True,23.0,116.37
13,CCR,True,31.0,141.28
13,CCR,False,inf,0.0
13,CCR,True,18.0,84.48
13,CCR,False,inf,0.0
13,CCR,True,21.0,98.94
13,CCR,False,inf,0.0
13,CCR,True,12.0,51.7
13,CCR,False,inf,0.0
13,CCR,True,15.0,68.56
13,CCR,False,inf,0.0
13,CCR,False,inf,0.0
21,BCR,True,16.0,82.46000000000001
21,BCR,True,17.0,102.93
21,BCR,True,21.0,96.62
21,BCR,False,inf,0.0
21,BCR,True,21.0,129.8
21,BCR,False,inf,0.0
21,BCR,True,5.0,18.25
21,BCR,True,27.0,162.8
21,BCR,True,6.0,30.35
21,BCR,True,19.0,98.08
21,BCR,False,inf,0.0
21,BCR,True,19.0,92.3
21,BCR,True,1.0,5.65
21,BCR,False,inf,0.0
21,BCR,False,inf,0.0
21,BCR,True,10.0,48.620000000000005
21,BCR,False,inf,0.0
21,BCR,True,4.0,13.72
21,BCR,False,inf,0.0
21,BCR,False,inf,0.0
21,BCR,False,inf,0.0
21,BCR,False,inf,0.0
21,BCR,True,23.0,119.7
21,BCR,True,22.0,94.64
21,BCR,False,inf,0.0
21,BCR,False,inf,0.0
21,BCR,True,2.0,6.4399999999999995
21,BCR,True,20.0,85.26
21,BCR,True,18.0,91.42
21,BCR,True,27.0,154.51
21,BCR,True,1.0,4.08
21,BCR,True,9.0,45.68
21,BCR,True,11.0,47.72
21,BCR,False,inf,0.0
21,BCR,False,inf,0.0
21,BCR,True,20.0,85.77
21,BCR,True,4.0,23.19
21,BCR,False,inf,0.0
21,BCR,False,inf,0.0
21,BCR,False,inf,0.0
21,BCR,True,10.0,57.75
21,BCR,True,21.0,101.69
21,BCR,False,inf,0.0
21,BCR,False,inf,0.0
21,BCR,False,inf,0.0
21,BCR,False,inf,0.0
21,BCR,True,19.0,91.11
21,BCR,False,inf,0.0
21,BCR,True,4.0,19.22
21,BCR,False,inf,0.0
21,BCR,True,12.0,60.49
21,BCR,True,15.0,96.42
21,BCR,False,inf,0.0
21,BCR,True,9.0,48.28
21,BCR,True,12.0,59.86
21,BCR,False,inf,0.0
21,BCR,False,inf,0.0
21,BCR,True,2.0,12.0
21,BCR,True,21.0,106.97
21,BCR,False,inf,0.0
21,BCR,True,17.0,102.91
21,BCR,False,inf,0.0
21,BCR,True,19.0,80.95
21,BCR,True,7.0,36.88
21,BCR,False,inf,0.0
21,BCR,False,inf,0.0
21,BCR,False,inf,0.0
21,BCR,True,16.0,79.71000000000001
21,BCR,True,14.0,72.92
21,BCR,False,inf,0.0
21,BCR,True,16.0,90.69
21,BCR,True,19.0,90.38
21,BCR,False,inf,0.0
21,BCR,True,20.0,119.18
21,BCR,False,inf,0.0
21,BCR,True,11.0,64.56
21,BCR,True,12.0,65.06
21,BCR,True,24.0,126.76
21,BCR,True,8.0,40.76
21,BCR,True,10.0,51.1
21,BCR,True,20.0,96.52
21,BCR,False,inf,0.0
21,BCR,False,inf,0.0
21,BCR,False,inf,0.0
21,BCR,True,22.0,103.77
21,BCR,True,9.0,49.160000000000004
21,BCR,False,inf,0.0
21,BCR,True,18.0,87.78
21,BCR,False,inf,0.0
21,BCR,False,inf,0.0
21,BCR,False,inf,0.0
21,BCR,True,20.0,98.44
21,BCR,False,inf,0.0
21,BCR,False,inf,0.0
21,BCR,True,25.0,124.57000000000001
21,BCR,True,2.0,16.509999999999998
21,BCR,True,14.0,74.37
21,BCR,True,17.0,83.46000000000001
21,BCR,False,inf,0.0
21,BCR,True,27.0,159.41
21,BCR,True,13.0,73.24
21,BCR,True,26.0,152.65
21,BCR,False,inf,0.0
21,BCR,True,19.0,95.44
21,BCR,False,inf,0.0
21,BCR,False,inf,0.0
21,BCR,True,7.0,34.7
21,BCR,False,inf,0.0
21,BCR,False,inf,0.0
21,BCR,False,inf,0.0
21,BCR,True,1.0,2.96
21,BCR,False,inf,0.0
21,BCR,True,25.0,118.9
21,BCR,True,9.0,43.99
21,BCR,True,25.0,142.27
21,BCR,False,inf,0.0
21,BCR,False,inf,0.0
21,BCR,False,inf,0.0
21,BCR,False,inf,0.0
21,BCR,True,12.0,68.31
21,BCR,True,8.0,36.66
21,BCR,False,inf,0.0
21,BCR,False,inf,0.0
21,BCR,True,21.0,114.2
21,BCR,False,inf,0.0
21,BCR,False,inf,0.0
21,BCR,True,22.0,122.66
21,BCR,True,25.0,149.43
21,BCR,True,10.0,45.82
21,BCR,True,6.0,41.04
21,BCR,True,3.0,20.1
21,BCR,False,inf,0.0
21,BCR,True,7.0,27.67
21,BCR,True,24.0,114.93
21,BCR,False,inf,0.0
21,BCR,False,inf,0.0
21,BCR,False,inf,0.0
21,BCR,True,3.0,21.09
21,BCR,False,inf,0.0
21,BCR,False,inf,0.0
21,BCR,False,inf,0.0
21,BCR,True,16.0,90.69
21,BCR,False,inf,0.0
21,BCR,True,17.0,88.99000000000001
21,BCR,True,12.0,56.13
21,BCR,False,inf,0.0
21,BCR,False,inf,0.0
21,BCR,True,20.0,85.24
21,BCR,True,25.0,141.78
21,BCR,False,inf,0.0
21,BCR,False,inf,0.0
21,BCR,False,inf,0.0
21,BCR,False,inf,0.0
21,BCR,True,31.0,191.27
21,BCR,True,21.0,101.69
21,BCR,False,inf,0.0
21,BCR,True,29.0,173.73
21,BCR,False,inf,0.0
21,BCR,False,inf,0.0
21,BCR,True,10.0,50.17
21,BCR,False,inf,0.0
21,BCR,True,20.0,100.77
21,BCR,False,inf,0.0
21,BCR,True,6.0,34.86
21,BCR,True,13.0,70.87
21,BCR,True,16.0,88.68
21,BCR,True,16.0,103.13
21,BCR,False,inf,0.0
21,BCR,False,inf,0.0
21,BCR,True,30.0,156.9
21,BCR,True,6.0,34.86
21,BCR,True,22.0,94.13
21,BCR,True,21.0,121.27
21,BCR,True,32.0,195.5
21,BCR,True,20.0,94.26
21,BCR,True,32.0,185.53
21,BCR,False,inf,0.0
21,BCR,True,3.0,23.46
21,BCR,True,15.0,68.16
21,BCR,False,inf,0.0
21,BCR,True,4.0,25.88
21,BCR,True,26.0,136.75
21,BCR,True,29.0,166.25
21,BCR,True,25.0,133.89000000000001
21,BCR,False,inf,0.0
21,BCR,True,22.0,98.33
21,BCR,True,15.0,71.56
21,BCR,True,13.0,64.85
21,BCR,False,inf,0.0
21,BCR,True,20.0,94.86
21,BCR,False,inf,0.0
21,BCR,True,29.0,161.56
21,BCR,True,17.0,85.81
21,BCR,True,9.0,43.980000000000004
21,BCR,True,33.0,194.34
21,BCR,False,inf,0.0
21,BCR,True,20.0,93.0
21,BCR,True,22.0,129.08
21,BCR,True,5.0,39.21
21,BCR,True,8.0,40.589999999999996
21,BCR,True,3.0,20.169999999999998
21,BCR,False,inf,0.0
21,BCR,True,17.0,83.12
21,BCR,True,19.0,95.35000000000001
21,BCR,False,inf,0.0
21,BCR,False,inf,0.0
21,BCR,True,2.0,9.969999999999999
21,BCR,False,inf,0.0
21,BCR,False,inf,0.0
21,BCR,True,16.0,75.16
21,BCR,False,inf,0.0
21,BCR,False,inf,0.0
21,BCR,True,13.0,71.54
21,BCR,True,9.0,47.58
21,BCR,True,3.0,10.52
21,BCR,False,inf,0.0
21,BCR,False,inf,0.0
21,BCR,True,17.0,86.48
21,BCR,True,24.0,109.7
21,BCR,True,12.0,61.78
21,BCR,False,inf,0.0
21,BCR,False,inf,0.0
21,BCR,False,inf,0.0
21,BCR,False,inf,0.0
21,BCR,True,19.0,113.58
21,BCR,True,3.0,19.98
21,BCR,True,24.0,126.68
21,BCR,True,5.0,24.1
21,BCR,False,inf,0.0
21,BCR,False,inf,0.0
21,BCR,False,inf,0.0
21,BCR,True,3.0,16.5
21,BCR,False,inf,0.0
21,BCR,False,inf,0.0
21,BCR,False,inf,0.0
21,BCR,False,inf,0.0
21,BCR,True,20.0,102.2
21,BCR,False,inf,0.0
21,BCR,False,inf,0.0
21,BCR,False,inf,0.0
21,BCR,True,1.0,4.08
21,BCR,True,9.0,43.99
21,BCR,True,11.0,52.660000000000004
21,BCR,False,inf,0.0
21,BCR,True,14.0,59.980000000000004
21,BCR,False,inf,0.0
21,BCR,False,inf,0.0
21,BCR,False,inf,0.0
21,BCR,True,24.0,135.64000000000001
21,BCR,True,5.0,25.810000000000002
21,BCR,True,25.0,127.89
21,BCR,True,25.0,122.55
21,BCR,True,11.0,68.57
21,BCR,False,inf,0.0
21,BCR,True,20.0,107.33
21,BCR,True,18.0,106.35
21,BCR,False,inf,0.0
21,BCR,True,20.0,100.33
21,BCR,False,inf,0.0
21,BCR,False,inf,0.0
21,BCR,False,inf,0.0
21,BCR,True,11.0,52.4
21,BCR,False,inf,0.0
21,BCR,False,inf,0.0
21,BCR,False,inf,0.0
21,BCR,False,inf,0.0
21,BCR,False,inf,0.0
21,BCR,False,inf,0.0
21,BCR,True,8.0,45.47
21,BCR,False,inf,0.0
21,BCR,True,6.0,36.81
21,BCR,True,14.0,78.64
21,BCR,False,inf,0.0
21,BCR,True,4.0,15.73
21,BCR,True,25.0,129.64000000000001
21,BCR,True,5.0,18.25
21,BCR,True,14.0,72.34
21,BCR,False,inf,0.0
21,BCR,True,6.0,31.87
21,BCR,True,4.0,18.52
21,BCR,False,inf,0.0
21,BCR,False,inf,0.0
21,BCR,True,19.0,94.63
21,BCR,False,inf,0.0
21,BCR,True,7.0,32.79
21,BCR,True,23.0,128.89000000000001
21,BCR,False,inf,0.0
21,BCR,False,inf,0.0
21,BCR,True,28.0,158.31
21,BCR,False,inf,0.0
21,BCR,False,inf,0.0
21,BCR,False,inf,0.0
21,BCR,False,inf,0.0
21,BCR,False,inf,0.0
21,BCR,False,inf,0.0
21,BCR,False,inf,0.0
21,BCR,True,2.0,13.379999999999999
21,BCR,False,inf,0.0
21,BCR,False,inf,0.0
21,BCR,True,2.0,14.7
21,BCR,True,3.0,12.97
21,BCR,False,inf,0.0
21,BCR,True,22.0,110.31
21,BCR,True,20.0,101.8
21,BCR,True,14.0,84.27
21,BCR,True,16.0,79.4
21,BCR,False,inf,0.0
21,BCR,True,19.0,80.95
21,BCR,True,12.0,61.480000000000004
21,BCR,False,inf,0.0
21,BCR,True,20.0,103.87
21,BCR,False,inf,0.0
21,BCR,True,19.0,94.19
21,BCR,False,inf,0.0
21,BCR,False,inf,0.0
21,BCR,True,18.0,111.6
21,BCR,True,14.0,83.6
21,BCR,False,inf,0.0
21,BCR,False,inf,0.0
21,BCR,False,inf,0.0
21,BCR,False,inf,0.0
21,BCR,True,8.0,43.49
21,BCR,True,10.0,45.78
21,BCR,False,inf,0.0
21,BCR,False,inf,0.0
21,BCR,False,inf,0.0
21,BCR,True,11.0,64.56
21,BCR,False,inf,0.0
21,BCR,False,inf,0.0
21,BCR,False,inf,0.0
21,BCR,True,13.0,70.77
21,BCR,True,22.0,106.89
21,BCR,True,21.0,117.05
21,BCR,True,2.0,12.83
21,BCR,False,inf,0.0
21,BCR,False,inf,0.0
21,BCR,False,inf,0.0
21,BCR,False,inf,0.0
21,BCR,False,inf,0.0
21,BCR,True,4.0,14.25
21,BCR,True,19.0,98.81
21,BCR,False,inf,0.0
21,BCR,True,16.0,95.94
21,BCR,False,inf,0.0
21,BCR,True,8.0,41.03
21,BCR,True,2.0,15.87
21,BCR,True,15.0,90.31
21,BCR,True,21.0,106.97
21,BCR,True,29.0,174.74
21,BCR,True,19.0,102.16
21,BCR,True,14.0,66.4
21,BCR,False,inf,0.0
21,BCR,False,inf,0.0
21,BCR,False,inf,0.0
21,BCR,True,22.0,134.89000000000001
21,BCR,False,inf,0.0
21,BCR,True,23.0,114.57000000000001
21,BCR,True,22.0,126.88
21,BCR,False,inf,0.0
21,BCR,True,7.0,33.44
21,BCR,False,inf,0.0
21,BCR,True,11.0,61.31
21,BCR,True,12.0,52.49
21,BCR,False,inf,0.0
21,BCR,False,inf,0.0
21,BCR,False,inf,0.0
21,BCR,False,inf,0.0
21,BCR,False,inf,0.0
21,BCR,False,inf,0.0
21,BCR,True,16.0,78.65
21,BCR,False,inf,0.0
21,BCR,False,inf,0.0
21,BCR,True,5.0,28.5
21,BCR,False,inf,0.0
21,BCR,False,inf,0.0
21,BCR,False,inf,0.0
21,BCR,False,inf,0.0
21,BCR,True,3.0,13.25
21,BCR,True,24.0,134.65
21,BCR,True,13.0,71.65
21,BCR,False,inf,0.0
21,BCR,False,inf,0.0
21,BCR,False,inf,0.0
21,BCR,True,8.0,52.56
21,BCR,True,21.0,129.8
21,BCR,False,inf,0.0
21,BCR,True,15.0,75.8
21,BCR,False,inf,0.0
21,BCR,True,6.0,28.3
21,BCR,True,19.0,94.99000000000001
21,BCR,False,inf,0.0
21,BCR,False,inf,0.0
21,BCR,False,inf,0.0
21,BCR,True,23.0,117.3
21,BCR,True,3.0,20.33
21,BCR,False,inf,0.0
21,BCR,True,5.0,37.84
21,BCR,False,inf,0.0
21,BCR,False,inf,0.0
21,BCR,False,inf,0.0
21,BCR,False,inf,0.0
21,BCR,False,inf,0.0
21,BCR,True,13.0,63.76
21,BCR,False,inf,0.0
21,BCR,False,inf,0.0
21,BCR,True,15.0,75.85
21,BCR,True,10.0,50.07
21,BCR,True,10.0,51.75
21,BCR,True,18.0,96.02
21,BCR,True,14.0,69.24
21,BCR,True,1.0,3.47
21,BCR,True,9.0,56.07
21,BCR,False,inf,0.0
21,BCR,True,27.0,135.21
21,BCR,True,15.0,75.85
21,BCR,True,7.0,42.0
21,BCR,False,inf,0.0
21,BCR,True,4.0,27.92
21,BCR,False,inf,0.0
21,BCR,False,inf,0.0
21,BCR,False,inf,0.0
21,BCR,True,26.0,145.26
21,BCR,True,9.0,45.63
21,BCR,True,29.0,166.25
21,BCR,False,inf,0.0
21,BCR,True,4.0,26.9
21,BCR,True,24.0,125.77
21,BCR,False,inf,0.0
21,BCR,True,18.0,88.92
21,BCR,False,inf,0.0
21,BCR,False,inf,0.0
21,BCR,True,2.0,12.1
21,BCR,False,inf,0.0
21,BCR,False,inf,0.0
21,BCR,True,5.0,23.68
21,BCR,False,inf,0.0
21,BCR,True,14.0,84.27
21,BCR,True,28.0,169.33
21,BCR,True,15.0,71.56
21,BCR,False,inf,0.0
21,BCR,False,inf,0.0
21,BCR,True,13.0,69.99
21,BCR,False,inf,0.0
21,BCR,False,inf,0.0
21,BCR,True,14.0,66.4
21,BCR,True,28.0,147.75
21,BCR,False,inf,0.0
21,BCR,False,inf,0.0
21,BCR,True,24.0,114.93
21,BCR,True,23.0,115.05
21,BCR,True,1.0,6.53
21,BCR,False,inf,0.0
21,BCR,True,14.0,66.4
21,BCR,True,22.0,103.49
21,BCR,True,12.0,66.08
21,BCR,False,inf,0.0
21,BCR,False,inf,0.0
21,BCR,True,16.0,78.58
21,BCR,True,22.0,126.29
21,BCR,False,inf,0.0
21,BCR,False,inf,0.0
21,BCR,True,20.0,114.39
21,BCR,False,inf,0.0
21,BCR,False,inf,0.0
21,BCR,True,13.0,70.87
21,BCR,False,inf,0.0
21,BCR,False,inf,0.0
21,BCR,False,inf,0.0
21,BCR,True,12.0,68.56
21,BCR,True,13.0,70.77
21,BCR,False,inf,0.0
21,BCR,False,inf,0.0
21,BCR,True,14.0,70.60000000000001
21,BCR,True,14.0,70.39
21,BCR,True,8.0,41.68
21,BCR,False,inf,0.0
21,BCR,False,inf,0.0
21,BCR,True,16.0,90.94
21,BCR,True,15.0,74.29
21,BCR,False,inf,0.0
21,BCR,True,4.0,14.25
21,BCR,True,24.0,136.61
21,BCR,False,inf,0.0
21,BCR,False,inf,0.0
21,BCR,True,9.0,48.38
21,BCR,False,inf,0.0
21,BCR,True,1.0,8.73
21,BCR,False,inf,0.0
21,BCR,True,7.0,28.18
21,BCR,False,inf,0.0
21,BCR,True,22.0,107.58
21,BCR,False,inf,0.0
21,BCR,False,inf,0.0
21,BCR,True,7.0,50.82
21,BCR,False,inf,0.0
21,BCR,False,inf,0.0
21,BCR,False,inf,0.0
21,BCR,False,inf,0.0
21,BCR,True,15.0,74.29
21,BCR,False,inf,0.0
21,BCR,False,inf,0.0
21,BCR,True,5.0,23.61
21,BCR,True,2.0,15.52
21,BCR,False,inf,0.0
21,BCR,True,5.0,25.94
21,BCR,True,10.0,48.11
21,BCR,True,27.0,156.99
21,BCR,False,inf,0.0
21,BCR,True,6.0,24.45
21,BCR,True,17.0,85.71000000000001
21,BCR,True,30.0,183.88
21,BCR,False,inf,0.0
21,BCR,False,inf,0.0
21,BCR,True,6.0,34.93
21,BCR,True,15.0,74.36
21,BCR,False,inf,0.0
21,BCR,False,inf,0.0
21,BCR,False,inf,0.0
21,BCR,False,inf,0.0
21,BCR,True,17.0,79.93
21,BCR,False,inf,0.0
21,BCR,False,inf,0.0
21,BCR,True,26.0,155.93
21,BCR,True,8.0,47.03
21,BCR,True,20.0,114.39
21,BCR,False,inf,0.0
21,BCR,False,inf,0.0
21,BCR,False,inf,0.0
21,BCR,True,14.0,74.24000000000001
21,BCR,False,inf,0.0
21,BCR,False,inf,0.0
21,BCR,False,inf,0.0
21,BCR,False,inf,0.0
21,BCR,False,inf,0.0
21,BCR,False,inf,0.0
21,BCR,False,inf,0.0
21,BCR,False,inf,0.0
21,BCR,False,inf,0.0
21,BCR,False,inf,0.0
21,BCR,True,9.0,43.46
21,BCR,True,24.0,125.77
21,BCR,False,inf,0.0
21,BCR,True,10.0,50.07
21,BCR,True,19.0,102.16
21,BCR,True,9.0,44.76
21,BCR,True,24.0,117.59
21,BCR,True,21.0,99.29
21,BCR,True,14.0,66.46
21,BCR,False,inf,0.0
21,BCR,True,3.0,10.52
21,BCR,False,inf,0.0
21,BCR,True,6.0,33.43
21,BCR,False,inf,0.0
21,BCR,True,18.0,104.81
21,BCR,True,9.0,44.7
21,BCR,False,inf,0.0
21,BCR,True,13.0,77.25
21,BCR,False,inf,0.0
21,BCR,False,inf,0.0
21,BCR,True,4.0,29.11
21,BCR,True,13.0,62.67
21,BCR,True,23.0,116.02
21,BCR,False,inf,0.0
21,BCR,False,inf,0.0
21,BCR,False,inf,0.0
21,BCR,True,22.0,108.18
21,BCR,False,inf,0.0
21,BCR,True,18.0,92.99000000000001
21,BCR,False,inf,0.0
21,BCR,True,27.0,161.9
21,BCR,True,2.0,13.07
21,BCR,False,inf,0.0
21,BCR,True,13.0,63.33
21,BCR,True,11.0,45.17
21,BCR,True,16.0,95.08
21,BCR,True,19.0,113.58
21,BCR,True,12.0,57.13
21,BCR,True,7.0,26.35
21,BCR,False,inf,0.0
21,BCR,False,inf,0.0
21,BCR,True,19.0,87.88
21,BCR,False,inf,0.0
21,BCR,True,3.0,10.52
21,BCR,False,inf,0.0
21,BCR,False,inf,0.0
21,BCR,False,inf,0.0
21,BCR,True,20.0,100.77
21,BCR,True,16.0,78.58
21,BCR,True,2.0,16.11
21,BCR,True,6.0,32.79
21,BCR,False,inf,0.0
21,BCR,False,inf,0.0
21,BCR,True,12.0,59.93
21,BCR,True,23.0,127.04
21,BCR,True,30.0,182.02
21,BCR,True,11.0,57.04
21,BCR,False,inf,0.0
21,BCR,True,17.0,99.76
21,BCR,True,12.0,61.38
21,BCR,True,19.0,98.81
21,BCR,True,4.0,16.42
21,BCR,True,26.0,136.13
21,BCR,True,3.0,24.259999999999998
21,BCR,False,inf,0.0
21,BCR,True,13.0,76.44
21,BCR,True,21.0,99.98
21,BCR,True,28.0,151.0
21,BCR,True,22.0,112.37
21,BCR,True,14.0,71.78
21,BCR,False,inf,0.0
21,BCR,False,inf,0.0
21,BCR,True,6.0,20.23
21,BCR,True,5.0,23.89
21,BCR,True,4.0,19.41
21,BCR,True,9.0,47.74
21,BCR,True,1.0,6.53
21,BCR,True,7.0,31.53
21,BCR,True,6.0,28.3
21,BCR,False,inf,0.0
21,BCR,True,2.0,14.7
21,BCR,True,7.0,44.2
21,BCR,False,inf,0.0
21,BCR,True,24.0,122.33
21,BCR,False,inf,0.0
21,BCR,True,29.0,175.64
21,BCR,False,inf,0.0
21,BCR,True,16.0,91.93
21,BCR,False,inf,0.0
21,BCR,True,14.0,70.79
21,BCR,False,inf,0.0
21,BCR,True,14.0,66.4
21,BCR,False,inf,0.0
21,BCR,True,5.0,37.84
21,BCR,False,inf,0.0
21,BCR,False,inf,0.0
21,BCR,True,25.0,127.14
21,BCR,True,24.0,132.39000000000001
21,BCR,False,inf,0.0
21,BCR,True,5.0,33.43
21,BCR,False,inf,0.0
21,BCR,True,8.0,36.78
21,BCR,False,inf,0.0
21,BCR,True,2.0,13.379999999999999
21,BCR,False,inf,0.0
21,BCR,False,inf,0.0
21,BCR,True,6.0,30.35
21,BCR,False,inf,0.0
21,BCR,False,inf,0.0
21,BCR,False,inf,0.0
21,BCR,True,12.0,62.260000000000005
21,BCR,True,11.0,63.57
21,BCR,False,inf,0.0
21,BCR,False,inf,0.0
21,BCR,False,inf,0.0
21,BCR,True,14.0,66.4
21,BCR,True,17.0,85.81
21,BCR,False,inf,0.0
21,BCR,True,18.0,104.34
21,BCR,False,inf,0.0
21,BCR,True,6.0,36.65
21,BCR,True,4.0,23.19
21,BCR,True,4.0,29.05
21,BCR,False,inf,0.0
21,BCR,True,17.0,78.7
21,BCR,False,inf,0.0
21,BCR,True,14.0,87.17
21,BCR,False,inf,0.0
21,BCR,False,inf,0.0
21,BCR,True,22.0,112.81
21,BCR,False,inf,0.0
21,BCR,True,8.0,41.03
21,BCR,True,11.0,51.14
21,BCR,True,12.0,55.68
21,BCR,True,13.0,65.83
21,BCR,False,inf,0.0
21,BCR,True,14.0,70.60000000000001
21,BCR,False,inf,0.0
21,BCR,False,inf,0.0
21,BCR,True,16.0,80.10000000000001
21,BCR,False,inf,0.0
21,BCR,True,11.0,51.14
21,BCR,True,26.0,142.99
21,BCR,False,inf,0.0
21,BCR,True,1.0,5.16
21,BCR,False,inf,0.0
21,BCR,False,inf,0.0
21,BCR,False,inf,0.0
21,BCR,True,5.0,34.95
21,BCR,False,inf,0.0
21,BCR,False,inf,0.0
21,BCR,True,25.0,133.26
21,BCR,False,inf,0.0
21,BCR,True,7.0,42.0
21,BCR,False,inf,0.0
21,BCR,True,19.0,93.42
21,BCR,False,inf,0.0
21,BCR,True,20.0,103.87
21,BCR,False,inf,0.0
21,BCR,True,6.0,34.67
21,BCR,True,4.0,16.42
21,BCR,False,inf,0.0
21,BCR,False,inf,0.0
21,BCR,True,21.0,93.11
21,BCR,True,9.0,53.86
21,BCR,True,11.0,63.63
21,BCR,False,inf,0.0
21,BCR,False,inf,0.0
21,BCR,True,2.0,13.379999999999999
21,BCR,False,inf,0.0
21,BCR,False,inf,0.0
21,BCR,False,inf,0.0
21,BCR,True,19.0,92.3
21,BCR,True,17.0,99.76
21,BCR,True,22.0,112.37
21,BCR,True,2.0,15.87
21,BCR,False,inf,0.0
21,BCR,True,31.0,186.36
21,BCR,True,11.0,64.56
21,BCR,False,inf,0.0
21,BCR,False,inf,0.0
21,BCR,False,inf,0.0
21,BCR,True,22.0,112.18
21,BCR,True,25.0,127.47
21,BCR,True,5.0,33.43
21,BCR,True,20.0,116.98
21,BCR,True,15.0,74.36
21,BCR,False,inf,0.0
21,BCR,False,inf,0.0
21,BCR,False,inf,0.0
21,BCR,True,21.0,121.23
21,BCR,True,2.0,15.709999999999999
21,BCR,False,inf,0.0
21,BCR,False,inf,0.0
21,BCR,True,22.0,94.13
21,BCR,True,20.0,114.77
21,BCR,True,5.0,19.39
21,BCR,True,14.0,78.64
21,BCR,True,20.0,101.13
21,BCR,True,9.0,51.85
21,BCR,False,inf,0.0
21,BCR,True,14.0,71.78
21,BCR,False,inf,0.0
21,BCR,True,8.0,40.589999999999996
21,BCR,True,15.0,80.68
21,BCR,True,8.0,52.56
21,BCR,True,25.0,142.27
21,BCR,True,12.0,54.09
21,BCR,True,8.0,43.56
21,BCR,False,inf,0.0
21,BCR,False,inf,0.0
21,BCR,True,22.0,122.66
21,BCR,True,4.0,26.87
21,BCR,False,inf,0.0
21,BCR,False,inf,0.0
21,BCR,True,2.0,12.0
21,BCR,True,1.0,8.45
21,BCR,True,10.0,51.53
21,BCR,True,3.0,15.65
21,BCR,True,11.0,69.1
21,BCR,True,5.0,17.72
21,BCR,True,19.0,94.63
21,BCR,True,12.0,69.34
21,BCR,False,inf,0.0
21,BCR,False,inf,0.0
21,BCR,False,inf,0.0
21,BCR,True,14.0,70.12
21,BCR,True,29.0,166.6
21,BCR,False,inf,0.0
21,BCR,True,25.0,119.43
21,BCR,True,23.0,110.41
21,BCR,True,29.0,174.74
21,BCR,True,19.0,85.2
21,BCR,False,inf,0.0
21,BCR,False,inf,0.0
21,BCR,False,inf,0.0
21,BCR,True,9.0,51.85
21,BCR,True,9.0,40.64
21,BCR,True,11.0,55.78
21,BCR,False,inf,0.0
21,BCR,True,6.0,20.25
21,BCR,True,26.0,151.17
21,BCR,True,14.0,84.66
21,BCR,False,inf,0.0
21,BCR,False,inf,0.0
21,BCR,False,inf,0.0
21,BCR,False,inf,0.0
21,BCR,True,18.0,107.59
21,BCR,False,inf,0.0
21,BCR,False,inf,0.0
21,BCR,True,7.0,27.65
21,BCR,True,2.0,12.1
21,BCR,False,inf,0.0
21,BCR,False,inf,0.0
21,BCR,False,inf,0.0
21,BCR,True,1.0,3.73
21,BCR,True,13.0,70.77
21,BCR,True,18.0,84.67
21,BCR,False,inf,0.0
21,BCR,False,inf,0.0
21,BCR,True,10.0,43.67
21,BCR,True,26.0,126.73
21,BCR,False,inf,0.0
21,BCR,False,inf,0.0
21,BCR,False,inf,0.0
21,BCR,True,15.0,76.15
21,BCR,True,20.0,99.5
21,BCR,True,1.0,6.25
21,BCR,False,inf,0.0
21,BCR,True,13.0,61.62
21,BCR,False,inf,0.0
21,BCR,False,inf,0.0
21,BCR,False,inf,0.0
21,BCR,True,3.0,15.57
21,BCR,True,13.0,70.87
21,BCR,False,inf,0.0
21,BCR,True,7.0,39.79
21,BCR,False,inf,0.0
21,BCR,False,inf,0.0
21,BCR,False,inf,0.0
21,BCR,False,inf,0.0
21,BCR,False,inf,0.0
21,BCR,True,6.0,34.93
21,BCR,False,inf,0.0
21,BCR,True,8.0,43.49
21,BCR,True,12.0,54.09
21,BCR,False,inf,0.0
21,BCR,False,inf,0.0
21,BCR,True,12.0,52.49
21,BCR,True,8.0,43.49
21,BCR,False,inf,0.0
21,BCR,True,2.0,12.46
21,BCR,True,8.0,48.99
21,BCR,False,inf,0.0
21,BCR,True,7.0,32.99
21,BCR,True,10.0,51.75
21,BCR,True,20.0,101.58
21,BCR,False,inf,0.0
21,BCR,True,3.0,11.38
21,BCR,True,12.0,57.13
21,BCR,True,17.0,83.7
21,BCR,True,28.0,144.86
21,BCR,False,inf,0.0
21,BCR,True,10.0,50.95
21,BCR,True,25.0,127.47
21,BCR,False,inf,0.0
21,BCR,True,2.0,12.0
21,BCR,True,13.0,82.1
21,BCR,False,inf,0.0
21,BCR,False,inf,0.0
21,BCR,True,3.0,20.87
21,BCR,False,inf,0.0
21,BCR,True,20.0,90.37
21,BCR,True,14.0,69.24
21,BCR,False,inf,0.0
21,BCR,True,32.0,194.6
21,BCR,False,inf,0.0
21,BCR,True,31.0,178.74
21,BCR,False,inf,0.0
21,BCR,False,inf,0.0
21,BCR,False,inf,0.0
21,BCR,False,inf,0.0
21,BCR,False,inf,0.0
21,BCR,True,2.0,8.16
21,BCR,False,inf,0.0
21,BCR,True,32.0,194.16
21,BCR,False,inf,0.0
21,BCR,True,3.0,20.33
21,BCR,False,inf,0.0
21,BCR,False,inf,0.0
21,BCR,True,16.0,74.57000000000001
21,BCR,True,11.0,52.12
21,BCR,False,inf,0.0
21,BCR,False,inf,0.0
21,BCR,True,21.0,99.29
21,BCR,True,12.0,55.68
21,BCR,True,32.0,189.69
21,BCR,True,29.0,175.64
21,BCR,True,20.0,103.87
21,BCR,False,inf,0.0
21,BCR,False,inf,0.0
21,BCR,False,inf,0.0
21,BCR,True,14.0,65.89
21,BCR,True,26.0,137.45
21,BCR,True,15.0,87.25
21,BCR,True,21.0,104.85000000000001
21,BCR,True,27.0,159.18
21,BCR,True,7.0,37.29
21,BCR,True,18.0,79.53
21,BCR,False,inf,0.0
21,BCR,False,inf,0.0
21,BCR,True,27.0,152.83
21,BCR,False,inf,0.0
21,BCR,False,inf,0.0
21,BCR,True,16.0,103.13
21,BCR,True,24.0,137.1
21,BCR,True,18.0,82.95
21,BCR,True,26.0,131.48
21,BCR,True,23.0,120.15
21,BCR,True,1.0,8.99
21,BCR,False,inf,0.0
21,BCR,True,24.0,125.02
21,BCR,False,inf,0.0
21,BCR,True,10.0,49.18
21,BCR,False,inf,0.0
21,BCR,False,inf,0.0
21,BCR,False,inf,0.0
21,BCR,False,inf,0.0
21,BCR,True,3.0,17.29
21,BCR,True,9.0,41.24
21,BCR,True,24.0,121.23
21,BCR,True,8.0,43.49
21,BCR,True,30.0,182.02
21,BCR,True,3.0,25.630000000000003
21,BCR,True,10.0,51.75
21,BCR,True,11.0,52.12
21,BCR,False,inf,0.0
21,BCR,False,inf,0.0
21,BCR,True,16.0,75.64
21,BCR,False,inf,0.0
21,BCR,False,inf,0.0
21,BCR,True,30.0,179.84
21,BCR,False,inf,0.0
21,BCR,True,12.0,67.07000000000001
21,BCR,True,8.0,48.02
21,BCR,True,4.0,17.03
21,BCR,True,13.0,58.64
21,BCR,False,inf,0.0
21,BCR,True,18.0,94.08
21,BCR,False,inf,0.0
21,BCR,True,18.0,88.85
21,BCR,False,inf,0.0
21,BCR,False,inf,0.0
21,BCR,True,28.0,159.36
21,BCR,False,inf,0.0
21,BCR,False,inf,0.0
21,BCR,False,inf,0.0
21,BCR,False,inf,0.0
21,BCR,True,1.0,2.2
21,BCR,False,inf,0.0
21,BCR,False,inf,0.0
21,BCR,True,7.0,38.4
21,BCR,True,9.0,53.86
21,BCR,True,31.0,191.27
21,BCR,False,inf,0.0
21,BCR,True,3.0,21.09
21,BCR,False,inf,0.0
21,BCR,False,inf,0.0
21,BCR,False,inf,0.0
21,BCR,False,inf,0.0
21,BCR,False,inf,0.0
21,BCR,True,8.0,48.99
21,BCR,True,11.0,57.04
21,BCR,True,14.0,72.2
21,BCR,False,inf,0.0
21,BCR,False,inf,0.0
21,BCR,False,inf,0.0
21,BCR,True,26.0,155.93
21,BCR,True,6.0,31.1
21,BCR,True,30.0,183.88
21,BCR,True,14.0,70.60000000000001
21,BCR,False,inf,0.0
21,BCR,False,inf,0.0
21,BCR,True,8.0,37.97
21,BCR,True,27.0,155.67000000000002
21,BCR,True,13.0,58.54
21,BCR,False,inf,0.0
21,BCR,False,inf,0.0
21,BCR,False,inf,0.0
21,BCR,False,inf,0.0
21,BCR,True,4.0,26.07
21,BCR,False,inf,0.0
21,BCR,False,inf,0.0
21,BCR,True,5.0,20.88
21,BCR,True,13.0,62.67
21,BCR,True,1.0,6.25
21,BCR,True,18.0,107.59
21,BCR,False,inf,0.0
21,BCR,False,inf,0.0
21,BCR,True,8.0,36.91
21,BCR,False,inf,0.0
21,BCR,True,14.0,73.67
21,BCR,True,9.0,50.0
21,BCR,True,14.0,77.11
21,BCR,True,6.0,36.04
21,BCR,False,inf,0.0
21,BCR,False,inf,0.0
21,BCR,True,11.0,48.410000000000004
21,BCR,True,11.0,52.4
21,BCR,False,inf,0.0
21,BCR,True,5.0,18.25
21,BCR,False,inf,0.0
21,BCR,True,26.0,130.63
21,BCR,True,2.0,11.879999999999999
21,BCR,False,inf,0.0
21,BCR,True,22.0,134.09
21,BCR,False,inf,0.0
21,BCR,True,1.0,4.48
21,BCR,False,inf,0.0
21,BCR,False,inf,0.0
21,BCR,True,27.0,152.83
21,DCR,False,inf,0.0
21,DCR,True,28.0,148.09
21,DCR,True,24.0,120.38
21,DCR,True,13.0,61.129999999999995
21,DCR,False,inf,0.0
21,DCR,False,inf,0.0
21,DCR,True,12.0,57.769999999999996
21,DCR,True,4.0,25.88
21,DCR,False,inf,0.0
21,DCR,False,inf,0.0
21,DCR,True,13.0,58.19
21,DCR,False,inf,0.0
21,DCR,True,15.0,76.17
21,DCR,False,inf,0.0
21,DCR,True,13.0,64.9
21,DCR,True,16.0,73.84
21,DCR,False,inf,0.0
21,DCR,True,25.0,110.07000000000001
21,DCR,True,11.0,54.74
21,DCR,False,inf,0.0
21,DCR,False,inf,0.0
21,DCR,True,7.0,39.76
21,DCR,True,14.0,67.42
21,DCR,True,11.0,63.42
21,DCR,False,inf,0.0
21,DCR,False,inf,0.0
21,DCR,False,inf,0.0
21,DCR,False,inf,0.0
21,DCR,False,inf,0.0
21,DCR,False,inf,0.0
21,DCR,True,14.0,66.46
21,DCR,False,inf,0.0
21,DCR,False,inf,0.0
21,DCR,True,29.0,152.65
21,DCR,True,1.0,3.27
21,DCR,True,10.0,54.78
21,DCR,False,inf,0.0
21,DCR,False,inf,0.0
21,DCR,False,inf,0.0
21,DCR,True,16.0,76.04
21,DCR,True,27.0,136.1
21,DCR,False,inf,0.0
21,DCR,False,inf,0.0
21,DCR,True,13.0,66.36
21,DCR,False,inf,0.0
21,DCR,True,1.0,5.16
21,DCR,False,inf,0.0
21,DCR,False,inf,0.0
21,DCR,False,inf,0.0
21,DCR,True,10.0,42.99
21,DCR,True,3.0,13.25
21,DCR,False,inf,0.0
21,DCR,True,1.0,4.46
21,DCR,False,inf,0.0
21,DCR,False,inf,0.0
21,DCR,False,inf,0.0
21,DCR,False,inf,0.0
21,DCR,False,inf,0.0
21,DCR,False,inf,0.0
21,DCR,False,inf,0.0
21,DCR,False,inf,0.0
21,DCR,False,inf,0.0
21,DCR,False,inf,0.0
21,DCR,True,2.0,6.66
21,DCR,True,19.0,91.07
21,DCR,True,2.0,17.17
21,DCR,True,6.0,29.42
21,DCR,False,inf,0.0
21,DCR,True,24.0,111.03
21,DCR,True,17.0,87.3
21,DCR,True,11.0,51.4
21,DCR,False,inf,0.0
21,DCR,False,inf,0.0
21,DCR,False,inf,0.0
21,DCR,False,inf,0.0
21,DCR,True,6.0,33.04
21,DCR,True,10.0,54.3
21,DCR,False,inf,0.0
21,DCR,True,2.0,8.4
21,DCR,False,inf,0.0
21,DCR,False,inf,0.0
21,DCR,True,19.0,104.57
21,DCR,False,inf,0.0
21,DCR,True,9.0,46.69
21,DCR,False,inf,0.0
21,DCR,False,inf,0.0
21,DCR,True,6.0,31.99
21,DCR,False,inf,0.0
21,DCR,True,9.0,50.660000000000004
21,DCR,True,19.0,98.62
21,DCR,True,15.0,68.3
21,DCR,True,13.0,71.31
21,DCR,True,7.0,34.92
21,DCR,True,3.0,24.56
21,DCR,True,24.0,112.96
21,DCR,False,inf,0.0
21,DCR,True,27.0,128.68
21,DCR,True,12.0,56.53
21,DCR,True,6.0,29.41
21,DCR,True,22.0,118.41
21,DCR,False,inf,0.0
21,DCR,False,inf,0.0
21,DCR,False,inf,0.0
21,DCR,True,15.0,70.06
21,DCR,True,25.0,119.85
21,DCR,True,25.0,118.88
21,DCR,False,inf,0.0
21,DCR,True,11.0,53.81
21,DCR,False,inf,0.0
21,DCR,True,10.0,51.37
21,DCR,True,18.0,83.51
21,DCR,False,inf,0.0
21,DCR,True,2.0,4.75
21,DCR,False,inf,0.0
21,DCR,False,inf,0.0
21,DCR,False,inf,0.0
21,DCR,False,inf,0.0
21,DCR,False,inf,0.0
21,DCR,False,inf,0.0
21,DCR,True,11.0,54.74
21,DCR,False,inf,0.0
21,DCR,False,inf,0.0
21,DCR,False,inf,0.0
21,DCR,True,20.0,87.72
21,DCR,True,4.0,16.19
21,DCR,False,inf,0.0
21,DCR,True,24.0,114.54
21,DCR,True,23.0,104.84
21,DCR,False,inf,0.0
21,DCR,True,5.0,37.21
21,DCR,True,8.0,42.41
21,DCR,False,inf,0.0
21,DCR,True,17.0,87.3
21,DCR,True,15.0,60.36
21,DCR,True,14.0,68.41
21,DCR,False,inf,0.0
21,DCR,False,inf,0.0
21,DCR,True,6.0,39.31
21,DCR,False,inf,0.0
21,DCR,False,inf,0.0
21,DCR,False,inf,0.0
21,DCR,True,10.0,50.04
21,DCR,False,inf,0.0
21,DCR,True,27.0,143.41
21,DCR,True,6.0,31.34
21,DCR,True,4.0,26.51
21,DCR,True,8.0,47.95
21,DCR,True,9.0,46.82
21,DCR,False,inf,0.0
21,DCR,True,8.0,52.86
21,DCR,True,15.0,66.69
21,DCR,False,inf,0.0
21,DCR,False,inf,0.0
21,DCR,False,inf,0.0
21,DCR,False,inf,0.0
21,DCR,False,inf,0.0
21,DCR,True,28.0,137.26
21,DCR,True,11.0,51.4
21,DCR,False,inf,0.0
21,DCR,True,15.0,88.53
21,DCR,False,inf,0.0
21,DCR,False,inf,0.0
21,DCR,False,inf,0.0
21,DCR,True,23.0,130.32
21,DCR,False,inf,0.0
21,DCR,False,inf,0.0
21,DCR,False,inf,0.0
21,DCR,True,6.0,38.84
21,DCR,False,inf,0.0
21,DCR,True,28.0,136.08
21,DCR,True,3.0,21.52
21,DCR,False,inf,0.0
21,DCR,False,inf,0.0
21,DCR,False,inf,0.0
21,DCR,True,11.0,49.24
21,DCR,False,inf,0.0
21,DCR,False,inf,0.0
21,DCR,True,7.0,35.63
21,DCR,False,inf,0.0
21,DCR,False,inf,0.0
21,DCR,True,21.0,97.61
21,DCR,False,inf,0.0
21,DCR,False,inf,0.0
21,DCR,True,8.0,37.28
21,DCR,True,16.0,66.07
21,DCR,False,inf,0.0
21,DCR,False,inf,0.0
21,DCR,False,inf,0.0
21,DCR,True,1.0,3.27
21,DCR,False,inf,0.0
21,DCR,True,6.0,30.49
21,DCR,False,inf,0.0
21,DCR,True,8.0,40.72
21,DCR,True,12.0,58.15
21,DCR,True,1.0,4.46
21,DCR,True,16.0,76.64
21,DCR,True,10.0,52.63
21,DCR,True,12.0,57.16
21,DCR,False,inf,0.0
21,DCR,True,14.0,69.94
21,DCR,False,inf,0.0
21,DCR,False,inf,0.0
21,DCR,False,inf,0.0
21,DCR,False,inf,0.0
21,DCR,True,14.0,75.55
21,DCR,True,21.0,106.17
21,DCR,True,26.0,124.73
21,DCR,False,inf,0.0
21,DCR,False,inf,0.0
21,DCR,True,1.0,7.08
21,DCR,True,5.0,23.15
21,DCR,True,27.0,143.02
21,DCR,True,28.0,136.95
21,DCR,False,inf,0.0
21,DCR,False,inf,0.0
21,DCR,False,inf,0.0
21,DCR,False,inf,0.0
21,DCR,True,4.0,22.47
21,DCR,True,12.0,59.339999999999996
21,DCR,False,inf,0.0
21,DCR,True,3.0,20.61
21,DCR,False,inf,0.0
21,DCR,False,inf,0.0
21,DCR,True,12.0,58.15
21,DCR,True,1.0,5.65
21,DCR,False,inf,0.0
21,DCR,True,15.0,88.53
21,DCR,True,5.0,26.759999999999998
21,DCR,True,5.0,27.61
21,DCR,False,inf,0.0
21,DCR,False,inf,0.0
21,DCR,True,4.0,21.96
21,DCR,False,inf,0.0
21,DCR,True,2.0,12.11
21,DCR,True,6.0,31.34
21,DCR,True,3.0,9.83
21,DCR,True,3.0,20.169999999999998
21,DCR,False,inf,0.0
21,DCR,True,15.0,72.14
21,DCR,True,11.0,57.769999999999996
21,DCR,True,22.0,106.65
21,DCR,False,inf,0.0
21,DCR,False,inf,0.0
21,DCR,False,inf,0.0
21,DCR,True,15.0,62.31
21,DCR,False,inf,0.0
21,DCR,False,inf,0.0
21,DCR,True,8.0,41.589999999999996
21,DCR,False,inf,0.0
21,DCR,False,inf,0.0
21,DCR,False,inf,0.0
21,DCR,True,11.0,56.75
21,DCR,True,9.0,47.97
21,DCR,False,inf,0.0
21,DCR,True,7.0,41.28
21,DCR,True,4.0,26.23
21,DCR,True,11.0,56.95
21,DCR,False,inf,0.0
21,DCR,True,11.0,55.39
21,DCR,False,inf,0.0
21,DCR,False,inf,0.0
21,DCR,True,15.0,82.51
21,DCR,True,14.0,70.05
21,DCR,True,22.0,112.85
21,DCR,True,28.0,137.26
21,DCR,False,inf,0.0
21,DCR,False,inf,0.0
21,DCR,True,5.0,29.09
21,DCR,True,14.0,64.1
21,DCR,False,inf,0.0
21,DCR,False,inf,0.0
21,DCR,False,inf,0.0
21,DCR,True,10.0,57.37
21,DCR,True,13.0,55.66
21,DCR,False,inf,0.0
21,DCR,False,inf,0.0
21,DCR,False,inf,0.0
21,DCR,True,14.0,68.41
21,DCR,False,inf,0.0
21,DCR,True,15.0,65.09
21,DCR,True,22.0,101.31
21,DCR,True,8.0,41.89
21,DCR,True,9.0,48.63
21,DCR,True,1.0,2.36
21,DCR,False,inf,0.0
21,DCR,False,inf,0.0
21,DCR,False,inf,0.0
21,DCR,False,inf,0.0
21,DCR,True,4.0,19.48
21,DCR,False,inf,0.0
21,DCR,False,inf,0.0
21,DCR,False,inf,0.0
21,DCR,True,2.0,13.07
21,DCR,True,4.0,27.96
21,DCR,True,26.0,141.72
21,DCR,True,15.0,68.19
21,DCR,False,inf,0.0
21,DCR,False,inf,0.0
21,DCR,False,inf,0.0
21,DCR,True,24.0,112.92
21,DCR,False,inf,0.0
21,DCR,False,inf,0.0
21,DCR,True,15.0,75.46
21,DCR,True,1.0,3.22
21,DCR,True,16.0,86.12
21,DCR,False,inf,0.0
21,DCR,False,inf,0.0
21,DCR,False,inf,0.0
21,DCR,False,inf,0.0
21,DCR,True,25.0,122.04
21,DCR,False,inf,0.0
21,DCR,False,inf,0.0
21,DCR,False,inf,0.0
21,DCR,True,26.0,129.51
21,DCR,False,inf,0.0
21,DCR,False,inf,0.0
21,DCR,False,inf,0.0
21,DCR,False,inf,0.0
21,DCR,False,inf,0.0
21,DCR,False,inf,0.0
21,DCR,False,inf,0.0
21,DCR,True,22.0,123.1
21,DCR,False,inf,0.0
21,DCR,True,1.0,5.09
21,DCR,False,inf,0.0
21,DCR,False,inf,0.0
21,DCR,False,inf,0.0
21,DCR,False,inf,0.0
21,DCR,False,inf,0.0
21,DCR,True,8.0,43.64
21,DCR,True,14.0,59.95
21,DCR,False,inf,0.0
21,DCR,False,inf,0.0
21,DCR,False,inf,0.0
21,DCR,False,inf,0.0
21,DCR,False,inf,0.0
21,DCR,True,13.0,53.62
21,DCR,False,inf,0.0
21,DCR,True,5.0,26.93
21,DCR,False,inf,0.0
21,DCR,False,inf,0.0
21,DCR,True,22.0,98.77
21,DCR,False,inf,0.0
21,DCR,False,inf,0.0
21,DCR,False,inf,0.0
21,DCR,False,inf,0.0
21,DCR,True,25.0,115.81
21,DCR,False,inf,0.0
21,DCR,True,15.0,70.06
21,DCR,True,3.0,18.74
21,DCR,False,inf,0.0
21,DCR,True,1.0,8.99
21,DCR,True,3.0,19.31
21,DCR,True,13.0,58.33
21,DCR,True,9.0,44.57
21,DCR,True,7.0,38.93
21,DCR,False,inf,0.0
21,DCR,False,inf,0.0
21,DCR,False,inf,0.0
21,DCR,True,3.0,11.030000000000001
21,DCR,True,4.0,26.59
21,DCR,False,inf,0.0
21,DCR,True,14.0,67.51
21,DCR,False,inf,0.0
21,DCR,True,5.0,26.419999999999998
21,DCR,False,inf,0.0
21,DCR,False,inf,0.0
21,DCR,False,inf,0.0
21,DCR,True,23.0,99.73
21,DCR,False,inf,0.0
21,DCR,True,10.0,51.37
21,DCR,True,13.0,60.28
21,DCR,True,3.0,25.09
21,DCR,False,inf,0.0
21,DCR,False,inf,0.0
21,DCR,True,15.0,76.17
21,DCR,False,inf,0.0
21,DCR,True,5.0,29.740000000000002
21,DCR,False,inf,0.0
21,DCR,True,7.0,38.769999999999996
21,DCR,False,inf,0.0
21,DCR,True,21.0,106.17
21,DCR,False,inf,0.0
21,DCR,True,16.0,72.97
21,DCR,False,inf,0.0
21,DCR,True,9.0,47.97
21,DCR,True,13.0,73.64
21,DCR,False,inf,0.0
21,DCR,False,inf,0.0
21,DCR,True,3.0,14.52
21,DCR,True,17.0,76.94
21,DCR,True,11.0,59.99
21,DCR,False,inf,0.0
21,DCR,False,inf,0.0
21,DCR,False,inf,0.0
21,DCR,True,15.0,70.06
21,DCR,False,inf,0.0
21,DCR,True,14.0,67.42
21,DCR,False,inf,0.0
21,DCR,False,inf,0.0
21,DCR,True,9.0,52.19
21,DCR,False,inf,0.0
21,DCR,True,16.0,72.59
21,DCR,False,inf,0.0
21,DCR,True,19.0,101.44
21,DCR,True,11.0,61.49
21,DCR,True,8.0,42.2
21,DCR,True,12.0,62.31
21,DCR,False,inf,0.0
21,DCR,True,5.0,26.9
21,DCR,False,inf,0.0
21,DCR,True,30.0,165.66
21,DCR,False,inf,0.0
21,DCR,False,inf,0.0
21,DCR,False,inf,0.0
21,DCR,True,27.0,130.64000000000001
21,DCR,True,26.0,139.31
21,DCR,True,11.0,64.02
21,DCR,True,13.0,72.8
21,DCR,True,7.0,35.88
21,DCR,False,inf,0.0
21,DCR,False,inf,0.0
21,DCR,True,11.0,53.54
21,DCR,False,inf,0.0
21,DCR,False,inf,0.0
21,DCR,True,5.0,31.16
21,DCR,False,inf,0.0
21,DCR,True,10.0,50.13
21,DCR,False,inf,0.0
21,DCR,False,inf,0.0
21,DCR,True,13.0,62.01
21,DCR,True,8.0,45.43
21,DCR,False,inf,0.0
21,DCR,False,inf,0.0
21,DCR,True,5.0,29.09
21,DCR,False,inf,0.0
21,DCR,True,1.0,8.99
21,DCR,True,7.0,41.16
21,DCR,False,inf,0.0
21,DCR,False,inf,0.0
21,DCR,False,inf,0.0
21,DCR,True,10.0,51.86
21,DCR,True,24.0,105.45
21,DCR,False,inf,0.0
21,DCR,True,18.0,81.89
21,DCR,True,2.0,9.95
21,DCR,False,inf,0.0
21,DCR,True,23.0,112.74
21,DCR,False,inf,0.0
21,DCR,False,inf,0.0
21,DCR,False,inf,0.0
21,DCR,False,inf,0.0
21,DCR,False,inf,0.0
21,DCR,False,inf,0.0
21,DCR,False,inf,0.0
21,DCR,True,14.0,79.55
21,DCR,False,inf,0.0
21,DCR,False,inf,0.0
21,DCR,True,12.0,61.94
21,DCR,False,inf,0.0
21,DCR,False,inf,0.0
21,DCR,False,inf,0.0
21,DCR,True,26.0,134.68
21,DCR,True,11.0,65.16
21,DCR,True,18.0,80.88
21,DCR,False,inf,0.0
21,DCR,False,inf,0.0
21,DCR,False,inf,0.0
21,DCR,False,inf,0.0
21,DCR,True,26.0,135.96
21,DCR,False,inf,0.0
21,DCR,False,inf,0.0
21,DCR,False,inf,0.0
21,DCR,True,14.0,72.61
21,DCR,False,inf,0.0
21,DCR,False,inf,0.0
21,DCR,False,inf,0.0
21,DCR,False,inf,0.0
21,DCR,True,6.0,31.59
21,DCR,True,22.0,97.92999999999999
21,DCR,False,inf,0.0
21,DCR,False,inf,0.0
21,DCR,False,inf,0.0
21,DCR,True,1.0,8.73
21,DCR,False,inf,0.0
21,DCR,True,31.0,160.61
21,DCR,False,inf,0.0
21,DCR,False,inf,0.0
21,DCR,False,inf,0.0
21,DCR,False,inf,0.0
21,DCR,True,14.0,66.49
21,DCR,True,22.0,111.56
21,DCR,True,19.0,82.55
21,DCR,True,9.0,45.09
21,DCR,True,24.0,110.17999999999999
21,DCR,False,inf,0.0
21,DCR,True,4.0,27.96
21,DCR,False,inf,0.0
21,DCR,False,inf,0.0
21,DCR,True,15.0,76.17
21,DCR,False,inf,0.0
21,DCR,False,inf,0.0
21,DCR,True,5.0,25.34
21,DCR,True,4.0,22.43
21,DCR,True,3.0,19.66
21,DCR,True,1.0,2.2
21,DCR,False,inf,0.0
21,DCR,False,inf,0.0
21,DCR,True,10.0,42.99
21,DCR,False,inf,0.0
21,DCR,True,2.0,16.64
21,DCR,True,28.0,137.26
21,DCR,True,13.0,71.56
21,DCR,False,inf,0.0
21,DCR,False,inf,0.0
21,DCR,True,27.0,128.67
21,DCR,True,25.0,125.15
21,DCR,False,inf,0.0
21,DCR,True,6.0,32.06
21,DCR,False,inf,0.0
21,DCR,True,10.0,58.21
21,DCR,True,28.0,141.35999999999999
21,DCR,True,7.0,37.11
21,DCR,True,28.0,144.14
21,DCR,False,inf,0.0
21,DCR,False,inf,0.0
21,DCR,False,inf,0.0
21,DCR,True,21.0,93.68
21,DCR,False,inf,0.0
21,DCR,True,1.0,5.47
21,DCR,False,inf,0.0
21,DCR,True,14.0,60.44
21,DCR,True,24.0,124.15
21,DCR,False,inf,0.0
21,DCR,False,inf,0.0
21,DCR,False,inf,0.0
21,DCR,False,inf,0.0
21,DCR,False,inf,0.0
21,DCR,True,2.0,7.1
21,DCR,False,inf,0.0
21,DCR,True,6.0,33.55
21,DCR,True,1.0,8.29
21,DCR,True,11.0,54.99
21,DCR,False,inf,0.0
21,DCR,False,inf,0.0
21,DCR,False,inf,0.0
21,DCR,False,inf,0.0
21,DCR,False,inf,0.0
21,DCR,False,inf,0.0
21,DCR,True,26.0,120.19
21,DCR,False,inf,0.0
21,DCR,False,inf,0.0
21,DCR,True,10.0,50.21
21,DCR,False,inf,0.0
21,DCR,False,inf,0.0
21,DCR,True,10.0,51.28
21,DCR,False,inf,0.0
21,DCR,False,inf,0.0
21,DCR,True,12.0,52.08
21,DCR,True,3.0,18.74
21,DCR,True,3.0,9.969999999999999
21,DCR,False,inf,0.0
21,DCR,False,inf,0.0
21,DCR,True,21.0,102.0
21,DCR,True,6.0,29.41
21,DCR,False,inf,0.0
21,DCR,False,inf,0.0
21,DCR,False,inf,0.0
21,DCR,True,22.0,107.97
21,DCR,True,12.0,62.31
21,DCR,False,inf,0.0
21,DCR,True,8.0,42.41
21,DCR,True,10.0,48.73
21,DCR,True,9.0,51.65
21,DCR,True,8.0,44.370000000000005
21,DCR,True,1.0,7.85
21,DCR,False,inf,0.0
21,DCR,True,14.0,59.95
21,DCR,True,22.0,98.77
21,DCR,True,8.0,46.68
21,DCR,False,inf,0.0
21,DCR,True,7.0,36.9
21,DCR,True,7.0,38.769999999999996
21,DCR,True,5.0,23.06
21,DCR,False,inf,0.0
21,DCR,False,inf,0.0
21,DCR,False,inf,0.0
21,DCR,False,inf,0.0
21,DCR,False,inf,0.0
21,DCR,False,inf,0.0
21,DCR,False,inf,0.0
21,DCR,True,2.0,6.6
21,DCR,True,8.0,41.58
21,DCR,False,inf,0.0
21,DCR,False,inf,0.0
21,DCR,True,3.0,19.56
21,DCR,False,inf,0.0
21,DCR,False,inf,0.0
21,DCR,True,9.0,52.19
21,DCR,False,inf,0.0
21,DCR,True,7.0,37.11
21,DCR,True,25.0,120.26
21,DCR,True,13.0,63.67
21,DCR,True,22.0,103.48
21,DCR,True,21.0,107.65
21,DCR,False,inf,0.0
21,DCR,True,28.0,144.14
21,DCR,False,inf,0.0
21,DCR,False,inf,0.0
21,DCR,True,7.0,33.86
21,DCR,True,29.0,151.89
21,DCR,False,inf,0.0
21,DCR,True,10.0,55.379999999999995
21,DCR,False,inf,0.0
21,DCR,True,9.0,47.81
21,DCR,False,inf,0.0
21,DCR,False,inf,0.0
21,DCR,True,20.0,87.5
21,DCR,True,6.0,34.39
21,DCR,False,inf,0.0
21,DCR,True,14.0,68.68
21,DCR,True,16.0,67.92
21,DCR,False,inf,0.0
21,DCR,True,25.0,121.2
21,DCR,False,inf,0.0
21,DCR,False,inf,0.0
21,DCR,True,27.0,146.14
21,DCR,False,inf,0.0
21,DCR,False,inf,0.0
21,DCR,False,inf,0.0
21,DCR,True,21.0,104.61
21,DCR,False,inf,0.0
21,DCR,True,34.0,171.22
21,DCR,True,26.0,131.46
21,DCR,True,11.0,55.69
21,DCR,False,inf,0.0
21,DCR,True,5.0,27.14
21,DCR,False,inf,0.0
21,DCR,True,19.0,89.54
21,DCR,False,inf,0.0
21,DCR,True,9.0,52.51
21,DCR,False,inf,0.0
21,DCR,True,15.0,88.53
21,DCR,True,22.0,108.14
21,DCR,False,inf,0.0
21,DCR,False,inf,0.0
21,DCR,True,22.0,101.77
21,DCR,False,inf,0.0
21,DCR,False,inf,0.0
21,DCR,True,12.0,56.78
21,DCR,True,19.0,86.95
21,DCR,False,inf,0.0
21,DCR,True,27.0,133.32
21,DCR,True,11.0,61.48
21,DCR,True,1.0,6.25
21,DCR,False,inf,0.0
21,DCR,False,inf,0.0
21,DCR,False,inf,0.0
21,DCR,True,2.0,4.75
21,DCR,True,29.0,144.57
21,DCR,False,inf,0.0
21,DCR,False,inf,0.0
21,DCR,True,11.0,46.269999999999996
21,DCR,True,19.0,88.19
21,DCR,False,inf,0.0
21,DCR,False,inf,0.0
21,DCR,True,2.0,13.940000000000001
21,DCR,False,inf,0.0
21,DCR,True,24.0,138.15
21,DCR,False,inf,0.0
21,DCR,False,inf,0.0
21,DCR,True,26.0,124.73
21,DCR,False,inf,0.0
21,DCR,True,20.0,104.27
21,DCR,False,inf,0.0
21,DCR,False,inf,0.0
21,DCR,False,inf,0.0
21,DCR,True,27.0,140.05
21,DCR,False,inf,0.0
21,DCR,False,inf,0.0
21,DCR,True,21.0,116.96
21,DCR,True,8.0,47.69
21,DCR,False,inf,0.0
21,DCR,True,12.0,55.78
21,DCR,True,28.0,154.92
21,DCR,True,15.0,65.09
21,DCR,False,inf,0.0
21,DCR,True,8.0,45.839999999999996
21,DCR,False,inf,0.0
21,DCR,False,inf,0.0
21,DCR,False,inf,0.0
21,DCR,True,9.0,51.29
21,DCR,True,20.0,99.47
21,DCR,True,12.0,61.75
21,DCR,False,inf,0.0
21,DCR,False,inf,0.0
21,DCR,True,6.0,33.67
21,DCR,False,inf,0.0
21,DCR,False,inf,0.0
21,DCR,False,inf,0.0
21,DCR,True,16.0,72.03
21,DCR,True,18.0,80.81
21,DCR,True,3.0,9.83
21,DCR,True,9.0,44.57
21,DCR,True,17.0,76.94
21,DCR,False,inf,0.0
21,DCR,True,16.0,86.12
21,DCR,False,inf,0.0
21,DCR,False,inf,0.0
21,DCR,True,19.0,89.54
21,DCR,True,23.0,104.46
21,DCR,False,inf,0.0
21,DCR,True,14.0,57.33
21,DCR,True,12.0,62.28
21,DCR,False,inf,0.0
21,DCR,False,inf,0.0
21,DCR,False,inf,0.0
21,DCR,False,inf,0.0
21,DCR,True,16.0,90.04
21,DCR,False,inf,0.0
21,DCR,False,inf,0.0
21,DCR,True,9.0,50.41
21,DCR,True,3.0,17.39
21,DCR,False,inf,0.0
21,DCR,False,inf,0.0
21,DCR,True,26.0,128.5
21,DCR,False,inf,0.0
21,DCR,True,8.0,36.589999999999996
21,DCR,False,inf,0.0
21,DCR,True,6.0,31.34
21,DCR,False,inf,0.0
21,DCR,False,inf,0.0
21,DCR,True,6.0,32.79
21,DCR,False,inf,0.0
21,DCR,False,inf,0.0
21,DCR,True,10.0,51.75
21,DCR,False,inf,0.0
21,DCR,True,5.0,24.06
21,DCR,False,inf,0.0
21,DCR,False,inf,0.0
21,DCR,True,12.0,62.3
21,DCR,True,14.0,71.1
21,DCR,False,inf,0.0
21,DCR,True,3.0,13.32
21,DCR,False,inf,0.0
21,DCR,False,inf,0.0
21,DCR,False,inf,0.0
21,DCR,True,6.0,29.98
21,DCR,False,inf,0.0
21,DCR,False,inf,0.0
21,DCR,True,10.0,52.34
21,DCR,True,19.0,86.04
21,DCR,False,inf,0.0
21,DCR,True,17.0,86.66
21,DCR,True,17.0,76.44
21,DCR,False,inf,0.0
21,DCR,True,3.0,24.56
21,DCR,True,1.0,9.31
21,DCR,True,15.0,71.8
21,DCR,True,11.0,53.97
21,DCR,False,inf,0.0
21,DCR,True,19.0,95.74
21,DCR,True,12.0,57.18
21,DCR,True,18.0,88.09
21,DCR,False,inf,0.0
21,DCR,False,inf,0.0
21,DCR,False,inf,0.0
21,DCR,False,inf,0.0
21,DCR,True,27.0,149.16
21,DCR,False,inf,0.0
21,DCR,False,inf,0.0
21,DCR,True,25.0,139.95
21,DCR,False,inf,0.0
21,DCR,True,2.0,10.940000000000001
21,DCR,True,22.0,118.41
21,DCR,False,inf,0.0
21,DCR,True,6.0,29.41
21,DCR,True,8.0,42.41
21,DCR,True,2.0,15.709999999999999
21,DCR,True,17.0,85.64
21,DCR,True,4.0,20.369999999999997
21,DCR,True,13.0,59.769999999999996
21,DCR,True,16.0,81.05
21,DCR,False,inf,0.0
21,DCR,True,11.0,51.32
21,DCR,False,inf,0.0
21,DCR,True,26.0,130.63
21,DCR,True,29.0,145.3
21,DCR,True,19.0,93.63
21,DCR,False,inf,0.0
21,DCR,True,2.0,8.4
21,DCR,False,inf,0.0
21,DCR,True,24.0,116.36
21,DCR,False,inf,0.0
21,DCR,False,inf,0.0
21,DCR,True,26.0,141.72
21,DCR,False,inf,0.0
21,DCR,False,inf,0.0
21,DCR,True,26.0,138.29
21,DCR,True,18.0,100.28
21,DCR,True,16.0,70.8
21,DCR,False,inf,0.0
21,DCR,False,inf,0.0
21,DCR,True,12.0,67.63
21,DCR,True,9.0,49.16
21,DCR,False,inf,0.0
21,DCR,True,1.0,5.47
21,DCR,True,30.0,151.0
21,DCR,True,1.0,5.47
21,DCR,True,6.0,33.67
21,DCR,True,9.0,49.16
21,DCR,True,16.0,71.66
21,DCR,True,10.0,52.1
21,DCR,True,12.0,56.55
21,DCR,False,inf,0.0
21,DCR,True,26.0,136.83
21,DCR,False,inf,0.0
21,DCR,False,inf,0.0
21,DCR,False,inf,0.0
21,DCR,True,13.0,61.33
21,DCR,True,15.0,76.45
21,DCR,False,inf,0.0
21,DCR,True,23.0,107.24
21,DCR,True,3.0,13.32
21,DCR,False,inf,0.0
21,DCR,False,inf,0.0
21,DCR,True,14.0,63.94
21,DCR,True,5.0,26.9
21,DCR,True,24.0,120.38
21,DCR,True,16.0,70.7
21,DCR,True,10.0,51.37
21,DCR,True,13.0,66.11
21,DCR,True,1.0,7.49
21,DCR,True,21.0,104.61
21,DCR,True,9.0,50.41
21,DCR,False,inf,0.0
21,DCR,True,22.0,97.92999999999999
21,DCR,False,inf,0.0
21,DCR,True,26.0,131.46
21,DCR,True,22.0,98.77
21,DCR,False,inf,0.0
21,DCR,False,inf,0.0
21,DCR,True,30.0,153.58
21,DCR,False,inf,0.0
21,DCR,False,inf,0.0
21,DCR,True,18.0,91.95
21,DCR,False,inf,0.0
21,DCR,False,inf,0.0
21,DCR,False,inf,0.0
21,DCR,False,inf,0.0
21,DCR,True,21.0,106.17
21,DCR,True,13.0,76.96
21,DCR,False,inf,0.0
21,DCR,False,inf,0.0
21,DCR,False,inf,0.0
21,DCR,True,1.0,9.25
21,DCR,False,inf,0.0
21,DCR,True,21.0,102.0
21,DCR,True,20.0,93.46
21,DCR,False,inf,0.0
21,DCR,False,inf,0.0
21,DCR,False,inf,0.0
21,DCR,True,23.0,100.44
21,DCR,True,5.0,25.130000000000003
21,DCR,False,inf,0.0
21,DCR,False,inf,0.0
21,DCR,True,11.0,60.52
21,DCR,False,inf,0.0
21,DCR,True,21.0,110.76
21,DCR,True,22.0,101.81
21,DCR,True,3.0,17.78
21,DCR,True,26.0,127.51
21,DCR,True,24.0,115.73
21,DCR,True,17.0,89.59
21,DCR,False,inf,0.0
21,DCR,True,19.0,89.54
21,DCR,True,12.0,61.78
21,DCR,False,inf,0.0
21,DCR,False,inf,0.0
21,DCR,False,inf,0.0
21,DCR,True,28.0,135.98
21,DCR,True,5.0,31.54
21,DCR,False,inf,0.0
21,DCR,True,25.0,116.75
21,DCR,False,inf,0.0
21,DCR,False,inf,0.0
21,DCR,True,13.0,58.29
21,DCR,True,1.0,5.47
21,DCR,True,14.0,70.3
21,DCR,True,22.0,102.24
21,DCR,False,inf,0.0
21,DCR,False,inf,0.0
21,DCR,False,inf,0.0
21,DCR,True,8.0,46.37
21,DCR,False,inf,0.0
21,DCR,False,inf,0.0
21,DCR,True,11.0,64.02
21,DCR,False,inf,0.0
21,DCR,True,8.0,52.86
21,DCR,True,9.0,46.44
21,DCR,True,9.0,46.82
21,DCR,True,8.0,43.64
21,DCR,True,28.0,141.35999999999999
21,DCR,True,12.0,57.769999999999996
21,DCR,True,23.0,109.25
21,DCR,False,inf,0.0
21,DCR,True,15.0,68.11
21,DCR,False,inf,0.0
21,DCR,False,inf,0.0
21,DCR,True,2.0,11.690000000000001
21,DCR,True,17.0,76.32
21,DCR,False,inf,0.0
21,DCR,False,inf,0.0
21,DCR,True,11.0,59.71
21,DCR,True,25.0,125.99
21,DCR,True,2.0,4.75
21,DCR,True,12.0,55.66
21,DCR,False,inf,0.0
21,DCR,False,inf,0.0
21,DCR,True,6.0,34.39
21,DCR,False,inf,0.0
21,DCR,False,inf,0.0
21,DCR,True,25.0,123.35
21,DCR,False,inf,0.0
21,DCR,False,inf,0.0
21,DCR,False,inf,0.0
21,DCR,False,inf,0.0
21,DCR,False,inf,0.0
21,DCR,True,1.0,5.16
21,DCR,False,inf,0.0
21,DCR,True,3.0,20.97
21,DCR,False,inf,0.0
21,DCR,True,11.0,57.26
21,DCR,True,11.0,60.59
21,DCR,True,19.0,83.24
21,DCR,False,inf,0.0
21,DCR,False,inf,0.0
21,DCR,False,inf,0.0
21,DCR,True,1.0,6.4
21,DCR,True,9.0,49.16
21,DCR,False,inf,0.0
21,DCR,False,inf,0.0
21,DCR,False,inf,0.0
21,DCR,False,inf,0.0
21,DCR,True,5.0,33.26
21,DCR,False,inf,0.0
21,DCR,True,1.0,1.43
21,DCR,False,inf,0.0
21,DCR,True,27.0,147.48
21,DCR,True,14.0,85.94
21,DCR,False,inf,0.0
21,DCR,True,1.0,4.48
21,DCR,True,8.0,45.48
21,DCR,True,7.0,36.9
21,DCR,True,13.0,63.26
21,DCR,True,6.0,31.58
21,DCR,False,inf,0.0
21,DCR,False,inf,0.0
21,DCR,True,26.0,131.94
21,DCR,True,26.0,134.57999999999998
21,DCR,False,inf,0.0
21,DCR,True,26.0,127.51
21,DCR,True,12.0,69.77
21,DCR,True,17.0,80.44
21,DCR,True,27.0,129.77
21,DCR,False,inf,0.0
21,DCR,True,24.0,105.45
21,DCR,False,inf,0.0
21,DCR,True,6.0,30.35
21,DCR,False,inf,0.0
21,DCR,False,inf,0.0
21,DCR,False,inf,0.0
21,DCR,True,14.0,60.8
21,DCR,True,18.0,83.66
21,DCR,False,inf,0.0
21,DCR,True,29.0,145.3
21,DCR,False,inf,0.0
21,DCR,True,25.0,115.71
21,DCR,True,2.0,16.15
21,DCR,True,15.0,82.26
21,DCR,False,inf,0.0
21,DCR,False,inf,0.0
21,DCR,False,inf,0.0
21,DCR,True,13.0,59.769999999999996
21,DCR,False,inf,0.0
21,DCR,False,inf,0.0
21,DCR,False,inf,0.0
21,DCR,False,inf,0.0
21,DCR,True,18.0,77.1
21,DCR,True,7.0,43.61
21,DCR,True,25.0,131.24
21,DCR,True,19.0,100.19
21,DCR,False,inf,0.0
21,DCR,True,19.0,82.55
21,DCR,True,25.0,115.71
21,DCR,False,inf,0.0
21,DCR,True,11.0,59.71
21,DCR,True,9.0,51.65
21,DCR,True,19.0,93.92999999999999
21,DCR,True,7.0,35.03
21,CCR,False,inf,0.0
21,CCR,True,23.0,128.26
21,CCR,False,inf,0.0
21,CCR,True,10.0,58.63
21,CCR,True,30.0,169.26
21,CCR,True,12.0,65.04
21,CCR,False,inf,0.0
21,CCR,True,18.0,101.61
21,CCR,True,23.0,121.15
21,CCR,True,1.0,2.51
21,CCR,True,1.0,4.36
21,CCR,True,28.0,160.6
21,CCR,True,18.0,88.88
21,CCR,True,6.0,34.11
21,CCR,True,31.0,175.21
21,CCR,False,inf,0.0
21,CCR,False,inf,0.0
21,CCR,True,25.0,124.04
21,CCR,False,inf,0.0
21,CCR,True,8.0,45.34
21,CCR,True,26.0,140.22
21,CCR,True,21.0,112.36
21,CCR,True,9.0,50.86
21,CCR,True,3.0,22.310000000000002
21,CCR,True,25.0,131.13
21,CCR,True,7.0,46.7
21,CCR,False,inf,0.0
21,CCR,False,inf,0.0
21,CCR,True,11.0,56.23
21,CCR,True,9.0,46.68
21,CCR,False,inf,0.0
21,CCR,True,19.0,98.11
21,CCR,True,1.0,8.1
21,CCR,False,inf,0.0
21,CCR,False,inf,0.0
21,CCR,True,4.0,21.63
21,CCR,True,5.0,35.01
21,CCR,True,34.0,178.79
21,CCR,True,25.0,152.0
21,CCR,True,13.0,71.51
21,CCR,True,5.0,26.85
21,CCR,True,23.0,121.97
21,CCR,False,inf,0.0
21,CCR,False,inf,0.0
21,CCR,True,2.0,12.739999999999998
21,CCR,False,inf,0.0
21,CCR,False,inf,0.0
21,CCR,False,inf,0.0
21,CCR,False,inf,0.0
21,CCR,True,16.0,92.8
21,CCR,False,inf,0.0
21,CCR,True,10.0,62.64
21,CCR,False,inf,0.0
21,CCR,False,inf,0.0
21,CCR,True,16.0,87.94
21,CCR,False,inf,0.0
21,CCR,False,inf,0.0
21,CCR,False,inf,0.0
21,CCR,True,5.0,29.759999999999998
21,CCR,True,21.0,104.67
21,CCR,False,inf,0.0
21,CCR,False,inf,0.0
21,CCR,True,3.0,13.18
21,CCR,True,17.0,87.36
21,CCR,False,inf,0.0
21,CCR,True,24.0,129.47
21,CCR,False,inf,0.0
21,CCR,False,inf,0.0
21,CCR,False,inf,0.0
21,CCR,False,inf,0.0
21,CCR,True,1.0,6.53
21,CCR,False,inf,0.0
21,CCR,True,13.0,76.96
21,CCR,True,6.0,38.69
21,CCR,False,inf,0.0
21,CCR,False,inf,0.0
21,CCR,False,inf,0.0
21,CCR,False,inf,0.0
21,CCR,False,inf,0.0
21,CCR,False,inf,0.0
21,CCR,False,inf,0.0
21,CCR,False,inf,0.0
21,CCR,True,26.0,136.8
21,CCR,True,16.0,84.28
21,CCR,True,5.0,24.189999999999998
21,CCR,True,28.0,161.08
21,CCR,True,15.0,82.51
21,CCR,True,18.0,95.26
21,CCR,True,25.0,130.34
21,CCR,False,inf,0.0
21,CCR,True,9.0,56.15
21,CCR,False,inf,0.0
21,CCR,False,inf,0.0
21,CCR,True,2.0,8.89
21,CCR,True,23.0,138.73
21,CCR,False,inf,0.0
21,CCR,False,inf,0.0
21,CCR,False,inf,0.0
21,CCR,True,17.0,92.13
21,CCR,True,9.0,51.21
21,CCR,True,17.0,87.47
21,CCR,True,3.0,14.09
21,CCR,False,inf,0.0
21,CCR,True,12.0,71.2
21,CCR,True,22.0,119.92
21,CCR,False,inf,0.0
21,CCR,True,24.0,128.03
21,CCR,True,15.0,83.94
21,CCR,True,6.0,33.18
21,CCR,True,16.0,92.2
21,CCR,False,inf,0.0
21,CCR,True,21.0,108.43
21,CCR,True,22.0,131.5
21,CCR,False,inf,0.0
21,CCR,True,14.0,73.84
21,CCR,False,inf,0.0
21,CCR,False,inf,0.0
21,CCR,True,16.0,83.14
21,CCR,False,inf,0.0
21,CCR,False,inf,0.0
21,CCR,False,inf,0.0
21,CCR,True,24.0,120.78
21,CCR,False,inf,0.0
21,CCR,True,23.0,119.91
21,CCR,True,15.0,81.4
21,CCR,True,7.0,38.06
21,CCR,False,inf,0.0
21,CCR,True,19.0,102.91
21,CCR,True,18.0,94.51
21,CCR,False,inf,0.0
21,CCR,True,4.0,24.43
21,CCR,True,11.0,58.33
21,CCR,False,inf,0.0
21,CCR,False,inf,0.0
21,CCR,True,27.0,136.48
21,CCR,True,21.0,112.99
21,CCR,False,inf,0.0
21,CCR,True,23.0,134.8
21,CCR,True,6.0,33.51
21,CCR,True,24.0,128.67
21,CCR,True,23.0,119.16
21,CCR,False,inf,0.0
21,CCR,False,inf,0.0
21,CCR,True,6.0,36.29
21,CCR,True,16.0,79.14
21,CCR,False,inf,0.0
21,CCR,False,inf,0.0
21,CCR,False,inf,0.0
21,CCR,True,10.0,53.36
21,CCR,False,inf,0.0
21,CCR,False,inf,0.0
21,CCR,True,9.0,51.85
21,CCR,True,8.0,48.96
21,CCR,True,26.0,136.8
21,CCR,True,7.0,49.14
21,CCR,True,21.0,110.64
21,CCR,True,28.0,153.19
21,CCR,True,30.0,170.06
21,CCR,False,inf,0.0
21,CCR,True,20.0,100.35
21,CCR,False,inf,0.0
21,CCR,True,9.0,51.87
21,CCR,True,4.0,28.830000000000002
21,CCR,False,inf,0.0
21,CCR,True,2.0,9.91
21,CCR,False,inf,0.0
21,CCR,False,inf,0.0
21,CCR,True,5.0,29.53
21,CCR,True,17.0,89.11
21,CCR,False,inf,0.0
21,CCR,False,inf,0.0
21,CCR,True,9.0,52.78
21,CCR,True,30.0,165.3
21,CCR,True,6.0,35.089999999999996
21,CCR,True,6.0,33.18
21,CCR,True,26.0,142.65
21,CCR,True,24.0,133.55
21,CCR,False,inf,0.0
21,CCR,False,inf,0.0
21,CCR,False,inf,0.0
21,CCR,False,inf,0.0
21,CCR,False,inf,0.0
21,CCR,False,inf,0.0
21,CCR,True,5.0,30.52
21,CCR,True,30.0,173.22
21,CCR,True,27.0,138.21
21,CCR,True,8.0,45.34
21,CCR,False,inf,0.0
21,CCR,True,15.0,85.35
21,CCR,True,24.0,129.47
21,CCR,False,inf,0.0
21,CCR,True,15.0,82.96
21,CCR,False,inf,0.0
21,CCR,True,2.0,9.77
21,CCR,False,inf,0.0
21,CCR,True,5.0,30.9
21,CCR,True,4.0,23.89
21,CCR,False,inf,0.0
21,CCR,False,inf,0.0
21,CCR,False,inf,0.0
21,CCR,True,18.0,101.58
21,CCR,False,inf,0.0
21,CCR,False,inf,0.0
21,CCR,False,inf,0.0
21,CCR,True,29.0,145.05
21,CCR,False,inf,0.0
21,CCR,True,13.0,79.84
21,CCR,True,13.0,64.64
21,CCR,True,23.0,121.91
21,CCR,False,inf,0.0
21,CCR,True,5.0,29.69
21,CCR,True,19.0,99.23
21,CCR,True,14.0,80.55
21,CCR,False,inf,0.0
21,CCR,False,inf,0.0
21,CCR,False,inf,0.0
21,CCR,False,inf,0.0
21,CCR,True,9.0,53.9
21,CCR,False,inf,0.0
21,CCR,True,8.0,46.49
21,CCR,True,29.0,166.7
21,CCR,True,24.0,125.32
21,CCR,True,26.0,139.61
21,CCR,True,8.0,47.4
21,CCR,True,8.0,48.93
21,CCR,True,7.0,46.39
21,CCR,True,24.0,132.11
21,CCR,True,28.0,152.88
21,CCR,True,3.0,13.18
21,CCR,True,30.0,172.74
21,CCR,True,11.0,64.33
21,CCR,True,30.0,174.0
21,CCR,False,inf,0.0
21,CCR,True,11.0,59.84
21,CCR,True,28.0,161.86
21,CCR,True,17.0,97.06
21,CCR,True,11.0,59.18
21,CCR,False,inf,0.0
21,CCR,True,31.0,180.15
21,CCR,True,23.0,127.34
21,CCR,True,3.0,15.04
21,CCR,True,26.0,148.75
21,CCR,True,1.0,5.9
21,CCR,True,25.0,130.14
21,CCR,True,11.0,63.59
21,CCR,True,7.0,45.39
21,CCR,True,4.0,23.27
21,CCR,False,inf,0.0
21,CCR,True,18.0,92.3
21,CCR,True,13.0,81.14
21,CCR,True,18.0,96.17
21,CCR,True,34.0,196.1
21,CCR,True,19.0,96.16
21,CCR,False,inf,0.0
21,CCR,False,inf,0.0
21,CCR,True,27.0,149.68
21,CCR,False,inf,0.0
21,CCR,False,inf,0.0
21,CCR,True,27.0,150.63
21,CCR,True,14.0,84.2
21,CCR,True,22.0,123.72
21,CCR,True,20.0,111.64
21,CCR,True,16.0,86.87
21,CCR,True,21.0,121.26
21,CCR,True,20.0,104.92999999999999
21,CCR,True,35.0,188.04
21,CCR,True,17.0,92.23
21,CCR,False,inf,0.0
21,CCR,True,15.0,88.2
21,CCR,True,23.0,116.33
21,CCR,False,inf,0.0
21,CCR,False,inf,0.0
21,CCR,True,26.0,138.68
21,CCR,False,inf,0.0
21,CCR,True,5.0,35.01
21,CCR,False,inf,0.0
21,CCR,False,inf,0.0
21,CCR,True,13.0,66.76
21,CCR,True,4.0,21.08
21,CCR,False,inf,0.0
21,CCR,False,inf,0.0
21,CCR,False,inf,0.0
21,CCR,True,23.0,129.05
21,CCR,True,13.0,66.86
21,CCR,True,8.0,46.49
21,CCR,False,inf,0.0
21,CCR,False,inf,0.0
21,CCR,True,8.0,50.48
21,CCR,True,16.0,85.15
21,CCR,False,inf,0.0
21,CCR,True,12.0,64.97
21,CCR,True,12.0,65.75
21,CCR,True,14.0,79.89
21,CCR,False,inf,0.0
21,CCR,True,17.0,95.65
21,CCR,False,inf,0.0
21,CCR,True,13.0,74.2
21,CCR,False,inf,0.0
21,CCR,True,15.0,74.93
21,CCR,True,11.0,65.9
21,CCR,False,inf,0.0
21,CCR,False,inf,0.0
21,CCR,True,24.0,137.16
21,CCR,True,30.0,163.97
21,CCR,False,inf,0.0
21,CCR,True,21.0,114.24
21,CCR,False,inf,0.0
21,CCR,False,inf,0.0
21,CCR,False,inf,0.0
21,CCR,True,27.0,158.34
21,CCR,True,23.0,138.73
21,CCR,True,2.0,17.229999999999997
21,CCR,False,inf,0.0
21,CCR,False,inf,0.0
21,CCR,False,inf,0.0
21,CCR,True,8.0,49.29
21,CCR,True,15.0,81.88
21,CCR,True,29.0,162.27
21,CCR,True,7.0,38.339999999999996
21,CCR,True,10.0,65.31
21,CCR,True,12.0,76.84
21,CCR,True,10.0,56.46
21,CCR,True,8.0,43.08
21,CCR,True,15.0,82.61
21,CCR,True,13.0,66.76
21,CCR,True,3.0,15.44
21,CCR,True,21.0,110.64
21,CCR,True,7.0,38.339999999999996
21,CCR,True,12.0,76.84
21,CCR,False,inf,0.0
21,CCR,False,inf,0.0
21,CCR,False,inf,0.0
21,CCR,True,5.0,33.31
21,CCR,True,19.0,101.04
21,CCR,False,inf,0.0
21,CCR,False,inf,0.0
21,CCR,False,inf,0.0
21,CCR,True,2.0,10.42
21,CCR,True,19.0,100.66
21,CCR,False,inf,0.0
21,CCR,False,inf,0.0
21,CCR,False,inf,0.0
21,CCR,True,4.0,24.619999999999997
21,CCR,True,30.0,166.87
21,CCR,True,15.0,85.0
21,CCR,False,inf,0.0
21,CCR,False,inf,0.0
21,CCR,True,19.0,100.21
21,CCR,True,7.0,40.23
21,CCR,True,26.0,140.17
21,CCR,True,28.0,161.55
21,CCR,False,inf,0.0
21,CCR,False,inf,0.0
21,CCR,True,25.0,134.88
21,CCR,True,17.0,91.78
21,CCR,True,13.0,68.64
21,CCR,False,inf,0.0
21,CCR,True,27.0,158.0
21,CCR,True,12.0,69.52
21,CCR,False,inf,0.0
21,CCR,False,inf,0.0
21,CCR,True,12.0,62.8
21,CCR,True,8.0,53.46
21,CCR,True,3.0,13.18
21,CCR,False,inf,0.0
21,CCR,True,16.0,86.66
21,CCR,False,inf,0.0
21,CCR,True,28.0,141.07
21,CCR,False,inf,0.0
21,CCR,True,15.0,77.05
21,CCR,False,inf,0.0
21,CCR,False,inf,0.0
21,CCR,True,25.0,152.0
21,CCR,True,29.0,168.01
21,CCR,True,5.0,26.36
21,CCR,True,10.0,54.75
21,CCR,False,inf,0.0
21,CCR,True,16.0,85.48
21,CCR,False,inf,0.0
21,CCR,False,inf,0.0
21,CCR,True,22.0,131.5
21,CCR,False,inf,0.0
21,CCR,True,7.0,41.379999999999995
21,CCR,True,13.0,68.51
21,CCR,False,inf,0.0
21,CCR,True,28.0,160.94
21,CCR,True,7.0,43.78
21,CCR,True,31.0,174.41
21,CCR,True,29.0,161.14
21,CCR,True,25.0,131.13
21,CCR,False,inf,0.0
21,CCR,True,25.0,141.13
21,CCR,True,20.0,106.91
21,CCR,True,14.0,72.63
21,CCR,False,inf,0.0
21,CCR,False,inf,0.0
21,CCR,True,18.0,97.15
21,CCR,False,inf,0.0
21,CCR,False,inf,0.0
21,CCR,False,inf,0.0
21,CCR,True,10.0,53.36
21,CCR,True,24.0,133.55
21,CCR,True,10.0,51.13
21,CCR,False,inf,0.0
21,CCR,True,20.0,106.8
21,CCR,True,8.0,51.730000000000004
21,CCR,False,inf,0.0
21,CCR,True,1.0,4.68
21,CCR,True,14.0,73.84
21,CCR,False,inf,0.0
21,CCR,False,inf,0.0
21,CCR,False,inf,0.0
21,CCR,True,11.0,62.48
21,CCR,False,inf,0.0
21,CCR,False,inf,0.0
21,CCR,True,28.0,165.92
21,CCR,True,8.0,51.0
21,CCR,False,inf,0.0
21,CCR,False,inf,0.0
21,CCR,True,27.0,144.85
21,CCR,True,14.0,74.46
21,CCR,True,10.0,62.620000000000005
21,CCR,True,9.0,58.55
21,CCR,True,16.0,88.81
21,CCR,False,inf,0.0
21,CCR,False,inf,0.0
21,CCR,False,inf,0.0
21,CCR,False,inf,0.0
21,CCR,True,19.0,97.17
21,CCR,True,14.0,74.46
21,CCR,True,25.0,132.83
21,CCR,True,28.0,144.16
21,CCR,False,inf,0.0
21,CCR,True,30.0,156.25
21,CCR,True,17.0,88.35
21,CCR,False,inf,0.0
21,CCR,True,22.0,131.5
21,CCR,True,3.0,13.8
21,CCR,True,29.0,173.61
21,CCR,False,inf,0.0
21,CCR,True,5.0,32.3
21,CCR,False,inf,0.0
21,CCR,True,30.0,176.69
21,CCR,True,21.0,108.97
21,CCR,True,17.0,91.83
21,CCR,True,30.0,160.73
21,CCR,False,inf,0.0
21,CCR,False,inf,0.0
21,CCR,True,5.0,29.96
21,CCR,True,25.0,133.51
21,CCR,True,14.0,74.27
21,CCR,False,inf,0.0
21,CCR,False,inf,0.0
21,CCR,False,inf,0.0
21,CCR,True,19.0,96.16
21,CCR,True,6.0,36.32
21,CCR,True,18.0,95.98
21,CCR,True,6.0,37.92
21,CCR,True,19.0,104.1
21,CCR,False,inf,0.0
21,CCR,True,5.0,29.53
21,CCR,False,inf,0.0
21,CCR,False,inf,0.0
21,CCR,True,1.0,7.54
21,CCR,True,14.0,76.29
21,CCR,False,inf,0.0
21,CCR,True,20.0,107.06
21,CCR,True,4.0,17.91
21,CCR,True,5.0,31.700000000000003
21,CCR,False,inf,0.0
21,CCR,True,5.0,33.35
21,CCR,False,inf,0.0
21,CCR,False,inf,0.0
21,CCR,True,9.0,51.1
21,CCR,False,inf,0.0
21,CCR,False,inf,0.0
21,CCR,True,1.0,2.2
21,CCR,False,inf,0.0
21,CCR,True,26.0,130.49
21,CCR,True,25.0,142.81
21,CCR,True,15.0,93.13
21,CCR,False,inf,0.0
21,CCR,False,inf,0.0
21,CCR,True,5.0,33.31
21,CCR,True,27.0,141.1
21,CCR,True,13.0,70.69
21,CCR,False,inf,0.0
21,CCR,True,17.0,87.47
21,CCR,False,inf,0.0
21,CCR,True,26.0,134.24
21,CCR,False,inf,0.0
21,CCR,False,inf,0.0
21,CCR,False,inf,0.0
21,CCR,False,inf,0.0
21,CCR,True,22.0,118.62
21,CCR,False,inf,0.0
21,CCR,True,3.0,14.09
21,CCR,True,4.0,21.51
21,CCR,False,inf,0.0
21,CCR,True,14.0,72.95
21,CCR,False,inf,0.0
21,CCR,True,24.0,129.19
21,CCR,False,inf,0.0
21,CCR,False,inf,0.0
21,CCR,True,11.0,60.04
21,CCR,False,inf,0.0
21,CCR,False,inf,0.0
21,CCR,True,26.0,160.0
21,CCR,True,24.0,125.92
21,CCR,True,16.0,82.36
21,CCR,True,7.0,39.41
21,CCR,False,inf,0.0
21,CCR,True,25.0,135.05
21,CCR,False,inf,0.0
21,CCR,True,10.0,55.67
21,CCR,False,inf,0.0
21,CCR,True,11.0,69.67
21,CCR,True,5.0,29.759999999999998
21,CCR,True,4.0,20.939999999999998
21,CCR,True,17.0,92.92
21,CCR,True,29.0,158.07
21,CCR,True,29.0,166.7
21,CCR,True,1.0,8.45
21,CCR,True,6.0,34.25
21,CCR,True,3.0,20.42
21,CCR,False,inf,0.0
21,CCR,True,20.0,107.42
21,CCR,False,inf,0.0
21,CCR,False,inf,0.0
21,CCR,True,16.0,91.54
21,CCR,False,inf,0.0
21,CCR,True,5.0,34.57
21,CCR,False,inf,0.0
21,CCR,True,20.0,112.48
21,CCR,True,9.0,51.18
21,CCR,True,31.0,155.25
21,CCR,True,28.0,141.07
21,CCR,True,7.0,40.25
21,CCR,True,21.0,108.39
21,CCR,True,7.0,45.04
21,CCR,True,21.0,106.89
21,CCR,True,22.0,117.57
21,CCR,False,inf,0.0
21,CCR,True,12.0,61.77
21,CCR,True,1.0,8.45
21,CCR,False,inf,0.0
21,CCR,True,10.0,58.39
21,CCR,True,3.0,20.08
21,CCR,False,inf,0.0
21,CCR,False,inf,0.0
21,CCR,True,5.0,27.689999999999998
21,CCR,True,24.0,129.47
21,CCR,True,17.0,95.5
21,CCR,True,13.0,74.26
21,CCR,False,inf,0.0
21,CCR,True,12.0,68.86
21,CCR,True,23.0,121.36
21,CCR,True,13.0,72.62
21,CCR,True,4.0,25.47
21,CCR,True,26.0,130.49
21,CCR,False,inf,0.0
21,CCR,False,inf,0.0
21,CCR,False,inf,0.0
21,CCR,False,inf,0.0
21,CCR,False,inf,0.0
21,CCR,True,7.0,40.87
21,CCR,True,28.0,141.7
21,CCR,True,26.0,147.68
21,CCR,False,inf,0.0
21,CCR,True,24.0,122.03999999999999
21,CCR,False,inf,0.0
21,CCR,True,28.0,160.6
21,CCR,True,5.0,33.09
21,CCR,True,21.0,113.69
21,CCR,True,23.0,115.16
21,CCR,True,13.0,66.5
21,CCR,False,inf,0.0
21,CCR,True,29.0,162.96
21,CCR,False,inf,0.0
21,CCR,True,1.0,5.16
21,CCR,True,15.0,82.26
21,CCR,False,inf,0.0
21,CCR,False,inf,0.0
21,CCR,False,inf,0.0
21,CCR,False,inf,0.0
21,CCR,True,5.0,28.47
21,CCR,False,inf,0.0
21,CCR,True,16.0,83.14
21,CCR,True,15.0,75.27
21,CCR,True,13.0,64.29
21,CCR,True,14.0,76.49
21,CCR,False,inf,0.0
21,CCR,False,inf,0.0
21,CCR,True,25.0,132.83
21,CCR,True,10.0,58.39
21,CCR,True,11.0,67.23
21,CCR,False,inf,0.0
21,CCR,False,inf,0.0
21,CCR,True,20.0,105.7
21,CCR,False,inf,0.0
21,CCR,True,28.0,161.08
21,CCR,True,12.0,75.38
21,CCR,True,4.0,28.259999999999998
21,CCR,True,1.0,4.29
21,CCR,False,inf,0.0
21,CCR,False,inf,0.0
21,CCR,True,24.0,141.01
21,CCR,False,inf,0.0
21,CCR,False,inf,0.0
21,CCR,True,25.0,142.69
21,CCR,True,21.0,115.03
21,CCR,True,8.0,44.79
21,CCR,True,3.0,14.08
21,CCR,False,inf,0.0
21,CCR,True,25.0,125.51
21,CCR,True,12.0,61.44
21,CCR,False,inf,0.0
21,CCR,True,6.0,37.6
21,CCR,True,27.0,145.82
21,CCR,True,6.0,35.35
21,CCR,True,2.0,10.36
21,CCR,True,11.0,61.49
21,CCR,True,20.0,111.64
21,CCR,True,31.0,166.55
21,CCR,True,26.0,145.67
21,CCR,True,27.0,150.63
21,CCR,True,2.0,13.940000000000001
21,CCR,False,inf,0.0
21,CCR,False,inf,0.0
21,CCR,False,inf,0.0
21,CCR,False,inf,0.0
21,CCR,False,inf,0.0
21,CCR,True,9.0,52.49
21,CCR,False,inf,0.0
21,CCR,True,1.0,8.73
21,CCR,False,inf,0.0
21,CCR,False,inf,0.0
21,CCR,True,31.0,183.4
21,CCR,True,15.0,81.88
21,CCR,True,5.0,31.72
21,CCR,True,10.0,51.13
21,CCR,True,3.0,20.16
21,CCR,False,inf,0.0
21,CCR,True,21.0,117.41
21,CCR,False,inf,0.0
21,CCR,False,inf,0.0
21,CCR,True,11.0,64.98
21,CCR,True,24.0,129.36
21,CCR,True,16.0,82.36
21,CCR,True,27.0,150.63
21,CCR,True,28.0,168.4
21,CCR,False,inf,0.0
21,CCR,False,inf,0.0
21,CCR,False,inf,0.0
21,CCR,False,inf,0.0
21,CCR,True,10.0,53.5
21,CCR,True,17.0,84.86
21,CCR,True,28.0,148.69
21,CCR,True,26.0,139.61
21,CCR,True,32.0,179.01
21,CCR,True,1.0,9.09
21,CCR,False,inf,0.0
21,CCR,True,17.0,90.16
21,CCR,True,17.0,92.68
21,CCR,True,17.0,91.8
21,CCR,True,19.0,91.23
21,CCR,True,19.0,99.25
21,CCR,False,inf,0.0
21,CCR,False,inf,0.0
21,CCR,True,1.0,3.73
21,CCR,False,inf,0.0
21,CCR,False,inf,0.0
21,CCR,True,12.0,74.1
21,CCR,False,inf,0.0
21,CCR,True,5.0,33.31
21,CCR,True,1.0,2.2
21,CCR,True,16.0,86.87
21,CCR,True,14.0,77.26
21,CCR,True,25.0,135.68
21,CCR,True,31.0,177.9
21,CCR,True,21.0,121.26
21,CCR,False,inf,0.0
21,CCR,True,6.0,37.72
21,CCR,True,18.0,93.56
21,CCR,True,9.0,52.07
21,CCR,True,7.0,39.589999999999996
21,CCR,True,31.0,166.55
21,CCR,False,inf,0.0
21,CCR,True,20.0,111.19
21,CCR,False,inf,0.0
21,CCR,True,17.0,92.92
21,CCR,False,inf,0.0
21,CCR,False,inf,0.0
21,CCR,True,15.0,79.14
21,CCR,True,7.0,46.93
21,CCR,True,14.0,75.17
21,CCR,True,28.0,155.92
21,CCR,False,inf,0.0
21,CCR,False,inf,0.0
21,CCR,True,16.0,83.14
21,CCR,False,inf,0.0
21,CCR,True,23.0,115.16
21,CCR,True,25.0,140.75
21,CCR,False,inf,0.0
21,CCR,False,inf,0.0
21,CCR,False,inf,0.0
21,CCR,True,22.0,126.02
21,CCR,True,24.0,124.94
21,CCR,True,4.0,28.36
21,CCR,True,12.0,66.18
21,CCR,True,1.0,7.85
21,CCR,False,inf,0.0
21,CCR,True,20.0,103.76
21,CCR,True,13.0,76.8
21,CCR,False,inf,0.0
21,CCR,True,18.0,93.01
21,CCR,False,inf,0.0
21,CCR,True,26.0,156.07
21,CCR,True,7.0,39.41
21,CCR,True,10.0,61.8
21,CCR,True,6.0,35.089999999999996
21,CCR,False,inf,0.0
21,CCR,True,2.0,11.39
21,CCR,True,9.0,58.32
21,CCR,False,inf,0.0
21,CCR,False,inf,0.0
21,CCR,False,inf,0.0
21,CCR,False,inf,0.0
21,CCR,True,1.0,5.9
21,CCR,False,inf,0.0
21,CCR,True,27.0,159.62
21,CCR,True,2.0,9.91
21,CCR,True,11.0,62.12
21,CCR,False,inf,0.0
21,CCR,False,inf,0.0
21,CCR,True,31.0,171.51
21,CCR,True,19.0,96.62
21,CCR,True,21.0,114.16
21,CCR,False,inf,0.0
21,CCR,False,inf,0.0
21,CCR,True,7.0,39.24
21,CCR,False,inf,0.0
21,CCR,True,27.0,141.1
21,CCR,False,inf,0.0
21,CCR,False,inf,0.0
21,CCR,True,9.0,50.86
21,CCR,True,22.0,131.5
21,CCR,True,10.0,58.05
21,CCR,True,5.0,29.96
21,CCR,False,inf,0.0
21,CCR,True,18.0,95.41
21,CCR,True,22.0,117.57
21,CCR,False,inf,0.0
21,CCR,False,inf,0.0
21,CCR,True,19.0,103.45
21,CCR,True,22.0,121.34
21,CCR,True,25.0,130.14
21,CCR,True,24.0,134.47
21,CCR,True,25.0,132.85
21,CCR,True,30.0,165.12
21,CCR,True,29.0,168.52
21,CCR,True,16.0,85.47
21,CCR,False,inf,0.0
21,CCR,False,inf,0.0
21,CCR,False,inf,0.0
21,CCR,False,inf,0.0
21,CCR,True,10.0,53.269999999999996
21,CCR,True,6.0,35.3
21,CCR,False,inf,0.0
21,CCR,True,4.0,24.86
21,CCR,True,2.0,13.940000000000001
21,CCR,False,inf,0.0
21,CCR,False,inf,0.0
21,CCR,True,12.0,64.71
21,CCR,True,10.0,56.46
21,CCR,True,27.0,138.21
21,CCR,True,8.0,49.9
21,CCR,True,7.0,40.23
21,CCR,True,15.0,82.26
21,CCR,False,inf,0.0
21,CCR,False,inf,0.0
21,CCR,False,inf,0.0
21,CCR,True,25.0,133.96
21,CCR,True,25.0,140.27
21,CCR,True,29.0,167.16
21,CCR,True,4.0,25.259999999999998
21,CCR,True,11.0,63.76
21,CCR,True,19.0,96.16
21,CCR,False,inf,0.0
21,CCR,True,2.0,16.41
21,CCR,True,18.0,93.56
21,CCR,True,27.0,150.63
21,CCR,True,23.0,118.67999999999999
21,CCR,True,24.0,122.67
21,CCR,True,33.0,192.77
21,CCR,True,20.0,104.66
21,CCR,True,8.0,46.12
21,CCR,False,inf,0.0
21,CCR,True,7.0,39.39
21,CCR,False,inf,0.0
21,CCR,True,29.0,162.96
21,CCR,True,27.0,155.68
21,CCR,True,23.0,127.48
21,CCR,True,6.0,33.51
21,CCR,True,2.0,8.02
21,CCR,True,16.0,85.47
21,CCR,False,inf,0.0
21,CCR,True,14.0,80.0
21,CCR,False,inf,0.0
21,CCR,False,inf,0.0
21,CCR,True,10.0,54.78
21,CCR,True,7.0,42.14
21,CCR,True,16.0,97.49
21,CCR,True,1.0,6.53
21,CCR,True,24.0,129.47
21,CCR,True,10.0,62.3
21,CCR,False,inf,0.0
21,CCR,False,inf,0.0
21,CCR,False,inf,0.0
21,CCR,True,29.0,168.01
21,CCR,False,inf,0.0
21,CCR,True,16.0,87.94
21,CCR,False,inf,0.0
21,CCR,True,15.0,80.71000000000001
21,CCR,True,17.0,87.85
21,CCR,True,8.0,46.49
21,CCR,False,inf,0.0
21,CCR,True,25.0,126.74
21,CCR,True,29.0,171.76
21,CCR,False,inf,0.0
21,CCR,False,inf,0.0
21,CCR,True,25.0,131.08
21,CCR,False,inf,0.0
21,CCR,False,inf,0.0
21,CCR,True,19.0,100.66
21,CCR,False,inf,0.0
21,CCR,False,inf,0.0
21,CCR,True,8.0,51.54
21,CCR,True,20.0,113.02
21,CCR,False,inf,0.0
21,CCR,False,inf,0.0
21,CCR,False,inf,0.0
21,CCR,True,15.0,85.77
21,CCR,False,inf,0.0
21,CCR,False,inf,0.0
21,CCR,False,inf,0.0
21,CCR,False,inf,0.0
21,CCR,True,17.0,97.26
21,CCR,True,26.0,132.51
21,CCR,False,inf,0.0
21,CCR,False,inf,0.0
21,CCR,True,34.0,196.1
21,CCR,False,inf,0.0
21,CCR,True,27.0,155.68
21,CCR,False,inf,0.0
21,CCR,True,1.0,3.94
21,CCR,True,23.0,138.73
21,CCR,False,inf,0.0
21,CCR,False,inf,0.0
21,CCR,False,inf,0.0
21,CCR,True,12.0,69.38
21,CCR,False,inf,0.0
21,CCR,True,10.0,58.39
21,CCR,True,5.0,32.16
21,CCR,True,6.0,32.82
21,CCR,True,17.0,89.11
21,CCR,False,inf,0.0
21,CCR,True,3.0,15.44
21,CCR,True,19.0,99.84
21,CCR,True,3.0,21.47
21,CCR,True,17.0,93.21
21,CCR,True,11.0,56.23
21,CCR,False,inf,0.0
21,CCR,True,23.0,127.48
21,CCR,False,inf,0.0
21,CCR,True,6.0,36.31
21,CCR,True,27.0,137.72
21,CCR,True,31.0,176.25
21,CCR,False,inf,0.0
21,CCR,True,24.0,128.67
21,CCR,True,6.0,38.24
21,CCR,True,2.0,10.11
21,CCR,True,18.0,88.35
21,CCR,True,5.0,28.13
21,CCR,True,20.0,103.71
21,CCR,True,31.0,168.45
21,CCR,True,7.0,40.23
21,CCR,True,23.0,122.13
21,CCR,True,23.0,126.94
21,CCR,True,13.0,66.4
21,CCR,True,24.0,133.21
21,CCR,False,inf,0.0
21,CCR,False,inf,0.0
21,CCR,False,inf,0.0
21,CCR,False,inf,0.0
21,CCR,False,inf,0.0
21,CCR,True,20.0,109.17
21,CCR,True,14.0,82.49
21,CCR,True,18.0,96.27
21,CCR,True,8.0,42.8
21,CCR,False,inf,0.0
21,CCR,True,9.0,55.09
21,CCR,True,2.0,11.879999999999999
21,CCR,True,19.0,97.17
21,CCR,True,21.0,108.88
21,CCR,True,10.0,63.17
21,CCR,False,inf,0.0
21,CCR,True,10.0,58.39
21,CCR,True,3.0,13.8
21,CCR,False,inf,0.0
21,CCR,True,21.0,108.39
21,CCR,False,inf,0.0
21,CCR,True,22.0,116.47
21,CCR,True,11.0,56.23
21,CCR,False,inf,0.0
21,CCR,False,inf,0.0
21,CCR,True,2.0,12.309999999999999
21,CCR,True,30.0,174.0
21,CCR,True,3.0,19.27
21,CCR,True,4.0,26.77
21,CCR,True,23.0,119.16
21,CCR,True,14.0,80.42
21,CCR,False,inf,0.0
21,CCR,True,20.0,111.64
21,CCR,False,inf,0.0
21,CCR,False,inf,0.0
21,CCR,True,7.0,40.23
21,CCR,True,3.0,20.33
21,CCR,True,13.0,81.14
21,CCR,True,2.0,7.42
21,CCR,True,25.0,134.88
21,CCR,False,inf,0.0
21,CCR,True,6.0,34.63
21,CCR,True,26.0,135.05
21,CCR,True,16.0,86.66
21,CCR,True,26.0,151.96
21,CCR,False,inf,0.0
21,CCR,False,inf,0.0
21,CCR,True,18.0,90.17
21,CCR,False,inf,0.0
21,CCR,True,27.0,161.95
21,CCR,False,inf,0.0
21,CCR,True,13.0,72.58
21,CCR,False,inf,0.0
21,CCR,True,16.0,86.26
21,CCR,False,inf,0.0
21,CCR,True,19.0,97.86
21,CCR,False,inf,0.0
21,CCR,True,5.0,34.19
21,CCR,False,inf,0.0
21,CCR,True,11.0,69.67
21,CCR,True,7.0,41.379999999999995
21,CCR,True,17.0,97.06
21,CCR,False,inf,0.0
21,CCR,False,inf,0.0
21,CCR,False,inf,0.0
21,CCR,False,inf,0.0
21,CCR,True,5.0,26.65
21,CCR,False,inf,0.0
21,CCR,True,20.0,101.17
21,CCR,False,inf,0.0
21,CCR,True,24.0,132.16
21,CCR,False,inf,0.0
21,CCR,True,16.0,86.56
21,CCR,False,inf,0.0
21,CCR,True,24.0,122.67
21,CCR,True,18.0,103.3
21,CCR,False,inf,0.0
21,CCR,True,24.0,127.51
21,CCR,False,inf,0.0
21,CCR,False,inf,0.0
21,CCR,False,inf,0.0
21,CCR,True,19.0,101.04
21,CCR,False,inf,0.0
21,CCR,True,14.0,75.85
21,CCR,False,inf,0.0
21,CCR,True,23.0,122.13
21,CCR,False,inf,0.0
21,CCR,False,inf,0.0
21,CCR,True,2.0,7.42
21,CCR,True,24.0,122.03999999999999
21,CCR,False,inf,0.0
21,CCR,True,22.0,121.38
21,CCR,True,30.0,174.15
21,CCR,False,inf,0.0
21,CCR,True,10.0,64.12
21,CCR,False,inf,0.0
21,CCR,True,20.0,103.76
21,CCR,True,20.0,111.19
21,CCR,False,inf,0.0
21,CCR,True,4.0,25.259999999999998
21,CCR,True,5.0,33.09
21,CCR,True,15.0,83.6
21,CCR,True,13.0,67.55
21,CCR,False,inf,0.0
21,CCR,False,inf,0.0
21,CCR,False,inf,0.0
21,CCR,True,11.0,57.1
21,CCR,False,inf,0.0
21,CCR,True,16.0,86.87
99,BCR,True,29.0,180.81
99,BCR,True,6.0,45.519999999999996
99,BCR,True,20.0,123.11
99,BCR,True,22.0,126.06
99,BCR,True,35.0,219.57
99,BCR,True,6.0,48.05
99,BCR,True,30.0,189.39
99,BCR,True,14.0,81.4
99,BCR,False,inf,0.0
99,BCR,True,7.0,51.79
99,BCR,False,inf,0.0
99,BCR,False,inf,0.0
99,BCR,True,17.0,102.15
99,BCR,True,5.0,38.75
99,BCR,False,inf,0.0
99,BCR,True,19.0,108.95
99,BCR,True,20.0,119.82000000000001
99,BCR,True,9.0,57.97
99,BCR,True,23.0,146.26
99,BCR,False,inf,0.0
99,BCR,True,7.0,46.16
99,BCR,True,34.0,217.85999999999999
99,BCR,False,inf,0.0
99,BCR,False,inf,0.0
99,BCR,True,2.0,15.35
99,BCR,True,14.0,90.47
99,BCR,True,16.0,93.3
99,BCR,True,8.0,52.199999999999996
99,BCR,False,inf,0.0
99,BCR,True,25.0,165.54
99,BCR,True,20.0,129.55
99,BCR,True,30.0,184.05
99,BCR,True,22.0,147.60999999999999
99,BCR,False,inf,0.0
99,BCR,False,inf,0.0
99,BCR,True,22.0,133.44
99,BCR,True,19.0,114.97
99,BCR,False,inf,0.0
99,BCR,True,26.0,161.73
99,BCR,True,15.0,90.86
99,BCR,False,inf,0.0
99,BCR,False,inf,0.0
99,BCR,True,3.0,19.0
99,BCR,False,inf,0.0
99,BCR,True,30.0,189.4
99,BCR,False,inf,0.0
99,BCR,False,inf,0.0
99,BCR,False,inf,0.0
99,BCR,True,17.0,99.52
99,BCR,False,inf,0.0
99,BCR,True,22.0,139.49
99,BCR,False,inf,0.0
99,BCR,True,23.0,142.49
99,BCR,False,inf,0.0
99,BCR,False,inf,0.0
99,BCR,True,8.0,45.35
99,BCR,True,1.0,2.81
99,BCR,False,inf,0.0
99,BCR,True,22.0,138.17
99,BCR,True,30.0,179.3
99,BCR,False,inf,0.0
99,BCR,True,1.0,2.48
99,BCR,True,4.0,35.58
99,BCR,False,inf,0.0
99,BCR,True,15.0,98.4
99,BCR,True,26.0,162.44
99,BCR,False,inf,0.0
99,BCR,True,11.0,61.62
99,BCR,True,10.0,60.14
99,BCR,False,inf,0.0
99,BCR,True,25.0,149.34
99,BCR,True,9.0,55.38
99,BCR,True,11.0,70.84
99,BCR,False,inf,0.0
99,BCR,True,6.0,43.14
99,BCR,True,5.0,36.28
99,BCR,True,35.0,215.82
99,BCR,True,28.0,160.99
99,BCR,True,28.0,178.58
99,BCR,True,28.0,174.22
99,BCR,True,28.0,170.09
99,BCR,True,37.0,213.14
99,BCR,True,12.0,69.4
99,BCR,True,19.0,115.13
99,BCR,False,inf,0.0
99,BCR,True,1.0,3.68
99,BCR,True,4.0,30.42
99,BCR,True,25.0,155.78
99,BCR,True,11.0,71.76
99,BCR,True,28.0,173.45
99,BCR,True,10.0,71.83
99,BCR,False,inf,0.0
99,BCR,True,19.0,122.34
99,BCR,False,inf,0.0
99,BCR,True,9.0,47.74
99,BCR,True,29.0,194.35
99,BCR,True,34.0,215.2
99,BCR,True,23.0,140.62
99,BCR,True,32.0,191.52
99,BCR,True,19.0,121.25
99,BCR,True,17.0,110.28999999999999
99,BCR,False,inf,0.0
99,BCR,True,8.0,45.35
99,BCR,True,16.0,102.6
99,BCR,True,30.0,189.4
99,BCR,True,5.0,34.57
99,BCR,True,7.0,44.36
99,BCR,True,29.0,179.01
99,BCR,True,24.0,155.58
99,BCR,True,37.0,222.44
99,BCR,True,30.0,185.52
99,BCR,False,inf,0.0
99,BCR,True,21.0,135.15
99,BCR,True,28.0,174.22
99,BCR,False,inf,0.0
99,BCR,True,32.0,194.34
99,BCR,True,21.0,135.37
99,BCR,True,16.0,101.14999999999999
99,BCR,False,inf,0.0
99,BCR,True,31.0,197.78
99,BCR,True,27.0,177.94
99,BCR,False,inf,0.0
99,BCR,False,inf,0.0
99,BCR,True,33.0,193.45
99,BCR,True,19.0,112.82
99,BCR,True,1.0,1.44
99,BCR,False,inf,0.0
99,BCR,False,inf,0.0
99,BCR,True,8.0,48.33
99,BCR,True,13.0,82.78
99,BCR,True,20.0,128.88
99,BCR,True,23.0,141.86
99,BCR,True,7.0,44.91
99,BCR,False,inf,0.0
99,BCR,True,13.0,87.72
99,BCR,False,inf,0.0
99,BCR,False,inf,0.0
99,BCR,True,6.0,47.54
99,BCR,True,7.0,42.4
99,BCR,False,inf,0.0
99,BCR,True,34.0,207.44
99,BCR,True,28.0,168.64
99,BCR,True,21.0,128.26
99,BCR,True,9.0,53.3
99,BCR,True,4.0,33.05
99,BCR,False,inf,0.0
99,BCR,True,32.0,197.28
99,BCR,True,18.0,109.12
99,BCR,False,inf,0.0
99,BCR,True,3.0,23.97
99,BCR,False,inf,0.0
99,BCR,False,inf,0.0
99,BCR,True,22.0,134.23
99,BCR,True,26.0,164.75
99,BCR,True,32.0,191.52
99,BCR,False,inf,0.0
99,BCR,False,inf,0.0
99,BCR,True,22.0,142.42
99,BCR,True,4.0,23.57
99,BCR,False,inf,0.0
99,BCR,False,inf,0.0
99,BCR,True,6.0,40.65
99,BCR,True,3.0,25.57
99,BCR,True,3.0,19.6
99,BCR,True,29.0,181.81
99,BCR,True,12.0,81.65
99,BCR,True,22.0,129.57
99,BCR,False,inf,0.0
99,BCR,True,12.0,76.5
99,BCR,False,inf,0.0
99,BCR,True,22.0,132.89
99,BCR,True,19.0,111.9
99,BCR,True,24.0,151.48
99,BCR,False,inf,0.0
99,BCR,True,14.0,91.88
99,BCR,True,26.0,162.44
99,BCR,False,inf,0.0
99,BCR,False,inf,0.0
99,BCR,False,inf,0.0
99,BCR,True,23.0,137.17
99,BCR,True,8.0,57.55
99,BCR,True,2.0,14.32
99,BCR,True,28.0,178.58
99,BCR,False,inf,0.0
99,BCR,True,3.0,25.31
99,BCR,True,26.0,152.43
99,BCR,False,inf,0.0
99,BCR,False,inf,0.0
99,BCR,True,9.0,56.64
99,BCR,False,inf,0.0
99,BCR,True,15.0,95.61
99,BCR,False,inf,0.0
99,BCR,True,9.0,56.28
99,BCR,True,27.0,166.75
99,BCR,True,2.0,9.68
99,BCR,True,16.0,96.95
99,BCR,False,inf,0.0
99,BCR,True,1.0,6.83
99,BCR,True,27.0,173.03
99,BCR,True,9.0,64.5
99,BCR,False,inf,0.0
99,BCR,True,8.0,45.7
99,BCR,True,8.0,42.32
99,BCR,True,33.0,207.87
99,BCR,False,inf,0.0
99,BCR,False,inf,0.0
99,BCR,True,3.0,17.43
99,BCR,False,inf,0.0
99,BCR,False,inf,0.0
99,BCR,True,2.0,12.05
99,BCR,True,13.0,85.96000000000001
99,BCR,True,27.0,172.55
99,BCR,True,29.0,180.96
99,BCR,True,28.0,175.76
99,BCR,False,inf,0.0
99,BCR,False,inf,0.0
99,BCR,False,inf,0.0
99,BCR,True,11.0,75.74
99,BCR,True,19.0,111.91
99,BCR,True,3.0,21.54
99,BCR,True,6.0,45.44
99,BCR,True,28.0,170.09
99,BCR,False,inf,0.0
99,BCR,True,6.0,36.26
99,BCR,False,inf,0.0
99,BCR,True,6.0,36.21
99,BCR,True,14.0,81.4
99,BCR,False,inf,0.0
99,BCR,True,2.0,17.25
99,BCR,True,30.0,180.92
99,BCR,True,19.0,120.7
99,BCR,False,inf,0.0
99,BCR,True,8.0,56.93
99,BCR,False,inf,0.0
99,BCR,True,2.0,9.64
99,BCR,False,inf,0.0
99,BCR,True,8.0,52.51
99,BCR,True,5.0,32.81
99,BCR,False,inf,0.0
99,BCR,True,6.0,38.089999999999996
99,BCR,False,inf,0.0
99,BCR,False,inf,0.0
99,BCR,True,22.0,136.75
99,BCR,False,inf,0.0
99,BCR,True,14.0,85.4
99,BCR,True,8.0,48.65
99,BCR,False,inf,0.0
99,BCR,True,33.0,192.89
99,BCR,True,6.0,48.629999999999995
99,BCR,True,14.0,93.75
99,BCR,False,inf,0.0
99,BCR,True,8.0,50.019999999999996
99,BCR,True,11.0,70.42
99,BCR,False,inf,0.0
99,BCR,False,inf,0.0
99,BCR,True,11.0,70.28
99,BCR,True,32.0,197.28
99,BCR,True,27.0,165.7
99,BCR,False,inf,0.0
99,BCR,False,inf,0.0
99,BCR,True,35.0,219.57
99,BCR,False,inf,0.0
99,BCR,True,9.0,65.31
99,BCR,True,12.0,70.2
99,BCR,True,24.0,151.4
99,BCR,False,inf,0.0
99,BCR,True,13.0,89.15
99,BCR,True,1.0,8.43
99,BCR,True,25.0,144.75
99,BCR,True,16.0,94.5
99,BCR,True,22.0,133.28
99,BCR,False,inf,0.0
99,BCR,True,18.0,106.6
99,BCR,True,8.0,40.94
99,BCR,False,inf,0.0
99,BCR,False,inf,0.0
99,BCR,False,inf,0.0
99,BCR,False,inf,0.0
99,BCR,True,14.0,79.53
99,BCR,True,2.0,11.2
99,BCR,True,35.0,209.53
99,BCR,True,13.0,77.3
99,BCR,False,inf,0.0
99,BCR,False,inf,0.0
99,BCR,True,5.0,37.48
99,BCR,True,10.0,59.76
99,BCR,False,inf,0.0
99,BCR,True,8.0,49.38
99,BCR,False,inf,0.0
99,BCR,False,inf,0.0
99,BCR,False,inf,0.0
99,BCR,False,inf,0.0
99,BCR,False,inf,0.0
99,BCR,True,29.0,178.78
99,BCR,False,inf,0.0
99,BCR,False,inf,0.0
99,BCR,True,33.0,198.97
99,BCR,True,12.0,78.0
99,BCR,False,inf,0.0
99,BCR,True,22.0,138.17
99,BCR,True,24.0,158.85999999999999
99,BCR,True,25.0,155.78
99,BCR,True,20.0,118.3
99,BCR,True,4.0,34.46
99,BCR,True,26.0,162.01
99,BCR,True,32.0,197.28
99,BCR,False,inf,0.0
99,BCR,True,7.0,45.22
99,BCR,True,13.0,77.21
99,BCR,False,inf,0.0
99,BCR,True,14.0,91.92
99,BCR,False,inf,0.0
99,BCR,True,28.0,174.41
99,BCR,False,inf,0.0
99,BCR,True,2.0,19.28
99,BCR,True,33.0,199.37
99,BCR,True,28.0,174.72
99,BCR,False,inf,0.0
99,BCR,True,24.0,145.18
99,BCR,True,24.0,151.48
99,BCR,True,31.0,190.12
99,BCR,False,inf,0.0
99,BCR,True,17.0,99.97
99,BCR,False,inf,0.0
99,BCR,True,2.0,15.879999999999999
99,BCR,True,15.0,102.19
99,BCR,True,5.0,42.97
99,BCR,True,22.0,141.85999999999999
99,BCR,True,20.0,117.99
99,BCR,False,inf,0.0
99,BCR,True,3.0,25.22
99,BCR,True,24.0,147.18
99,BCR,True,19.0,105.83
99,BCR,True,13.0,84.78
99,BCR,True,4.0,28.919999999999998
99,BCR,False,inf,0.0
99,BCR,True,6.0,43.47
99,BCR,False,inf,0.0
99,BCR,True,24.0,153.37
99,BCR,False,inf,0.0
99,BCR,True,33.0,197.7
99,BCR,True,1.0,2.48
99,BCR,False,inf,0.0
99,BCR,True,10.0,65.77
99,BCR,True,23.0,150.26
99,BCR,True,15.0,91.66
99,BCR,True,11.0,70.42
99,BCR,False,inf,0.0
99,BCR,True,1.0,4.4
99,BCR,True,35.0,209.13
99,BCR,True,16.0,100.2
99,BCR,False,inf,0.0
99,BCR,False,inf,0.0
99,BCR,False,inf,0.0
99,BCR,False,inf,0.0
99,BCR,True,20.0,131.6
99,BCR,True,17.0,104.43
99,BCR,False,inf,0.0
99,BCR,True,22.0,141.75
99,BCR,True,10.0,67.89
99,BCR,False,inf,0.0
99,BCR,False,inf,0.0
99,BCR,True,9.0,53.61
99,BCR,False,inf,0.0
99,BCR,True,27.0,167.45
99,BCR,False,inf,0.0
99,BCR,True,20.0,112.96
99,BCR,True,1.0,2.48
99,BCR,True,7.0,47.21
99,BCR,True,6.0,44.79
99,BCR,True,1.0,5.2
99,BCR,False,inf,0.0
99,BCR,False,inf,0.0
99,BCR,True,12.0,68.38
99,BCR,False,inf,0.0
99,BCR,True,12.0,78.34
99,BCR,True,15.0,101.3
99,BCR,True,7.0,41.9
99,BCR,True,4.0,20.43
99,BCR,True,24.0,138.98
99,BCR,True,30.0,182.46
99,BCR,False,inf,0.0
99,BCR,True,10.0,63.23
99,BCR,False,inf,0.0
99,BCR,True,2.0,15.39
99,BCR,True,3.0,17.29
99,BCR,True,7.0,50.48
99,BCR,True,29.0,182.65
99,BCR,False,inf,0.0
99,BCR,True,22.0,141.85999999999999
99,BCR,True,20.0,123.11
99,BCR,True,9.0,63.46
99,BCR,True,4.0,22.66
99,BCR,True,18.0,114.36
99,BCR,True,23.0,145.57
99,BCR,True,9.0,63.53
99,BCR,True,8.0,59.72
99,BCR,True,17.0,102.15
99,BCR,False,inf,0.0
99,BCR,False,inf,0.0
99,BCR,True,8.0,44.14
99,BCR,True,27.0,172.55
99,BCR,False,inf,0.0
99,BCR,True,29.0,194.35
99,BCR,False,inf,0.0
99,BCR,True,15.0,100.3
99,BCR,False,inf,0.0
99,BCR,True,28.0,168.53
99,BCR,True,23.0,145.69
99,BCR,False,inf,0.0
99,BCR,True,26.0,159.42
99,BCR,False,inf,0.0
99,BCR,True,30.0,182.55
99,BCR,True,6.0,44.79
99,BCR,True,12.0,76.5
99,BCR,False,inf,0.0
99,BCR,True,19.0,114.97
99,BCR,True,15.0,95.09
99,BCR,False,inf,0.0
99,BCR,True,5.0,34.57
99,BCR,True,26.0,157.98
99,BCR,True,17.0,109.25
99,BCR,True,23.0,140.41
99,BCR,True,18.0,113.22
99,BCR,False,inf,0.0
99,BCR,False,inf,0.0
99,BCR,False,inf,0.0
99,BCR,False,inf,0.0
99,BCR,False,inf,0.0
99,BCR,True,33.0,195.96
99,BCR,True,36.0,216.24
99,BCR,True,14.0,92.42999999999999
99,BCR,True,31.0,197.78
99,BCR,True,17.0,97.7
99,BCR,False,inf,0.0
99,BCR,False,inf,0.0
99,BCR,False,inf,0.0
99,BCR,False,inf,0.0
99,BCR,False,inf,0.0
99,BCR,True,15.0,94.12
99,BCR,True,13.0,88.72
99,BCR,True,19.0,117.57
99,BCR,True,32.0,204.61
99,BCR,True,2.0,9.32
99,BCR,True,31.0,192.48
99,BCR,False,inf,0.0
99,BCR,True,3.0,14.67
99,BCR,True,26.0,171.41
99,BCR,False,inf,0.0
99,BCR,True,9.0,55.38
99,BCR,True,13.0,82.78
99,BCR,False,inf,0.0
99,BCR,True,1.0,4.4
99,BCR,False,inf,0.0
99,BCR,True,7.0,41.04
99,BCR,True,5.0,32.58
99,BCR,True,19.0,114.97
99,BCR,True,23.0,145.76
99,BCR,False,inf,0.0
99,BCR,False,inf,0.0
99,BCR,False,inf,0.0
99,BCR,True,26.0,164.7
99,BCR,True,6.0,39.71
99,BCR,True,13.0,82.88
99,BCR,False,inf,0.0
99,BCR,True,29.0,181.62
99,BCR,False,inf,0.0
99,BCR,False,inf,0.0
99,BCR,True,22.0,132.93
99,BCR,True,22.0,139.49
99,BCR,False,inf,0.0
99,BCR,True,10.0,55.69
99,BCR,True,17.0,104.46
99,BCR,True,3.0,20.97
99,BCR,True,13.0,78.53
99,BCR,False,inf,0.0
99,BCR,True,9.0,63.46
99,BCR,True,11.0,72.26
99,BCR,False,inf,0.0
99,BCR,False,inf,0.0
99,BCR,False,inf,0.0
99,BCR,True,18.0,109.63
99,BCR,True,21.0,129.21
99,BCR,False,inf,0.0
99,BCR,False,inf,0.0
99,BCR,True,20.0,128.18
99,BCR,True,24.0,148.93
99,BCR,False,inf,0.0
99,BCR,False,inf,0.0
99,BCR,False,inf,0.0
99,BCR,True,16.0,108.77
99,BCR,False,inf,0.0
99,BCR,True,21.0,124.19
99,BCR,False,inf,0.0
99,BCR,True,11.0,72.26
99,BCR,True,26.0,163.89
99,BCR,True,23.0,137.17
99,BCR,True,24.0,144.85
99,BCR,True,27.0,172.04
99,BCR,False,inf,0.0
99,BCR,True,28.0,175.12
99,BCR,True,12.0,68.38
99,BCR,True,20.0,124.9
99,BCR,True,23.0,145.57
99,BCR,False,inf,0.0
99,BCR,True,10.0,64.91
99,BCR,False,inf,0.0
99,BCR,True,20.0,113.17999999999999
99,BCR,True,5.0,38.27
99,BCR,False,inf,0.0
99,BCR,False,inf,0.0
99,BCR,False,inf,0.0
99,BCR,True,33.0,203.64000000000001
99,BCR,False,inf,0.0
99,BCR,True,16.0,105.45
99,BCR,True,20.0,121.31
99,BCR,False,inf,0.0
99,BCR,True,3.0,25.1
99,BCR,True,23.0,155.77
99,BCR,True,16.0,100.28999999999999
99,BCR,True,15.0,102.19
99,BCR,False,inf,0.0
99,BCR,False,inf,0.0
99,BCR,True,3.0,18.18
99,BCR,False,inf,0.0
99,BCR,True,18.0,102.64
99,BCR,False,inf,0.0
99,BCR,False,inf,0.0
99,BCR,True,5.0,32.58
99,BCR,True,18.0,110.22
99,BCR,False,inf,0.0
99,BCR,True,7.0,49.64
99,BCR,True,26.0,154.47
99,BCR,True,33.0,199.37
99,BCR,True,32.0,204.61
99,BCR,True,28.0,174.28
99,BCR,False,inf,0.0
99,BCR,False,inf,0.0
99,BCR,True,28.0,176.42
99,BCR,True,15.0,96.68
99,BCR,True,7.0,46.949999999999996
99,BCR,True,26.0,159.42
99,BCR,False,inf,0.0
99,BCR,True,5.0,32.58
99,BCR,True,2.0,11.2
99,BCR,True,28.0,173.83
99,BCR,True,6.0,40.65
99,BCR,False,inf,0.0
99,BCR,False,inf,0.0
99,BCR,False,inf,0.0
99,BCR,False,inf,0.0
99,BCR,True,3.0,25.799999999999997
99,BCR,True,8.0,52.99
99,BCR,True,19.0,111.91
99,BCR,True,16.0,97.47
99,BCR,False,inf,0.0
99,BCR,True,10.0,64.59
99,BCR,True,18.0,106.37
99,BCR,False,inf,0.0
99,BCR,True,26.0,159.68
99,BCR,False,inf,0.0
99,BCR,True,23.0,152.87
99,BCR,True,12.0,77.79
99,BCR,True,21.0,135.15
99,BCR,False,inf,0.0
99,BCR,True,25.0,156.49
99,BCR,True,28.0,170.23
99,BCR,True,2.0,9.32
99,BCR,True,29.0,179.01
99,BCR,False,inf,0.0
99,BCR,True,37.0,219.22
99,BCR,True,14.0,89.8
99,BCR,False,inf,0.0
99,BCR,False,inf,0.0
99,BCR,True,11.0,62.18
99,BCR,True,24.0,144.3
99,BCR,True,6.0,44.26
99,BCR,True,1.0,1.44
99,BCR,False,inf,0.0
99,BCR,False,inf,0.0
99,BCR,False,inf,0.0
99,BCR,False,inf,0.0
99,BCR,False,inf,0.0
99,BCR,False,inf,0.0
99,BCR,True,29.0,179.15
99,BCR,False,inf,0.0
99,BCR,False,inf,0.0
99,BCR,False,inf,0.0
99,BCR,False,inf,0.0
99,BCR,True,12.0,80.97
99,BCR,True,22.0,136.3
99,BCR,False,inf,0.0
99,BCR,True,33.0,196.01
99,BCR,True,26.0,165.03
99,BCR,False,inf,0.0
99,BCR,True,3.0,22.15
99,BCR,True,1.0,4.91
99,BCR,True,28.0,175.76
99,BCR,True,23.0,143.27
99,BCR,True,16.0,93.88
99,BCR,True,14.0,89.16
99,BCR,False,inf,0.0
99,BCR,True,20.0,128.18
99,BCR,True,18.0,109.24
99,BCR,False,inf,0.0
99,BCR,False,inf,0.0
99,BCR,True,6.0,36.51
99,BCR,True,26.0,155.53
99,BCR,True,22.0,126.06
99,BCR,False,inf,0.0
99,BCR,True,16.0,102.43
99,BCR,True,12.0,75.41
99,BCR,False,inf,0.0
99,BCR,True,13.0,82.88
99,BCR,True,30.0,183.1
99,BCR,True,21.0,130.59
99,BCR,False,inf,0.0
99,BCR,False,inf,0.0
99,BCR,True,1.0,5.2
99,BCR,True,15.0,92.02
99,BCR,True,5.0,42.97
99,BCR,False,inf,0.0
99,BCR,False,inf,0.0
99,BCR,True,4.0,23.57
99,BCR,False,inf,0.0
99,BCR,True,28.0,178.54
99,BCR,True,3.0,14.89
99,BCR,True,7.0,38.06
99,BCR,False,inf,0.0
99,BCR,False,inf,0.0
99,BCR,True,22.0,140.15
99,BCR,False,inf,0.0
99,BCR,True,7.0,44.91
99,BCR,True,28.0,179.39000000000001
99,BCR,True,22.0,136.87
99,BCR,False,inf,0.0
99,BCR,False,inf,0.0
99,BCR,False,inf,0.0
99,BCR,True,9.0,53.16
99,BCR,False,inf,0.0
99,BCR,True,21.0,133.83
99,BCR,False,inf,0.0
99,BCR,True,26.0,162.01
99,BCR,True,7.0,38.46
99,BCR,False,inf,0.0
99,BCR,True,20.0,124.9
99,BCR,True,12.0,77.83
99,BCR,True,1.0,4.4
99,BCR,True,4.0,33.05
99,BCR,True,29.0,187.01
99,BCR,False,inf,0.0
99,BCR,True,5.0,44.39
99,BCR,True,4.0,25.83
99,BCR,True,16.0,102.42
99,BCR,False,inf,0.0
99,BCR,False,inf,0.0
99,BCR,False,inf,0.0
99,BCR,True,20.0,130.84
99,BCR,True,25.0,148.52
99,BCR,True,30.0,179.23
99,BCR,False,inf,0.0
99,BCR,True,21.0,136.63
99,BCR,False,inf,0.0
99,BCR,False,inf,0.0
99,BCR,True,18.0,109.9
99,BCR,True,4.0,31.74
99,BCR,False,inf,0.0
99,BCR,False,inf,0.0
99,BCR,True,9.0,60.15
99,BCR,False,inf,0.0
99,BCR,True,7.0,44.91
99,BCR,True,23.0,142.39000000000001
99,BCR,True,22.0,132.98
99,BCR,False,inf,0.0
99,BCR,True,2.0,17.64
99,BCR,True,4.0,27.599999999999998
99,BCR,True,25.0,161.06
99,BCR,True,19.0,128.0
99,BCR,True,11.0,71.54
99,BCR,True,8.0,51.29
99,BCR,False,inf,0.0
99,BCR,True,33.0,203.19
99,BCR,True,21.0,129.47
99,BCR,True,29.0,177.31
99,BCR,False,inf,0.0
99,BCR,True,18.0,109.9
99,BCR,True,34.0,204.03
99,BCR,False,inf,0.0
99,BCR,True,5.0,36.839999999999996
99,BCR,True,6.0,43.78
99,BCR,True,35.0,210.04
99,BCR,True,11.0,74.28
99,BCR,True,36.0,221.73
99,BCR,True,7.0,51.28
99,BCR,True,1.0,1.28
99,BCR,False,inf,0.0
99,BCR,True,26.0,163.89
99,BCR,True,18.0,104.55
99,BCR,False,inf,0.0
99,BCR,True,6.0,44.72
99,BCR,False,inf,0.0
99,BCR,True,29.0,179.15
99,BCR,True,24.0,152.24
99,BCR,True,5.0,40.98
99,BCR,True,15.0,89.84
99,BCR,True,5.0,33.69
99,BCR,True,11.0,66.53
99,BCR,True,19.0,128.0
99,BCR,True,12.0,73.34
99,BCR,False,inf,0.0
99,BCR,True,34.0,217.85999999999999
99,BCR,True,1.0,8.27
99,BCR,True,25.0,157.12
99,BCR,True,25.0,153.51
99,BCR,True,9.0,56.45
99,BCR,False,inf,0.0
99,BCR,False,inf,0.0
99,BCR,False,inf,0.0
99,BCR,True,18.0,113.53
99,BCR,False,inf,0.0
99,BCR,False,inf,0.0
99,BCR,True,24.0,153.37
99,BCR,False,inf,0.0
99,BCR,True,19.0,108.95
99,BCR,True,14.0,79.53
99,BCR,True,17.0,108.75
99,BCR,True,22.0,138.3
99,BCR,True,30.0,186.41
99,BCR,True,15.0,102.19
99,BCR,False,inf,0.0
99,BCR,True,14.0,91.8
99,BCR,True,6.0,36.26
99,BCR,True,22.0,133.72
99,BCR,True,22.0,147.60999999999999
99,BCR,False,inf,0.0
99,BCR,True,25.0,159.64
99,BCR,True,29.0,174.63
99,BCR,False,inf,0.0
99,BCR,True,36.0,214.93
99,BCR,False,inf,0.0
99,BCR,True,4.0,29.869999999999997
99,BCR,False,inf,0.0
99,BCR,True,6.0,43.78
99,BCR,True,15.0,91.36
99,BCR,True,29.0,167.75
99,BCR,True,10.0,72.26
99,BCR,True,24.0,153.37
99,BCR,True,30.0,187.72
99,BCR,False,inf,0.0
99,BCR,False,inf,0.0
99,BCR,True,10.0,60.14
99,BCR,True,14.0,94.84
99,BCR,True,16.0,101.08
99,BCR,True,32.0,188.16
99,BCR,False,inf,0.0
99,BCR,False,inf,0.0
99,BCR,False,inf,0.0
99,BCR,False,inf,0.0
99,BCR,True,1.0,9.36
99,BCR,True,29.0,171.62
99,BCR,True,4.0,30.419999999999998
99,BCR,True,12.0,74.47
99,BCR,False,inf,0.0
99,BCR,True,13.0,73.88
99,BCR,True,15.0,102.66
99,BCR,False,inf,0.0
99,BCR,True,28.0,173.3
99,BCR,True,24.0,155.04
99,BCR,True,1.0,7.35
99,BCR,True,21.0,129.35
99,BCR,True,5.0,39.32
99,BCR,False,inf,0.0
99,BCR,False,inf,0.0
99,BCR,True,5.0,39.32
99,BCR,True,17.0,109.2
99,BCR,True,27.0,161.8
99,BCR,False,inf,0.0
99,BCR,True,6.0,49.62
99,BCR,True,25.0,156.45
99,BCR,False,inf,0.0
99,BCR,False,inf,0.0
99,BCR,False,inf,0.0
99,BCR,False,inf,0.0
99,BCR,False,inf,0.0
99,BCR,False,inf,0.0
99,BCR,True,19.0,116.08
99,BCR,True,19.0,125.19
99,BCR,True,7.0,44.879999999999995
99,BCR,False,inf,0.0
99,BCR,True,18.0,116.83
99,BCR,False,inf,0.0
99,BCR,True,18.0,113.35
99,BCR,False,inf,0.0
99,BCR,False,inf,0.0
99,BCR,True,25.0,162.83
99,BCR,False,inf,0.0
99,BCR,False,inf,0.0
99,BCR,True,7.0,49.64
99,BCR,True,19.0,113.28
99,BCR,True,26.0,163.82
99,BCR,True,17.0,104.03
99,BCR,False,inf,0.0
99,BCR,True,10.0,63.89
99,BCR,True,31.0,196.55
99,BCR,False,inf,0.0
99,BCR,True,13.0,81.81
99,BCR,True,13.0,82.33
99,BCR,True,13.0,87.16
99,BCR,True,25.0,149.27
99,BCR,False,inf,0.0
99,BCR,False,inf,0.0
99,BCR,True,28.0,171.76
99,BCR,False,inf,0.0
99,BCR,True,10.0,71.83
99,BCR,True,23.0,150.26
99,BCR,True,10.0,64.11
99,BCR,False,inf,0.0
99,BCR,True,13.0,73.75
99,BCR,True,32.0,197.28
99,BCR,True,23.0,142.39000000000001
99,BCR,True,21.0,123.03
99,BCR,True,19.0,115.13
99,BCR,True,25.0,149.27
99,BCR,True,30.0,190.24
99,BCR,True,9.0,59.64
99,BCR,False,inf,0.0
99,BCR,False,inf,0.0
99,BCR,True,25.0,155.78
99,BCR,False,inf,0.0
99,BCR,False,inf,0.0
99,BCR,True,15.0,92.02
99,BCR,False,inf,0.0
99,BCR,True,9.0,58.27
99,BCR,True,25.0,155.42
99,BCR,True,24.0,150.48
99,BCR,True,2.0,16.310000000000002
99,BCR,False,inf,0.0
99,BCR,True,8.0,51.86
99,BCR,True,29.0,178.78
99,BCR,True,20.0,124.9
99,BCR,True,24.0,153.73
99,BCR,True,3.0,19.06
99,BCR,False,inf,0.0
99,BCR,False,inf,0.0
99,BCR,False,inf,0.0
99,BCR,True,12.0,80.15
99,BCR,True,15.0,102.19
99,BCR,False,inf,0.0
99,BCR,True,6.0,36.26
99,BCR,False,inf,0.0
99,BCR,False,inf,0.0
99,BCR,True,15.0,98.34
99,BCR,True,16.0,105.45
99,BCR,False,inf,0.0
99,BCR,True,10.0,63.629999999999995
99,BCR,True,11.0,70.42
99,BCR,True,17.0,104.54
99,BCR,False,inf,0.0
99,BCR,True,7.0,46.16
99,BCR,True,4.0,32.17
99,BCR,False,inf,0.0
99,BCR,False,inf,0.0
99,BCR,True,4.0,37.06
99,BCR,True,12.0,80.65
99,BCR,True,27.0,165.55
99,BCR,True,27.0,166.75
99,BCR,True,2.0,3.92
99,BCR,False,inf,0.0
99,BCR,True,11.0,71.76
99,BCR,True,25.0,148.52
99,BCR,False,inf,0.0
99,BCR,True,22.0,141.85999999999999
99,BCR,False,inf,0.0
99,BCR,True,22.0,138.35999999999999
99,BCR,True,18.0,106.81
99,BCR,True,28.0,179.39000000000001
99,BCR,True,10.0,66.55
99,BCR,False,inf,0.0
99,BCR,True,11.0,72.26
99,BCR,True,21.0,129.47
99,BCR,True,20.0,117.99
99,BCR,True,7.0,47.22
99,BCR,False,inf,0.0
99,BCR,False,inf,0.0
99,BCR,True,20.0,119.66
99,BCR,False,inf,0.0
99,BCR,True,12.0,79.59
99,BCR,True,19.0,122.34
99,BCR,False,inf,0.0
99,BCR,True,18.0,109.63
99,BCR,True,13.0,88.11
99,BCR,True,8.0,41.769999999999996
99,BCR,True,19.0,115.55
99,BCR,False,inf,0.0
99,BCR,True,17.0,99.33
99,BCR,True,4.0,30.63
99,BCR,False,inf,0.0
99,BCR,False,inf,0.0
99,BCR,False,inf,0.0
99,BCR,True,3.0,18.69
99,BCR,True,27.0,158.38
99,BCR,False,inf,0.0
99,BCR,True,35.0,209.49
99,BCR,True,13.0,83.99
99,BCR,True,15.0,92.64
99,BCR,False,inf,0.0
99,BCR,False,inf,0.0
99,BCR,True,26.0,159.68
99,BCR,True,27.0,159.98
99,BCR,True,18.0,107.45
99,BCR,False,inf,0.0
99,BCR,True,22.0,134.23
99,BCR,True,3.0,23.97
99,BCR,True,32.0,194.34
99,BCR,False,inf,0.0
99,BCR,False,inf,0.0
99,BCR,True,23.0,155.12
99,BCR,True,4.0,29.869999999999997
99,BCR,True,11.0,66.53
99,BCR,True,5.0,37.48
99,BCR,True,26.0,152.65
99,BCR,False,inf,0.0
99,BCR,True,14.0,89.16
99,BCR,False,inf,0.0
99,BCR,False,inf,0.0
99,BCR,True,10.0,62.7
99,BCR,True,26.0,157.98
99,BCR,True,16.0,98.11
99,BCR,False,inf,0.0
99,BCR,False,inf,0.0
99,BCR,False,inf,0.0
99,BCR,True,3.0,22.25
99,BCR,True,5.0,38.75
99,BCR,False,inf,0.0
99,BCR,True,28.0,178.94
99,BCR,True,19.0,111.27
99,BCR,False,inf,0.0
99,BCR,True,1.0,3.0
99,BCR,True,25.0,144.75
99,BCR,True,34.0,194.73
99,BCR,False,inf,0.0
99,BCR,False,inf,0.0
99,BCR,False,inf,0.0
99,BCR,False,inf,0.0
99,BCR,True,6.0,36.26
99,BCR,False,inf,0.0
99,BCR,False,inf,0.0
99,BCR,True,14.0,89.61
99,BCR,False,inf,0.0
99,BCR,False,inf,0.0
99,BCR,False,inf,0.0
99,BCR,False,inf,0.0
99,BCR,True,11.0,61.62
99,BCR,False,inf,0.0
99,BCR,False,inf,0.0
99,BCR,True,26.0,163.9
99,BCR,True,20.0,126.86
99,BCR,True,15.0,91.36
99,BCR,True,31.0,192.06
99,BCR,False,inf,0.0
99,BCR,True,10.0,56.62
99,BCR,False,inf,0.0
99,BCR,False,inf,0.0
99,BCR,True,6.0,47.54
99,BCR,True,8.0,46.23
99,BCR,True,20.0,113.17999999999999
99,BCR,True,3.0,25.22
99,BCR,True,6.0,43.68
99,BCR,True,10.0,68.37
99,BCR,False,inf,0.0
99,BCR,True,8.0,43.339999999999996
99,BCR,True,3.0,17.43
99,BCR,True,9.0,53.16
99,BCR,True,20.0,133.79
99,BCR,True,17.0,107.03
99,BCR,False,inf,0.0
99,BCR,False,inf,0.0
99,BCR,True,19.0,110.64
99,BCR,False,inf,0.0
99,BCR,False,inf,0.0
99,BCR,False,inf,0.0
99,BCR,True,9.0,55.38
99,BCR,True,13.0,82.33
99,BCR,True,15.0,92.11
99,BCR,True,21.0,139.01
99,BCR,True,3.0,17.43
99,BCR,True,13.0,81.81
99,BCR,False,inf,0.0
99,BCR,False,inf,0.0
99,BCR,True,7.0,51.79
99,BCR,True,7.0,47.54
99,BCR,True,2.0,17.64
99,BCR,True,7.0,44.879999999999995
99,BCR,False,inf,0.0
99,BCR,True,22.0,142.42
99,BCR,True,18.0,112.94
99,BCR,False,inf,0.0
99,BCR,True,7.0,49.33
99,BCR,True,1.0,5.94
99,BCR,True,5.0,38.75
99,DCR,True,6.0,39.29
99,DCR,True,30.0,187.82
99,DCR,False,inf,0.0
99,DCR,True,3.0,11.95
99,DCR,True,6.0,36.43
99,DCR,False,inf,0.0
99,DCR,True,7.0,44.4
99,DCR,False,inf,0.0
99,DCR,True,10.0,49.85
99,DCR,True,23.0,132.82
99,DCR,True,1.0,3.0
99,DCR,True,20.0,108.34
99,DCR,True,2.0,10.84
99,DCR,True,13.0,67.35
99,DCR,True,7.0,50.44
99,DCR,True,8.0,43.199999999999996
99,DCR,True,11.0,59.03
99,DCR,False,inf,0.0
99,DCR,True,32.0,166.01
99,DCR,False,inf,0.0
99,DCR,True,26.0,138.3
99,DCR,False,inf,0.0
99,DCR,True,27.0,139.51
99,DCR,True,10.0,56.76
99,DCR,True,15.0,87.86
99,DCR,True,17.0,105.36
99,DCR,False,inf,0.0
99,DCR,False,inf,0.0
99,DCR,True,9.0,41.93
99,DCR,False,inf,0.0
99,DCR,True,38.0,220.09
99,DCR,True,39.0,224.78
99,DCR,True,13.0,70.78999999999999
99,DCR,True,6.0,33.81
99,DCR,True,1.0,1.44
99,DCR,True,7.0,39.33
99,DCR,True,14.0,75.97
99,DCR,True,14.0,75.52
99,DCR,True,30.0,161.48
99,DCR,True,4.0,32.33
99,DCR,True,25.0,153.34
99,DCR,True,32.0,181.64
99,DCR,False,inf,0.0
99,DCR,True,13.0,73.78999999999999
99,DCR,True,12.0,65.14999999999999
99,DCR,True,40.0,215.1
99,DCR,True,2.0,11.2
99,DCR,True,10.0,57.43
99,DCR,True,19.0,107.17
99,DCR,True,35.0,179.01
99,DCR,True,19.0,114.57
99,DCR,True,24.0,130.2
99,DCR,True,29.0,153.24
99,DCR,True,15.0,82.12
99,DCR,False,inf,0.0
99,DCR,True,9.0,50.29
99,DCR,False,inf,0.0
99,DCR,False,inf,0.0
99,DCR,True,18.0,100.77
99,DCR,True,26.0,150.43
99,DCR,False,inf,0.0
99,DCR,False,inf,0.0
99,DCR,False,inf,0.0
99,DCR,False,inf,0.0
99,DCR,True,5.0,38.85
99,DCR,True,22.0,117.37
99,DCR,True,11.0,61.19
99,DCR,True,21.0,115.63
99,DCR,True,17.0,94.42
99,DCR,True,28.0,141.59
99,DCR,False,inf,0.0
99,DCR,True,14.0,78.88
99,DCR,True,1.0,7.07
99,DCR,True,4.0,31.74
99,DCR,False,inf,0.0
99,DCR,True,12.0,66.46
99,DCR,True,23.0,125.47999999999999
99,DCR,False,inf,0.0
99,DCR,True,1.0,6.83
99,DCR,True,20.0,109.67
99,DCR,True,8.0,53.23
99,DCR,True,11.0,58.55
99,DCR,False,inf,0.0
99,DCR,True,12.0,66.46
99,DCR,True,29.0,171.28
99,DCR,False,inf,0.0
99,DCR,True,13.0,78.83
99,DCR,True,2.0,11.34
99,DCR,True,13.0,72.31
99,DCR,True,23.0,132.82
99,DCR,True,16.0,92.97
99,DCR,False,inf,0.0
99,DCR,True,12.0,70.14
99,DCR,True,22.0,131.57999999999998
99,DCR,True,26.0,149.68
99,DCR,True,17.0,94.59
99,DCR,True,15.0,87.86
99,DCR,False,inf,0.0
99,DCR,True,1.0,5.99
99,DCR,True,5.0,43.099999999999994
99,DCR,True,1.0,8.43
99,DCR,True,34.0,194.79
99,DCR,True,1.0,9.45
99,DCR,True,8.0,44.14
99,DCR,True,21.0,115.06
99,DCR,True,4.0,29.85
99,DCR,True,15.0,80.37
99,DCR,True,31.0,180.6
99,DCR,False,inf,0.0
99,DCR,True,11.0,58.55
99,DCR,True,30.0,175.18
99,DCR,True,15.0,93.91
99,DCR,True,26.0,150.62
99,DCR,True,8.0,45.05
99,DCR,False,inf,0.0
99,DCR,True,25.0,145.32999999999998
99,DCR,False,inf,0.0
99,DCR,True,31.0,176.87
99,DCR,True,30.0,152.16
99,DCR,False,inf,0.0
99,DCR,True,22.0,118.03999999999999
99,DCR,False,inf,0.0
99,DCR,True,6.0,47.54
99,DCR,False,inf,0.0
99,DCR,False,inf,0.0
99,DCR,True,33.0,172.85
99,DCR,False,inf,0.0
99,DCR,True,21.0,107.77
99,DCR,True,3.0,19.54
99,DCR,False,inf,0.0
99,DCR,True,12.0,67.58
99,DCR,True,13.0,73.92
99,DCR,True,1.0,9.71
99,DCR,True,35.0,209.24
99,DCR,True,38.0,221.16
99,DCR,True,11.0,60.839999999999996
99,DCR,True,15.0,84.96
99,DCR,False,inf,0.0
99,DCR,True,21.0,114.99
99,DCR,True,7.0,39.65
99,DCR,False,inf,0.0
99,DCR,True,18.0,110.28999999999999
99,DCR,True,17.0,103.73
99,DCR,True,19.0,103.01
99,DCR,True,27.0,159.06
99,DCR,True,26.0,146.56
99,DCR,True,16.0,96.98
99,DCR,True,24.0,126.13
99,DCR,True,3.0,13.49
99,DCR,False,inf,0.0
99,DCR,True,27.0,137.73
99,DCR,True,5.0,36.0
99,DCR,True,29.0,178.26
99,DCR,True,26.0,141.15
99,DCR,True,25.0,153.34
99,DCR,False,inf,0.0
99,DCR,False,inf,0.0
99,DCR,False,inf,0.0
99,DCR,True,1.0,8.51
99,DCR,True,29.0,158.26
99,DCR,True,25.0,139.21
99,DCR,True,8.0,45.839999999999996
99,DCR,True,24.0,124.39999999999999
99,DCR,True,21.0,124.07
99,DCR,True,20.0,106.46
99,DCR,False,inf,0.0
99,DCR,True,13.0,73.83
99,DCR,True,8.0,42.86
99,DCR,True,29.0,162.33
99,DCR,True,16.0,98.64
99,DCR,True,23.0,133.10999999999999
99,DCR,True,2.0,11.2
99,DCR,False,inf,0.0
99,DCR,True,28.0,169.02
99,DCR,True,35.0,204.82999999999998
99,DCR,True,12.0,66.07
99,DCR,True,5.0,36.32
99,DCR,True,33.0,192.82999999999998
99,DCR,True,6.0,38.589999999999996
99,DCR,True,27.0,135.97
99,DCR,False,inf,0.0
99,DCR,False,inf,0.0
99,DCR,False,inf,0.0
99,DCR,True,33.0,172.53
99,DCR,True,2.0,15.650000000000002
99,DCR,True,38.0,222.52
99,DCR,False,inf,0.0
99,DCR,True,2.0,16.53
99,DCR,True,37.0,229.84
99,DCR,False,inf,0.0
99,DCR,True,5.0,35.32
99,DCR,False,inf,0.0
99,DCR,True,30.0,174.97
99,DCR,True,34.0,189.99
99,DCR,False,inf,0.0
99,DCR,True,3.0,20.26
99,DCR,False,inf,0.0
99,DCR,False,inf,0.0
99,DCR,True,34.0,204.6
99,DCR,False,inf,0.0
99,DCR,True,21.0,117.53999999999999
99,DCR,True,15.0,85.33
99,DCR,True,25.0,145.29
99,DCR,True,24.0,137.45
99,DCR,True,25.0,139.21
99,DCR,True,3.0,21.92
99,DCR,True,28.0,140.19
99,DCR,True,23.0,113.28
99,DCR,True,1.0,4.72
99,DCR,True,28.0,141.59
99,DCR,True,18.0,101.78
99,DCR,True,33.0,184.14
99,DCR,True,22.0,118.2
99,DCR,False,inf,0.0
99,DCR,True,10.0,54.839999999999996
99,DCR,True,14.0,78.4
99,DCR,True,1.0,6.09
99,DCR,False,inf,0.0
99,DCR,True,25.0,155.69
99,DCR,True,27.0,139.51
99,DCR,True,29.0,166.94
99,DCR,False,inf,0.0
99,DCR,True,16.0,94.13
99,DCR,True,35.0,181.9
99,DCR,True,12.0,68.51
99,DCR,True,1.0,7.72
99,DCR,True,27.0,161.09
99,DCR,False,inf,0.0
99,DCR,True,24.0,124.28999999999999
99,DCR,False,inf,0.0
99,DCR,True,8.0,52.129999999999995
99,DCR,True,10.0,49.85
99,DCR,False,inf,0.0
99,DCR,True,10.0,63.51
99,DCR,False,inf,0.0
99,DCR,True,30.0,183.2
99,DCR,True,36.0,187.57
99,DCR,False,inf,0.0
99,DCR,True,26.0,137.98
99,DCR,True,4.0,30.42
99,DCR,True,19.0,112.17999999999999
99,DCR,True,7.0,50.44
99,DCR,True,5.0,32.339999999999996
99,DCR,True,12.0,64.67999999999999
99,DCR,True,35.0,209.9
99,DCR,True,36.0,198.56
99,DCR,True,28.0,148.55
99,DCR,True,1.0,3.27
99,DCR,True,30.0,147.8
99,DCR,True,16.0,98.64
99,DCR,True,31.0,153.66
99,DCR,True,17.0,94.23
99,DCR,True,22.0,117.62
99,DCR,False,inf,0.0
99,DCR,True,8.0,44.2
99,DCR,True,6.0,37.949999999999996
99,DCR,True,18.0,103.62
99,DCR,True,37.0,201.07
99,DCR,True,18.0,102.86
99,DCR,True,29.0,172.57999999999998
99,DCR,False,inf,0.0
99,DCR,True,2.0,17.85
99,DCR,False,inf,0.0
99,DCR,True,28.0,135.65
99,DCR,False,inf,0.0
99,DCR,True,4.0,28.41
99,DCR,True,29.0,166.6
99,DCR,True,28.0,147.39
99,DCR,True,12.0,67.82
99,DCR,True,9.0,43.019999999999996
99,DCR,True,9.0,49.74
99,DCR,True,3.0,27.04
99,DCR,True,27.0,168.09
99,DCR,True,27.0,167.57999999999998
99,DCR,False,inf,0.0
99,DCR,True,17.0,98.53
99,DCR,True,1.0,8.43
99,DCR,True,4.0,28.41
99,DCR,False,inf,0.0
99,DCR,False,inf,0.0
99,DCR,False,inf,0.0
99,DCR,False,inf,0.0
99,DCR,True,6.0,44.72
99,DCR,True,15.0,87.24
99,DCR,False,inf,0.0
99,DCR,True,12.0,68.51
99,DCR,True,18.0,97.95
99,DCR,True,28.0,169.02
99,DCR,True,15.0,77.47
99,DCR,True,14.0,81.38
99,DCR,True,21.0,119.92999999999999
99,DCR,True,27.0,164.03
99,DCR,True,33.0,187.35
99,DCR,True,19.0,107.81
99,DCR,True,10.0,55.199999999999996
99,DCR,False,inf,0.0
99,DCR,True,38.0,217.35999999999999
99,DCR,False,inf,0.0
99,DCR,True,17.0,97.51
99,DCR,True,36.0,187.17
99,DCR,False,inf,0.0
99,DCR,True,28.0,167.10999999999999
99,DCR,True,17.0,101.03
99,DCR,True,14.0,73.23
99,DCR,True,14.0,78.31
99,DCR,True,18.0,101.14
99,DCR,True,20.0,113.3
99,DCR,True,26.0,147.54
99,DCR,True,20.0,108.28
99,DCR,True,3.0,21.95
99,DCR,True,14.0,74.0
99,DCR,False,inf,0.0
99,DCR,True,3.0,17.14
99,DCR,True,9.0,53.269999999999996
99,DCR,False,inf,0.0
99,DCR,False,inf,0.0
99,DCR,True,24.0,138.07999999999998
99,DCR,False,inf,0.0
99,DCR,True,7.0,44.61
99,DCR,False,inf,0.0
99,DCR,True,17.0,99.39
99,DCR,True,21.0,115.69
99,DCR,True,33.0,174.32999999999998
99,DCR,True,35.0,181.9
99,DCR,False,inf,0.0
99,DCR,True,24.0,140.27
99,DCR,False,inf,0.0
99,DCR,True,38.0,216.96
99,DCR,True,27.0,139.51
99,DCR,True,24.0,128.10999999999999
99,DCR,True,25.0,142.37
99,DCR,True,7.0,39.66
99,DCR,False,inf,0.0
99,DCR,True,19.0,102.64
99,DCR,True,6.0,37.949999999999996
99,DCR,False,inf,0.0
99,DCR,True,26.0,141.07
99,DCR,True,19.0,95.12
99,DCR,True,22.0,124.61
99,DCR,True,16.0,93.77
99,DCR,True,16.0,95.38
99,DCR,True,27.0,154.84
99,DCR,True,37.0,215.27
99,DCR,True,7.0,44.4
99,DCR,True,23.0,133.75
99,DCR,True,4.0,30.729999999999997
99,DCR,True,15.0,83.71
99,DCR,False,inf,0.0
99,DCR,True,1.0,7.93
99,DCR,False,inf,0.0
99,DCR,True,3.0,11.95
99,DCR,True,27.0,146.52
99,DCR,True,26.0,133.13
99,DCR,True,31.0,158.6
99,DCR,False,inf,0.0
99,DCR,True,30.0,152.16
99,DCR,True,2.0,15.35
99,DCR,True,18.0,108.63
99,DCR,False,inf,0.0
99,DCR,True,20.0,116.86
99,DCR,True,8.0,41.58
99,DCR,True,3.0,27.82
99,DCR,True,11.0,63.19
99,DCR,True,20.0,110.53
99,DCR,True,21.0,126.08
99,DCR,False,inf,0.0
99,DCR,True,7.0,38.12
99,DCR,True,11.0,72.48
99,DCR,False,inf,0.0
99,DCR,True,23.0,113.55
99,DCR,True,12.0,67.58
99,DCR,True,10.0,55.47
99,DCR,True,24.0,122.63
99,DCR,False,inf,0.0
99,DCR,True,16.0,85.22
99,DCR,False,inf,0.0
99,DCR,True,9.0,50.79
99,DCR,True,26.0,138.3
99,DCR,True,4.0,34.93
99,DCR,True,28.0,165.07
99,DCR,True,5.0,43.099999999999994
99,DCR,False,inf,0.0
99,DCR,False,inf,0.0
99,DCR,True,1.0,3.12
99,DCR,False,inf,0.0
99,DCR,True,17.0,88.34
99,DCR,True,24.0,137.72
99,DCR,True,39.0,224.38
99,DCR,False,inf,0.0
99,DCR,True,23.0,131.75
99,DCR,True,15.0,84.17
99,DCR,True,27.0,149.31
99,DCR,True,9.0,56.38
99,DCR,True,24.0,146.64
99,DCR,True,20.0,109.61
99,DCR,True,30.0,175.35
99,DCR,True,32.0,195.15
99,DCR,True,38.0,222.52
99,DCR,True,31.0,187.82
99,DCR,True,9.0,41.93
99,DCR,True,27.0,169.13
99,DCR,True,36.0,199.06
99,DCR,True,25.0,125.42999999999999
99,DCR,True,19.0,110.39
99,DCR,True,24.0,122.63
99,DCR,True,8.0,55.379999999999995
99,DCR,True,7.0,38.94
99,DCR,True,24.0,124.37
99,DCR,True,5.0,40.98
99,DCR,False,inf,0.0
99,DCR,True,23.0,131.48
99,DCR,True,20.0,113.3
99,DCR,True,18.0,93.53
99,DCR,True,8.0,44.14
99,DCR,True,6.0,38.95
99,DCR,True,12.0,67.78
99,DCR,True,19.0,110.89999999999999
99,DCR,True,8.0,43.839999999999996
99,DCR,False,inf,0.0
99,DCR,False,inf,0.0
99,DCR,False,inf,0.0
99,DCR,True,3.0,19.6
99,DCR,True,6.0,34.25
99,DCR,True,35.0,209.9
99,DCR,True,38.0,222.69
99,DCR,True,32.0,175.82
99,DCR,True,18.0,96.75
99,DCR,True,6.0,40.8
99,DCR,False,inf,0.0
99,DCR,True,3.0,25.22
99,DCR,False,inf,0.0
99,DCR,True,24.0,119.25
99,DCR,False,inf,0.0
99,DCR,True,30.0,183.2
99,DCR,False,inf,0.0
99,DCR,False,inf,0.0
99,DCR,True,37.0,192.96
99,DCR,True,28.0,152.55
99,DCR,True,11.0,66.51
99,DCR,True,40.0,229.77
99,DCR,False,inf,0.0
99,DCR,False,inf,0.0
99,DCR,False,inf,0.0
99,DCR,False,inf,0.0
99,DCR,True,1.0,7.33
99,DCR,True,3.0,27.04
99,DCR,False,inf,0.0
99,DCR,True,30.0,169.35
99,DCR,False,inf,0.0
99,DCR,True,32.0,161.60999999999999
99,DCR,False,inf,0.0
99,DCR,False,inf,0.0
99,DCR,False,inf,0.0
99,DCR,True,11.0,63.739999999999995
99,DCR,True,11.0,60.839999999999996
99,DCR,False,inf,0.0
99,DCR,True,25.0,125.1
99,DCR,False,inf,0.0
99,DCR,True,15.0,82.12
99,DCR,True,12.0,73.3
99,DCR,False,inf,0.0
99,DCR,False,inf,0.0
99,DCR,True,15.0,80.37
99,DCR,False,inf,0.0
99,DCR,False,inf,0.0
99,DCR,True,3.0,19.35
99,DCR,True,8.0,46.39
99,DCR,True,5.0,38.629999999999995
99,DCR,True,15.0,80.27
99,DCR,True,26.0,151.35999999999999
99,DCR,True,11.0,63.19
99,DCR,True,12.0,66.39999999999999
99,DCR,True,5.0,34.08
99,DCR,True,30.0,174.97
99,DCR,False,inf,0.0
99,DCR,True,19.0,113.36
99,DCR,True,2.0,11.61
99,DCR,True,6.0,35.85
99,DCR,True,11.0,70.46
99,DCR,True,28.0,135.65
99,DCR,True,12.0,64.2
99,DCR,False,inf,0.0
99,DCR,False,inf,0.0
99,DCR,True,4.0,28.49
99,DCR,False,inf,0.0
99,DCR,True,11.0,70.58
99,DCR,True,27.0,145.63
99,DCR,True,28.0,141.59
99,DCR,False,inf,0.0
99,DCR,True,29.0,174.47
99,DCR,True,21.0,125.36999999999999
99,DCR,True,5.0,33.69
99,DCR,True,3.0,26.61
99,DCR,True,6.0,35.13
99,DCR,True,37.0,192.96
99,DCR,True,25.0,156.09
99,DCR,True,4.0,31.21
99,DCR,True,5.0,33.69
99,DCR,False,inf,0.0
99,DCR,True,24.0,137.72
99,DCR,True,4.0,29.509999999999998
99,DCR,True,12.0,66.62
99,DCR,True,14.0,79.99
99,DCR,True,9.0,61.82
99,DCR,False,inf,0.0
99,DCR,True,27.0,158.7
99,DCR,True,1.0,7.72
99,DCR,True,6.0,46.37
99,DCR,False,inf,0.0
99,DCR,True,15.0,80.59
99,DCR,True,32.0,162.04
99,DCR,True,31.0,177.35
99,DCR,True,14.0,80.49
99,DCR,True,35.0,203.95
99,DCR,True,20.0,103.07
99,DCR,True,2.0,17.64
99,DCR,True,6.0,38.269999999999996
99,DCR,True,16.0,94.78
99,DCR,False,inf,0.0
99,DCR,True,4.0,25.54
99,DCR,False,inf,0.0
99,DCR,True,8.0,52.72
99,DCR,True,40.0,215.1
99,DCR,False,inf,0.0
99,DCR,True,19.0,110.39
99,DCR,True,28.0,165.49
99,DCR,True,5.0,38.42
99,DCR,True,35.0,203.15
99,DCR,True,23.0,134.3
99,DCR,True,20.0,109.67
99,DCR,True,7.0,51.79
99,DCR,True,17.0,95.17
99,DCR,True,11.0,57.33
99,DCR,True,6.0,33.81
99,DCR,True,7.0,51.28
99,DCR,True,2.0,18.189999999999998
99,DCR,True,20.0,107.17999999999999
99,DCR,True,33.0,182.19
99,DCR,True,17.0,101.24
99,DCR,True,35.0,181.9
99,DCR,False,inf,0.0
99,DCR,True,12.0,70.22
99,DCR,True,11.0,60.839999999999996
99,DCR,True,13.0,72.38
99,DCR,True,24.0,137.07999999999998
99,DCR,False,inf,0.0
99,DCR,True,25.0,142.85
99,DCR,True,25.0,153.32
99,DCR,False,inf,0.0
99,DCR,True,21.0,106.06
99,DCR,True,19.0,102.26
99,DCR,True,21.0,129.26
99,DCR,True,32.0,190.82
99,DCR,False,inf,0.0
99,DCR,True,4.0,19.67
99,DCR,True,14.0,77.22
99,DCR,False,inf,0.0
99,DCR,True,25.0,152.13
99,DCR,True,36.0,209.44
99,DCR,True,21.0,129.26
99,DCR,True,24.0,140.27
99,DCR,True,16.0,93.48
99,DCR,False,inf,0.0
99,DCR,True,14.0,75.97
99,DCR,True,32.0,163.96
99,DCR,True,40.0,233.99
99,DCR,True,26.0,152.98
99,DCR,True,21.0,123.66
99,DCR,True,7.0,44.61
99,DCR,True,13.0,74.84
99,DCR,False,inf,0.0
99,DCR,True,15.0,87.92
99,DCR,True,12.0,73.3
99,DCR,True,7.0,41.9
99,DCR,True,14.0,88.77
99,DCR,True,11.0,56.81
99,DCR,True,27.0,149.31
99,DCR,True,35.0,209.9
99,DCR,False,inf,0.0
99,DCR,True,5.0,32.769999999999996
99,DCR,True,4.0,28.49
99,DCR,False,inf,0.0
99,DCR,True,1.0,5.99
99,DCR,True,7.0,40.24
99,DCR,True,2.0,11.34
99,DCR,False,inf,0.0
99,DCR,True,5.0,36.94
99,DCR,True,38.0,208.28
99,DCR,True,12.0,64.17999999999999
99,DCR,True,33.0,182.19
99,DCR,True,15.0,83.71
99,DCR,True,7.0,38.1
99,DCR,False,inf,0.0
99,DCR,True,28.0,148.55
99,DCR,True,5.0,38.85
99,DCR,True,11.0,61.55
99,DCR,True,23.0,113.28
99,DCR,False,inf,0.0
99,DCR,True,19.0,99.42
99,DCR,True,38.0,208.28
99,DCR,True,7.0,39.76
99,DCR,False,inf,0.0
99,DCR,False,inf,0.0
99,DCR,True,16.0,93.83
99,DCR,True,18.0,96.97
99,DCR,True,33.0,185.87
99,DCR,True,37.0,221.76
99,DCR,True,3.0,13.73
99,DCR,True,3.0,25.22
99,DCR,False,inf,0.0
99,DCR,True,32.0,172.6
99,DCR,True,38.0,223.37
99,DCR,True,6.0,49.62
99,DCR,True,40.0,229.19
99,DCR,True,5.0,37.0
99,DCR,True,7.0,42.769999999999996
99,DCR,False,inf,0.0
99,DCR,True,36.0,195.52
99,DCR,True,29.0,143.5
99,DCR,True,13.0,71.74
99,DCR,True,27.0,150.79
99,DCR,True,10.0,57.98
99,DCR,False,inf,0.0
99,DCR,True,23.0,124.2
99,DCR,True,33.0,165.81
99,DCR,True,6.0,48.05
99,DCR,True,9.0,50.449999999999996
99,DCR,False,inf,0.0
99,DCR,False,inf,0.0
99,DCR,True,24.0,138.66
99,DCR,True,27.0,169.13
99,DCR,False,inf,0.0
99,DCR,True,7.0,42.4
99,DCR,True,31.0,176.87
99,DCR,True,32.0,166.76
99,DCR,True,21.0,117.88
99,DCR,True,17.0,95.76
99,DCR,True,27.0,144.15
99,DCR,False,inf,0.0
99,DCR,False,inf,0.0
99,DCR,True,19.0,103.64
99,DCR,True,11.0,64.53999999999999
99,DCR,True,3.0,27.82
99,DCR,True,26.0,158.53
99,DCR,True,40.0,229.77
99,DCR,True,26.0,150.43
99,DCR,False,inf,0.0
99,DCR,True,8.0,43.339999999999996
99,DCR,True,5.0,29.52
99,DCR,False,inf,0.0
99,DCR,False,inf,0.0
99,DCR,True,33.0,183.0
99,DCR,True,5.0,41.45
99,DCR,False,inf,0.0
99,DCR,True,26.0,131.4
99,DCR,False,inf,0.0
99,DCR,True,8.0,48.519999999999996
99,DCR,True,10.0,55.64
99,DCR,True,24.0,136.2
99,DCR,False,inf,0.0
99,DCR,True,23.0,131.10999999999999
99,DCR,True,2.0,15.370000000000001
99,DCR,True,15.0,91.91
99,DCR,True,19.0,102.66
99,DCR,True,21.0,113.17
99,DCR,True,32.0,175.82
99,DCR,False,inf,0.0
99,DCR,False,inf,0.0
99,DCR,True,26.0,151.3
99,DCR,True,20.0,110.53
99,DCR,True,27.0,154.26
99,DCR,False,inf,0.0
99,DCR,True,26.0,153.15
99,DCR,True,23.0,139.57
99,DCR,True,20.0,105.82
99,DCR,True,6.0,34.29
99,DCR,False,inf,0.0
99,DCR,True,26.0,138.3
99,DCR,False,inf,0.0
99,DCR,False,inf,0.0
99,DCR,False,inf,0.0
99,DCR,True,10.0,55.64
99,DCR,False,inf,0.0
99,DCR,True,23.0,124.13
99,DCR,False,inf,0.0
99,DCR,True,12.0,68.14
99,DCR,True,23.0,124.13
99,DCR,True,20.0,107.34
99,DCR,True,6.0,47.54
99,DCR,True,31.0,176.87
99,DCR,True,21.0,116.50999999999999
99,DCR,True,34.0,191.26
99,DCR,False,inf,0.0
99,DCR,True,13.0,74.56
99,DCR,True,26.0,135.99
99,DCR,False,inf,0.0
99,DCR,True,3.0,26.45
99,DCR,True,8.0,52.72
99,DCR,True,31.0,153.76
99,DCR,True,34.0,194.13
99,DCR,False,inf,0.0
99,DCR,False,inf,0.0
99,DCR,True,1.0,4.4
99,DCR,True,24.0,137.45
99,DCR,True,8.0,40.38
99,DCR,True,27.0,161.25
99,DCR,True,15.0,87.03
99,DCR,False,inf,0.0
99,DCR,False,inf,0.0
99,DCR,True,29.0,145.42
99,DCR,False,inf,0.0
99,DCR,True,21.0,106.06
99,DCR,False,inf,0.0
99,DCR,True,13.0,81.7
99,DCR,True,38.0,223.37
99,DCR,True,17.0,101.24
99,DCR,True,13.0,72.31
99,DCR,True,31.0,170.07
99,DCR,True,22.0,127.24
99,DCR,True,40.0,238.95
99,DCR,False,inf,0.0
99,DCR,False,inf,0.0
99,DCR,True,30.0,168.71
99,DCR,True,6.0,37.5
99,DCR,True,38.0,228.07
99,DCR,True,11.0,58.29
99,DCR,False,inf,0.0
99,DCR,True,10.0,56.04
99,DCR,True,33.0,167.13
99,DCR,True,32.0,172.6
99,DCR,True,12.0,66.07
99,DCR,True,4.0,22.25
99,DCR,True,3.0,25.27
99,DCR,True,39.0,225.48
99,DCR,False,inf,0.0
99,DCR,True,9.0,41.93
99,DCR,True,15.0,84.96
99,DCR,True,12.0,66.39999999999999
99,DCR,True,22.0,117.62
99,DCR,True,30.0,152.16
99,DCR,True,34.0,194.76999999999998
99,DCR,False,inf,0.0
99,DCR,False,inf,0.0
99,DCR,True,11.0,63.04
99,DCR,False,inf,0.0
99,DCR,True,14.0,76.88
99,DCR,True,21.0,122.58
99,DCR,True,15.0,80.17
99,DCR,False,inf,0.0
99,DCR,True,23.0,132.12
99,DCR,False,inf,0.0
99,DCR,True,17.0,95.17
99,DCR,True,31.0,153.66
99,DCR,False,inf,0.0
99,DCR,False,inf,0.0
99,DCR,False,inf,0.0
99,DCR,False,inf,0.0
99,DCR,True,37.0,215.92
99,DCR,True,24.0,126.13
99,DCR,True,17.0,100.26
99,DCR,True,26.0,159.31
99,DCR,True,4.0,32.17
99,DCR,True,34.0,199.75
99,DCR,True,24.0,146.6
99,DCR,True,8.0,39.98
99,DCR,True,21.0,123.66
99,DCR,True,36.0,194.04
99,DCR,True,8.0,42.45
99,DCR,True,30.0,174.97
99,DCR,True,22.0,118.2
99,DCR,True,2.0,15.28
99,DCR,False,inf,0.0
99,DCR,True,10.0,57.43
99,DCR,True,17.0,95.57
99,DCR,True,24.0,124.37
99,DCR,True,23.0,132.10999999999999
99,DCR,True,24.0,138.66
99,DCR,True,29.0,159.91
99,DCR,True,11.0,61.55
99,DCR,True,36.0,206.72
99,DCR,True,16.0,93.84
99,DCR,False,inf,0.0
99,DCR,True,7.0,39.76
99,DCR,False,inf,0.0
99,DCR,True,18.0,101.71
99,DCR,True,23.0,124.2
99,DCR,True,19.0,101.76
99,DCR,True,19.0,114.57
99,DCR,True,31.0,169.82999999999998
99,DCR,True,30.0,174.57
99,DCR,True,22.0,117.52
99,DCR,False,inf,0.0
99,DCR,True,20.0,106.46
99,DCR,True,26.0,135.54
99,DCR,True,23.0,145.07
99,DCR,True,18.0,103.62
99,DCR,True,31.0,178.74
99,DCR,True,8.0,55.379999999999995
99,DCR,True,28.0,135.65
99,DCR,True,23.0,121.85
99,DCR,True,4.0,25.54
99,DCR,True,11.0,63.46
99,DCR,True,33.0,195.37
99,DCR,True,24.0,124.28999999999999
99,DCR,True,22.0,114.35
99,DCR,True,5.0,36.94
99,DCR,True,33.0,174.44
99,DCR,True,20.0,104.52
99,DCR,True,31.0,180.35999999999999
99,DCR,True,8.0,43.199999999999996
99,DCR,True,6.0,43.089999999999996
99,DCR,True,28.0,177.06
99,DCR,True,33.0,188.71
99,DCR,True,24.0,139.93
99,DCR,True,4.0,28.49
99,DCR,True,9.0,51.42
99,DCR,True,25.0,132.3
99,DCR,True,33.0,186.28
99,DCR,False,inf,0.0
99,DCR,True,8.0,48.39
99,DCR,True,33.0,190.87
99,DCR,True,28.0,151.65
99,DCR,False,inf,0.0
99,DCR,True,26.0,159.31
99,DCR,False,inf,0.0
99,DCR,False,inf,0.0
99,DCR,True,8.0,45.339999999999996
99,DCR,True,2.0,15.8
99,DCR,False,inf,0.0
99,DCR,False,inf,0.0
99,DCR,True,22.0,120.53999999999999
99,DCR,True,10.0,49.85
99,DCR,True,20.0,112.28
99,DCR,False,inf,0.0
99,DCR,True,28.0,148.55
99,DCR,True,37.0,209.14000000000001
99,DCR,False,inf,0.0
99,DCR,True,14.0,74.72
99,DCR,True,20.0,117.65
99,DCR,False,inf,0.0
99,DCR,False,inf,0.0
99,DCR,False,inf,0.0
99,DCR,True,33.0,193.19
99,DCR,False,inf,0.0
99,DCR,True,28.0,169.19
99,DCR,False,inf,0.0
99,DCR,False,inf,0.0
99,DCR,True,33.0,195.38
99,DCR,True,12.0,66.39999999999999
99,DCR,True,26.0,159.31
99,DCR,True,1.0,2.83
99,DCR,True,22.0,128.35999999999999
99,DCR,False,inf,0.0
99,DCR,False,inf,0.0
99,DCR,False,inf,0.0
99,DCR,True,16.0,91.39
99,DCR,True,3.0,22.09
99,DCR,False,inf,0.0
99,DCR,True,2.0,3.81
99,DCR,True,24.0,124.37
99,DCR,True,34.0,194.79
99,DCR,True,34.0,171.8
99,DCR,False,inf,0.0
99,DCR,True,10.0,55.47
99,DCR,False,inf,0.0
99,DCR,True,1.0,4.4
99,DCR,True,2.0,16.009999999999998
99,DCR,True,9.0,46.49
99,DCR,True,11.0,63.04
99,DCR,False,inf,0.0
99,DCR,False,inf,0.0
99,DCR,False,inf,0.0
99,DCR,True,22.0,130.94
99,DCR,True,24.0,120.11
99,DCR,True,20.0,108.31
99,DCR,True,38.0,228.07
99,DCR,True,14.0,78.46
99,DCR,True,2.0,14.12
99,DCR,True,2.0,15.39
99,DCR,True,15.0,84.96
99,DCR,True,35.0,206.44
99,DCR,True,11.0,64.66
99,DCR,True,9.0,47.8
99,DCR,True,12.0,63.86
99,DCR,False,inf,0.0
99,DCR,True,33.0,174.37
99,DCR,False,inf,0.0
99,DCR,True,12.0,66.46
99,DCR,False,inf,0.0
99,DCR,True,15.0,87.03
99,DCR,True,5.0,34.57
99,DCR,False,inf,0.0
99,DCR,True,11.0,62.42
99,DCR,False,inf,0.0
99,DCR,True,10.0,56.22
99,DCR,True,26.0,152.98
99,DCR,True,3.0,25.22
99,DCR,False,inf,0.0
99,DCR,True,39.0,228.73
99,DCR,True,33.0,190.87
99,DCR,True,4.0,33.74
99,DCR,False,inf,0.0
99,DCR,False,inf,0.0
99,DCR,False,inf,0.0
99,DCR,True,28.0,162.55
99,DCR,False,inf,0.0
99,DCR,True,7.0,38.1
99,DCR,True,29.0,178.26
99,DCR,True,20.0,110.95
99,DCR,True,34.0,202.10999999999999
99,DCR,True,14.0,81.59
99,DCR,True,22.0,131.57999999999998
99,DCR,True,1.0,5.99
99,DCR,True,25.0,149.35999999999999
99,DCR,False,inf,0.0
99,DCR,True,11.0,61.49
99,DCR,True,9.0,53.059999999999995
99,DCR,True,13.0,72.38
99,DCR,False,inf,0.0
99,DCR,True,8.0,42.519999999999996
99,DCR,False,inf,0.0
99,DCR,False,inf,0.0
99,DCR,True,15.0,88.57
99,DCR,True,4.0,33.73
99,DCR,True,10.0,59.0
99,DCR,True,30.0,176.27
99,DCR,False,inf,0.0
99,DCR,True,8.0,45.62
99,DCR,False,inf,0.0
99,DCR,True,27.0,144.42
99,DCR,True,23.0,118.42999999999999
99,DCR,True,11.0,63.4
99,DCR,True,8.0,41.58
99,DCR,True,13.0,66.23
99,DCR,True,13.0,71.31
99,DCR,False,inf,0.0
99,DCR,False,inf,0.0
99,DCR,True,2.0,16.53
99,DCR,True,6.0,43.98
99,DCR,True,6.0,33.93
99,DCR,False,inf,0.0
99,DCR,True,26.0,150.55
99,DCR,True,15.0,80.27
99,DCR,True,33.0,168.87
99,DCR,False,inf,0.0
99,DCR,True,32.0,187.28
99,DCR,True,12.0,66.28999999999999
99,DCR,False,inf,0.0
99,DCR,False,inf,0.0
99,DCR,True,26.0,137.26
99,DCR,True,40.0,238.95
99,DCR,True,26.0,143.13
99,DCR,True,39.0,231.92
99,DCR,True,12.0,63.48
99,DCR,True,3.0,21.310000000000002
99,DCR,False,inf,0.0
99,DCR,False,inf,0.0
99,DCR,False,inf,0.0
99,DCR,True,4.0,25.82
99,DCR,False,inf,0.0
99,DCR,True,5.0,38.42
99,DCR,False,inf,0.0
99,DCR,False,inf,0.0
99,DCR,True,2.0,12.24
99,DCR,False,inf,0.0
99,DCR,True,39.0,237.17
99,DCR,True,20.0,109.98
99,DCR,True,16.0,92.83
99,DCR,False,inf,0.0
99,DCR,True,22.0,120.99
99,DCR,True,3.0,20.26
99,DCR,False,inf,0.0
99,DCR,True,8.0,42.519999999999996
99,DCR,True,32.0,162.04
99,DCR,True,14.0,79.75
99,DCR,False,inf,0.0
99,DCR,False,inf,0.0
99,DCR,True,26.0,153.55
99,DCR,True,25.0,136.37
99,DCR,True,17.0,102.3
99,DCR,True,28.0,148.55
99,DCR,False,inf,0.0
99,DCR,False,inf,0.0
99,DCR,True,4.0,28.49
99,DCR,True,36.0,202.0
99,DCR,True,14.0,76.88
99,DCR,True,27.0,144.15
99,DCR,False,inf,0.0
99,DCR,False,inf,0.0
99,DCR,False,inf,0.0
99,DCR,True,30.0,178.16
99,DCR,True,2.0,6.390000000000001
99,DCR,True,15.0,80.92
99,DCR,True,16.0,97.08
99,DCR,True,14.0,79.48
99,DCR,True,12.0,67.11
99,DCR,True,36.0,195.52
99,DCR,True,23.0,119.75999999999999
99,DCR,False,inf,0.0
99,DCR,False,inf,0.0
99,CCR,False,inf,0.0
99,CCR,True,15.0,78.75
99,CCR,True,39.0,242.14
99,CCR,True,7.0,46.95
99,CCR,True,6.0,38.99
99,CCR,False,inf,0.0
99,CCR,True,30.0,166.98
99,CCR,True,17.0,87.05
99,CCR,True,18.0,90.6
99,CCR,False,inf,0.0
99,CCR,True,7.0,42.019999999999996
99,CCR,False,inf,0.0
99,CCR,False,inf,0.0
99,CCR,True,14.0,77.69
99,CCR,True,20.0,105.92
99,CCR,False,inf,0.0
99,CCR,False,inf,0.0
99,CCR,False,inf,0.0
99,CCR,False,inf,0.0
99,CCR,False,inf,0.0
99,CCR,False,inf,0.0
99,CCR,True,7.0,42.019999999999996
99,CCR,False,inf,0.0
99,CCR,True,17.0,89.5
99,CCR,False,inf,0.0
99,CCR,True,21.0,118.92
99,CCR,True,11.0,54.71
99,CCR,False,inf,0.0
99,CCR,True,6.0,37.81
99,CCR,True,31.0,168.89
99,CCR,True,25.0,135.23
99,CCR,True,17.0,86.72
99,CCR,True,6.0,43.47
99,CCR,True,15.0,81.42
99,CCR,True,4.0,30.39
99,CCR,True,5.0,34.07
99,CCR,True,7.0,43.69
99,CCR,True,5.0,35.28
99,CCR,False,inf,0.0
99,CCR,True,22.0,121.03
99,CCR,True,4.0,28.1
99,CCR,True,20.0,111.96
99,CCR,False,inf,0.0
99,CCR,True,23.0,120.09
99,CCR,True,28.0,158.59
99,CCR,False,inf,0.0
99,CCR,True,11.0,55.03
99,CCR,True,28.0,158.59
99,CCR,True,16.0,84.62
99,CCR,False,inf,0.0
99,CCR,True,9.0,44.61
99,CCR,True,11.0,54.53
99,CCR,True,24.0,119.48
99,CCR,False,inf,0.0
99,CCR,True,20.0,101.9
99,CCR,True,30.0,168.9
99,CCR,False,inf,0.0
99,CCR,True,18.0,99.14
99,CCR,False,inf,0.0
99,CCR,True,24.0,127.51
99,CCR,False,inf,0.0
99,CCR,True,21.0,111.01
99,CCR,True,24.0,124.49
99,CCR,True,1.0,7.72
99,CCR,False,inf,0.0
99,CCR,True,11.0,72.29
99,CCR,False,inf,0.0
99,CCR,False,inf,0.0
99,CCR,True,29.0,155.61
99,CCR,True,25.0,142.31
99,CCR,True,21.0,133.12
99,CCR,True,21.0,118.55
99,CCR,False,inf,0.0
99,CCR,True,9.0,51.07
99,CCR,True,28.0,160.5
99,CCR,False,inf,0.0
99,CCR,True,6.0,40.38
99,CCR,True,31.0,178.27
99,CCR,True,11.0,52.74
99,CCR,True,14.0,77.69
99,CCR,False,inf,0.0
99,CCR,True,25.0,132.73
99,CCR,False,inf,0.0
99,CCR,True,12.0,61.25
99,CCR,True,15.0,77.21
99,CCR,False,inf,0.0
99,CCR,False,inf,0.0
99,CCR,True,1.0,5.23
99,CCR,False,inf,0.0
99,CCR,True,12.0,57.41
99,CCR,False,inf,0.0
99,CCR,True,13.0,65.81
99,CCR,False,inf,0.0
99,CCR,True,11.0,60.78
99,CCR,False,inf,0.0
99,CCR,True,22.0,120.82
99,CCR,False,inf,0.0
99,CCR,True,10.0,64.69
99,CCR,True,32.0,196.85
99,CCR,True,4.0,29.09
99,CCR,True,20.0,106.06
99,CCR,True,3.0,17.14
99,CCR,True,19.0,105.88
99,CCR,True,5.0,32.43
99,CCR,False,inf,0.0
99,CCR,False,inf,0.0
99,CCR,True,18.0,101.11
99,CCR,False,inf,0.0
99,CCR,False,inf,0.0
99,CCR,True,17.0,89.5
99,CCR,True,28.0,160.22
99,CCR,True,2.0,9.41
99,CCR,True,23.0,116.51
99,CCR,False,inf,0.0
99,CCR,True,16.0,81.7
99,CCR,True,14.0,68.29
99,CCR,True,1.0,5.94
99,CCR,False,inf,0.0
99,CCR,True,3.0,24.4
99,CCR,False,inf,0.0
99,CCR,False,inf,0.0
99,CCR,True,29.0,156.02
99,CCR,False,inf,0.0
99,CCR,False,inf,0.0
99,CCR,True,14.0,74.6
99,CCR,True,30.0,172.43
99,CCR,True,5.0,36.64
99,CCR,True,21.0,133.12
99,CCR,False,inf,0.0
99,CCR,True,12.0,60.53
99,CCR,True,11.0,57.6
99,CCR,True,19.0,102.36
99,CCR,False,inf,0.0
99,CCR,True,22.0,118.63
99,CCR,True,23.0,125.63
99,CCR,True,10.0,47.519999999999996
99,CCR,True,34.0,193.93
99,CCR,True,10.0,55.89
99,CCR,True,5.0,30.43
99,CCR,True,16.0,87.74
99,CCR,True,15.0,81.5
99,CCR,True,2.0,7.630000000000001
99,CCR,True,13.0,82.45
99,CCR,True,13.0,66.04
99,CCR,True,23.0,114.83
99,CCR,True,30.0,179.47
99,CCR,True,34.0,209.85999999999999
99,CCR,True,10.0,53.68
99,CCR,True,24.0,139.19
99,CCR,False,inf,0.0
99,CCR,True,33.0,181.14
99,CCR,False,inf,0.0
99,CCR,True,28.0,152.49
99,CCR,False,inf,0.0
99,CCR,False,inf,0.0
99,CCR,True,7.0,42.8
99,CCR,True,1.0,3.12
99,CCR,True,13.0,67.92999999999999
99,CCR,False,inf,0.0
99,CCR,False,inf,0.0
99,CCR,True,15.0,85.41
99,CCR,True,31.0,174.43
99,CCR,True,23.0,118.04
99,CCR,True,6.0,36.35
99,CCR,True,27.0,161.56
99,CCR,True,37.0,216.82
99,CCR,True,25.0,132.09
99,CCR,False,inf,0.0
99,CCR,True,5.0,36.14
99,CCR,True,3.0,19.240000000000002
99,CCR,True,17.0,90.99
99,CCR,True,19.0,103.67
99,CCR,True,22.0,139.85
99,CCR,False,inf,0.0
99,CCR,True,39.0,246.88
99,CCR,False,inf,0.0
99,CCR,True,11.0,54.58
99,CCR,True,27.0,161.56
99,CCR,True,25.0,159.79
99,CCR,True,18.0,90.89
99,CCR,False,inf,0.0
99,CCR,False,inf,0.0
99,CCR,True,27.0,158.89
99,CCR,True,30.0,160.57
99,CCR,False,inf,0.0
99,CCR,True,20.0,106.32
99,CCR,True,25.0,133.04
99,CCR,True,37.0,230.84
99,CCR,True,21.0,111.67999999999999
99,CCR,True,22.0,116.45
99,CCR,False,inf,0.0
99,CCR,True,18.0,92.53
99,CCR,True,28.0,158.22
99,CCR,False,inf,0.0
99,CCR,True,4.0,28.49
99,CCR,False,inf,0.0
99,CCR,True,20.0,101.66
99,CCR,False,inf,0.0
99,CCR,True,4.0,32.19
99,CCR,True,10.0,57.589999999999996
99,CCR,True,1.0,2.83
99,CCR,False,inf,0.0
99,CCR,True,15.0,80.78
99,CCR,True,15.0,89.44
99,CCR,True,13.0,62.87
99,CCR,True,23.0,131.98
99,CCR,False,inf,0.0
99,CCR,True,8.0,43.9
99,CCR,False,inf,0.0
99,CCR,True,25.0,130.82
99,CCR,False,inf,0.0
99,CCR,True,8.0,44.69
99,CCR,True,3.0,23.82
99,CCR,False,inf,0.0
99,CCR,True,4.0,25.24
99,CCR,False,inf,0.0
99,CCR,True,13.0,77.51
99,CCR,True,30.0,186.2
99,CCR,True,19.0,98.17999999999999
99,CCR,False,inf,0.0
99,CCR,True,18.0,97.44
99,CCR,True,5.0,35.25
99,CCR,True,11.0,51.49
99,CCR,True,6.0,36.17
99,CCR,True,28.0,155.0
99,CCR,True,11.0,56.35
99,CCR,True,21.0,131.15
99,CCR,True,6.0,38.99
99,CCR,False,inf,0.0
99,CCR,False,inf,0.0
99,CCR,True,14.0,78.51
99,CCR,False,inf,0.0
99,CCR,False,inf,0.0
99,CCR,True,35.0,196.32
99,CCR,False,inf,0.0
99,CCR,False,inf,0.0
99,CCR,False,inf,0.0
99,CCR,False,inf,0.0
99,CCR,True,24.0,153.91
99,CCR,True,28.0,155.59
99,CCR,True,6.0,44.64
99,CCR,True,32.0,179.45
99,CCR,True,11.0,73.55
99,CCR,True,25.0,128.79
99,CCR,True,1.0,4.4
99,CCR,True,22.0,113.09
99,CCR,False,inf,0.0
99,CCR,True,34.0,194.41
99,CCR,False,inf,0.0
99,CCR,True,23.0,138.49
99,CCR,True,13.0,62.87
99,CCR,True,5.0,35.12
99,CCR,False,inf,0.0
99,CCR,True,21.0,117.03
99,CCR,False,inf,0.0
99,CCR,True,11.0,55.519999999999996
99,CCR,False,inf,0.0
99,CCR,False,inf,0.0
99,CCR,True,37.0,216.82
99,CCR,False,inf,0.0
99,CCR,True,23.0,122.59
99,CCR,True,15.0,90.11
99,CCR,True,2.0,10.84
99,CCR,True,18.0,90.81
99,CCR,False,inf,0.0
99,CCR,True,18.0,91.07000000000001
99,CCR,False,inf,0.0
99,CCR,False,inf,0.0
99,CCR,True,21.0,131.97
99,CCR,True,1.0,4.73
99,CCR,True,10.0,52.18
99,CCR,False,inf,0.0
99,CCR,True,6.0,39.019999999999996
99,CCR,True,19.0,97.66
99,CCR,True,13.0,82.45
99,CCR,True,37.0,220.93
99,CCR,True,1.0,4.69
99,CCR,True,27.0,146.39
99,CCR,False,inf,0.0
99,CCR,True,7.0,34.9
99,CCR,False,inf,0.0
99,CCR,True,28.0,153.78
99,CCR,True,15.0,76.87
99,CCR,True,9.0,49.87
99,CCR,True,30.0,160.7
99,CCR,True,27.0,148.27
99,CCR,True,39.0,242.14
99,CCR,True,26.0,137.14
99,CCR,True,13.0,72.96
99,CCR,True,9.0,47.74
99,CCR,False,inf,0.0
99,CCR,True,20.0,101.66
99,CCR,True,6.0,38.99
99,CCR,False,inf,0.0
99,CCR,True,22.0,109.53
99,CCR,True,4.0,31.57
99,CCR,True,21.0,111.91
99,CCR,True,26.0,161.63
99,CCR,False,inf,0.0
99,CCR,True,26.0,145.43
99,CCR,False,inf,0.0
99,CCR,False,inf,0.0
99,CCR,True,30.0,169.72
99,CCR,True,10.0,56.82
99,CCR,False,inf,0.0
99,CCR,False,inf,0.0
99,CCR,True,32.0,180.8
99,CCR,False,inf,0.0
99,CCR,True,5.0,32.77
99,CCR,False,inf,0.0
99,CCR,True,14.0,72.42999999999999
99,CCR,False,inf,0.0
99,CCR,True,1.0,4.4
99,CCR,False,inf,0.0
99,CCR,False,inf,0.0
99,CCR,True,16.0,84.04
99,CCR,True,10.0,53.03
99,CCR,False,inf,0.0
99,CCR,True,15.0,85.41
99,CCR,True,4.0,26.65
99,CCR,False,inf,0.0
99,CCR,True,15.0,77.66
99,CCR,False,inf,0.0
99,CCR,True,29.0,159.82
99,CCR,False,inf,0.0
99,CCR,True,14.0,73.22
99,CCR,True,1.0,5.2
99,CCR,False,inf,0.0
99,CCR,False,inf,0.0
99,CCR,True,21.0,118.55
99,CCR,True,24.0,135.12
99,CCR,True,14.0,94.97
99,CCR,True,5.0,35.28
99,CCR,True,17.0,85.29
99,CCR,True,5.0,32.43
99,CCR,True,16.0,89.36
99,CCR,True,5.0,41.19
99,CCR,True,7.0,42.12
99,CCR,True,20.0,126.35
99,CCR,True,10.0,46.3
99,CCR,False,inf,0.0
99,CCR,True,9.0,46.33
99,CCR,True,14.0,84.46
99,CCR,True,23.0,114.82
99,CCR,True,33.0,187.21
99,CCR,True,29.0,177.77
99,CCR,True,7.0,42.019999999999996
99,CCR,False,inf,0.0
99,CCR,True,11.0,52.61
99,CCR,True,30.0,163.95
99,CCR,False,inf,0.0
99,CCR,False,inf,0.0
99,CCR,True,15.0,90.83
99,CCR,False,inf,0.0
99,CCR,False,inf,0.0
99,CCR,True,29.0,162.79
99,CCR,False,inf,0.0
99,CCR,True,24.0,133.0
99,CCR,False,inf,0.0
99,CCR,False,inf,0.0
99,CCR,False,inf,0.0
99,CCR,False,inf,0.0
99,CCR,False,inf,0.0
99,CCR,True,10.0,52.11
99,CCR,True,22.0,117.68
99,CCR,True,4.0,27.52
99,CCR,True,35.0,214.71
99,CCR,True,16.0,92.7
99,CCR,True,3.0,23.82
99,CCR,True,15.0,94.73
99,CCR,True,20.0,106.65
99,CCR,True,24.0,123.17999999999999
99,CCR,True,10.0,61.75
99,CCR,False,inf,0.0
99,CCR,True,4.0,28.8
99,CCR,True,28.0,152.15
99,CCR,False,inf,0.0
99,CCR,False,inf,0.0
99,CCR,True,12.0,63.53
99,CCR,False,inf,0.0
99,CCR,True,13.0,66.84
99,CCR,True,30.0,179.47
99,CCR,True,5.0,36.94
99,CCR,True,28.0,165.49
99,CCR,True,40.0,252.1
99,CCR,False,inf,0.0
99,CCR,False,inf,0.0
99,CCR,True,31.0,176.83
99,CCR,True,6.0,36.35
99,CCR,True,26.0,141.8
99,CCR,True,15.0,78.97
99,CCR,False,inf,0.0
99,CCR,False,inf,0.0
99,CCR,True,17.0,88.82
99,CCR,False,inf,0.0
99,CCR,True,27.0,147.8
99,CCR,False,inf,0.0
99,CCR,False,inf,0.0
99,CCR,True,6.0,39.019999999999996
99,CCR,True,17.0,89.65
99,CCR,True,26.0,142.7
99,CCR,True,25.0,130.01
99,CCR,True,20.0,106.65
99,CCR,True,3.0,16.92
99,CCR,True,24.0,122.81
99,CCR,True,6.0,42.379999999999995
99,CCR,False,inf,0.0
99,CCR,True,19.0,102.95
99,CCR,True,3.0,11.290000000000001
99,CCR,True,37.0,230.52
99,CCR,False,inf,0.0
99,CCR,False,inf,0.0
99,CCR,True,26.0,145.43
99,CCR,True,26.0,142.28
99,CCR,True,30.0,183.55
99,CCR,False,inf,0.0
99,CCR,True,31.0,180.23
99,CCR,True,26.0,144.01
99,CCR,False,inf,0.0
99,CCR,True,28.0,172.98
99,CCR,True,9.0,46.199999999999996
99,CCR,False,inf,0.0
99,CCR,True,4.0,26.65
99,CCR,False,inf,0.0
99,CCR,False,inf,0.0
99,CCR,True,3.0,22.99
99,CCR,False,inf,0.0
99,CCR,True,13.0,72.59
99,CCR,True,23.0,126.32
99,CCR,True,21.0,118.55
99,CCR,True,22.0,122.63
99,CCR,True,23.0,122.79
99,CCR,False,inf,0.0
99,CCR,False,inf,0.0
99,CCR,True,4.0,28.8
99,CCR,True,20.0,108.34
99,CCR,True,18.0,99.35
99,CCR,False,inf,0.0
99,CCR,False,inf,0.0
99,CCR,False,inf,0.0
99,CCR,True,7.0,42.67
99,CCR,True,12.0,76.51
99,CCR,False,inf,0.0
99,CCR,True,7.0,42.67
99,CCR,False,inf,0.0
99,CCR,True,2.0,12.99
99,CCR,True,12.0,80.88
99,CCR,False,inf,0.0
99,CCR,True,12.0,61.64
99,CCR,True,30.0,162.83
99,CCR,True,7.0,40.97
99,CCR,True,14.0,87.36
99,CCR,False,inf,0.0
99,CCR,True,13.0,62.87
99,CCR,True,12.0,61.25
99,CCR,True,36.0,222.41
99,CCR,True,6.0,42.379999999999995
99,CCR,False,inf,0.0
99,CCR,True,21.0,110.93
99,CCR,True,28.0,172.98
99,CCR,True,3.0,20.26
99,CCR,True,22.0,123.51
99,CCR,False,inf,0.0
99,CCR,False,inf,0.0
99,CCR,True,2.0,15.86
99,CCR,True,10.0,55.89
99,CCR,True,27.0,146.39
99,CCR,True,14.0,77.69
99,CCR,True,16.0,82.99
99,CCR,True,7.0,40.94
99,CCR,True,5.0,32.199999999999996
99,CCR,True,15.0,76.91
99,CCR,False,inf,0.0
99,CCR,True,3.0,20.47
99,CCR,True,34.0,190.76
99,CCR,False,inf,0.0
99,CCR,True,8.0,44.82
99,CCR,False,inf,0.0
99,CCR,False,inf,0.0
99,CCR,False,inf,0.0
99,CCR,False,inf,0.0
99,CCR,True,30.0,162.83
99,CCR,False,inf,0.0
99,CCR,True,16.0,81.7
99,CCR,True,18.0,90.81
99,CCR,True,20.0,105.53
99,CCR,True,35.0,206.82
99,CCR,True,20.0,103.53
99,CCR,True,21.0,108.6
99,CCR,True,15.0,89.44
99,CCR,True,32.0,180.41
99,CCR,False,inf,0.0
99,CCR,True,18.0,99.35
99,CCR,True,23.0,118.38
99,CCR,False,inf,0.0
99,CCR,True,25.0,133.83
99,CCR,False,inf,0.0
99,CCR,True,37.0,230.84
99,CCR,False,inf,0.0
99,CCR,False,inf,0.0
99,CCR,True,5.0,38.12
99,CCR,True,32.0,180.41
99,CCR,True,27.0,170.06
99,CCR,True,9.0,52.769999999999996
99,CCR,False,inf,0.0
99,CCR,True,3.0,19.39
99,CCR,False,inf,0.0
99,CCR,True,6.0,37.81
99,CCR,True,24.0,122.25
99,CCR,True,30.0,169.11
99,CCR,True,29.0,156.9
99,CCR,True,3.0,22.99
99,CCR,True,19.0,100.48
99,CCR,False,inf,0.0
99,CCR,True,28.0,166.31
99,CCR,True,12.0,58.72
99,CCR,True,22.0,122.63
99,CCR,False,inf,0.0
99,CCR,False,inf,0.0
99,CCR,False,inf,0.0
99,CCR,False,inf,0.0
99,CCR,True,19.0,97.66
99,CCR,False,inf,0.0
99,CCR,False,inf,0.0
99,CCR,False,inf,0.0
99,CCR,True,25.0,142.31
99,CCR,False,inf,0.0
99,CCR,True,3.0,17.29
99,CCR,True,22.0,119.21
99,CCR,True,26.0,135.73
99,CCR,True,12.0,58.73
99,CCR,False,inf,0.0
99,CCR,True,6.0,32.95
99,CCR,False,inf,0.0
99,CCR,True,23.0,131.98
99,CCR,True,34.0,198.66
99,CCR,True,17.0,93.7
99,CCR,True,12.0,60.53
99,CCR,False,inf,0.0
99,CCR,False,inf,0.0
99,CCR,True,11.0,56.12
99,CCR,True,17.0,89.69
99,CCR,False,inf,0.0
99,CCR,True,7.0,48.96
99,CCR,True,37.0,230.84
99,CCR,True,9.0,47.949999999999996
99,CCR,False,inf,0.0
99,CCR,True,31.0,190.97
99,CCR,False,inf,0.0
99,CCR,True,5.0,41.19
99,CCR,False,inf,0.0
99,CCR,True,11.0,65.33
99,CCR,False,inf,0.0
99,CCR,False,inf,0.0
99,CCR,False,inf,0.0
99,CCR,False,inf,0.0
99,CCR,False,inf,0.0
99,CCR,False,inf,0.0
99,CCR,True,6.0,36.49
99,CCR,True,28.0,166.85
99,CCR,False,inf,0.0
99,CCR,False,inf,0.0
99,CCR,True,26.0,143.85
99,CCR,False,inf,0.0
99,CCR,False,inf,0.0
99,CCR,True,12.0,54.99
99,CCR,True,25.0,151.71
99,CCR,False,inf,0.0
99,CCR,True,28.0,155.59
99,CCR,True,6.0,36.35
99,CCR,True,7.0,39.75
99,CCR,False,inf,0.0
99,CCR,True,18.0,90.81
99,CCR,False,inf,0.0
99,CCR,False,inf,0.0
99,CCR,True,10.0,54.07
99,CCR,False,inf,0.0
99,CCR,True,3.0,19.39
99,CCR,False,inf,0.0
99,CCR,True,4.0,22.25
99,CCR,False,inf,0.0
99,CCR,False,inf,0.0
99,CCR,True,1.0,7.76
99,CCR,False,inf,0.0
99,CCR,False,inf,0.0
99,CCR,False,inf,0.0
99,CCR,False,inf,0.0
99,CCR,False,inf,0.0
99,CCR,True,17.0,84.09
99,CCR,False,inf,0.0
99,CCR,True,18.0,90.6
99,CCR,True,12.0,63.46
99,CCR,False,inf,0.0
99,CCR,True,3.0,21.95
99,CCR,False,inf,0.0
99,CCR,True,1.0,4.73
99,CCR,False,inf,0.0
99,CCR,False,inf,0.0
99,CCR,False,inf,0.0
99,CCR,True,16.0,86.42999999999999
99,CCR,True,1.0,7.72
99,CCR,False,inf,0.0
99,CCR,False,inf,0.0
99,CCR,False,inf,0.0
99,CCR,False,inf,0.0
99,CCR,True,8.0,49.94
99,CCR,True,8.0,47.19
99,CCR,True,21.0,118.92
99,CCR,False,inf,0.0
99,CCR,False,inf,0.0
99,CCR,True,33.0,192.64
99,CCR,False,inf,0.0
99,CCR,True,34.0,196.45
99,CCR,False,inf,0.0
99,CCR,False,inf,0.0
99,CCR,False,inf,0.0
99,CCR,False,inf,0.0
99,CCR,True,3.0,12.33
99,CCR,True,4.0,28.05
99,CCR,True,14.0,74.55
99,CCR,True,26.0,145.97
99,CCR,True,9.0,49.15
99,CCR,True,3.0,19.54
99,CCR,True,29.0,166.99
99,CCR,False,inf,0.0
99,CCR,True,11.0,56.35
99,CCR,True,35.0,198.83
99,CCR,True,3.0,22.83
99,CCR,True,26.0,142.86
99,CCR,False,inf,0.0
99,CCR,True,29.0,157.45
99,CCR,True,6.0,34.07
99,CCR,True,11.0,57.56
99,CCR,True,21.0,111.01
99,CCR,True,5.0,31.98
99,CCR,True,13.0,72.09
99,CCR,False,inf,0.0
99,CCR,False,inf,0.0
99,CCR,False,inf,0.0
99,CCR,True,33.0,203.89
99,CCR,True,34.0,193.93
99,CCR,True,8.0,44.76
99,CCR,True,21.0,118.55
99,CCR,True,35.0,214.71
99,CCR,False,inf,0.0
99,CCR,False,inf,0.0
99,CCR,True,9.0,47.97
99,CCR,True,3.0,22.24
99,CCR,True,2.0,9.21
99,CCR,True,25.0,135.58
99,CCR,False,inf,0.0
99,CCR,True,14.0,77.69
99,CCR,True,4.0,26.65
99,CCR,False,inf,0.0
99,CCR,True,14.0,74.94
99,CCR,False,inf,0.0
99,CCR,False,inf,0.0
99,CCR,True,2.0,14.48
99,CCR,True,20.0,103.25
99,CCR,False,inf,0.0
99,CCR,True,5.0,32.769999999999996
99,CCR,False,inf,0.0
99,CCR,True,20.0,128.15
99,CCR,True,9.0,46.15
99,CCR,True,20.0,123.6
99,CCR,False,inf,0.0
99,CCR,True,15.0,81.42
99,CCR,True,29.0,156.91
99,CCR,True,35.0,198.83
99,CCR,False,inf,0.0
99,CCR,False,inf,0.0
99,CCR,False,inf,0.0
99,CCR,True,27.0,141.71
99,CCR,False,inf,0.0
99,CCR,True,2.0,14.48
99,CCR,True,6.0,36.93
99,CCR,True,12.0,64.2
99,CCR,True,4.0,29.62
99,CCR,True,15.0,74.33
99,CCR,False,inf,0.0
99,CCR,True,19.0,105.95
99,CCR,True,20.0,101.66
99,CCR,True,2.0,8.75
99,CCR,False,inf,0.0
99,CCR,True,14.0,78.67
99,CCR,False,inf,0.0
99,CCR,True,15.0,74.33
99,CCR,True,9.0,47.949999999999996
99,CCR,True,16.0,83.17
99,CCR,True,22.0,122.78999999999999
99,CCR,True,12.0,62.17
99,CCR,True,26.0,139.27
99,CCR,True,8.0,46.2
99,CCR,True,15.0,76.91
99,CCR,True,3.0,12.33
99,CCR,True,24.0,126.31
99,CCR,False,inf,0.0
99,CCR,False,inf,0.0
99,CCR,True,24.0,144.98
99,CCR,True,30.0,187.97
99,CCR,True,18.0,90.89
99,CCR,True,15.0,87.96
99,CCR,True,28.0,152.71
99,CCR,False,inf,0.0
99,CCR,True,22.0,129.5
99,CCR,True,23.0,115.39
99,CCR,False,inf,0.0
99,CCR,True,1.0,9.71
99,CCR,True,17.0,97.99
99,CCR,False,inf,0.0
99,CCR,True,22.0,114.38
99,CCR,True,6.0,44.93
99,CCR,False,inf,0.0
99,CCR,True,32.0,196.85
99,CCR,True,12.0,58.72
99,CCR,True,30.0,187.97
99,CCR,True,26.0,142.7
99,CCR,True,18.0,95.77
99,CCR,True,28.0,157.08
99,CCR,False,inf,0.0
99,CCR,True,1.0,5.99
99,CCR,True,18.0,111.2
99,CCR,True,18.0,95.16
99,CCR,True,22.0,123.51
99,CCR,False,inf,0.0
99,CCR,False,inf,0.0
99,CCR,True,4.0,29.09
99,CCR,False,inf,0.0
99,CCR,True,19.0,116.95
99,CCR,True,3.0,11.290000000000001
99,CCR,True,9.0,52.37
99,CCR,True,18.0,95.62
99,CCR,True,19.0,97.77
99,CCR,True,6.0,44.93
99,CCR,True,31.0,171.96
99,CCR,True,8.0,44.24
99,CCR,False,inf,0.0
99,CCR,True,22.0,116.17
99,CCR,True,7.0,39.46
99,CCR,True,1.0,3.27
99,CCR,True,2.0,17.049999999999997
99,CCR,True,24.0,119.74
99,CCR,False,inf,0.0
99,CCR,False,inf,0.0
99,CCR,False,inf,0.0
99,CCR,True,28.0,165.49
99,CCR,True,24.0,121.37
99,CCR,True,30.0,186.2
99,CCR,True,18.0,97.51
99,CCR,True,30.0,163.95
99,CCR,False,inf,0.0
99,CCR,True,28.0,150.36
99,CCR,True,20.0,105.92
99,CCR,True,21.0,107.05
99,CCR,True,29.0,162.79
99,CCR,True,8.0,44.82
99,CCR,True,35.0,211.17
99,CCR,False,inf,0.0
99,CCR,True,14.0,74.55
99,CCR,False,inf,0.0
99,CCR,True,24.0,152.56
99,CCR,True,17.0,89.58
99,CCR,True,22.0,121.75
99,CCR,True,15.0,85.62
99,CCR,False,inf,0.0
99,CCR,True,32.0,174.72
99,CCR,True,6.0,38.78
99,CCR,True,15.0,84.16
99,CCR,True,12.0,59.21
99,CCR,True,9.0,51.07
99,CCR,True,20.0,105.34
99,CCR,True,35.0,198.83
99,CCR,True,22.0,132.84
99,CCR,False,inf,0.0
99,CCR,False,inf,0.0
99,CCR,True,15.0,81.89
99,CCR,False,inf,0.0
99,CCR,False,inf,0.0
99,CCR,False,inf,0.0
99,CCR,True,5.0,36.83
99,CCR,True,8.0,52.65
99,CCR,False,inf,0.0
99,CCR,True,14.0,85.57
99,CCR,False,inf,0.0
99,CCR,True,15.0,87.96
99,CCR,True,2.0,13.7
99,CCR,False,inf,0.0
99,CCR,True,8.0,44.69
99,CCR,True,33.0,189.11
99,CCR,True,37.0,232.37
99,CCR,False,inf,0.0
99,CCR,True,7.0,44.19
99,CCR,True,26.0,135.73
99,CCR,True,5.0,34.6
99,CCR,False,inf,0.0
99,CCR,True,16.0,83.31
99,CCR,True,27.0,165.77
99,CCR,True,2.0,9.41
99,CCR,True,16.0,93.95
99,CCR,False,inf,0.0
99,CCR,False,inf,0.0
99,CCR,True,31.0,167.02
99,CCR,True,7.0,39.53
99,CCR,False,inf,0.0
99,CCR,True,25.0,159.79
99,CCR,False,inf,0.0
99,CCR,True,28.0,153.78
99,CCR,True,12.0,80.88
99,CCR,False,inf,0.0
99,CCR,True,36.0,223.14
99,CCR,False,inf,0.0
99,CCR,True,36.0,203.64
99,CCR,True,7.0,38.44
99,CCR,False,inf,0.0
99,CCR,True,3.0,19.21
99,CCR,False,inf,0.0
99,CCR,False,inf,0.0
99,CCR,False,inf,0.0
99,CCR,True,32.0,177.88
99,CCR,False,inf,0.0
99,CCR,True,31.0,177.42
99,CCR,True,33.0,187.38
99,CCR,False,inf,0.0
99,CCR,True,4.0,31.57
99,CCR,True,1.0,2.44
99,CCR,True,9.0,59.03
99,CCR,False,inf,0.0
99,CCR,True,25.0,135.44
99,CCR,False,inf,0.0
99,CCR,True,33.0,182.66
99,CCR,True,21.0,119.67
99,CCR,False,inf,0.0
99,CCR,False,inf,0.0
99,CCR,True,37.0,230.52
99,CCR,True,8.0,46.68
99,CCR,True,2.0,12.24
99,CCR,False,inf,0.0
99,CCR,False,inf,0.0
99,CCR,True,23.0,118.04
99,CCR,True,19.0,98.17999999999999
99,CCR,True,14.0,73.24
99,CCR,True,24.0,152.56
99,CCR,False,inf,0.0
99,CCR,False,inf,0.0
99,CCR,True,22.0,118.39
99,CCR,False,inf,0.0
99,CCR,True,20.0,100.61
99,CCR,True,1.0,4.72
99,CCR,False,inf,0.0
99,CCR,True,11.0,73.51
99,CCR,False,inf,0.0
99,CCR,False,inf,0.0
99,CCR,True,27.0,150.17
99,CCR,True,22.0,116.19
99,CCR,False,inf,0.0
99,CCR,False,inf,0.0
99,CCR,True,20.0,102.24
99,CCR,False,inf,0.0
99,CCR,True,2.0,7.630000000000001
99,CCR,False,inf,0.0
99,CCR,True,21.0,115.02
99,CCR,False,inf,0.0
99,CCR,True,28.0,152.71
99,CCR,False,inf,0.0
99,CCR,True,7.0,48.96
99,CCR,False,inf,0.0
99,CCR,False,inf,0.0
99,CCR,True,21.0,107.05
99,CCR,False,inf,0.0
99,CCR,True,20.0,111.23
99,CCR,False,inf,0.0
99,CCR,False,inf,0.0
99,CCR,False,inf,0.0
99,CCR,True,5.0,34.85
99,CCR,False,inf,0.0
99,CCR,True,25.0,125.63
99,CCR,True,6.0,33.21
99,CCR,True,32.0,180.8
99,CCR,True,31.0,174.68
99,CCR,False,inf,0.0
99,CCR,True,9.0,49.15
99,CCR,True,13.0,66.34
99,CCR,True,34.0,190.76
99,CCR,True,20.0,109.84
99,CCR,True,22.0,118.32
99,CCR,True,15.0,95.29
99,CCR,True,10.0,49.39
99,CCR,False,inf,0.0
99,CCR,False,inf,0.0
99,CCR,True,8.0,44.69
99,CCR,True,27.0,153.82
99,CCR,False,inf,0.0
99,CCR,True,21.0,108.56
99,CCR,False,inf,0.0
99,CCR,False,inf,0.0
99,CCR,True,15.0,76.24
99,CCR,False,inf,0.0
99,CCR,False,inf,0.0
99,CCR,True,2.0,12.549999999999999
99,CCR,False,inf,0.0
99,CCR,False,inf,0.0
99,CCR,True,25.0,137.6
99,CCR,False,inf,0.0
99,CCR,True,9.0,49.769999999999996
99,CCR,True,20.0,107.97
99,CCR,False,inf,0.0
99,CCR,False,inf,0.0
99,CCR,True,25.0,127.16
99,CCR,False,inf,0.0
99,CCR,True,21.0,116.64
99,CCR,False,inf,0.0
99,CCR,False,inf,0.0
99,CCR,False,inf,0.0
99,CCR,False,inf,0.0
99,CCR,True,29.0,159.0
99,CCR,False,inf,0.0
99,CCR,False,inf,0.0
99,CCR,False,inf,0.0
99,CCR,True,22.0,114.38
99,CCR,False,inf,0.0
99,CCR,False,inf,0.0
99,CCR,True,14.0,72.42999999999999
99,CCR,False,inf,0.0
99,CCR,True,33.0,185.99
99,CCR,True,34.0,207.1
99,CCR,True,9.0,46.15
99,CCR,False,inf,0.0
99,CCR,False,inf,0.0
99,CCR,True,10.0,52.339999999999996
99,CCR,True,25.0,151.71
99,CCR,True,7.0,45.42
99,CCR,False,inf,0.0
99,CCR,True,20.0,110.62
99,CCR,False,inf,0.0
99,CCR,True,11.0,52.74
99,CCR,False,inf,0.0
99,CCR,True,24.0,139.19
99,CCR,True,14.0,74.55
99,CCR,True,3.0,19.17
99,CCR,False,inf,0.0
99,CCR,True,5.0,35.28
99,CCR,True,4.0,28.1
99,CCR,True,23.0,120.89
99,CCR,True,9.0,44.61
99,CCR,True,22.0,118.63
99,CCR,False,inf,0.0
99,CCR,True,1.0,1.69
99,CCR,False,inf,0.0
99,CCR,True,33.0,190.72
99,CCR,True,17.0,90.99
99,CCR,False,inf,0.0
99,CCR,True,20.0,126.35
99,CCR,True,13.0,82.35
99,CCR,True,20.0,110.18
99,CCR,True,1.0,3.38
99,CCR,True,14.0,70.26
99,CCR,False,inf,0.0
99,CCR,False,inf,0.0
99,CCR,False,inf,0.0
99,CCR,True,15.0,84.64
99,CCR,True,29.0,159.0
99,CCR,True,1.0,1.06
99,CCR,False,inf,0.0
99,CCR,False,inf,0.0
99,CCR,True,7.0,42.87
99,CCR,False,inf,0.0
99,CCR,False,inf,0.0
99,CCR,False,inf,0.0
99,CCR,False,inf,0.0
99,CCR,True,31.0,169.66
99,CCR,False,inf,0.0
99,CCR,True,28.0,158.59
99,CCR,True,22.0,113.13
99,CCR,True,20.0,105.34
99,CCR,True,10.0,70.42999999999999
99,CCR,True,9.0,47.949999999999996
99,CCR,True,15.0,80.68
99,CCR,True,5.0,30.43
99,CCR,True,15.0,95.29
99,CCR,True,21.0,105.73
99,CCR,True,19.0,104.26
99,CCR,False,inf,0.0
99,CCR,True,9.0,64.6
99,CCR,False,inf,0.0
99,CCR,False,inf,0.0
99,CCR,False,inf,0.0
99,CCR,True,7.0,44.49
99,CCR,False,inf,0.0
99,CCR,False,inf,0.0
99,CCR,False,inf,0.0
99,CCR,False,inf,0.0
99,CCR,True,5.0,34.6
99,CCR,False,inf,0.0
99,CCR,True,17.0,97.89999999999999
99,CCR,True,6.0,44.72
99,CCR,True,16.0,96.39
99,CCR,True,25.0,141.02
99,CCR,True,23.0,121.48
99,CCR,True,29.0,153.74
99,CCR,True,4.0,26.75
3,BCR,True,30.0,158.52
3,BCR,True,27.0,163.09
3,BCR,True,2.0,7.67
3,BCR,False,inf,0.0
3,BCR,False,inf,0.0
3,BCR,True,23.0,140.35
3,BCR,False,inf,0.0
3,BCR,False,inf,0.0
3,BCR,True,23.0,132.77
3,BCR,False,inf,0.0
3,BCR,True,20.0,134.98
3,BCR,False,inf,0.0
3,BCR,True,25.0,143.01
3,BCR,True,29.0,155.3
3,BCR,True,10.0,61.84
3,BCR,True,22.0,138.14
3,BCR,True,5.0,26.68
3,BCR,True,12.0,81.03
3,BCR,True,17.0,103.79
3,BCR,True,38.0,226.55
3,BCR,False,inf,0.0
3,BCR,True,2.0,12.26
3,BCR,True,1.0,9.57
3,BCR,True,25.0,141.82
3,BCR,True,12.0,84.49
3,BCR,True,2.0,6.449999999999999
3,BCR,False,inf,0.0
3,BCR,True,19.0,120.27
3,BCR,True,3.0,17.060000000000002
3,BCR,True,10.0,56.25
3,BCR,True,11.0,79.3
3,BCR,True,12.0,72.71
3,BCR,True,30.0,174.38
3,BCR,False,inf,0.0
3,BCR,True,15.0,105.97
3,BCR,False,inf,0.0
3,BCR,True,14.0,96.17999999999999
3,BCR,False,inf,0.0
3,BCR,True,4.0,27.23
3,BCR,False,inf,0.0
3,BCR,True,16.0,94.05
3,BCR,True,24.0,145.91
3,BCR,True,16.0,100.42
3,BCR,False,inf,0.0
3,BCR,False,inf,0.0
3,BCR,True,28.0,160.71
3,BCR,True,8.0,58.21
3,BCR,True,25.0,140.85999999999999
3,BCR,True,25.0,138.26
3,BCR,False,inf,0.0
3,BCR,True,14.0,90.66
3,BCR,True,12.0,89.26
3,BCR,False,inf,0.0
3,BCR,True,4.0,27.23
3,BCR,True,25.0,134.69
3,BCR,True,30.0,173.07999999999998
3,BCR,True,28.0,160.71
3,BCR,True,18.0,112.08
3,BCR,False,inf,0.0
3,BCR,True,2.0,8.08
3,BCR,False,inf,0.0
3,BCR,True,18.0,112.74
3,BCR,False,inf,0.0
3,BCR,True,11.0,71.13
3,BCR,True,30.0,158.52
3,BCR,True,31.0,178.73
3,BCR,True,32.0,176.89
3,BCR,True,16.0,99.21
3,BCR,True,16.0,101.73
3,BCR,False,inf,0.0
3,BCR,True,20.0,115.38
3,BCR,True,12.0,89.23
3,BCR,True,12.0,89.23
3,BCR,True,31.0,167.13
3,BCR,True,8.0,51.28
3,BCR,True,7.0,49.82
3,BCR,True,15.0,92.81
3,BCR,True,20.0,127.74
3,BCR,True,18.0,117.68
3,BCR,False,inf,0.0
3,BCR,False,inf,0.0
3,BCR,False,inf,0.0
3,BCR,False,inf,0.0
3,BCR,True,29.0,171.01
3,BCR,True,9.0,63.519999999999996
3,BCR,False,inf,0.0
3,BCR,False,inf,0.0
3,BCR,True,20.0,111.54
3,BCR,True,1.0,2.87
3,BCR,True,24.0,144.63
3,BCR,True,14.0,92.53
3,BCR,False,inf,0.0
3,BCR,False,inf,0.0
3,BCR,False,inf,0.0
3,BCR,False,inf,0.0
3,BCR,True,30.0,169.47
3,BCR,False,inf,0.0
3,BCR,True,5.0,38.47
3,BCR,False,inf,0.0
3,BCR,True,3.0,16.17
3,BCR,True,31.0,169.88
3,BCR,False,inf,0.0
3,BCR,True,31.0,175.93
3,BCR,True,10.0,72.13
3,BCR,True,15.0,91.53
3,BCR,True,18.0,112.37
3,BCR,True,28.0,147.3
3,BCR,True,26.0,158.88
3,BCR,False,inf,0.0
3,BCR,True,2.0,19.32
3,BCR,True,25.0,143.93
3,BCR,False,inf,0.0
3,BCR,True,19.0,121.21
3,BCR,True,13.0,76.03
3,BCR,True,7.0,42.79
3,BCR,False,inf,0.0
3,BCR,False,inf,0.0
3,BCR,False,inf,0.0
3,BCR,True,27.0,148.74
3,BCR,False,inf,0.0
3,BCR,True,21.0,142.2
3,BCR,False,inf,0.0
3,BCR,False,inf,0.0
3,BCR,False,inf,0.0
3,BCR,False,inf,0.0
3,BCR,True,6.0,42.85
3,BCR,True,2.0,14.06
3,BCR,True,29.0,149.82
3,BCR,True,16.0,102.17
3,BCR,True,8.0,56.45
3,BCR,True,14.0,90.4
3,BCR,True,5.0,34.75
3,BCR,False,inf,0.0
3,BCR,True,25.0,143.01
3,BCR,True,34.0,194.31
3,BCR,True,15.0,95.32000000000001
3,BCR,False,inf,0.0
3,BCR,True,17.0,109.79
3,BCR,True,31.0,178.35999999999999
3,BCR,False,inf,0.0
3,BCR,False,inf,0.0
3,BCR,False,inf,0.0
3,BCR,True,1.0,9.74
3,BCR,True,14.0,91.69
3,BCR,False,inf,0.0
3,BCR,True,24.0,144.63
3,BCR,False,inf,0.0
3,BCR,True,4.0,23.14
3,BCR,False,inf,0.0
3,BCR,False,inf,0.0
3,BCR,True,19.0,105.76
3,BCR,True,1.0,1.66
3,BCR,True,5.0,41.43
3,BCR,True,6.0,46.370000000000005
3,BCR,True,6.0,38.17
3,BCR,True,26.0,163.86
3,BCR,True,32.0,186.51
3,BCR,True,14.0,92.53
3,BCR,True,8.0,52.94
3,BCR,False,inf,0.0
3,BCR,True,2.0,4.1899999999999995
3,BCR,False,inf,0.0
3,BCR,True,27.0,154.88
3,BCR,True,31.0,184.27
3,BCR,True,6.0,33.29
3,BCR,True,34.0,195.94
3,BCR,True,3.0,14.91
3,BCR,False,inf,0.0
3,BCR,True,27.0,154.88
3,BCR,False,inf,0.0
3,BCR,True,2.0,9.44
3,BCR,False,inf,0.0
3,BCR,True,5.0,41.43
3,BCR,False,inf,0.0
3,BCR,False,inf,0.0
3,BCR,True,24.0,133.03
3,BCR,True,32.0,179.1
3,BCR,False,inf,0.0
3,BCR,True,26.0,144.27
3,BCR,True,16.0,110.17999999999999
3,BCR,True,8.0,49.88
3,BCR,True,14.0,92.53
3,BCR,True,27.0,145.64
3,BCR,True,3.0,16.17
3,BCR,False,inf,0.0
3,BCR,True,12.0,73.9
3,BCR,True,10.0,72.26
3,BCR,True,21.0,132.85999999999999
3,BCR,True,22.0,127.85
3,BCR,True,33.0,180.57999999999998
3,BCR,False,inf,0.0
3,BCR,True,7.0,49.15
3,BCR,False,inf,0.0
3,BCR,True,12.0,82.99
3,BCR,False,inf,0.0
3,BCR,False,inf,0.0
3,BCR,True,4.0,25.57
3,BCR,False,inf,0.0
3,BCR,True,19.0,124.33
3,BCR,True,23.0,131.26
3,BCR,True,1.0,9.74
3,BCR,True,19.0,117.3
3,BCR,True,15.0,95.32000000000001
3,BCR,True,15.0,95.44
3,BCR,False,inf,0.0
3,BCR,True,26.0,145.78
3,BCR,True,1.0,9.61
3,BCR,False,inf,0.0
3,BCR,True,8.0,47.36
3,BCR,False,inf,0.0
3,BCR,True,21.0,128.54
3,BCR,False,inf,0.0
3,BCR,True,27.0,159.02
3,BCR,True,4.0,27.23
3,BCR,False,inf,0.0
3,BCR,True,16.0,105.75
3,BCR,True,18.0,118.26
3,BCR,True,29.0,166.53
3,BCR,True,9.0,58.19
3,BCR,True,16.0,99.21
3,BCR,False,inf,0.0
3,BCR,True,18.0,125.91
3,BCR,True,1.0,7.24
3,BCR,True,2.0,13.64
3,BCR,True,22.0,120.74
3,BCR,False,inf,0.0
3,BCR,True,2.0,18.15
3,BCR,False,inf,0.0
3,BCR,False,inf,0.0
3,BCR,False,inf,0.0
3,BCR,False,inf,0.0
3,BCR,False,inf,0.0
3,BCR,False,inf,0.0
3,BCR,True,25.0,152.09
3,BCR,True,4.0,13.379999999999999
3,BCR,True,5.0,35.22
3,BCR,True,14.0,90.66
3,BCR,False,inf,0.0
3,BCR,True,28.0,153.74
3,BCR,True,9.0,57.980000000000004
3,BCR,False,inf,0.0
3,BCR,False,inf,0.0
3,BCR,True,15.0,100.07
3,BCR,True,29.0,155.3
3,BCR,False,inf,0.0
3,BCR,True,6.0,37.88
3,BCR,True,34.0,188.07
3,BCR,False,inf,0.0
3,BCR,True,12.0,85.06
3,BCR,True,5.0,28.22
3,BCR,True,22.0,125.4
3,BCR,True,20.0,125.49
3,BCR,False,inf,0.0
3,BCR,True,24.0,140.9
3,BCR,False,inf,0.0
3,BCR,False,inf,0.0
3,BCR,False,inf,0.0
3,BCR,False,inf,0.0
3,BCR,False,inf,0.0
3,BCR,False,inf,0.0
3,BCR,True,28.0,162.12
3,BCR,True,2.0,6.33
3,BCR,True,13.0,77.09
3,BCR,False,inf,0.0
3,BCR,True,24.0,140.9
3,BCR,False,inf,0.0
3,BCR,True,20.0,120.74
3,BCR,True,21.0,117.82
3,BCR,False,inf,0.0
3,BCR,True,21.0,118.62
3,BCR,True,29.0,157.45
3,BCR,True,14.0,90.75
3,BCR,False,inf,0.0
3,BCR,True,12.0,79.81
3,BCR,False,inf,0.0
3,BCR,False,inf,0.0
3,BCR,True,4.0,23.82
3,BCR,True,16.0,101.23
3,BCR,True,32.0,181.34
3,BCR,True,1.0,2.79
3,BCR,True,20.0,122.73
3,BCR,False,inf,0.0
3,BCR,True,18.0,103.72
3,BCR,True,21.0,117.13
3,BCR,True,2.0,16.82
3,BCR,False,inf,0.0
3,BCR,True,25.0,146.2
3,BCR,True,18.0,107.32
3,BCR,True,22.0,132.13
3,BCR,False,inf,0.0
3,BCR,True,31.0,164.57999999999998
3,BCR,True,7.0,46.38
3,BCR,False,inf,0.0
3,BCR,True,12.0,74.53
3,BCR,True,6.0,27.02
3,BCR,True,23.0,128.91
3,BCR,True,22.0,135.91
3,BCR,True,16.0,107.84
3,BCR,True,4.0,25.95
3,BCR,False,inf,0.0
3,BCR,False,inf,0.0
3,BCR,False,inf,0.0
3,BCR,True,25.0,160.92
3,BCR,False,inf,0.0
3,BCR,True,28.0,160.71
3,BCR,False,inf,0.0
3,BCR,True,15.0,100.97
3,BCR,False,inf,0.0
3,BCR,True,18.0,115.01
3,BCR,True,9.0,52.34
3,BCR,True,10.0,58.8
3,BCR,False,inf,0.0
3,BCR,False,inf,0.0
3,BCR,False,inf,0.0
3,BCR,True,24.0,149.72
3,BCR,False,inf,0.0
3,BCR,True,25.0,152.09
3,BCR,True,18.0,106.73
3,BCR,True,40.0,236.62
3,BCR,True,12.0,77.57
3,BCR,True,5.0,33.14
3,BCR,False,inf,0.0
3,BCR,True,7.0,46.14
3,BCR,True,10.0,62.68
3,BCR,False,inf,0.0
3,BCR,True,13.0,81.9
3,BCR,True,21.0,123.78
3,BCR,True,33.0,195.4
3,BCR,True,14.0,84.62
3,BCR,False,inf,0.0
3,BCR,False,inf,0.0
3,BCR,True,9.0,61.74
3,BCR,True,28.0,146.88
3,BCR,True,18.0,116.03
3,BCR,False,inf,0.0
3,BCR,False,inf,0.0
3,BCR,False,inf,0.0
3,BCR,True,27.0,166.39
3,BCR,False,inf,0.0
3,BCR,True,17.0,102.39
3,BCR,False,inf,0.0
3,BCR,True,5.0,36.12
3,BCR,True,3.0,26.68
3,BCR,True,12.0,74.39
3,BCR,False,inf,0.0
3,BCR,False,inf,0.0
3,BCR,False,inf,0.0
3,BCR,True,24.0,142.52
3,BCR,True,2.0,8.85
3,BCR,True,17.0,110.02
3,BCR,False,inf,0.0
3,BCR,True,8.0,55.29
3,BCR,True,12.0,85.96
3,BCR,True,30.0,159.3
3,BCR,True,3.0,26.54
3,BCR,True,12.0,84.49
3,BCR,True,30.0,182.37
3,BCR,True,6.0,38.23
3,BCR,True,31.0,175.93
3,BCR,False,inf,0.0
3,BCR,False,inf,0.0
3,BCR,True,7.0,48.95
3,BCR,True,8.0,49.33
3,BCR,True,24.0,140.22
3,BCR,True,4.0,34.21
3,BCR,True,28.0,147.47
3,BCR,False,inf,0.0
3,BCR,False,inf,0.0
3,BCR,False,inf,0.0
3,BCR,True,23.0,138.03
3,BCR,True,11.0,75.28999999999999
3,BCR,True,3.0,27.380000000000003
3,BCR,True,16.0,103.01
3,BCR,True,18.0,121.6
3,BCR,True,3.0,9.129999999999999
3,BCR,True,11.0,75.28999999999999
3,BCR,True,21.0,124.61
3,BCR,False,inf,0.0
3,BCR,False,inf,0.0
3,BCR,False,inf,0.0
3,BCR,True,14.0,89.24
3,BCR,True,2.0,18.14
3,BCR,True,28.0,155.62
3,BCR,False,inf,0.0
3,BCR,True,22.0,131.46
3,BCR,True,31.0,169.28
3,BCR,True,26.0,146.49
3,BCR,True,17.0,110.02
3,BCR,True,22.0,135.88
3,BCR,True,9.0,61.91
3,BCR,True,1.0,9.61
3,BCR,True,5.0,27.02
3,BCR,True,17.0,110.02
3,BCR,True,6.0,42.44
3,BCR,False,inf,0.0
3,BCR,True,11.0,69.98
3,BCR,True,17.0,102.39
3,BCR,True,2.0,18.14
3,BCR,True,22.0,138.14
3,BCR,True,9.0,64.87
3,BCR,True,3.0,12.27
3,BCR,True,33.0,180.7
3,BCR,True,8.0,55.43
3,BCR,True,14.0,90.63
3,BCR,False,inf,0.0
3,BCR,False,inf,0.0
3,BCR,False,inf,0.0
3,BCR,False,inf,0.0
3,BCR,False,inf,0.0
3,BCR,True,19.0,122.39
3,BCR,False,inf,0.0
3,BCR,False,inf,0.0
3,BCR,True,1.0,7.24
3,BCR,True,27.0,152.66
3,BCR,True,26.0,155.24
3,BCR,True,30.0,176.82
3,BCR,False,inf,0.0
3,BCR,True,1.0,6.28
3,BCR,True,26.0,153.0
3,BCR,False,inf,0.0
3,BCR,False,inf,0.0
3,BCR,True,17.0,117.02
3,BCR,False,inf,0.0
3,BCR,False,inf,0.0
3,BCR,False,inf,0.0
3,BCR,False,inf,0.0
3,BCR,False,inf,0.0
3,BCR,True,5.0,15.93
3,BCR,True,20.0,120.03
3,BCR,True,4.0,28.240000000000002
3,BCR,True,19.0,105.76
3,BCR,True,19.0,112.66
3,BCR,True,21.0,137.85
3,BCR,True,2.0,16.93
3,BCR,True,15.0,95.5
3,BCR,True,34.0,188.07
3,BCR,True,31.0,171.73
3,BCR,False,inf,0.0
3,BCR,True,19.0,115.11
3,BCR,True,10.0,62.68
3,BCR,True,18.0,112.08
3,BCR,False,inf,0.0
3,BCR,True,2.0,18.15
3,BCR,True,1.0,7.25
3,BCR,False,inf,0.0
3,BCR,False,inf,0.0
3,BCR,False,inf,0.0
3,BCR,True,29.0,158.05
3,BCR,True,16.0,99.72
3,BCR,False,inf,0.0
3,BCR,True,22.0,123.9
3,BCR,False,inf,0.0
3,BCR,False,inf,0.0
3,BCR,True,16.0,103.09
3,BCR,True,6.0,46.370000000000005
3,BCR,False,inf,0.0
3,BCR,False,inf,0.0
3,BCR,True,20.0,127.74
3,BCR,True,13.0,86.36
3,BCR,False,inf,0.0
3,BCR,True,24.0,147.05
3,BCR,True,12.0,82.99
3,BCR,False,inf,0.0
3,BCR,True,12.0,84.76
3,BCR,False,inf,0.0
3,BCR,True,6.0,42.44
3,BCR,False,inf,0.0
3,BCR,True,7.0,45.68
3,BCR,False,inf,0.0
3,BCR,True,21.0,124.5
3,BCR,False,inf,0.0
3,BCR,False,inf,0.0
3,BCR,True,18.0,113.88
3,BCR,False,inf,0.0
3,BCR,True,30.0,182.37
3,BCR,False,inf,0.0
3,BCR,True,17.0,107.32
3,BCR,True,20.0,128.28
3,BCR,True,25.0,151.17
3,BCR,False,inf,0.0
3,BCR,True,16.0,107.84
3,BCR,True,3.0,15.440000000000001
3,BCR,False,inf,0.0
3,BCR,True,8.0,55.29
3,BCR,False,inf,0.0
3,BCR,False,inf,0.0
3,BCR,True,28.0,162.82
3,BCR,False,inf,0.0
3,BCR,True,22.0,142.65
3,BCR,False,inf,0.0
3,BCR,False,inf,0.0
3,BCR,True,32.0,177.89
3,BCR,False,inf,0.0
3,BCR,True,15.0,91.92
3,BCR,True,9.0,63.49
3,BCR,False,inf,0.0
3,BCR,True,8.0,56.45
3,BCR,True,18.0,114.51
3,BCR,False,inf,0.0
3,BCR,False,inf,0.0
3,BCR,True,28.0,160.46
3,BCR,True,10.0,67.92
3,BCR,True,33.0,185.26
3,BCR,True,26.0,153.92
3,BCR,True,13.0,79.94
3,BCR,False,inf,0.0
3,BCR,False,inf,0.0
3,BCR,False,inf,0.0
3,BCR,False,inf,0.0
3,BCR,False,inf,0.0
3,BCR,True,23.0,144.71
3,BCR,True,6.0,37.89
3,BCR,True,8.0,52.94
3,BCR,False,inf,0.0
3,BCR,False,inf,0.0
3,BCR,False,inf,0.0
3,BCR,False,inf,0.0
3,BCR,True,3.0,15.440000000000001
3,BCR,False,inf,0.0
3,BCR,True,19.0,108.7
3,BCR,False,inf,0.0
3,BCR,True,4.0,28.26
3,BCR,False,inf,0.0
3,BCR,True,5.0,36.38
3,BCR,True,24.0,144.63
3,BCR,True,13.0,88.74
3,BCR,True,33.0,184.75
3,BCR,True,32.0,187.12
3,BCR,True,29.0,164.26
3,BCR,False,inf,0.0
3,BCR,True,24.0,138.0
3,BCR,True,2.0,8.3
3,BCR,False,inf,0.0
3,BCR,True,34.0,193.62
3,BCR,False,inf,0.0
3,BCR,True,13.0,80.75
3,BCR,True,23.0,144.71
3,BCR,True,15.0,91.53
3,BCR,True,33.0,174.13
3,BCR,False,inf,0.0
3,BCR,False,inf,0.0
3,BCR,True,12.0,73.34
3,BCR,True,3.0,23.19
3,BCR,True,1.0,7.25
3,BCR,True,20.0,113.21
3,BCR,True,25.0,138.76
3,BCR,True,32.0,184.36
3,BCR,False,inf,0.0
3,BCR,True,20.0,117.02
3,BCR,False,inf,0.0
3,BCR,True,16.0,96.58
3,BCR,True,9.0,62.53
3,BCR,False,inf,0.0
3,BCR,False,inf,0.0
3,BCR,False,inf,0.0
3,BCR,False,inf,0.0
3,BCR,False,inf,0.0
3,BCR,True,12.0,81.53
3,BCR,True,4.0,14.27
3,BCR,True,6.0,31.490000000000002
3,BCR,True,7.0,50.12
3,BCR,True,28.0,159.95
3,BCR,True,15.0,92.4
3,BCR,False,inf,0.0
3,BCR,True,1.0,3.42
3,BCR,False,inf,0.0
3,BCR,False,inf,0.0
3,BCR,True,22.0,127.87
3,BCR,False,inf,0.0
3,BCR,False,inf,0.0
3,BCR,True,35.0,184.31
3,BCR,True,18.0,120.10000000000001
3,BCR,True,4.0,27.6
3,BCR,True,28.0,147.3
3,BCR,False,inf,0.0
3,BCR,True,7.0,50.42
3,BCR,True,26.0,148.85
3,BCR,False,inf,0.0
3,BCR,True,33.0,198.85
3,BCR,True,30.0,158.71
3,BCR,True,28.0,163.54
3,BCR,False,inf,0.0
3,BCR,False,inf,0.0
3,BCR,True,3.0,11.74
3,BCR,True,27.0,158.42
3,BCR,True,14.0,91.0
3,BCR,True,33.0,188.22
3,BCR,True,12.0,74.96
3,BCR,False,inf,0.0
3,BCR,True,8.0,49.06
3,BCR,False,inf,0.0
3,BCR,True,6.0,38.23
3,BCR,True,26.0,144.27
3,BCR,True,13.0,77.69
3,BCR,True,18.0,112.16
3,BCR,False,inf,0.0
3,BCR,True,15.0,101.17999999999999
3,BCR,True,5.0,31.68
3,BCR,True,10.0,74.56
3,BCR,False,inf,0.0
3,BCR,False,inf,0.0
3,BCR,True,34.0,190.23
3,BCR,False,inf,0.0
3,BCR,True,2.0,11.99
3,BCR,True,23.0,139.89
3,BCR,True,11.0,81.56
3,BCR,True,9.0,60.52
3,BCR,False,inf,0.0
3,BCR,True,16.0,101.50999999999999
3,BCR,True,2.0,7.67
3,BCR,True,25.0,162.26
3,BCR,False,inf,0.0
3,BCR,True,5.0,35.32
3,BCR,True,11.0,74.29
3,BCR,True,16.0,97.48
3,BCR,False,inf,0.0
3,BCR,True,7.0,43.2
3,BCR,False,inf,0.0
3,BCR,True,31.0,178.73
3,BCR,True,13.0,73.84
3,BCR,False,inf,0.0
3,BCR,True,30.0,169.21
3,BCR,True,23.0,134.55
3,BCR,False,inf,0.0
3,BCR,True,20.0,120.99
3,BCR,False,inf,0.0
3,BCR,True,1.0,5.12
3,BCR,True,2.0,13.64
3,BCR,True,38.0,226.55
3,BCR,False,inf,0.0
3,BCR,False,inf,0.0
3,BCR,False,inf,0.0
3,BCR,True,33.0,191.96
3,BCR,True,22.0,137.37
3,BCR,True,14.0,90.4
3,BCR,True,18.0,107.71
3,BCR,False,inf,0.0
3,BCR,True,18.0,117.58
3,BCR,True,22.0,124.94
3,BCR,False,inf,0.0
3,BCR,True,13.0,88.74
3,BCR,False,inf,0.0
3,BCR,True,4.0,24.42
3,BCR,True,31.0,173.5
3,BCR,False,inf,0.0
3,BCR,True,23.0,139.89
3,BCR,False,inf,0.0
3,BCR,True,16.0,94.05
3,BCR,False,inf,0.0
3,BCR,True,3.0,27.41
3,BCR,True,28.0,165.01
3,BCR,True,28.0,153.75
3,BCR,False,inf,0.0
3,BCR,True,2.0,13.64
3,BCR,False,inf,0.0
3,BCR,False,inf,0.0
3,BCR,True,10.0,68.55
3,BCR,False,inf,0.0
3,BCR,True,26.0,142.46
3,BCR,False,inf,0.0
3,BCR,False,inf,0.0
3,BCR,False,inf,0.0
3,BCR,True,27.0,151.84
3,BCR,True,4.0,26.630000000000003
3,BCR,False,inf,0.0
3,BCR,False,inf,0.0
3,BCR,False,inf,0.0
3,BCR,True,19.0,128.2
3,BCR,True,6.0,40.39
3,BCR,True,23.0,128.12
3,BCR,True,3.0,26.45
3,BCR,True,23.0,140.23
3,BCR,True,22.0,132.04
3,BCR,True,3.0,26.68
3,BCR,False,inf,0.0
3,BCR,False,inf,0.0
3,BCR,False,inf,0.0
3,BCR,True,14.0,93.75
3,BCR,True,24.0,143.99
3,BCR,True,24.0,136.13
3,BCR,False,inf,0.0
3,BCR,False,inf,0.0
3,BCR,False,inf,0.0
3,BCR,True,2.0,9.7
3,BCR,False,inf,0.0
3,BCR,True,23.0,146.88
3,BCR,True,15.0,98.72
3,BCR,False,inf,0.0
3,BCR,True,2.0,11.92
3,BCR,False,inf,0.0
3,BCR,True,16.0,109.16
3,BCR,True,28.0,158.43
3,BCR,True,20.0,121.81
3,BCR,True,12.0,78.97
3,BCR,False,inf,0.0
3,BCR,False,inf,0.0
3,BCR,False,inf,0.0
3,BCR,False,inf,0.0
3,BCR,True,11.0,70.2
3,BCR,True,17.0,102.55
3,BCR,True,9.0,61.91
3,BCR,True,11.0,71.28999999999999
3,BCR,True,26.0,152.7
3,BCR,True,30.0,159.3
3,BCR,True,29.0,164.26
3,BCR,True,22.0,132.13
3,BCR,True,17.0,107.24
3,BCR,False,inf,0.0
3,BCR,False,inf,0.0
3,BCR,False,inf,0.0
3,BCR,True,2.0,8.54
3,BCR,True,33.0,189.93
3,BCR,False,inf,0.0
3,BCR,True,19.0,122.39
3,BCR,False,inf,0.0
3,BCR,True,33.0,195.4
3,BCR,True,16.0,108.26
3,BCR,True,3.0,22.02
3,BCR,True,12.0,79.81
3,BCR,True,7.0,40.03
3,BCR,True,34.0,193.62
3,BCR,False,inf,0.0
3,BCR,False,inf,0.0
3,BCR,False,inf,0.0
3,BCR,True,15.0,104.27
3,BCR,True,32.0,183.44
3,BCR,True,28.0,164.64000000000001
3,BCR,False,inf,0.0
3,BCR,False,inf,0.0
3,BCR,False,inf,0.0
3,BCR,True,32.0,182.7
3,BCR,False,inf,0.0
3,BCR,True,31.0,183.81
3,BCR,True,12.0,78.36
3,BCR,False,inf,0.0
3,BCR,False,inf,0.0
3,BCR,True,25.0,142.78
3,BCR,True,25.0,137.95
3,BCR,False,inf,0.0
3,BCR,True,15.0,92.38
3,BCR,True,6.0,37.88
3,BCR,False,inf,0.0
3,BCR,True,19.0,108.7
3,BCR,False,inf,0.0
3,BCR,True,10.0,65.51
3,BCR,True,28.0,168.54
3,BCR,True,11.0,67.41
3,BCR,True,13.0,86.36
3,BCR,True,8.0,40.15
3,BCR,False,inf,0.0
3,BCR,True,2.0,16.82
3,BCR,True,22.0,136.34
3,BCR,True,16.0,98.62
3,BCR,True,19.0,109.94
3,BCR,True,15.0,97.98
3,BCR,True,12.0,78.36
3,BCR,True,1.0,6.32
3,BCR,True,23.0,146.88
3,BCR,False,inf,0.0
3,BCR,False,inf,0.0
3,BCR,True,8.0,56.45
3,BCR,False,inf,0.0
3,BCR,False,inf,0.0
3,BCR,False,inf,0.0
3,BCR,False,inf,0.0
3,BCR,True,4.0,23.38
3,BCR,False,inf,0.0
3,BCR,True,24.0,142.52
3,BCR,False,inf,0.0
3,BCR,True,7.0,39.83
3,BCR,True,5.0,30.700000000000003
3,BCR,True,18.0,109.23
3,BCR,True,20.0,115.38
3,BCR,True,10.0,61.84
3,BCR,True,14.0,91.64
3,BCR,True,16.0,105.75
3,BCR,False,inf,0.0
3,BCR,False,inf,0.0
3,BCR,False,inf,0.0
3,BCR,False,inf,0.0
3,BCR,False,inf,0.0
3,BCR,True,18.0,118.26
3,BCR,False,inf,0.0
3,BCR,False,inf,0.0
3,BCR,True,32.0,176.89
3,BCR,True,21.0,126.23
3,BCR,True,4.0,30.47
3,BCR,True,26.0,153.21
3,BCR,False,inf,0.0
3,BCR,False,inf,0.0
3,BCR,True,8.0,47.36
3,BCR,False,inf,0.0
3,BCR,True,21.0,115.46
3,BCR,True,31.0,171.73
3,BCR,True,1.0,2.53
3,BCR,True,6.0,39.15
3,BCR,True,16.0,102.17
3,BCR,True,14.0,86.82000000000001
3,BCR,True,14.0,90.4
3,BCR,True,15.0,100.07
3,BCR,True,18.0,118.33
3,BCR,False,inf,0.0
3,BCR,True,27.0,169.14
3,BCR,True,29.0,171.13
3,BCR,False,inf,0.0
3,BCR,True,18.0,115.66
3,BCR,False,inf,0.0
3,BCR,True,2.0,11.79
3,BCR,True,1.0,8.5
3,BCR,True,23.0,140.91
3,BCR,True,30.0,159.3
3,BCR,False,inf,0.0
3,BCR,False,inf,0.0
3,BCR,True,20.0,127.15
3,BCR,False,inf,0.0
3,BCR,True,15.0,95.19
3,BCR,True,25.0,141.8
3,BCR,True,5.0,38.47
3,BCR,False,inf,0.0
3,BCR,True,24.0,136.81
3,BCR,False,inf,0.0
3,BCR,False,inf,0.0
3,BCR,True,3.0,27.41
3,BCR,True,15.0,93.32
3,BCR,True,4.0,31.39
3,BCR,False,inf,0.0
3,BCR,True,31.0,163.01
3,BCR,True,23.0,136.37
3,BCR,True,12.0,78.99
3,BCR,False,inf,0.0
3,BCR,True,1.0,7.25
3,BCR,True,13.0,84.73
3,BCR,True,9.0,60.52
3,BCR,True,8.0,58.71
3,BCR,True,2.0,10.4
3,BCR,True,34.0,194.34
3,BCR,True,10.0,62.5
3,BCR,False,inf,0.0
3,BCR,True,6.0,39.15
3,BCR,True,4.0,24.6
3,BCR,False,inf,0.0
3,BCR,False,inf,0.0
3,BCR,False,inf,0.0
3,BCR,True,26.0,156.37
3,BCR,True,9.0,53.49
3,BCR,True,4.0,26.630000000000003
3,BCR,True,4.0,24.5
3,BCR,True,7.0,43.2
3,BCR,False,inf,0.0
3,BCR,True,19.0,115.86
3,BCR,True,16.0,109.37
3,BCR,False,inf,0.0
3,BCR,True,6.0,41.88
3,BCR,False,inf,0.0
3,BCR,True,28.0,164.23
3,BCR,False,inf,0.0
3,BCR,False,inf,0.0
3,BCR,True,19.0,126.38
3,BCR,True,25.0,145.45
3,BCR,True,14.0,84.6
3,BCR,True,30.0,169.47
3,BCR,True,23.0,136.37
3,BCR,True,28.0,158.56
3,BCR,True,11.0,72.11
3,BCR,True,30.0,170.12
3,BCR,True,9.0,64.73
3,BCR,True,11.0,69.25
3,BCR,True,19.0,122.17999999999999
3,BCR,True,1.0,9.61
3,BCR,False,inf,0.0
3,BCR,True,23.0,127.42999999999999
3,BCR,True,17.0,106.05
3,BCR,False,inf,0.0
3,BCR,True,12.0,82.48
3,BCR,True,12.0,82.99
3,BCR,True,2.0,10.780000000000001
3,BCR,False,inf,0.0
3,BCR,True,4.0,16.52
3,BCR,True,24.0,138.92
3,BCR,False,inf,0.0
3,BCR,True,2.0,16.82
3,BCR,True,17.0,111.49
3,BCR,False,inf,0.0
3,BCR,True,28.0,160.46
3,BCR,True,9.0,56.83
3,BCR,False,inf,0.0
3,BCR,True,14.0,87.46
3,BCR,False,inf,0.0
3,BCR,True,19.0,112.14
3,BCR,False,inf,0.0
3,BCR,False,inf,0.0
3,BCR,False,inf,0.0
3,BCR,True,9.0,54.79
3,BCR,True,11.0,71.04
3,BCR,False,inf,0.0
3,BCR,True,7.0,49.1
3,BCR,True,23.0,129.21
3,BCR,True,26.0,156.37
3,BCR,False,inf,0.0
3,BCR,False,inf,0.0
3,BCR,True,2.0,12.16
3,BCR,True,12.0,76.84
3,BCR,False,inf,0.0
3,BCR,False,inf,0.0
3,BCR,True,17.0,114.97
3,BCR,False,inf,0.0
3,BCR,True,21.0,129.10999999999999
3,BCR,True,10.0,61.86
3,BCR,True,5.0,23.84
3,BCR,False,inf,0.0
3,BCR,True,18.0,120.98
3,BCR,True,20.0,127.15
3,BCR,False,inf,0.0
3,BCR,True,19.0,124.33
3,BCR,True,19.0,117.26
3,BCR,True,4.0,31.39
3,BCR,False,inf,0.0
3,BCR,True,4.0,29.72
3,BCR,False,inf,0.0
3,BCR,False,inf,0.0
3,BCR,True,5.0,31.85
3,BCR,True,30.0,169.44
3,BCR,True,16.0,98.62
3,BCR,True,16.0,103.01
3,BCR,True,25.0,143.37
3,BCR,False,inf,0.0
3,BCR,True,3.0,17.66
3,BCR,False,inf,0.0
3,BCR,True,17.0,107.24
3,BCR,True,19.0,117.3
3,BCR,False,inf,0.0
3,BCR,True,15.0,97.98
3,BCR,True,26.0,154.83
3,BCR,False,inf,0.0
3,BCR,True,6.0,37.339999999999996
3,BCR,True,13.0,86.11
3,BCR,False,inf,0.0
3,BCR,True,8.0,49.33
3,BCR,True,32.0,184.8
3,BCR,False,inf,0.0
3,BCR,False,inf,0.0
3,BCR,True,24.0,138.95
3,BCR,False,inf,0.0
3,BCR,False,inf,0.0
3,BCR,False,inf,0.0
3,BCR,True,23.0,140.91
3,BCR,True,10.0,59.39
3,BCR,True,23.0,138.96
3,BCR,True,17.0,105.53
3,BCR,True,23.0,133.71
3,BCR,True,2.0,13.64
3,BCR,False,inf,0.0
3,BCR,True,15.0,94.59
3,BCR,True,22.0,149.04
3,BCR,False,inf,0.0
3,BCR,True,27.0,166.39
3,BCR,False,inf,0.0
3,BCR,False,inf,0.0
3,BCR,True,5.0,36.980000000000004
3,BCR,False,inf,0.0
3,BCR,True,29.0,149.82
3,BCR,False,inf,0.0
3,BCR,True,21.0,120.12
3,BCR,True,5.0,38.160000000000004
3,BCR,True,12.0,80.18
3,BCR,True,30.0,159.3
3,BCR,True,13.0,89.85
3,BCR,False,inf,0.0
3,BCR,True,4.0,25.57
3,BCR,True,19.0,115.86
3,BCR,True,21.0,126.59
3,BCR,False,inf,0.0
3,BCR,False,inf,0.0
3,BCR,True,18.0,112.37
3,BCR,False,inf,0.0
3,BCR,True,28.0,156.1
3,BCR,True,23.0,138.03
3,BCR,False,inf,0.0
3,BCR,False,inf,0.0
3,BCR,True,1.0,9.13
3,BCR,True,14.0,97.78
3,BCR,True,33.0,180.7
3,BCR,False,inf,0.0
3,BCR,True,19.0,110.5
3,BCR,False,inf,0.0
3,BCR,True,21.0,121.63
3,BCR,True,28.0,153.74
3,BCR,True,8.0,51.7
3,BCR,True,15.0,100.97
3,BCR,True,4.0,25.95
3,BCR,True,4.0,25.23
3,BCR,True,28.0,147.3
3,BCR,False,inf,0.0
3,BCR,False,inf,0.0
3,BCR,True,34.0,199.23
3,BCR,True,11.0,76.52
3,BCR,False,inf,0.0
3,BCR,False,inf,0.0
3,BCR,False,inf,0.0
3,BCR,True,24.0,136.13
3,DCR,False,inf,0.0
3,DCR,True,14.0,75.54
3,DCR,False,inf,0.0
3,DCR,True,3.0,14.91
3,DCR,True,13.0,92.46000000000001
3,DCR,True,5.0,37.15
3,DCR,True,29.0,164.82
3,DCR,True,9.0,55.6
3,DCR,True,26.0,140.14000000000001
3,DCR,False,inf,0.0
3,DCR,True,35.0,195.97
3,DCR,False,inf,0.0
3,DCR,True,32.0,179.08
3,DCR,True,28.0,156.78
3,DCR,False,inf,0.0
3,DCR,True,32.0,176.55
3,DCR,True,5.0,40.27
3,DCR,False,inf,0.0
3,DCR,True,16.0,107.93
3,DCR,True,11.0,69.41
3,DCR,True,16.0,95.34
3,DCR,True,22.0,132.19
3,DCR,False,inf,0.0
3,DCR,True,22.0,144.28
3,DCR,True,19.0,113.02
3,DCR,True,11.0,60.370000000000005
3,DCR,True,20.0,113.24000000000001
3,DCR,True,7.0,44.09
3,DCR,True,20.0,113.24000000000001
3,DCR,True,5.0,27.57
3,DCR,False,inf,0.0
3,DCR,True,31.0,173.28
3,DCR,False,inf,0.0
3,DCR,False,inf,0.0
3,DCR,True,19.0,110.6
3,DCR,True,20.0,115.45
3,DCR,True,4.0,23.34
3,DCR,True,14.0,94.71
3,DCR,True,27.0,148.84
3,DCR,False,inf,0.0
3,DCR,True,17.0,106.02
3,DCR,True,22.0,116.25
3,DCR,True,2.0,18.35
3,DCR,True,25.0,135.11
3,DCR,True,14.0,88.55
3,DCR,True,16.0,115.55
3,DCR,True,4.0,28.05
3,DCR,True,34.0,203.3
3,DCR,True,9.0,53.79
3,DCR,False,inf,0.0
3,DCR,True,10.0,69.05
3,DCR,True,3.0,23.7
3,DCR,False,inf,0.0
3,DCR,True,9.0,58.71
3,DCR,True,10.0,71.1
3,DCR,True,6.0,45.08
3,DCR,True,9.0,55.6
3,DCR,True,13.0,81.16
3,DCR,True,16.0,94.68
3,DCR,True,26.0,160.06
3,DCR,True,1.0,9.74
3,DCR,True,9.0,49.13
3,DCR,False,inf,0.0
3,DCR,False,inf,0.0
3,DCR,True,12.0,71.65
3,DCR,True,7.0,34.94
3,DCR,True,21.0,106.51
3,DCR,True,20.0,126.51
3,DCR,True,5.0,28.61
3,DCR,True,6.0,32.230000000000004
3,DCR,False,inf,0.0
3,DCR,True,3.0,15.440000000000001
3,DCR,False,inf,0.0
3,DCR,True,12.0,75.77
3,DCR,True,4.0,29.54
3,DCR,True,11.0,71.53
3,DCR,True,27.0,148.84
3,DCR,True,20.0,107.04
3,DCR,True,21.0,124.54
3,DCR,False,inf,0.0
3,DCR,False,inf,0.0
3,DCR,True,33.0,186.27
3,DCR,False,inf,0.0
3,DCR,True,8.0,51.24
3,DCR,True,28.0,160.92
3,DCR,True,25.0,158.53
3,DCR,True,33.0,181.02
3,DCR,True,30.0,172.34
3,DCR,True,19.0,110.33
3,DCR,True,23.0,129.95
3,DCR,False,inf,0.0
3,DCR,False,inf,0.0
3,DCR,False,inf,0.0
3,DCR,True,19.0,108.24
3,DCR,False,inf,0.0
3,DCR,True,5.0,30.87
3,DCR,False,inf,0.0
3,DCR,True,8.0,47.37
3,DCR,False,inf,0.0
3,DCR,False,inf,0.0
3,DCR,False,inf,0.0
3,DCR,True,15.0,89.0
3,DCR,False,inf,0.0
3,DCR,True,11.0,66.66
3,DCR,False,inf,0.0
3,DCR,True,13.0,75.45
3,DCR,True,16.0,92.61
3,DCR,False,inf,0.0
3,DCR,True,5.0,35.92
3,DCR,True,8.0,56.49
3,DCR,True,6.0,36.28
3,DCR,False,inf,0.0
3,DCR,False,inf,0.0
3,DCR,False,inf,0.0
3,DCR,False,inf,0.0
3,DCR,True,18.0,122.25
3,DCR,True,3.0,18.990000000000002
3,DCR,True,21.0,131.67000000000002
3,DCR,False,inf,0.0
3,DCR,False,inf,0.0
3,DCR,True,32.0,171.28
3,DCR,True,28.0,171.33
3,DCR,False,inf,0.0
3,DCR,False,inf,0.0
3,DCR,True,28.0,154.23
3,DCR,False,inf,0.0
3,DCR,False,inf,0.0
3,DCR,False,inf,0.0
3,DCR,True,29.0,158.9
3,DCR,True,19.0,108.95
3,DCR,False,inf,0.0
3,DCR,True,3.0,20.38
3,DCR,True,25.0,134.84
3,DCR,True,12.0,67.59
3,DCR,True,27.0,152.94
3,DCR,False,inf,0.0
3,DCR,True,14.0,91.75
3,DCR,True,17.0,118.75
3,DCR,True,30.0,156.66
3,DCR,True,30.0,170.8
3,DCR,False,inf,0.0
3,DCR,True,22.0,137.3
3,DCR,False,inf,0.0
3,DCR,False,inf,0.0
3,DCR,True,2.0,18.14
3,DCR,True,18.0,125.97
3,DCR,True,17.0,101.48
3,DCR,False,inf,0.0
3,DCR,True,14.0,84.16
3,DCR,True,30.0,171.59
3,DCR,True,21.0,125.68
3,DCR,False,inf,0.0
3,DCR,False,inf,0.0
3,DCR,True,22.0,133.72
3,DCR,False,inf,0.0
3,DCR,False,inf,0.0
3,DCR,False,inf,0.0
3,DCR,False,inf,0.0
3,DCR,True,26.0,163.64000000000001
3,DCR,False,inf,0.0
3,DCR,False,inf,0.0
3,DCR,True,3.0,21.52
3,DCR,False,inf,0.0
3,DCR,False,inf,0.0
3,DCR,True,14.0,88.58
3,DCR,True,7.0,41.14
3,DCR,False,inf,0.0
3,DCR,False,inf,0.0
3,DCR,True,27.0,166.35
3,DCR,False,inf,0.0
3,DCR,False,inf,0.0
3,DCR,True,24.0,155.28
3,DCR,True,25.0,154.43
3,DCR,True,17.0,103.34
3,DCR,True,18.0,107.2
3,DCR,True,13.0,74.45
3,DCR,False,inf,0.0
3,DCR,False,inf,0.0
3,DCR,True,28.0,155.0
3,DCR,True,26.0,142.17
3,DCR,False,inf,0.0
3,DCR,False,inf,0.0
3,DCR,True,11.0,70.85
3,DCR,True,7.0,49.33
3,DCR,True,10.0,55.67
3,DCR,True,19.0,125.12
3,DCR,True,2.0,10.41
3,DCR,True,10.0,59.3
3,DCR,True,21.0,144.86
3,DCR,True,12.0,77.34
3,DCR,True,15.0,93.67
3,DCR,False,inf,0.0
3,DCR,False,inf,0.0
3,DCR,False,inf,0.0
3,DCR,True,2.0,8.54
3,DCR,False,inf,0.0
3,DCR,False,inf,0.0
3,DCR,True,17.0,122.76
3,DCR,True,27.0,141.77
3,DCR,False,inf,0.0
3,DCR,False,inf,0.0
3,DCR,False,inf,0.0
3,DCR,True,12.0,62.03
3,DCR,False,inf,0.0
3,DCR,True,25.0,151.19
3,DCR,True,22.0,128.42
3,DCR,True,11.0,62.47
3,DCR,True,19.0,111.62
3,DCR,True,28.0,176.67
3,DCR,False,inf,0.0
3,DCR,False,inf,0.0
3,DCR,False,inf,0.0
3,DCR,True,15.0,100.2
3,DCR,True,25.0,147.95
3,DCR,True,6.0,33.13
3,DCR,True,29.0,175.39
3,DCR,False,inf,0.0
3,DCR,True,13.0,85.58
3,DCR,True,25.0,147.95
3,DCR,True,29.0,169.11
3,DCR,True,27.0,148.84
3,DCR,True,32.0,194.97
3,DCR,False,inf,0.0
3,DCR,True,5.0,33.18
3,DCR,True,9.0,53.6
3,DCR,True,14.0,89.73
3,DCR,True,10.0,53.22
3,DCR,True,24.0,157.26
3,DCR,True,9.0,55.18
3,DCR,False,inf,0.0
3,DCR,True,32.0,171.28
3,DCR,False,inf,0.0
3,DCR,False,inf,0.0
3,DCR,True,10.0,61.56
3,DCR,False,inf,0.0
3,DCR,False,inf,0.0
3,DCR,False,inf,0.0
3,DCR,True,3.0,20.560000000000002
3,DCR,True,27.0,153.35
3,DCR,True,13.0,69.25
3,DCR,True,19.0,129.1
3,DCR,False,inf,0.0
3,DCR,False,inf,0.0
3,DCR,True,25.0,138.69
3,DCR,True,10.0,53.63
3,DCR,True,13.0,72.57000000000001
3,DCR,False,inf,0.0
3,DCR,False,inf,0.0
3,DCR,False,inf,0.0
3,DCR,True,10.0,60.83
3,DCR,True,11.0,68.99
3,DCR,True,24.0,138.88
3,DCR,False,inf,0.0
3,DCR,True,15.0,86.65
3,DCR,True,3.0,15.9
3,DCR,True,9.0,54.43
3,DCR,False,inf,0.0
3,DCR,False,inf,0.0
3,DCR,True,7.0,47.58
3,DCR,True,25.0,145.59
3,DCR,True,30.0,172.44
3,DCR,False,inf,0.0
3,DCR,True,33.0,184.71
3,DCR,False,inf,0.0
3,DCR,False,inf,0.0
3,DCR,True,15.0,90.65
3,DCR,False,inf,0.0
3,DCR,True,19.0,111.62
3,DCR,True,18.0,103.18
3,DCR,False,inf,0.0
3,DCR,False,inf,0.0
3,DCR,True,30.0,180.92
3,DCR,True,7.0,40.75
3,DCR,True,22.0,142.25
3,DCR,False,inf,0.0
3,DCR,False,inf,0.0
3,DCR,True,21.0,130.66
3,DCR,True,20.0,107.04
3,DCR,True,3.0,13.31
3,DCR,True,16.0,97.56
3,DCR,False,inf,0.0
3,DCR,False,inf,0.0
3,DCR,False,inf,0.0
3,DCR,True,18.0,107.77
3,DCR,False,inf,0.0
3,DCR,True,23.0,138.21
3,DCR,True,16.0,107.93
3,DCR,True,2.0,12.36
3,DCR,False,inf,0.0
3,DCR,True,26.0,152.17
3,DCR,True,13.0,81.82
3,DCR,True,21.0,117.51
3,DCR,False,inf,0.0
3,DCR,True,22.0,128.16
3,DCR,True,21.0,139.52
3,DCR,True,2.0,11.99
3,DCR,True,18.0,125.97
3,DCR,True,1.0,6.02
3,DCR,True,20.0,118.59
3,DCR,True,7.0,50.88
3,DCR,True,31.0,167.34
3,DCR,True,22.0,130.33
3,DCR,False,inf,0.0
3,DCR,True,7.0,47.03
3,DCR,False,inf,0.0
3,DCR,True,15.0,89.15
3,DCR,False,inf,0.0
3,DCR,True,6.0,42.14
3,DCR,True,24.0,130.13
3,DCR,False,inf,0.0
3,DCR,True,11.0,66.83
3,DCR,False,inf,0.0
3,DCR,False,inf,0.0
3,DCR,True,12.0,76.44
3,DCR,False,inf,0.0
3,DCR,True,9.0,57.3
3,DCR,False,inf,0.0
3,DCR,True,4.0,33.86
3,DCR,True,2.0,11.8
3,DCR,True,37.0,187.8
3,DCR,True,31.0,170.11
3,DCR,True,13.0,89.86
3,DCR,True,24.0,130.13
3,DCR,False,inf,0.0
3,DCR,False,inf,0.0
3,DCR,False,inf,0.0
3,DCR,True,20.0,126.51
3,DCR,True,17.0,102.17
3,DCR,True,29.0,182.05
3,DCR,False,inf,0.0
3,DCR,True,12.0,78.0
3,DCR,True,28.0,176.67
3,DCR,True,24.0,139.55
3,DCR,True,36.0,183.87
3,DCR,False,inf,0.0
3,DCR,True,23.0,129.08
3,DCR,False,inf,0.0
3,DCR,True,15.0,91.83
3,DCR,True,30.0,160.55
3,DCR,True,5.0,33.59
3,DCR,True,13.0,80.73
3,DCR,True,19.0,101.68
3,DCR,True,18.0,110.43
3,DCR,True,27.0,156.58
3,DCR,False,inf,0.0
3,DCR,False,inf,0.0
3,DCR,True,12.0,75.98
3,DCR,True,13.0,92.46000000000001
3,DCR,True,24.0,160.61
3,DCR,True,13.0,72.57000000000001
3,DCR,True,20.0,117.21
3,DCR,True,26.0,154.83
3,DCR,False,inf,0.0
3,DCR,False,inf,0.0
3,DCR,False,inf,0.0
3,DCR,True,34.0,191.01
3,DCR,True,26.0,154.17000000000002
3,DCR,True,17.0,96.52
3,DCR,True,5.0,33.18
3,DCR,False,inf,0.0
3,DCR,True,26.0,160.06
3,DCR,True,12.0,63.44
3,DCR,False,inf,0.0
3,DCR,True,12.0,66.82000000000001
3,DCR,True,29.0,174.06
3,DCR,True,24.0,137.58
3,DCR,False,inf,0.0
3,DCR,False,inf,0.0
3,DCR,True,18.0,111.39
3,DCR,True,12.0,73.91
3,DCR,False,inf,0.0
3,DCR,False,inf,0.0
3,DCR,True,12.0,69.47
3,DCR,True,26.0,163.32
3,DCR,True,8.0,39.9
3,DCR,True,34.0,195.13
3,DCR,True,26.0,150.42000000000002
3,DCR,True,3.0,13.31
3,DCR,True,22.0,126.38
3,DCR,True,2.0,17.740000000000002
3,DCR,True,5.0,33.73
3,DCR,True,5.0,28.61
3,DCR,True,17.0,123.12
3,DCR,False,inf,0.0
3,DCR,True,1.0,3.42
3,DCR,True,33.0,184.71
3,DCR,True,20.0,114.57000000000001
3,DCR,False,inf,0.0
3,DCR,False,inf,0.0
3,DCR,True,5.0,35.63
3,DCR,True,7.0,42.15
3,DCR,True,20.0,137.99
3,DCR,False,inf,0.0
3,DCR,True,26.0,143.73
3,DCR,True,9.0,65.1
3,DCR,False,inf,0.0
3,DCR,False,inf,0.0
3,DCR,True,18.0,104.02
3,DCR,True,27.0,146.27
3,DCR,True,21.0,135.15
3,DCR,True,20.0,103.34
3,DCR,True,13.0,80.86
3,DCR,False,inf,0.0
3,DCR,False,inf,0.0
3,DCR,True,10.0,60.16
3,DCR,False,inf,0.0
3,DCR,True,25.0,135.11
3,DCR,True,20.0,133.9
3,DCR,True,11.0,64.56
3,DCR,False,inf,0.0
3,DCR,False,inf,0.0
3,DCR,False,inf,0.0
3,DCR,False,inf,0.0
3,DCR,True,1.0,7.54
3,DCR,True,29.0,168.78
3,DCR,True,27.0,139.61
3,DCR,False,inf,0.0
3,DCR,True,9.0,50.42
3,DCR,False,inf,0.0
3,DCR,True,8.0,56.17
3,DCR,True,27.0,156.23
3,DCR,False,inf,0.0
3,DCR,True,4.0,29.95
3,DCR,False,inf,0.0
3,DCR,True,32.0,170.86
3,DCR,True,15.0,93.95
3,DCR,False,inf,0.0
3,DCR,True,25.0,144.43
3,DCR,False,inf,0.0
3,DCR,True,7.0,44.980000000000004
3,DCR,True,12.0,77.08
3,DCR,True,6.0,38.22
3,DCR,True,19.0,108.39
3,DCR,False,inf,0.0
3,DCR,True,3.0,15.56
3,DCR,True,13.0,77.02
3,DCR,True,13.0,74.79
3,DCR,True,5.0,35.63
3,DCR,True,2.0,18.15
3,DCR,True,13.0,87.21
3,DCR,False,inf,0.0
3,DCR,True,6.0,39.5
3,DCR,True,11.0,58.68
3,DCR,True,25.0,149.99
3,DCR,True,19.0,110.6
3,DCR,True,20.0,138.25
3,DCR,False,inf,0.0
3,DCR,True,9.0,51.62
3,DCR,True,16.0,93.74
3,DCR,True,8.0,56.84
3,DCR,True,26.0,146.09
3,DCR,True,12.0,63.410000000000004
3,DCR,True,32.0,183.84
3,DCR,False,inf,0.0
3,DCR,False,inf,0.0
3,DCR,True,29.0,179.7
3,DCR,True,23.0,123.76
3,DCR,True,9.0,55.57
3,DCR,True,27.0,143.09
3,DCR,True,6.0,42.49
3,DCR,False,inf,0.0
3,DCR,False,inf,0.0
3,DCR,False,inf,0.0
3,DCR,True,28.0,160.0
3,DCR,True,23.0,139.44
3,DCR,False,inf,0.0
3,DCR,True,32.0,162.57
3,DCR,True,22.0,131.15
3,DCR,True,2.0,18.15
3,DCR,True,27.0,143.14000000000001
3,DCR,False,inf,0.0
3,DCR,False,inf,0.0
3,DCR,False,inf,0.0
3,DCR,True,17.0,118.77
3,DCR,True,9.0,55.6
3,DCR,False,inf,0.0
3,DCR,True,29.0,162.42
3,DCR,True,7.0,40.86
3,DCR,True,29.0,167.25
3,DCR,False,inf,0.0
3,DCR,False,inf,0.0
3,DCR,False,inf,0.0
3,DCR,True,24.0,140.81
3,DCR,False,inf,0.0
3,DCR,False,inf,0.0
3,DCR,True,36.0,186.39
3,DCR,True,26.0,147.75
3,DCR,True,33.0,189.11
3,DCR,False,inf,0.0
3,DCR,True,16.0,96.09
3,DCR,False,inf,0.0
3,DCR,True,23.0,137.58
3,DCR,False,inf,0.0
3,DCR,False,inf,0.0
3,DCR,True,20.0,131.97
3,DCR,True,25.0,158.79
3,DCR,False,inf,0.0
3,DCR,True,31.0,173.33
3,DCR,True,3.0,20.38
3,DCR,True,29.0,160.43
3,DCR,True,7.0,47.94
3,DCR,True,3.0,20.22
3,DCR,True,31.0,174.34
3,DCR,True,8.0,56.12
3,DCR,False,inf,0.0
3,DCR,True,22.0,142.25
3,DCR,True,16.0,95.03
3,DCR,False,inf,0.0
3,DCR,True,24.0,142.46
3,DCR,True,24.0,154.93
3,DCR,False,inf,0.0
3,DCR,False,inf,0.0
3,DCR,False,inf,0.0
3,DCR,False,inf,0.0
3,DCR,True,2.0,13.16
3,DCR,True,27.0,139.61
3,DCR,True,6.0,38.5
3,DCR,True,2.0,17.810000000000002
3,DCR,True,29.0,152.5
3,DCR,False,inf,0.0
3,DCR,False,inf,0.0
3,DCR,False,inf,0.0
3,DCR,True,7.0,54.21
3,DCR,True,10.0,53.63
3,DCR,True,3.0,17.87
3,DCR,False,inf,0.0
3,DCR,False,inf,0.0
3,DCR,True,4.0,26.52
3,DCR,True,10.0,68.16
3,DCR,True,19.0,105.89
3,DCR,True,16.0,98.84
3,DCR,False,inf,0.0
3,DCR,True,6.0,40.730000000000004
3,DCR,True,9.0,60.75
3,DCR,False,inf,0.0
3,DCR,True,29.0,165.6
3,DCR,False,inf,0.0
3,DCR,True,6.0,37.43
3,DCR,False,inf,0.0
3,DCR,True,13.0,85.58
3,DCR,True,2.0,15.120000000000001
3,DCR,True,15.0,96.5
3,DCR,False,inf,0.0
3,DCR,True,14.0,93.11
3,DCR,False,inf,0.0
3,DCR,True,34.0,191.01
3,DCR,False,inf,0.0
3,DCR,True,2.0,12.26
3,DCR,False,inf,0.0
3,DCR,False,inf,0.0
3,DCR,False,inf,0.0
3,DCR,True,19.0,101.35
3,DCR,True,32.0,170.86
3,DCR,False,inf,0.0
3,DCR,True,16.0,91.41
3,DCR,True,29.0,161.03
3,DCR,True,15.0,90.38
3,DCR,False,inf,0.0
3,DCR,True,14.0,87.37
3,DCR,True,27.0,166.35
3,DCR,True,20.0,112.57000000000001
3,DCR,True,31.0,173.38
3,DCR,True,22.0,128.73
3,DCR,False,inf,0.0
3,DCR,False,inf,0.0
3,DCR,True,9.0,65.1
3,DCR,True,3.0,18.490000000000002
3,DCR,True,1.0,6.32
3,DCR,True,20.0,109.51
3,DCR,False,inf,0.0
3,DCR,True,21.0,124.54
3,DCR,False,inf,0.0
3,DCR,True,6.0,44.05
3,DCR,True,13.0,92.82
3,DCR,True,12.0,83.34
3,DCR,True,4.0,18.060000000000002
3,DCR,True,26.0,153.07
3,DCR,False,inf,0.0
3,DCR,True,24.0,142.88
3,DCR,False,inf,0.0
3,DCR,False,inf,0.0
3,DCR,True,26.0,165.4
3,DCR,False,inf,0.0
3,DCR,False,inf,0.0
3,DCR,True,25.0,145.26
3,DCR,False,inf,0.0
3,DCR,True,6.0,32.230000000000004
3,DCR,True,34.0,191.47
3,DCR,True,3.0,19.4
3,DCR,True,7.0,49.33
3,DCR,True,34.0,184.47
3,DCR,True,21.0,133.36
3,DCR,True,11.0,64.53
3,DCR,True,20.0,118.59
3,DCR,True,9.0,59.17
3,DCR,True,34.0,184.1
3,DCR,False,inf,0.0
3,DCR,True,12.0,75.44
3,DCR,False,inf,0.0
3,DCR,False,inf,0.0
3,DCR,False,inf,0.0
3,DCR,False,inf,0.0
3,DCR,True,14.0,99.52
3,DCR,False,inf,0.0
3,DCR,False,inf,0.0
3,DCR,True,2.0,10.66
3,DCR,True,9.0,49.13
3,DCR,False,inf,0.0
3,DCR,False,inf,0.0
3,DCR,False,inf,0.0
3,DCR,False,inf,0.0
3,DCR,True,27.0,141.77
3,DCR,True,11.0,66.83
3,DCR,False,inf,0.0
3,DCR,True,23.0,137.31
3,DCR,True,29.0,163.63
3,DCR,True,28.0,156.97
3,DCR,True,20.0,137.98
3,DCR,True,10.0,57.52
3,DCR,False,inf,0.0
3,DCR,True,5.0,41.66
3,DCR,True,21.0,120.24000000000001
3,DCR,True,6.0,31.01
3,DCR,False,inf,0.0
3,DCR,True,22.0,113.75
3,DCR,True,28.0,171.33
3,DCR,True,14.0,76.45
3,DCR,True,15.0,86.65
3,DCR,False,inf,0.0
3,DCR,True,19.0,128.78
3,DCR,False,inf,0.0
3,DCR,True,33.0,189.11
3,DCR,False,inf,0.0
3,DCR,True,3.0,18.990000000000002
3,DCR,False,inf,0.0
3,DCR,True,1.0,2.41
3,DCR,False,inf,0.0
3,DCR,True,30.0,161.96
3,DCR,True,2.0,13.190000000000001
3,DCR,True,19.0,104.4
3,DCR,True,25.0,145.31
3,DCR,False,inf,0.0
3,DCR,False,inf,0.0
3,DCR,False,inf,0.0
3,DCR,False,inf,0.0
3,DCR,True,11.0,79.71
3,DCR,True,25.0,133.32
3,DCR,False,inf,0.0
3,DCR,True,17.0,122.77
3,DCR,False,inf,0.0
3,DCR,True,30.0,165.75
3,DCR,True,15.0,93.95
3,DCR,False,inf,0.0
3,DCR,True,4.0,24.16
3,DCR,False,inf,0.0
3,DCR,True,24.0,150.02
3,DCR,True,24.0,152.85
3,DCR,False,inf,0.0
3,DCR,True,30.0,170.8
3,DCR,False,inf,0.0
3,DCR,True,30.0,171.0
3,DCR,True,16.0,92.61
3,DCR,True,27.0,158.34
3,DCR,True,1.0,4.26
3,DCR,True,18.0,106.59
3,DCR,False,inf,0.0
3,DCR,False,inf,0.0
3,DCR,False,inf,0.0
3,DCR,True,6.0,35.910000000000004
3,DCR,False,inf,0.0
3,DCR,True,26.0,147.19
3,DCR,False,inf,0.0
3,DCR,False,inf,0.0
3,DCR,False,inf,0.0
3,DCR,False,inf,0.0
3,DCR,True,25.0,145.31
3,DCR,False,inf,0.0
3,DCR,True,22.0,121.74
3,DCR,False,inf,0.0
3,DCR,False,inf,0.0
3,DCR,True,6.0,41.13
3,DCR,True,20.0,115.45
3,DCR,True,17.0,94.26
3,DCR,True,2.0,17.240000000000002
3,DCR,True,6.0,43.69
3,DCR,False,inf,0.0
3,DCR,True,15.0,102.84
3,DCR,False,inf,0.0
3,DCR,False,inf,0.0
3,DCR,True,21.0,135.15
3,DCR,True,3.0,21.43
3,DCR,True,24.0,128.93
3,DCR,True,9.0,46.4
3,DCR,False,inf,0.0
3,DCR,False,inf,0.0
3,DCR,True,17.0,112.33
3,DCR,False,inf,0.0
3,DCR,True,11.0,69.24
3,DCR,True,32.0,191.3
3,DCR,False,inf,0.0
3,DCR,False,inf,0.0
3,DCR,False,inf,0.0
3,DCR,True,15.0,87.01
3,DCR,False,inf,0.0
3,DCR,True,14.0,83.58
3,DCR,False,inf,0.0
3,DCR,True,8.0,58.46
3,DCR,False,inf,0.0
3,DCR,True,21.0,114.5
3,DCR,False,inf,0.0
3,DCR,True,11.0,70.85
3,DCR,False,inf,0.0
3,DCR,True,25.0,154.43
3,DCR,True,17.0,101.6
3,DCR,True,18.0,98.17
3,DCR,True,35.0,196.07
3,DCR,True,11.0,61.28
3,DCR,False,inf,0.0
3,DCR,True,8.0,48.13
3,DCR,False,inf,0.0
3,DCR,False,inf,0.0
3,DCR,True,10.0,71.1
3,DCR,True,30.0,172.16
3,DCR,True,13.0,77.63
3,DCR,True,10.0,73.04
3,DCR,False,inf,0.0
3,DCR,True,6.0,42.42
3,DCR,True,15.0,108.17
3,DCR,True,13.0,81.16
3,DCR,False,inf,0.0
3,DCR,True,2.0,17.240000000000002
3,DCR,True,6.0,38.45
3,DCR,True,11.0,73.97
3,DCR,False,inf,0.0
3,DCR,False,inf,0.0
3,DCR,True,15.0,85.74
3,DCR,False,inf,0.0
3,DCR,False,inf,0.0
3,DCR,True,6.0,43.35
3,DCR,True,20.0,121.77
3,DCR,False,inf,0.0
3,DCR,True,26.0,151.38
3,DCR,False,inf,0.0
3,DCR,True,17.0,103.01
3,DCR,True,28.0,162.36
3,DCR,True,20.0,103.43
3,DCR,False,inf,0.0
3,DCR,True,14.0,86.15
3,DCR,True,18.0,106.11
3,DCR,True,19.0,111.66
3,DCR,False,inf,0.0
3,DCR,True,30.0,180.92
3,DCR,False,inf,0.0
3,DCR,True,26.0,144.38
3,DCR,False,inf,0.0
3,DCR,True,33.0,188.1
3,DCR,True,15.0,86.65
3,DCR,False,inf,0.0
3,DCR,False,inf,0.0
3,DCR,True,3.0,20.560000000000002
3,DCR,False,inf,0.0
3,DCR,True,5.0,36.47
3,DCR,True,8.0,38.36
3,DCR,True,2.0,10.41
3,DCR,True,25.0,151.75
3,DCR,True,35.0,183.96
3,DCR,True,16.0,95.72
3,DCR,True,4.0,26.94
3,DCR,True,19.0,108.34
3,DCR,True,31.0,175.65
3,DCR,False,inf,0.0
3,DCR,False,inf,0.0
3,DCR,False,inf,0.0
3,DCR,True,28.0,159.06
3,DCR,True,27.0,155.42000000000002
3,DCR,False,inf,0.0
3,DCR,False,inf,0.0
3,DCR,False,inf,0.0
3,DCR,False,inf,0.0
3,DCR,True,16.0,91.42
3,DCR,False,inf,0.0
3,DCR,False,inf,0.0
3,DCR,True,27.0,144.27
3,DCR,True,27.0,157.54
3,DCR,True,23.0,144.82
3,DCR,True,33.0,167.95
3,DCR,True,11.0,67.39
3,DCR,True,5.0,39.910000000000004
3,DCR,False,inf,0.0
3,DCR,False,inf,0.0
3,DCR,True,23.0,122.04
3,DCR,True,30.0,173.95
3,DCR,False,inf,0.0
3,DCR,True,11.0,77.97
3,DCR,True,4.0,24.16
3,DCR,False,inf,0.0
3,DCR,False,inf,0.0
3,DCR,True,31.0,189.39
3,DCR,False,inf,0.0
3,DCR,True,14.0,84.48
3,DCR,True,1.0,8.58
3,DCR,True,27.0,156.86
3,DCR,True,2.0,14.66
3,DCR,True,9.0,63.71
3,DCR,False,inf,0.0
3,DCR,True,8.0,45.11
3,DCR,True,15.0,93.95
3,DCR,True,13.0,76.7
3,DCR,False,inf,0.0
3,DCR,True,3.0,25.28
3,DCR,False,inf,0.0
3,DCR,True,10.0,53.27
3,DCR,True,4.0,22.060000000000002
3,DCR,False,inf,0.0
3,DCR,False,inf,0.0
3,DCR,True,9.0,52.2
3,DCR,False,inf,0.0
3,DCR,True,30.0,166.12
3,DCR,False,inf,0.0
3,DCR,True,30.0,166.12
3,DCR,False,inf,0.0
3,DCR,True,2.0,11.98
3,DCR,False,inf,0.0
3,DCR,True,29.0,160.43
3,DCR,False,inf,0.0
3,DCR,False,inf,0.0
3,DCR,True,8.0,43.95
3,DCR,False,inf,0.0
3,DCR,False,inf,0.0
3,DCR,True,15.0,108.18
3,DCR,False,inf,0.0
3,DCR,False,inf,0.0
3,DCR,True,9.0,50.42
3,DCR,True,29.0,182.05
3,DCR,False,inf,0.0
3,DCR,True,14.0,94.18
3,DCR,True,17.0,101.9
3,DCR,False,inf,0.0
3,DCR,True,13.0,85.58
3,DCR,True,23.0,132.47
3,DCR,True,1.0,7.25
3,DCR,False,inf,0.0
3,DCR,True,23.0,146.41
3,DCR,True,34.0,186.44
3,DCR,True,2.0,12.26
3,DCR,False,inf,0.0
3,DCR,True,26.0,161.52
3,DCR,True,29.0,168.78
3,DCR,True,20.0,115.45
3,DCR,True,20.0,114.99
3,DCR,True,2.0,16.7
3,DCR,True,13.0,70.77
3,DCR,True,12.0,63.550000000000004
3,DCR,False,inf,0.0
3,DCR,True,19.0,111.02
3,DCR,False,inf,0.0
3,DCR,True,11.0,78.32
3,DCR,True,23.0,129.95
3,DCR,True,33.0,172.61
3,DCR,True,25.0,146.01
3,DCR,True,18.0,107.77
3,DCR,True,25.0,134.78
3,DCR,True,30.0,177.59
3,DCR,False,inf,0.0
3,DCR,True,10.0,59.93
3,DCR,True,11.0,70.52
3,DCR,True,7.0,44.51
3,DCR,False,inf,0.0
3,DCR,False,inf,0.0
3,DCR,True,36.0,186.39
3,DCR,True,9.0,58.47
3,DCR,False,inf,0.0
3,DCR,False,inf,0.0
3,DCR,True,23.0,146.41
3,DCR,True,23.0,125.84
3,DCR,False,inf,0.0
3,DCR,False,inf,0.0
3,DCR,True,19.0,119.41
3,DCR,True,26.0,134.92
3,DCR,False,inf,0.0
3,DCR,True,12.0,68.4
3,DCR,False,inf,0.0
3,DCR,True,27.0,168.18
3,DCR,False,inf,0.0
3,DCR,True,4.0,26.52
3,DCR,False,inf,0.0
3,DCR,False,inf,0.0
3,DCR,True,29.0,163.33
3,DCR,False,inf,0.0
3,DCR,False,inf,0.0
3,DCR,True,26.0,145.7
3,DCR,True,22.0,147.8
3,DCR,True,29.0,169.79
3,DCR,True,25.0,136.5
3,DCR,True,12.0,76.44
3,DCR,True,19.0,110.6
3,DCR,True,30.0,167.25
3,DCR,False,inf,0.0
3,DCR,True,7.0,34.94
3,DCR,False,inf,0.0
3,DCR,False,inf,0.0
3,DCR,True,20.0,126.51
3,DCR,False,inf,0.0
3,DCR,True,4.0,26.52
3,DCR,True,13.0,87.58
3,DCR,False,inf,0.0
3,DCR,True,11.0,68.78
3,DCR,True,30.0,180.92
3,DCR,True,10.0,69.05
3,DCR,True,26.0,148.0
3,DCR,True,36.0,183.87
3,DCR,True,18.0,103.18
3,DCR,True,11.0,69.41
3,DCR,True,17.0,97.02
3,DCR,False,inf,0.0
3,DCR,False,inf,0.0
3,DCR,True,31.0,184.98
3,DCR,True,18.0,98.17
3,DCR,False,inf,0.0
3,DCR,True,11.0,58.68
3,DCR,True,1.0,8.06
3,DCR,True,27.0,158.34
3,DCR,True,25.0,138.69
3,DCR,False,inf,0.0
3,DCR,False,inf,0.0
3,DCR,True,25.0,135.32
3,DCR,False,inf,0.0
3,DCR,False,inf,0.0
3,DCR,False,inf,0.0
3,DCR,False,inf,0.0
3,DCR,True,18.0,125.97
3,DCR,True,2.0,13.9
3,DCR,True,9.0,51.62
3,DCR,True,27.0,149.55
3,DCR,False,inf,0.0
3,DCR,False,inf,0.0
3,DCR,False,inf,0.0
3,DCR,True,16.0,94.23
3,DCR,False,inf,0.0
3,DCR,True,21.0,119.53
3,DCR,True,34.0,191.01
3,DCR,True,19.0,115.42
3,DCR,True,12.0,65.86
3,DCR,True,22.0,117.44
3,DCR,True,24.0,153.31
3,DCR,True,5.0,43.43
3,DCR,True,28.0,159.48
3,DCR,True,20.0,123.61
3,DCR,False,inf,0.0
3,DCR,True,16.0,96.8
3,DCR,True,14.0,99.51
3,DCR,True,28.0,167.9
3,DCR,True,3.0,23.47
3,DCR,False,inf,0.0
3,DCR,True,1.0,2.87
3,DCR,True,33.0,176.7
3,DCR,False,inf,0.0
3,DCR,True,1.0,5.6
3,DCR,True,7.0,44.82
3,DCR,False,inf,0.0
3,DCR,True,2.0,13.190000000000001
3,DCR,True,14.0,86.25
3,DCR,False,inf,0.0
3,DCR,False,inf,0.0
3,DCR,True,10.0,59.3
3,DCR,True,17.0,102.93
3,DCR,True,4.0,34.3
3,DCR,True,6.0,41.59
3,DCR,False,inf,0.0
3,DCR,True,24.0,143.99
3,DCR,True,23.0,132.47
3,DCR,True,21.0,126.87
3,DCR,True,11.0,70.71
3,DCR,False,inf,0.0
3,DCR,True,19.0,104.49
3,DCR,False,inf,0.0
3,DCR,False,inf,0.0
3,DCR,False,inf,0.0
3,DCR,True,4.0,32.91
3,DCR,True,13.0,75.65
3,DCR,True,32.0,192.12
3,DCR,True,7.0,37.12
3,DCR,True,33.0,189.26
3,DCR,True,6.0,38.5
3,DCR,False,inf,0.0
3,DCR,False,inf,0.0
3,DCR,False,inf,0.0
3,DCR,True,1.0,5.09
3,DCR,False,inf,0.0
3,DCR,True,14.0,75.57000000000001
3,DCR,False,inf,0.0
3,DCR,True,5.0,25.6
3,DCR,False,inf,0.0
3,DCR,True,5.0,31.89
3,DCR,False,inf,0.0
3,DCR,False,inf,0.0
3,DCR,True,12.0,69.45
3,DCR,True,22.0,138.52
3,DCR,True,34.0,186.44
3,DCR,True,4.0,27.23
3,CCR,True,2.0,11.15
3,CCR,True,28.0,140.95
3,CCR,True,18.0,114.53
3,CCR,False,inf,0.0
3,CCR,True,38.0,208.16
3,CCR,True,16.0,99.69
3,CCR,True,24.0,127.46000000000001
3,CCR,True,32.0,175.9
3,CCR,False,inf,0.0
3,CCR,False,inf,0.0
3,CCR,True,32.0,182.02
3,CCR,True,9.0,56.42
3,CCR,True,6.0,44.85
3,CCR,False,inf,0.0
3,CCR,False,inf,0.0
3,CCR,True,9.0,56.53
3,CCR,True,4.0,24.5
3,CCR,False,inf,0.0
3,CCR,False,inf,0.0
3,CCR,True,19.0,112.17
3,CCR,True,27.0,144.09
3,CCR,True,20.0,119.57
3,CCR,True,35.0,214.47
3,CCR,True,13.0,71.81
3,CCR,False,inf,0.0
3,CCR,True,12.0,84.55
3,CCR,False,inf,0.0
3,CCR,True,5.0,26.04
3,CCR,True,1.0,8.57
3,CCR,False,inf,0.0
3,CCR,True,1.0,8.57
3,CCR,False,inf,0.0
3,CCR,True,21.0,109.05
3,CCR,False,inf,0.0
3,CCR,True,12.0,80.38
3,CCR,True,7.0,40.87
3,CCR,True,19.0,107.75
3,CCR,False,inf,0.0
3,CCR,True,21.0,129.35
3,CCR,True,22.0,134.06
3,CCR,True,27.0,159.94
3,CCR,True,3.0,26.68
3,CCR,True,17.0,97.16
3,CCR,True,23.0,129.17
3,CCR,True,18.0,94.42
3,CCR,True,2.0,17.84
3,CCR,True,31.0,176.74
3,CCR,False,inf,0.0
3,CCR,True,22.0,127.75
3,CCR,True,28.0,159.62
3,CCR,True,7.0,36.11
3,CCR,True,26.0,137.32
3,CCR,False,inf,0.0
3,CCR,True,6.0,40.660000000000004
3,CCR,True,21.0,109.43
3,CCR,True,5.0,26.96
3,CCR,True,12.0,70.21000000000001
3,CCR,True,38.0,208.53
3,CCR,True,32.0,193.92
3,CCR,True,2.0,18.15
3,CCR,True,17.0,98.78
3,CCR,True,24.0,146.73
3,CCR,True,10.0,51.47
3,CCR,True,16.0,96.57000000000001
3,CCR,False,inf,0.0
3,CCR,False,inf,0.0
3,CCR,True,31.0,164.55
3,CCR,True,22.0,130.24
3,CCR,True,27.0,154.76
3,CCR,True,35.0,199.96
3,CCR,True,33.0,169.44
3,CCR,True,32.0,157.68
3,CCR,True,20.0,109.89
3,CCR,False,inf,0.0
3,CCR,False,inf,0.0
3,CCR,False,inf,0.0
3,CCR,True,27.0,158.81
3,CCR,True,28.0,159.62
3,CCR,False,inf,0.0
3,CCR,True,34.0,194.81
3,CCR,True,12.0,64.34
3,CCR,True,29.0,160.97
3,CCR,False,inf,0.0
3,CCR,True,5.0,38.19
3,CCR,True,23.0,121.65
3,CCR,True,33.0,187.93
3,CCR,False,inf,0.0
3,CCR,True,8.0,56.45
3,CCR,False,inf,0.0
3,CCR,True,24.0,134.73
3,CCR,False,inf,0.0
3,CCR,True,3.0,26.85
3,CCR,False,inf,0.0
3,CCR,False,inf,0.0
3,CCR,True,27.0,144.78
3,CCR,True,20.0,115.94
3,CCR,True,29.0,166.82999999999998
3,CCR,True,23.0,135.75
3,CCR,True,2.0,17.84
3,CCR,False,inf,0.0
3,CCR,True,33.0,197.43
3,CCR,True,16.0,102.62
3,CCR,True,12.0,80.98
3,CCR,True,30.0,171.19
3,CCR,False,inf,0.0
3,CCR,True,28.0,151.32
3,CCR,True,4.0,28.240000000000002
3,CCR,True,2.0,12.16
3,CCR,False,inf,0.0
3,CCR,True,29.0,167.63
3,CCR,False,inf,0.0
3,CCR,True,11.0,67.69
3,CCR,True,29.0,166.82999999999998
3,CCR,True,25.0,137.07
3,CCR,True,14.0,90.75
3,CCR,False,inf,0.0
3,CCR,False,inf,0.0
3,CCR,True,11.0,70.36
3,CCR,False,inf,0.0
3,CCR,True,28.0,157.13
3,CCR,False,inf,0.0
3,CCR,True,31.0,177.88
3,CCR,True,12.0,79.96
3,CCR,False,inf,0.0
3,CCR,True,14.0,84.51
3,CCR,True,14.0,89.43
3,CCR,True,33.0,197.43
3,CCR,True,9.0,60.61
3,CCR,True,1.0,7.36
3,CCR,False,inf,0.0
3,CCR,True,33.0,169.44
3,CCR,False,inf,0.0
3,CCR,True,36.0,198.31
3,CCR,False,inf,0.0
3,CCR,True,4.0,23.14
3,CCR,True,2.0,12.36
3,CCR,True,20.0,117.44
3,CCR,True,10.0,75.64
3,CCR,True,12.0,78.38
3,CCR,True,15.0,94.26
3,CCR,True,12.0,82.84
3,CCR,True,5.0,32.27
3,CCR,True,14.0,88.83
3,CCR,False,inf,0.0
3,CCR,False,inf,0.0
3,CCR,True,21.0,127.22
3,CCR,True,10.0,62.6
3,CCR,True,19.0,98.33
3,CCR,False,inf,0.0
3,CCR,True,23.0,147.68
3,CCR,True,4.0,23.54
3,CCR,True,22.0,134.3
3,CCR,True,25.0,128.8
3,CCR,True,2.0,18.15
3,CCR,True,32.0,166.41
3,CCR,False,inf,0.0
3,CCR,True,38.0,212.81
3,CCR,False,inf,0.0
3,CCR,False,inf,0.0
3,CCR,True,26.0,137.32
3,CCR,True,23.0,131.99
3,CCR,True,2.0,9.89
3,CCR,True,28.0,160.46
3,CCR,True,8.0,47.12
3,CCR,True,29.0,162.71
3,CCR,True,21.0,121.14
3,CCR,True,4.0,23.26
3,CCR,False,inf,0.0
3,CCR,False,inf,0.0
3,CCR,True,24.0,138.69
3,CCR,False,inf,0.0
3,CCR,True,18.0,108.67
3,CCR,True,5.0,41.45
3,CCR,True,7.0,33.61
3,CCR,True,10.0,55.63
3,CCR,False,inf,0.0
3,CCR,True,34.0,172.15
3,CCR,False,inf,0.0
3,CCR,True,27.0,152.79
3,CCR,True,20.0,113.49
3,CCR,True,22.0,143.66
3,CCR,False,inf,0.0
3,CCR,True,1.0,7.24
3,CCR,True,11.0,71.13
3,CCR,True,22.0,125.76
3,CCR,True,23.0,136.39000000000001
3,CCR,True,29.0,168.99
3,CCR,True,27.0,141.95
3,CCR,True,25.0,160.49
3,CCR,False,inf,0.0
3,CCR,True,34.0,183.65
3,CCR,True,18.0,91.82000000000001
3,CCR,False,inf,0.0
3,CCR,True,15.0,105.19
3,CCR,False,inf,0.0
3,CCR,True,7.0,37.72
3,CCR,True,4.0,27.6
3,CCR,False,inf,0.0
3,CCR,False,inf,0.0
3,CCR,False,inf,0.0
3,CCR,True,9.0,55.37
3,CCR,False,inf,0.0
3,CCR,True,5.0,41.45
3,CCR,False,inf,0.0
3,CCR,True,35.0,198.41
3,CCR,False,inf,0.0
3,CCR,True,13.0,86.97
3,CCR,True,22.0,132.99
3,CCR,False,inf,0.0
3,CCR,True,26.0,137.32
3,CCR,True,17.0,89.41
3,CCR,True,11.0,63.4
3,CCR,True,28.0,146.34
3,CCR,True,20.0,113.05
3,CCR,False,inf,0.0
3,CCR,True,20.0,119.57
3,CCR,False,inf,0.0
3,CCR,True,8.0,46.5
3,CCR,True,12.0,80.98
3,CCR,False,inf,0.0
3,CCR,True,28.0,161.07999999999998
3,CCR,True,23.0,136.72
3,CCR,True,25.0,144.14
3,CCR,False,inf,0.0
3,CCR,True,28.0,173.53
3,CCR,True,7.0,43.88
3,CCR,True,35.0,175.52
3,CCR,True,4.0,36.42
3,CCR,True,8.0,42.68
3,CCR,False,inf,0.0
3,CCR,True,19.0,127.8
3,CCR,True,8.0,57.65
3,CCR,False,inf,0.0
3,CCR,True,22.0,125.67
3,CCR,True,5.0,29.080000000000002
3,CCR,True,2.0,14.75
3,CCR,False,inf,0.0
3,CCR,True,17.0,112.16
3,CCR,True,8.0,42.31
3,CCR,False,inf,0.0
3,CCR,True,32.0,182.76
3,CCR,True,24.0,134.73
3,CCR,True,14.0,87.67
3,CCR,True,31.0,154.43
3,CCR,True,3.0,27.41
3,CCR,True,6.0,44.51
3,CCR,True,38.0,200.41
3,CCR,True,17.0,117.87
3,CCR,True,1.0,4.23
3,CCR,True,19.0,109.43
3,CCR,True,19.0,112.12
3,CCR,True,3.0,20.35
3,CCR,True,29.0,155.73
3,CCR,True,8.0,48.33
3,CCR,True,20.0,131.01
3,CCR,True,6.0,33.71
3,CCR,False,inf,0.0
3,CCR,True,4.0,24.55
3,CCR,True,30.0,169.77
3,CCR,True,27.0,153.62
3,CCR,True,30.0,166.16
3,CCR,False,inf,0.0
3,CCR,False,inf,0.0
3,CCR,False,inf,0.0
3,CCR,False,inf,0.0
3,CCR,True,26.0,147.91
3,CCR,False,inf,0.0
3,CCR,True,7.0,41.19
3,CCR,False,inf,0.0
3,CCR,True,22.0,136.25
3,CCR,True,19.0,111.12
3,CCR,True,4.0,24.5
3,CCR,False,inf,0.0
3,CCR,False,inf,0.0
3,CCR,True,1.0,2.87
3,CCR,False,inf,0.0
3,CCR,True,30.0,154.09
3,CCR,True,16.0,96.94
3,CCR,True,8.0,48.29
3,CCR,True,13.0,85.87
3,CCR,False,inf,0.0
3,CCR,True,22.0,119.01
3,CCR,True,17.0,87.58
3,CCR,True,19.0,110.37
3,CCR,True,8.0,43.410000000000004
3,CCR,False,inf,0.0
3,CCR,False,inf,0.0
3,CCR,True,9.0,71.24
3,CCR,True,22.0,134.3
3,CCR,False,inf,0.0
3,CCR,True,5.0,34.75
3,CCR,True,4.0,36.42
3,CCR,False,inf,0.0
3,CCR,True,21.0,115.46000000000001
3,CCR,True,25.0,142.63
3,CCR,True,24.0,139.42
3,CCR,True,13.0,85.56
3,CCR,True,17.0,92.13
3,CCR,True,28.0,159.22
3,CCR,True,14.0,93.31
3,CCR,True,27.0,152.8
3,CCR,False,inf,0.0
3,CCR,True,36.0,201.91
3,CCR,True,19.0,116.43
3,CCR,True,28.0,144.97
3,CCR,True,26.0,150.11
3,CCR,True,27.0,142.12
3,CCR,False,inf,0.0
3,CCR,True,14.0,75.43
3,CCR,True,36.0,196.21
3,CCR,True,31.0,160.9
3,CCR,False,inf,0.0
3,CCR,True,8.0,57.65
3,CCR,False,inf,0.0
3,CCR,True,22.0,136.64000000000001
3,CCR,True,1.0,7.67
3,CCR,True,4.0,34.21
3,CCR,True,6.0,35.65
3,CCR,True,2.0,6.449999999999999
3,CCR,True,25.0,144.14
3,CCR,False,inf,0.0
3,CCR,True,29.0,150.45
3,CCR,True,21.0,123.77
3,CCR,True,25.0,145.92
3,CCR,True,19.0,115.31
3,CCR,True,19.0,114.42
3,CCR,False,inf,0.0
3,CCR,True,7.0,40.62
3,CCR,False,inf,0.0
3,CCR,False,inf,0.0
3,CCR,True,11.0,67.48
3,CCR,True,3.0,21.73
3,CCR,True,25.0,160.49
3,CCR,True,9.0,52.47
3,CCR,False,inf,0.0
3,CCR,True,2.0,18.91
3,CCR,True,4.0,21.12
3,CCR,True,23.0,136.72
3,CCR,True,9.0,50.32
3,CCR,True,6.0,42.410000000000004
3,CCR,True,20.0,115.71000000000001
3,CCR,True,28.0,161.07999999999998
3,CCR,True,26.0,159.32
3,CCR,False,inf,0.0
3,CCR,False,inf,0.0
3,CCR,True,30.0,147.31
3,CCR,False,inf,0.0
3,CCR,True,16.0,99.13
3,CCR,False,inf,0.0
3,CCR,True,21.0,127.76
3,CCR,False,inf,0.0
3,CCR,False,inf,0.0
3,CCR,False,inf,0.0
3,CCR,True,9.0,52.84
3,CCR,True,30.0,168.2
3,CCR,True,33.0,180.85999999999999
3,CCR,True,3.0,22.02
3,CCR,False,inf,0.0
3,CCR,True,17.0,97.16
3,CCR,True,23.0,129.98
3,CCR,True,18.0,104.25
3,CCR,True,20.0,108.77
3,CCR,True,37.0,209.7
3,CCR,False,inf,0.0
3,CCR,True,19.0,117.69
3,CCR,True,34.0,172.15
3,CCR,True,18.0,106.92
3,CCR,True,22.0,130.19
3,CCR,False,inf,0.0
3,CCR,True,24.0,143.27
3,CCR,False,inf,0.0
3,CCR,True,16.0,97.39
3,CCR,False,inf,0.0
3,CCR,True,8.0,54.87
3,CCR,True,18.0,98.97
3,CCR,True,13.0,84.88
3,CCR,True,8.0,46.5
3,CCR,False,inf,0.0
3,CCR,False,inf,0.0
3,CCR,True,22.0,130.09
3,CCR,False,inf,0.0
3,CCR,False,inf,0.0
3,CCR,True,5.0,28.650000000000002
3,CCR,True,18.0,101.12
3,CCR,True,22.0,132.54
3,CCR,True,3.0,15.9
3,CCR,True,31.0,154.99
3,CCR,True,14.0,85.14
3,CCR,True,26.0,154.96
3,CCR,False,inf,0.0
3,CCR,False,inf,0.0
3,CCR,True,27.0,160.02
3,CCR,True,30.0,164.55
3,CCR,False,inf,0.0
3,CCR,False,inf,0.0
3,CCR,True,12.0,71.6
3,CCR,False,inf,0.0
3,CCR,True,13.0,80.35
3,CCR,False,inf,0.0
3,CCR,True,13.0,89.69
3,CCR,False,inf,0.0
3,CCR,True,7.0,40.87
3,CCR,True,13.0,73.56
3,CCR,True,34.0,183.65
3,CCR,True,14.0,87.17
3,CCR,False,inf,0.0
3,CCR,False,inf,0.0
3,CCR,True,22.0,116.42
3,CCR,True,18.0,122.88
3,CCR,False,inf,0.0
3,CCR,True,14.0,76.91
3,CCR,True,35.0,192.77
3,CCR,True,19.0,122.82
3,CCR,False,inf,0.0
3,CCR,False,inf,0.0
3,CCR,True,7.0,50.58
3,CCR,True,3.0,24.18
3,CCR,True,11.0,62.86
3,CCR,False,inf,0.0
3,CCR,False,inf,0.0
3,CCR,False,inf,0.0
3,CCR,True,24.0,126.53
3,CCR,False,inf,0.0
3,CCR,True,38.0,200.41
3,CCR,False,inf,0.0
3,CCR,False,inf,0.0
3,CCR,True,10.0,57.53
3,CCR,True,20.0,119.57
3,CCR,False,inf,0.0
3,CCR,True,13.0,80.32000000000001
3,CCR,False,inf,0.0
3,CCR,True,7.0,35.55
3,CCR,True,35.0,195.5
3,CCR,True,37.0,208.33
3,CCR,False,inf,0.0
3,CCR,True,35.0,194.79
3,CCR,True,25.0,140.54
3,CCR,True,32.0,168.6
3,CCR,False,inf,0.0
3,CCR,False,inf,0.0
3,CCR,True,6.0,41.88
3,CCR,False,inf,0.0
3,CCR,True,7.0,33.61
3,CCR,True,11.0,64.83
3,CCR,True,12.0,79.7
3,CCR,False,inf,0.0
3,CCR,False,inf,0.0
3,CCR,False,inf,0.0
3,CCR,False,inf,0.0
3,CCR,True,29.0,144.9
3,CCR,False,inf,0.0
3,CCR,True,11.0,74.1
3,CCR,False,inf,0.0
3,CCR,True,2.0,13.620000000000001
3,CCR,True,31.0,171.13
3,CCR,True,2.0,13.64
3,CCR,True,1.0,3.03
3,CCR,True,7.0,41.24
3,CCR,True,27.0,158.73
3,CCR,True,7.0,32.65
3,CCR,True,23.0,122.06
3,CCR,True,7.0,48.16
3,CCR,True,3.0,25.19
3,CCR,True,19.0,119.33
3,CCR,True,20.0,122.86
3,CCR,False,inf,0.0
3,CCR,False,inf,0.0
3,CCR,True,26.0,146.04
3,CCR,True,19.0,108.34
3,CCR,False,inf,0.0
3,CCR,False,inf,0.0
3,CCR,True,24.0,127.46000000000001
3,CCR,True,30.0,172.45
3,CCR,True,30.0,158.06
3,CCR,True,6.0,28.46
3,CCR,False,inf,0.0
3,CCR,False,inf,0.0
3,CCR,True,17.0,102.12
3,CCR,True,23.0,117.62
3,CCR,False,inf,0.0
3,CCR,True,8.0,47.87
3,CCR,True,27.0,159.44
3,CCR,True,29.0,144.5
3,CCR,False,inf,0.0
3,CCR,True,37.0,199.29
3,CCR,False,inf,0.0
3,CCR,True,1.0,1.66
3,CCR,True,10.0,73.66
3,CCR,False,inf,0.0
3,CCR,False,inf,0.0
3,CCR,False,inf,0.0
3,CCR,True,11.0,71.17
3,CCR,True,16.0,100.12
3,CCR,True,2.0,9.89
3,CCR,True,22.0,130.19
3,CCR,True,37.0,186.42
3,CCR,True,25.0,137.85
3,CCR,True,14.0,87.17
3,CCR,True,8.0,55.39
3,CCR,True,29.0,155.81
3,CCR,True,14.0,75.63
3,CCR,True,31.0,175.63
3,CCR,True,3.0,17.87
3,CCR,True,32.0,165.21
3,CCR,True,12.0,73.55
3,CCR,True,6.0,27.62
3,CCR,True,5.0,33.18
3,CCR,True,14.0,80.69
3,CCR,False,inf,0.0
3,CCR,True,15.0,94.6
3,CCR,False,inf,0.0
3,CCR,False,inf,0.0
3,CCR,True,12.0,72.58
3,CCR,True,13.0,86.6
3,CCR,True,36.0,206.12
3,CCR,True,27.0,144.09
3,CCR,True,26.0,148.4
3,CCR,True,16.0,88.43
3,CCR,True,6.0,33.31
3,CCR,True,31.0,153.75
3,CCR,True,18.0,100.23
3,CCR,True,26.0,145.42
3,CCR,True,15.0,91.49
3,CCR,True,21.0,120.66
3,CCR,True,13.0,75.31
3,CCR,True,18.0,112.74
3,CCR,True,32.0,169.43
3,CCR,False,inf,0.0
3,CCR,True,32.0,175.76
3,CCR,True,16.0,100.19
3,CCR,True,25.0,132.98
3,CCR,True,11.0,57.02
3,CCR,True,19.0,98.33
3,CCR,False,inf,0.0
3,CCR,False,inf,0.0
3,CCR,True,12.0,79.22
3,CCR,True,14.0,75.16
3,CCR,True,24.0,149.58
3,CCR,True,9.0,61.19
3,CCR,True,8.0,48.33
3,CCR,True,24.0,146.73
3,CCR,True,6.0,33.31
3,CCR,True,31.0,171.13
3,CCR,True,6.0,43.65
3,CCR,True,16.0,101.95
3,CCR,True,21.0,124.28
3,CCR,True,9.0,61.77
3,CCR,False,inf,0.0
3,CCR,True,24.0,146.37
3,CCR,True,6.0,32.17
3,CCR,True,28.0,161.57999999999998
3,CCR,True,25.0,143.62
3,CCR,False,inf,0.0
3,CCR,True,10.0,55.230000000000004
3,CCR,True,32.0,180.75
3,CCR,True,23.0,125.2
3,CCR,True,33.0,185.54
3,CCR,True,14.0,91.15
3,CCR,False,inf,0.0
3,CCR,True,24.0,132.45
3,CCR,True,7.0,49.22
3,CCR,True,25.0,140.51
3,CCR,True,15.0,100.19
3,CCR,True,3.0,28.66
3,CCR,False,inf,0.0
3,CCR,True,30.0,167.0
3,CCR,True,18.0,106.92
3,CCR,True,7.0,49.1
3,CCR,True,21.0,121.06
3,CCR,True,19.0,115.59
3,CCR,True,14.0,75.16
3,CCR,False,inf,0.0
3,CCR,True,26.0,135.93
3,CCR,True,14.0,91.95
3,CCR,True,11.0,67.48
3,CCR,True,8.0,59.31
3,CCR,True,29.0,161.77
3,CCR,True,20.0,113.05
3,CCR,True,14.0,93.25
3,CCR,True,16.0,91.59
3,CCR,True,35.0,202.87
3,CCR,True,2.0,12.36
3,CCR,True,6.0,43.65
3,CCR,True,12.0,84.16
3,CCR,True,28.0,142.09
3,CCR,True,3.0,19.35
3,CCR,True,1.0,9.75
3,CCR,False,inf,0.0
3,CCR,False,inf,0.0
3,CCR,True,33.0,164.23
3,CCR,True,9.0,55.14
3,CCR,True,22.0,126.81
3,CCR,False,inf,0.0
3,CCR,True,9.0,66.18
3,CCR,True,4.0,33.92
3,CCR,True,5.0,37.08
3,CCR,True,24.0,139.9
3,CCR,True,32.0,180.75
3,CCR,True,5.0,38.19
3,CCR,True,2.0,12.07
3,CCR,True,9.0,48.65
3,CCR,True,25.0,137.07
3,CCR,True,8.0,42.79
3,CCR,True,35.0,194.79
3,CCR,True,4.0,28.26
3,CCR,True,23.0,133.56
3,CCR,True,20.0,114.3
3,CCR,True,11.0,65.73
3,CCR,False,inf,0.0
3,CCR,True,31.0,178.13
3,CCR,True,1.0,5.09
3,CCR,False,inf,0.0
3,CCR,True,4.0,29.09
3,CCR,True,17.0,101.45
3,CCR,True,27.0,144.78
3,CCR,True,22.0,120.11
3,CCR,False,inf,0.0
3,CCR,True,33.0,174.95
3,CCR,False,inf,0.0
3,CCR,True,13.0,88.37
3,CCR,True,14.0,76.25
3,CCR,True,13.0,79.78
3,CCR,True,27.0,150.72
3,CCR,False,inf,0.0
3,CCR,False,inf,0.0
3,CCR,True,18.0,118.03999999999999
3,CCR,True,29.0,146.72
3,CCR,True,34.0,173.49
3,CCR,True,17.0,105.57000000000001
3,CCR,False,inf,0.0
3,CCR,False,inf,0.0
3,CCR,True,31.0,171.13
3,CCR,False,inf,0.0
3,CCR,False,inf,0.0
3,CCR,True,17.0,102.05
3,CCR,False,inf,0.0
3,CCR,True,10.0,57.6
3,CCR,False,inf,0.0
3,CCR,True,24.0,135.86
3,CCR,True,16.0,102.62
3,CCR,True,33.0,190.07
3,CCR,True,27.0,153.96
3,CCR,True,36.0,205.63
3,CCR,True,3.0,25.5
3,CCR,True,9.0,56.55
3,CCR,True,3.0,24.17
3,CCR,True,9.0,49.91
3,CCR,False,inf,0.0
3,CCR,False,inf,0.0
3,CCR,False,inf,0.0
3,CCR,True,28.0,146.34
3,CCR,True,8.0,45.71
3,CCR,True,34.0,194.0
3,CCR,True,5.0,33.2
3,CCR,True,9.0,45.47
3,CCR,False,inf,0.0
3,CCR,False,inf,0.0
3,CCR,True,4.0,28.26
3,CCR,False,inf,0.0
3,CCR,True,25.0,160.49
3,CCR,True,30.0,163.39
3,CCR,False,inf,0.0
3,CCR,True,10.0,69.32000000000001
3,CCR,False,inf,0.0
3,CCR,True,29.0,153.04
3,CCR,False,inf,0.0
3,CCR,False,inf,0.0
3,CCR,False,inf,0.0
3,CCR,False,inf,0.0
3,CCR,True,26.0,148.4
3,CCR,True,10.0,61.71
3,CCR,True,10.0,70.44
3,CCR,True,24.0,135.86
3,CCR,False,inf,0.0
3,CCR,True,9.0,71.24
3,CCR,True,20.0,107.02
3,CCR,False,inf,0.0
3,CCR,True,28.0,161.4
3,CCR,False,inf,0.0
3,CCR,False,inf,0.0
3,CCR,False,inf,0.0
3,CCR,True,26.0,148.95
3,CCR,False,inf,0.0
3,CCR,False,inf,0.0
3,CCR,True,4.0,25.44
3,CCR,True,25.0,143.57
3,CCR,False,inf,0.0
3,CCR,False,inf,0.0
3,CCR,True,35.0,189.55
3,CCR,True,33.0,164.23
3,CCR,True,26.0,135.82
3,CCR,True,17.0,104.14
3,CCR,False,inf,0.0
3,CCR,False,inf,0.0
3,CCR,False,inf,0.0
3,CCR,False,inf,0.0
3,CCR,True,34.0,194.81
3,CCR,False,inf,0.0
3,CCR,True,5.0,35.5
3,CCR,True,1.0,5.4
3,CCR,False,inf,0.0
3,CCR,True,7.0,37.72
3,CCR,True,26.0,137.72
3,CCR,True,11.0,79.9
3,CCR,False,inf,0.0
3,CCR,True,6.0,43.06
3,CCR,False,inf,0.0
3,CCR,False,inf,0.0
3,CCR,True,34.0,184.87
3,CCR,True,17.0,105.04
3,CCR,True,17.0,94.96000000000001
3,CCR,False,inf,0.0
3,CCR,True,8.0,49.4
3,CCR,True,6.0,33.57
3,CCR,True,18.0,115.07
3,CCR,True,8.0,46.22
3,CCR,True,25.0,140.54
3,CCR,False,inf,0.0
3,CCR,True,32.0,193.42
3,CCR,True,32.0,180.35
3,CCR,True,6.0,33.57
3,CCR,True,34.0,197.97
3,CCR,True,13.0,82.59
3,CCR,True,17.0,96.77
3,CCR,True,29.0,155.73
3,CCR,False,inf,0.0
3,CCR,False,inf,0.0
3,CCR,True,2.0,8.3
3,CCR,False,inf,0.0
3,CCR,True,12.0,72.88
3,CCR,True,22.0,127.75
3,CCR,True,3.0,20.15
3,CCR,True,26.0,145.03
3,CCR,False,inf,0.0
3,CCR,True,31.0,160.32
3,CCR,True,10.0,67.95
3,CCR,True,2.0,14.600000000000001
3,CCR,True,23.0,127.86
3,CCR,False,inf,0.0
3,CCR,True,36.0,187.66
3,CCR,True,7.0,48.16
3,CCR,False,inf,0.0
3,CCR,False,inf,0.0
3,CCR,False,inf,0.0
3,CCR,False,inf,0.0
3,CCR,True,24.0,132.04
3,CCR,False,inf,0.0
3,CCR,True,28.0,162.58
3,CCR,True,6.0,43.910000000000004
3,CCR,True,7.0,50.42
3,CCR,False,inf,0.0
3,CCR,True,20.0,104.79
3,CCR,True,26.0,146.04
3,CCR,False,inf,0.0
3,CCR,True,32.0,184.2
3,CCR,False,inf,0.0
3,CCR,True,22.0,119.25
3,CCR,False,inf,0.0
3,CCR,False,inf,0.0
3,CCR,True,21.0,127.76
3,CCR,True,7.0,36.11
3,CCR,True,13.0,88.37
3,CCR,False,inf,0.0
3,CCR,False,inf,0.0
3,CCR,False,inf,0.0
3,CCR,True,20.0,117.72
3,CCR,True,2.0,19.32
3,CCR,True,14.0,91.15
3,CCR,False,inf,0.0
3,CCR,False,inf,0.0
3,CCR,True,30.0,171.19
3,CCR,True,18.0,105.34
3,CCR,True,6.0,46.370000000000005
3,CCR,True,25.0,145.87
3,CCR,False,inf,0.0
3,CCR,False,inf,0.0
3,CCR,False,inf,0.0
3,CCR,False,inf,0.0
3,CCR,True,24.0,141.61
3,CCR,True,33.0,185.17
3,CCR,True,18.0,101.04
3,CCR,False,inf,0.0
3,CCR,True,31.0,175.63
3,CCR,True,12.0,79.91
3,CCR,True,9.0,47.27
3,CCR,True,15.0,89.37
3,CCR,True,21.0,115.82000000000001
3,CCR,True,21.0,127.76
3,CCR,True,28.0,162.83
3,CCR,True,25.0,148.94
3,CCR,True,31.0,192.7
3,CCR,True,20.0,118.42
3,CCR,True,3.0,19.72
3,CCR,True,17.0,95.94
3,CCR,True,15.0,96.93
3,CCR,True,13.0,77.66
3,CCR,False,inf,0.0
3,CCR,True,36.0,187.66
3,CCR,True,20.0,113.05
3,CCR,False,inf,0.0
3,CCR,True,7.0,43.85
3,CCR,False,inf,0.0
3,CCR,True,1.0,1.66
3,CCR,True,15.0,92.63
3,CCR,True,23.0,135.75
3,CCR,True,21.0,117.97
3,CCR,True,26.0,154.96
3,CCR,True,4.0,30.1
3,CCR,True,19.0,105.61
3,CCR,False,inf,0.0
3,CCR,False,inf,0.0
3,CCR,True,31.0,176.74
3,CCR,True,12.0,76.73
3,CCR,False,inf,0.0
3,CCR,True,35.0,187.58
3,CCR,False,inf,0.0
3,CCR,False,inf,0.0
3,CCR,True,22.0,136.02
3,CCR,False,inf,0.0
3,CCR,True,8.0,57.05
3,CCR,True,14.0,79.06
3,CCR,True,9.0,49.17
3,CCR,True,28.0,160.01
3,CCR,True,27.0,152.79
3,CCR,False,inf,0.0
3,CCR,False,inf,0.0
3,CCR,False,inf,0.0
3,CCR,False,inf,0.0
3,CCR,False,inf,0.0
3,CCR,False,inf,0.0
3,CCR,True,11.0,74.81
3,CCR,True,17.0,102.05
3,CCR,False,inf,0.0
3,CCR,True,6.0,32.17
3,CCR,True,25.0,143.62
3,CCR,False,inf,0.0
3,CCR,False,inf,0.0
3,CCR,False,inf,0.0
3,CCR,True,20.0,104.51
3,CCR,True,34.0,196.85
3,CCR,True,8.0,43.86
3,CCR,True,11.0,71.17
3,CCR,False,inf,0.0
3,CCR,True,20.0,117.96
3,CCR,False,inf,0.0
3,CCR,True,32.0,169.43
3,CCR,True,13.0,86.06
3,CCR,False,inf,0.0
3,CCR,True,30.0,176.32999999999998
3,CCR,True,15.0,91.26
3,CCR,True,33.0,167.96
3,CCR,True,35.0,179.17
3,CCR,True,1.0,6.32
3,CCR,True,19.0,100.89
3,CCR,True,24.0,140.99
3,CCR,True,8.0,57.64
3,CCR,True,25.0,148.94
3,CCR,True,8.0,53.29
3,CCR,False,inf,0.0
3,CCR,False,inf,0.0
3,CCR,True,9.0,60.52
3,CCR,True,7.0,37.71
3,CCR,True,33.0,177.12
3,CCR,False,inf,0.0
3,CCR,False,inf,0.0
3,CCR,True,24.0,124.46
3,CCR,True,36.0,188.4
3,CCR,True,5.0,28.650000000000002
3,CCR,True,4.0,34.07
3,CCR,True,9.0,61.91
3,CCR,True,2.0,11.79
3,CCR,False,inf,0.0
3,CCR,True,1.0,1.58
3,CCR,False,inf,0.0
3,CCR,True,27.0,144.81
3,CCR,True,17.0,102.15
3,CCR,True,10.0,71.8
3,CCR,False,inf,0.0
3,CCR,False,inf,0.0
3,CCR,True,13.0,89.08
3,CCR,True,9.0,61.91
3,CCR,False,inf,0.0
3,CCR,True,2.0,17.240000000000002
3,CCR,True,11.0,77.8
3,CCR,False,inf,0.0
3,CCR,True,8.0,53.29
3,CCR,True,25.0,143.62
3,CCR,True,34.0,173.36
3,CCR,False,inf,0.0
3,CCR,True,15.0,92.1
3,CCR,False,inf,0.0
3,CCR,False,inf,0.0
3,CCR,True,10.0,70.44
3,CCR,False,inf,0.0
3,CCR,False,inf,0.0
3,CCR,False,inf,0.0
3,CCR,False,inf,0.0
3,CCR,True,1.0,7.67
3,CCR,False,inf,0.0
3,CCR,True,24.0,131.9
3,CCR,True,22.0,119.25
3,CCR,False,inf,0.0
3,CCR,True,15.0,89.37
3,CCR,True,37.0,204.33
3,CCR,True,28.0,160.46
3,CCR,True,19.0,113.57000000000001
3,CCR,True,27.0,152.36
3,CCR,True,24.0,139.26
3,CCR,True,11.0,67.69
3,CCR,True,1.0,3.37
3,CCR,True,20.0,115.74
3,CCR,False,inf,0.0
3,CCR,False,inf,0.0
3,CCR,True,32.0,157.4
3,CCR,True,36.0,188.4
3,CCR,True,7.0,44.75
3,CCR,True,30.0,170.55
3,CCR,True,16.0,87.17
3,CCR,True,18.0,103.01
3,CCR,True,23.0,147.68
3,CCR,True,12.0,75.02
3,CCR,True,17.0,97.16
3,CCR,True,18.0,112.74
3,CCR,False,inf,0.0
3,CCR,True,19.0,111.12
3,CCR,False,inf,0.0
3,CCR,True,32.0,174.7
3,CCR,False,inf,0.0
3,CCR,True,12.0,76.54
3,CCR,False,inf,0.0
3,CCR,True,26.0,135.93
3,CCR,True,29.0,168.6
3,CCR,True,13.0,74.18
3,CCR,True,30.0,155.44
3,CCR,False,inf,0.0
3,CCR,True,9.0,60.71
3,CCR,True,10.0,60.6
3,CCR,True,5.0,34.21
3,CCR,True,13.0,79.78
3,CCR,True,13.0,71.81
3,CCR,True,22.0,119.69
3,CCR,False,inf,0.0
3,CCR,True,21.0,122.82000000000001
3,CCR,True,8.0,55.49
3,CCR,False,inf,0.0
3,CCR,True,13.0,72.47
3,CCR,True,6.0,28.46
3,CCR,True,2.0,11.99
3,CCR,False,inf,0.0
3,CCR,True,12.0,75.54
3,CCR,False,inf,0.0
3,CCR,True,27.0,142.12
3,CCR,True,10.0,60.95
3,CCR,True,9.0,64.23
3,CCR,False,inf,0.0
3,CCR,True,24.0,132.45
3,CCR,True,4.0,24.5
3,CCR,True,2.0,11.98
3,CCR,False,inf,0.0
3,CCR,True,7.0,45.230000000000004
3,CCR,True,28.0,141.23
3,CCR,True,23.0,127.86
3,CCR,True,1.0,3.37
3,CCR,False,inf,0.0
3,CCR,False,inf,0.0
3,CCR,False,inf,0.0
3,CCR,False,inf,0.0
3,CCR,False,inf,0.0
3,CCR,True,18.0,110.98
3,CCR,False,inf,0.0
3,CCR,False,inf,0.0
3,CCR,True,5.0,26.04
3,CCR,True,17.0,105.28999999999999
3,CCR,True,29.0,162.72
3,CCR,True,16.0,83.41
3,CCR,True,14.0,89.43
3,CCR,True,26.0,156.47
3,CCR,True,19.0,117.73
3,CCR,True,32.0,193.42
3,CCR,False,inf,0.0
3,CCR,True,20.0,132.9
3,CCR,False,inf,0.0
3,CCR,True,17.0,105.57000000000001
3,CCR,False,inf,0.0
3,CCR,True,23.0,135.9
3,CCR,True,21.0,109.43
3,CCR,True,22.0,120.11
3,CCR,True,2.0,5.71
3,CCR,True,11.0,63.4
3,CCR,False,inf,0.0
3,CCR,False,inf,0.0
3,CCR,False,inf,0.0
3,CCR,True,34.0,172.15
3,CCR,True,7.0,36.36
3,CCR,True,38.0,200.41
3,CCR,False,inf,0.0
3,CCR,True,1.0,8.78
3,CCR,True,21.0,131.45
3,CCR,True,1.0,2.73
3,CCR,True,1.0,2.41
17,BCR,True,22.0,125.27
17,BCR,True,5.0,17.28
17,BCR,False,inf,0.0
17,BCR,False,inf,0.0
17,BCR,True,10.0,47.68
17,BCR,True,1.0,8.13
17,BCR,True,7.0,41.12
17,BCR,True,13.0,73.62
17,BCR,True,33.0,174.57
17,BCR,True,16.0,84.45
17,BCR,False,inf,0.0
17,BCR,True,10.0,55.84
17,BCR,True,25.0,142.91
17,BCR,True,19.0,107.29
17,BCR,True,13.0,69.06
17,BCR,True,7.0,41.12
17,BCR,True,4.0,19.14
17,BCR,True,34.0,181.81
17,BCR,True,14.0,78.23
17,BCR,True,4.0,22.62
17,BCR,False,inf,0.0
17,BCR,True,14.0,77.76
17,BCR,True,1.0,2.86
17,BCR,False,inf,0.0
17,BCR,False,inf,0.0
17,BCR,True,10.0,52.81
17,BCR,False,inf,0.0
17,BCR,False,inf,0.0
17,BCR,False,inf,0.0
17,BCR,True,3.0,16.16
17,BCR,True,17.0,90.39
17,BCR,True,8.0,38.06
17,BCR,False,inf,0.0
17,BCR,True,19.0,102.54
17,BCR,False,inf,0.0
17,BCR,False,inf,0.0
17,BCR,True,29.0,159.52
17,BCR,False,inf,0.0
17,BCR,True,7.0,35.52
17,BCR,True,11.0,54.04
17,BCR,False,inf,0.0
17,BCR,True,9.0,45.86
17,BCR,False,inf,0.0
17,BCR,False,inf,0.0
17,BCR,True,15.0,85.38
17,BCR,True,18.0,105.85000000000001
17,BCR,True,11.0,55.4
17,BCR,False,inf,0.0
17,BCR,True,21.0,123.18
17,BCR,False,inf,0.0
17,BCR,True,14.0,78.79
17,BCR,True,28.0,136.94
17,BCR,True,22.0,130.78
17,BCR,False,inf,0.0
17,BCR,False,inf,0.0
17,BCR,True,8.0,47.25
17,BCR,True,12.0,61.29
17,BCR,False,inf,0.0
17,BCR,True,13.0,69.83
17,BCR,True,29.0,158.87
17,BCR,False,inf,0.0
17,BCR,False,inf,0.0
17,BCR,False,inf,0.0
17,BCR,True,19.0,101.94
17,BCR,False,inf,0.0
17,BCR,False,inf,0.0
17,BCR,True,32.0,181.74
17,BCR,False,inf,0.0
17,BCR,True,23.0,126.36
17,BCR,True,33.0,174.57
17,BCR,True,2.0,14.41
17,BCR,False,inf,0.0
17,BCR,True,20.0,115.59
17,BCR,True,3.0,16.02
17,BCR,True,2.0,8.68
17,BCR,True,27.0,153.41
17,BCR,False,inf,0.0
17,BCR,True,1.0,7.42
17,BCR,False,inf,0.0
17,BCR,True,13.0,69.28
17,BCR,False,inf,0.0
17,BCR,False,inf,0.0
17,BCR,True,21.0,120.06
17,BCR,False,inf,0.0
17,BCR,True,16.0,96.25
17,BCR,True,2.0,10.01
17,BCR,True,2.0,7.98
17,BCR,False,inf,0.0
17,BCR,True,13.0,78.94
17,BCR,False,inf,0.0
17,BCR,False,inf,0.0
17,BCR,False,inf,0.0
17,BCR,False,inf,0.0
17,BCR,True,18.0,102.86
17,BCR,False,inf,0.0
17,BCR,True,17.0,101.28
17,BCR,True,33.0,177.67000000000002
17,BCR,True,23.0,134.69
17,BCR,False,inf,0.0
17,BCR,True,16.0,83.37
17,BCR,True,18.0,99.58
17,BCR,True,18.0,95.37
17,BCR,False,inf,0.0
17,BCR,True,17.0,98.81
17,BCR,True,14.0,77.61
17,BCR,True,22.0,115.71000000000001
17,BCR,False,inf,0.0
17,BCR,True,12.0,69.13
17,BCR,False,inf,0.0
17,BCR,False,inf,0.0
17,BCR,True,12.0,61.33
17,BCR,True,22.0,126.48
17,BCR,False,inf,0.0
17,BCR,True,18.0,107.05
17,BCR,False,inf,0.0
17,BCR,False,inf,0.0
17,BCR,True,10.0,51.2
17,BCR,True,25.0,142.91
17,BCR,False,inf,0.0
17,BCR,True,30.0,157.1
17,BCR,True,16.0,85.45
17,BCR,True,29.0,140.57
17,BCR,True,12.0,62.29
17,BCR,False,inf,0.0
17,BCR,True,8.0,36.69
17,BCR,True,19.0,112.26
17,BCR,True,16.0,93.64
17,BCR,False,inf,0.0
17,BCR,True,4.0,15.22
17,BCR,True,15.0,84.22
17,BCR,True,30.0,161.59
17,BCR,False,inf,0.0
17,BCR,True,1.0,1.59
17,BCR,True,8.0,43.08
17,BCR,False,inf,0.0
17,BCR,True,11.0,59.96
17,BCR,True,13.0,78.55
17,BCR,True,29.0,166.96
17,BCR,True,24.0,137.39
17,BCR,True,25.0,143.23
17,BCR,False,inf,0.0
17,BCR,True,32.0,170.79
17,BCR,False,inf,0.0
17,BCR,True,16.0,96.14
17,BCR,False,inf,0.0
17,BCR,False,inf,0.0
17,BCR,True,1.0,6.4
17,BCR,False,inf,0.0
17,BCR,False,inf,0.0
17,BCR,True,27.0,151.34
17,BCR,True,26.0,134.49
17,BCR,True,1.0,8.99
17,BCR,True,5.0,24.73
17,BCR,True,15.0,85.75
17,BCR,True,23.0,133.16
17,BCR,True,15.0,83.71
17,BCR,True,14.0,78.98
17,BCR,False,inf,0.0
17,BCR,False,inf,0.0
17,BCR,True,11.0,62.96
17,BCR,False,inf,0.0
17,BCR,True,18.0,91.17
17,BCR,True,34.0,173.03
17,BCR,False,inf,0.0
17,BCR,True,12.0,69.7
17,BCR,True,5.0,23.64
17,BCR,True,5.0,27.26
17,BCR,False,inf,0.0
17,BCR,False,inf,0.0
17,BCR,True,6.0,34.4
17,BCR,False,inf,0.0
17,BCR,False,inf,0.0
17,BCR,True,29.0,167.89000000000001
17,BCR,True,10.0,55.37
17,BCR,True,25.0,141.1
17,BCR,True,21.0,125.86
17,BCR,True,10.0,58.19
17,BCR,True,32.0,175.41
17,BCR,False,inf,0.0
17,BCR,True,9.0,43.15
17,BCR,False,inf,0.0
17,BCR,False,inf,0.0
17,BCR,True,3.0,17.94
17,BCR,True,13.0,73.85000000000001
17,BCR,True,25.0,134.92
17,BCR,True,16.0,85.18
17,BCR,False,inf,0.0
17,BCR,False,inf,0.0
17,BCR,False,inf,0.0
17,BCR,True,19.0,100.15
17,BCR,True,4.0,20.89
17,BCR,False,inf,0.0
17,BCR,True,6.0,25.990000000000002
17,BCR,True,12.0,61.6
17,BCR,True,16.0,86.72
17,BCR,True,17.0,91.95
17,BCR,True,23.0,133.48
17,BCR,False,inf,0.0
17,BCR,False,inf,0.0
17,BCR,True,9.0,51.29
17,BCR,True,1.0,9.53
17,BCR,False,inf,0.0
17,BCR,False,inf,0.0
17,BCR,True,3.0,17.86
17,BCR,True,20.0,106.81
17,BCR,True,25.0,143.72
17,BCR,True,24.0,138.4
17,BCR,True,20.0,121.38
17,BCR,True,14.0,78.23
17,BCR,True,12.0,67.57000000000001
17,BCR,False,inf,0.0
17,BCR,True,20.0,103.55
17,BCR,True,20.0,107.84
17,BCR,False,inf,0.0
17,BCR,True,23.0,126.61
17,BCR,False,inf,0.0
17,BCR,True,27.0,147.35
17,BCR,False,inf,0.0
17,BCR,True,20.0,115.02
17,BCR,True,13.0,78.94
17,BCR,True,4.0,19.62
17,BCR,True,30.0,173.94
17,BCR,True,5.0,21.580000000000002
17,BCR,True,27.0,159.18
17,BCR,True,34.0,185.79
17,BCR,False,inf,0.0
17,BCR,True,16.0,82.44
17,BCR,True,6.0,23.51
17,BCR,True,7.0,43.39
17,BCR,False,inf,0.0
17,BCR,True,11.0,53.28
17,BCR,True,2.0,12.440000000000001
17,BCR,True,1.0,8.18
17,BCR,True,10.0,55.82
17,BCR,False,inf,0.0
17,BCR,False,inf,0.0
17,BCR,True,5.0,24.73
17,BCR,True,5.0,27.26
17,BCR,True,7.0,37.56
17,BCR,True,12.0,62.550000000000004
17,BCR,True,34.0,189.0
17,BCR,True,31.0,168.69
17,BCR,False,inf,0.0
17,BCR,False,inf,0.0
17,BCR,False,inf,0.0
17,BCR,False,inf,0.0
17,BCR,True,30.0,161.59
17,BCR,True,24.0,138.4
17,BCR,True,2.0,8.0
17,BCR,False,inf,0.0
17,BCR,True,26.0,149.78
17,BCR,False,inf,0.0
17,BCR,True,30.0,150.0
17,BCR,True,7.0,29.12
17,BCR,False,inf,0.0
17,BCR,True,17.0,104.45
17,BCR,True,24.0,137.66
17,BCR,True,2.0,12.63
17,BCR,True,24.0,144.03
17,BCR,True,16.0,85.43
17,BCR,True,15.0,86.44
17,BCR,False,inf,0.0
17,BCR,False,inf,0.0
17,BCR,True,1.0,4.94
17,BCR,True,9.0,43.15
17,BCR,True,1.0,6.23
17,BCR,True,10.0,49.21
17,BCR,False,inf,0.0
17,BCR,False,inf,0.0
17,BCR,False,inf,0.0
17,BCR,False,inf,0.0
17,BCR,True,35.0,191.84
17,BCR,False,inf,0.0
17,BCR,True,15.0,77.05
17,BCR,True,7.0,34.980000000000004
17,BCR,False,inf,0.0
17,BCR,True,2.0,8.68
17,BCR,False,inf,0.0
17,BCR,True,20.0,109.74000000000001
17,BCR,True,13.0,67.64
17,BCR,False,inf,0.0
17,BCR,True,34.0,185.79
17,BCR,False,inf,0.0
17,BCR,True,2.0,11.15
17,BCR,False,inf,0.0
17,BCR,True,32.0,168.5
17,BCR,False,inf,0.0
17,BCR,True,19.0,105.72
17,BCR,False,inf,0.0
17,BCR,True,21.0,123.9
17,BCR,False,inf,0.0
17,BCR,True,25.0,123.4
17,BCR,True,22.0,119.21
17,BCR,True,13.0,73.62
17,BCR,True,27.0,154.64
17,BCR,True,3.0,16.37
17,BCR,False,inf,0.0
17,BCR,False,inf,0.0
17,BCR,True,8.0,40.65
17,BCR,False,inf,0.0
17,BCR,False,inf,0.0
17,BCR,True,12.0,64.43
17,BCR,True,14.0,77.27
17,BCR,True,9.0,41.17
17,BCR,False,inf,0.0
17,BCR,True,33.0,165.04
17,BCR,True,20.0,106.3
17,BCR,True,5.0,24.73
17,BCR,True,7.0,41.12
17,BCR,True,1.0,6.4
17,BCR,True,7.0,33.31
17,BCR,True,32.0,158.68
17,BCR,False,inf,0.0
17,BCR,False,inf,0.0
17,BCR,True,32.0,185.99
17,BCR,True,23.0,132.67
17,BCR,True,21.0,115.08
17,BCR,False,inf,0.0
17,BCR,True,30.0,168.29
17,BCR,True,25.0,134.92
17,BCR,False,inf,0.0
17,BCR,True,35.0,184.02
17,BCR,True,7.0,34.480000000000004
17,BCR,False,inf,0.0
17,BCR,True,10.0,48.92
17,BCR,True,33.0,183.22
17,BCR,False,inf,0.0
17,BCR,False,inf,0.0
17,BCR,False,inf,0.0
17,BCR,True,21.0,122.38
17,BCR,False,inf,0.0
17,BCR,False,inf,0.0
17,BCR,True,1.0,7.99
17,BCR,True,8.0,44.13
17,BCR,False,inf,0.0
17,BCR,False,inf,0.0
17,BCR,False,inf,0.0
17,BCR,True,1.0,7.42
17,BCR,False,inf,0.0
17,BCR,True,5.0,20.39
17,BCR,True,27.0,134.01
17,BCR,True,32.0,174.92
17,BCR,False,inf,0.0
17,BCR,False,inf,0.0
17,BCR,True,13.0,70.28
17,BCR,True,25.0,143.23
17,BCR,True,17.0,92.75
17,BCR,False,inf,0.0
17,BCR,True,17.0,100.34
17,BCR,True,8.0,40.43
17,BCR,True,1.0,4.94
17,BCR,True,7.0,33.660000000000004
17,BCR,False,inf,0.0
17,BCR,True,6.0,28.57
17,BCR,True,23.0,126.61
17,BCR,True,23.0,133.63
17,BCR,True,7.0,33.44
17,BCR,True,13.0,71.21000000000001
17,BCR,True,11.0,51.97
17,BCR,False,inf,0.0
17,BCR,False,inf,0.0
17,BCR,False,inf,0.0
17,BCR,False,inf,0.0
17,BCR,True,2.0,7.98
17,BCR,True,24.0,131.69
17,BCR,True,8.0,35.09
17,BCR,False,inf,0.0
17,BCR,False,inf,0.0
17,BCR,True,18.0,111.22
17,BCR,True,14.0,77.63
17,BCR,False,inf,0.0
17,BCR,False,inf,0.0
17,BCR,True,13.0,73.56
17,BCR,True,24.0,140.78
17,BCR,True,19.0,105.19
17,BCR,True,19.0,104.86
17,BCR,False,inf,0.0
17,BCR,False,inf,0.0
17,BCR,True,31.0,171.08
17,BCR,True,21.0,123.42
17,BCR,False,inf,0.0
17,BCR,True,26.0,145.08
17,BCR,True,9.0,48.97
17,BCR,True,10.0,51.78
17,BCR,False,inf,0.0
17,BCR,True,3.0,17.19
17,BCR,True,19.0,102.54
17,BCR,False,inf,0.0
17,BCR,True,6.0,29.52
17,BCR,False,inf,0.0
17,BCR,False,inf,0.0
17,BCR,True,8.0,40.65
17,BCR,False,inf,0.0
17,BCR,True,15.0,85.38
17,BCR,False,inf,0.0
17,BCR,True,20.0,114.65
17,BCR,False,inf,0.0
17,BCR,False,inf,0.0
17,BCR,True,24.0,138.78
17,BCR,False,inf,0.0
17,BCR,False,inf,0.0
17,BCR,True,28.0,157.73
17,BCR,True,28.0,154.53
17,BCR,True,9.0,49.0
17,BCR,True,3.0,19.54
17,BCR,True,13.0,71.32000000000001
17,BCR,False,inf,0.0
17,BCR,True,28.0,154.53
17,BCR,True,27.0,134.01
17,BCR,True,9.0,49.0
17,BCR,True,7.0,34.480000000000004
17,BCR,True,22.0,121.85
17,BCR,True,7.0,29.22
17,BCR,False,inf,0.0
17,BCR,True,9.0,39.0
17,BCR,True,14.0,80.75
17,BCR,True,20.0,118.11
17,BCR,False,inf,0.0
17,BCR,False,inf,0.0
17,BCR,False,inf,0.0
17,BCR,False,inf,0.0
17,BCR,True,4.0,17.84
17,BCR,False,inf,0.0
17,BCR,False,inf,0.0
17,BCR,True,8.0,43.08
17,BCR,True,34.0,189.0
17,BCR,False,inf,0.0
17,BCR,True,3.0,11.76
17,BCR,False,inf,0.0
17,BCR,False,inf,0.0
17,BCR,True,3.0,16.09
17,BCR,False,inf,0.0
17,BCR,True,6.0,31.6
17,BCR,True,12.0,64.56
17,BCR,True,26.0,127.46000000000001
17,BCR,False,inf,0.0
17,BCR,True,5.0,27.310000000000002
17,BCR,False,inf,0.0
17,BCR,False,inf,0.0
17,BCR,True,14.0,87.02
17,BCR,True,15.0,80.75
17,BCR,True,32.0,180.97
17,BCR,True,8.0,44.68
17,BCR,False,inf,0.0
17,BCR,True,11.0,55.730000000000004
17,BCR,False,inf,0.0
17,BCR,False,inf,0.0
17,BCR,True,6.0,23.51
17,BCR,True,7.0,33.660000000000004
17,BCR,True,27.0,154.64
17,BCR,False,inf,0.0
17,BCR,True,23.0,133.71
17,BCR,True,16.0,91.58
17,BCR,False,inf,0.0
17,BCR,False,inf,0.0
17,BCR,True,11.0,66.73
17,BCR,False,inf,0.0
17,BCR,True,20.0,121.38
17,BCR,True,18.0,99.42
17,BCR,True,2.0,15.82
17,BCR,True,32.0,180.24
17,BCR,False,inf,0.0
17,BCR,True,15.0,86.98
17,BCR,True,1.0,3.78
17,BCR,True,1.0,7.42
17,BCR,True,13.0,76.08
17,BCR,True,10.0,55.86
17,BCR,False,inf,0.0
17,BCR,True,32.0,168.5
17,BCR,True,34.0,189.33
17,BCR,False,inf,0.0
17,BCR,False,inf,0.0
17,BCR,True,23.0,126.01
17,BCR,False,inf,0.0
17,BCR,True,3.0,17.8
17,BCR,True,10.0,49.56
17,BCR,False,inf,0.0
17,BCR,True,6.0,31.82
17,BCR,False,inf,0.0
17,BCR,False,inf,0.0
17,BCR,False,inf,0.0
17,BCR,False,inf,0.0
17,BCR,False,inf,0.0
17,BCR,False,inf,0.0
17,BCR,True,12.0,65.04
17,BCR,True,18.0,99.41
17,BCR,True,22.0,137.74
17,BCR,True,2.0,9.09
17,BCR,False,inf,0.0
17,BCR,True,32.0,180.5
17,BCR,False,inf,0.0
17,BCR,True,9.0,45.37
17,BCR,False,inf,0.0
17,BCR,True,25.0,144.03
17,BCR,False,inf,0.0
17,BCR,True,6.0,30.270000000000003
17,BCR,False,inf,0.0
17,BCR,True,23.0,133.88
17,BCR,True,25.0,134.92
17,BCR,False,inf,0.0
17,BCR,True,35.0,189.58
17,BCR,False,inf,0.0
17,BCR,True,30.0,165.21
17,BCR,True,12.0,59.52
17,BCR,True,30.0,165.21
17,BCR,True,17.0,97.86
17,BCR,True,2.0,10.01
17,BCR,True,15.0,84.99000000000001
17,BCR,True,6.0,33.72
17,BCR,False,inf,0.0
17,BCR,True,13.0,78.94
17,BCR,True,8.0,37.39
17,BCR,False,inf,0.0
17,BCR,False,inf,0.0
17,BCR,True,8.0,41.480000000000004
17,BCR,True,14.0,80.98
17,BCR,False,inf,0.0
17,BCR,False,inf,0.0
17,BCR,False,inf,0.0
17,BCR,True,17.0,89.89
17,BCR,True,8.0,41.480000000000004
17,BCR,True,22.0,127.61
17,BCR,True,18.0,91.17
17,BCR,True,3.0,19.54
17,BCR,False,inf,0.0
17,BCR,True,4.0,19.62
17,BCR,False,inf,0.0
17,BCR,False,inf,0.0
17,BCR,True,10.0,57.74
17,BCR,False,inf,0.0
17,BCR,True,21.0,120.06
17,BCR,False,inf,0.0
17,BCR,True,2.0,13.38
17,BCR,True,21.0,119.79
17,BCR,True,2.0,9.9
17,BCR,False,inf,0.0
17,BCR,True,6.0,28.740000000000002
17,BCR,False,inf,0.0
17,BCR,True,31.0,166.1
17,BCR,False,inf,0.0
17,BCR,True,26.0,154.41
17,BCR,True,32.0,162.56
17,BCR,True,28.0,152.78
17,BCR,False,inf,0.0
17,BCR,True,13.0,73.85000000000001
17,BCR,False,inf,0.0
17,BCR,False,inf,0.0
17,BCR,True,6.0,27.54
17,BCR,True,20.0,115.14
17,BCR,False,inf,0.0
17,BCR,False,inf,0.0
17,BCR,True,15.0,81.18
17,BCR,True,10.0,46.33
17,BCR,False,inf,0.0
17,BCR,True,25.0,142.59
17,BCR,False,inf,0.0
17,BCR,False,inf,0.0
17,BCR,True,18.0,95.37
17,BCR,False,inf,0.0
17,BCR,True,6.0,28.740000000000002
17,BCR,True,13.0,66.23
17,BCR,True,8.0,38.35
17,BCR,True,18.0,97.5
17,BCR,False,inf,0.0
17,BCR,True,20.0,113.32000000000001
17,BCR,True,11.0,63.43
17,BCR,True,22.0,122.23
17,BCR,True,18.0,96.95
17,BCR,True,28.0,163.58
17,BCR,True,24.0,135.73
17,BCR,True,2.0,7.98
17,BCR,True,1.0,8.78
17,BCR,False,inf,0.0
17,BCR,True,28.0,161.52
17,BCR,False,inf,0.0
17,BCR,True,2.0,14.360000000000001
17,BCR,True,4.0,14.16
17,BCR,True,9.0,43.86
17,BCR,True,33.0,180.96
17,BCR,True,12.0,61.82
17,BCR,True,19.0,108.82000000000001
17,BCR,True,31.0,169.18
17,BCR,False,inf,0.0
17,BCR,False,inf,0.0
17,BCR,True,27.0,147.35
17,BCR,False,inf,0.0
17,BCR,False,inf,0.0
17,BCR,True,33.0,182.23
17,BCR,False,inf,0.0
17,BCR,False,inf,0.0
17,BCR,False,inf,0.0
17,BCR,True,3.0,16.0
17,BCR,False,inf,0.0
17,BCR,False,inf,0.0
17,BCR,False,inf,0.0
17,BCR,True,5.0,27.310000000000002
17,BCR,False,inf,0.0
17,BCR,False,inf,0.0
17,BCR,False,inf,0.0
17,BCR,True,35.0,197.96
17,BCR,False,inf,0.0
17,BCR,True,20.0,117.67
17,BCR,False,inf,0.0
17,BCR,False,inf,0.0
17,BCR,True,30.0,169.86
17,BCR,True,13.0,66.05
17,BCR,True,1.0,9.08
17,BCR,True,10.0,52.32
17,BCR,True,15.0,77.68
17,BCR,False,inf,0.0
17,BCR,True,19.0,109.11
17,BCR,True,6.0,29.52
17,BCR,False,inf,0.0
17,BCR,True,25.0,146.71
17,BCR,True,15.0,81.05
17,BCR,True,27.0,149.8
17,BCR,True,20.0,112.53
17,BCR,False,inf,0.0
17,BCR,True,31.0,169.18
17,BCR,False,inf,0.0
17,BCR,False,inf,0.0
17,BCR,False,inf,0.0
17,BCR,True,26.0,148.56
17,BCR,True,11.0,56.76
17,BCR,True,9.0,51.42
17,BCR,True,35.0,190.11
17,BCR,True,8.0,48.21
17,BCR,False,inf,0.0
17,BCR,True,32.0,159.67000000000002
17,BCR,True,12.0,59.14
17,BCR,True,9.0,49.95
17,BCR,False,inf,0.0
17,BCR,False,inf,0.0
17,BCR,True,28.0,138.09
17,BCR,True,1.0,5.69
17,BCR,True,10.0,57.11
17,BCR,False,inf,0.0
17,BCR,True,21.0,122.52
17,BCR,False,inf,0.0
17,BCR,False,inf,0.0
17,BCR,True,1.0,1.59
17,BCR,True,25.0,137.06
17,BCR,False,inf,0.0
17,BCR,False,inf,0.0
17,BCR,True,1.0,9.53
17,BCR,False,inf,0.0
17,BCR,False,inf,0.0
17,BCR,True,14.0,79.94
17,BCR,False,inf,0.0
17,BCR,True,14.0,79.94
17,BCR,False,inf,0.0
17,BCR,True,34.0,168.24
17,BCR,True,3.0,20.19
17,BCR,True,13.0,70.99
17,BCR,False,inf,0.0
17,BCR,False,inf,0.0
17,BCR,False,inf,0.0
17,BCR,True,21.0,119.53
17,BCR,False,inf,0.0
17,BCR,False,inf,0.0
17,BCR,True,24.0,130.88
17,BCR,False,inf,0.0
17,BCR,False,inf,0.0
17,BCR,False,inf,0.0
17,BCR,True,13.0,69.98
17,BCR,False,inf,0.0
17,BCR,False,inf,0.0
17,BCR,True,5.0,20.39
17,BCR,True,26.0,148.56
17,BCR,True,4.0,21.32
17,BCR,True,1.0,6.21
17,BCR,True,22.0,118.61
17,BCR,True,12.0,62.82
17,BCR,True,24.0,138.78
17,BCR,True,4.0,19.54
17,BCR,True,30.0,167.65
17,BCR,True,21.0,118.77
17,BCR,True,34.0,189.0
17,BCR,True,13.0,62.92
17,BCR,False,inf,0.0
17,BCR,False,inf,0.0
17,BCR,False,inf,0.0
17,BCR,True,5.0,26.7
17,BCR,False,inf,0.0
17,BCR,True,1.0,5.9
17,BCR,False,inf,0.0
17,BCR,False,inf,0.0
17,BCR,False,inf,0.0
17,BCR,False,inf,0.0
17,BCR,True,31.0,152.48
17,BCR,False,inf,0.0
17,BCR,False,inf,0.0
17,BCR,True,7.0,28.53
17,BCR,False,inf,0.0
17,BCR,True,7.0,37.39
17,BCR,False,inf,0.0
17,BCR,False,inf,0.0
17,BCR,False,inf,0.0
17,BCR,True,15.0,80.28
17,BCR,True,3.0,16.37
17,BCR,False,inf,0.0
17,BCR,True,31.0,171.85
17,BCR,True,1.0,2.21
17,BCR,False,inf,0.0
17,BCR,True,4.0,22.28
17,BCR,True,4.0,22.62
17,BCR,True,24.0,140.78
17,BCR,False,inf,0.0
17,BCR,True,13.0,77.16
17,BCR,True,15.0,80.06
17,BCR,True,1.0,4.51
17,BCR,False,inf,0.0
17,BCR,False,inf,0.0
17,BCR,True,19.0,100.91
17,BCR,False,inf,0.0
17,BCR,True,14.0,77.61
17,BCR,True,24.0,138.35
17,BCR,False,inf,0.0
17,BCR,True,14.0,75.96
17,BCR,True,15.0,82.96
17,BCR,True,31.0,165.97
17,BCR,True,12.0,59.14
17,BCR,True,12.0,65.05
17,BCR,True,17.0,104.71000000000001
17,BCR,False,inf,0.0
17,BCR,False,inf,0.0
17,BCR,False,inf,0.0
17,BCR,False,inf,0.0
17,BCR,True,2.0,12.010000000000002
17,BCR,True,27.0,149.27
17,BCR,False,inf,0.0
17,BCR,True,5.0,30.740000000000002
17,BCR,True,21.0,114.58
17,BCR,True,6.0,31.6
17,BCR,True,19.0,115.99
17,BCR,True,33.0,177.67000000000002
17,BCR,False,inf,0.0
17,BCR,False,inf,0.0
17,BCR,True,20.0,116.87
17,BCR,False,inf,0.0
17,BCR,True,19.0,108.74
17,BCR,True,22.0,132.38
17,BCR,True,18.0,100.35000000000001
17,BCR,True,15.0,80.47
17,BCR,True,14.0,72.29
17,BCR,False,inf,0.0
17,BCR,True,10.0,47.13
17,BCR,False,inf,0.0
17,BCR,True,35.0,190.27
17,BCR,False,inf,0.0
17,BCR,True,5.0,27.310000000000002
17,BCR,True,18.0,93.72
17,BCR,True,12.0,63.85
17,BCR,True,19.0,108.25
17,BCR,True,10.0,46.33
17,BCR,False,inf,0.0
17,BCR,False,inf,0.0
17,BCR,True,2.0,9.19
17,BCR,False,inf,0.0
17,BCR,True,20.0,102.87
17,BCR,False,inf,0.0
17,BCR,False,inf,0.0
17,BCR,True,19.0,103.55
17,BCR,True,30.0,165.92
17,BCR,True,20.0,109.9
17,BCR,False,inf,0.0
17,BCR,True,11.0,54.04
17,BCR,True,18.0,98.16
17,BCR,True,3.0,16.09
17,BCR,True,24.0,141.07
17,BCR,True,26.0,148.06
17,BCR,True,10.0,55.84
17,BCR,False,inf,0.0
17,BCR,False,inf,0.0
17,BCR,True,7.0,30.310000000000002
17,BCR,False,inf,0.0
17,BCR,True,6.0,26.790000000000003
17,BCR,False,inf,0.0
17,BCR,True,15.0,77.05
17,BCR,False,inf,0.0
17,BCR,True,16.0,92.38
17,BCR,True,34.0,181.81
17,BCR,False,inf,0.0
17,BCR,False,inf,0.0
17,BCR,True,20.0,115.3
17,BCR,True,9.0,47.34
17,BCR,True,2.0,11.15
17,BCR,True,25.0,142.19
17,BCR,False,inf,0.0
17,BCR,True,18.0,104.77
17,BCR,True,30.0,162.38
17,BCR,True,28.0,155.64000000000001
17,BCR,True,19.0,99.63
17,BCR,True,6.0,32.18
17,BCR,False,inf,0.0
17,BCR,True,9.0,44.34
17,BCR,True,13.0,71.25
17,BCR,True,24.0,131.69
17,BCR,True,2.0,14.07
17,BCR,True,11.0,58.64
17,BCR,False,inf,0.0
17,BCR,False,inf,0.0
17,BCR,True,12.0,69.13
17,BCR,False,inf,0.0
17,BCR,False,inf,0.0
17,BCR,False,inf,0.0
17,BCR,True,7.0,36.61
17,BCR,True,27.0,153.47
17,BCR,False,inf,0.0
17,BCR,True,2.0,8.950000000000001
17,BCR,False,inf,0.0
17,BCR,True,28.0,157.81
17,BCR,False,inf,0.0
17,BCR,True,21.0,122.38
17,BCR,True,7.0,28.0
17,BCR,True,6.0,33.0
17,BCR,True,18.0,99.94
17,BCR,True,18.0,94.61
17,BCR,False,inf,0.0
17,BCR,True,1.0,4.77
17,BCR,False,inf,0.0
17,BCR,True,22.0,119.79
17,BCR,True,1.0,2.47
17,BCR,False,inf,0.0
17,BCR,False,inf,0.0
17,BCR,True,21.0,109.61
17,BCR,True,7.0,36.14
17,BCR,False,inf,0.0
17,BCR,False,inf,0.0
17,BCR,True,15.0,80.06
17,BCR,True,17.0,89.91
17,BCR,False,inf,0.0
17,BCR,True,9.0,48.42
17,BCR,False,inf,0.0
17,BCR,False,inf,0.0
17,BCR,True,33.0,180.46
17,BCR,True,11.0,60.15
17,BCR,True,10.0,55.38
17,BCR,True,16.0,93.47
17,BCR,False,inf,0.0
17,BCR,True,15.0,93.84
17,BCR,True,1.0,9.86
17,BCR,True,35.0,191.71
17,BCR,False,inf,0.0
17,BCR,True,15.0,80.83
17,BCR,True,3.0,24.27
17,BCR,True,23.0,130.86
17,BCR,False,inf,0.0
17,BCR,True,6.0,28.740000000000002
17,BCR,True,13.0,62.92
17,BCR,False,inf,0.0
17,BCR,False,inf,0.0
17,BCR,True,8.0,48.21
17,BCR,True,2.0,16.09
17,BCR,True,27.0,134.01
17,BCR,False,inf,0.0
17,BCR,True,9.0,43.31
17,BCR,True,4.0,19.62
17,BCR,True,19.0,112.19
17,BCR,False,inf,0.0
17,BCR,True,11.0,56.36
17,BCR,False,inf,0.0
17,BCR,True,5.0,26.830000000000002
17,BCR,True,26.0,149.78
17,BCR,False,inf,0.0
17,BCR,True,25.0,140.29
17,BCR,True,32.0,176.82
17,BCR,False,inf,0.0
17,BCR,True,12.0,65.23
17,BCR,False,inf,0.0
17,BCR,False,inf,0.0
17,BCR,False,inf,0.0
17,BCR,False,inf,0.0
17,BCR,True,3.0,16.84
17,BCR,True,13.0,66.98
17,BCR,False,inf,0.0
17,BCR,False,inf,0.0
17,BCR,False,inf,0.0
17,BCR,True,29.0,142.6
17,BCR,True,2.0,7.98
17,BCR,False,inf,0.0
17,BCR,True,23.0,131.38
17,BCR,True,16.0,99.94
17,BCR,False,inf,0.0
17,BCR,False,inf,0.0
17,BCR,True,22.0,133.72
17,BCR,False,inf,0.0
17,BCR,True,34.0,183.34
17,BCR,False,inf,0.0
17,BCR,True,4.0,23.05
17,BCR,True,1.0,2.48
17,BCR,False,inf,0.0
17,BCR,False,inf,0.0
17,BCR,False,inf,0.0
17,BCR,False,inf,0.0
17,BCR,True,30.0,167.61
17,BCR,False,inf,0.0
17,BCR,False,inf,0.0
17,BCR,True,30.0,162.47
17,BCR,True,2.0,8.4
17,BCR,True,8.0,44.160000000000004
17,BCR,True,2.0,7.82
17,BCR,True,30.0,145.08
17,BCR,False,inf,0.0
17,BCR,False,inf,0.0
17,BCR,True,32.0,180.24
17,BCR,True,20.0,114.83
17,BCR,True,14.0,78.75
17,BCR,True,8.0,35.44
17,BCR,True,18.0,113.67
17,BCR,False,inf,0.0
17,BCR,True,1.0,2.3
17,BCR,True,35.0,187.01
17,BCR,True,9.0,51.730000000000004
17,BCR,True,21.0,122.38
17,BCR,True,3.0,20.14
17,BCR,True,26.0,147.79
17,BCR,False,inf,0.0
17,BCR,False,inf,0.0
17,BCR,True,15.0,81.66
17,BCR,False,inf,0.0
17,BCR,True,34.0,189.0
17,BCR,True,26.0,146.34
17,BCR,False,inf,0.0
17,BCR,True,26.0,144.37
17,BCR,True,10.0,45.95
17,BCR,True,18.0,96.95
17,BCR,True,19.0,108.15
17,BCR,True,23.0,135.2
17,BCR,False,inf,0.0
17,BCR,True,9.0,42.26
17,BCR,True,26.0,151.63
17,BCR,True,17.0,90.94
17,BCR,True,10.0,55.84
17,BCR,True,9.0,51.730000000000004
17,BCR,False,inf,0.0
17,BCR,True,3.0,16.84
17,BCR,False,inf,0.0
17,BCR,True,14.0,78.23
17,BCR,False,inf,0.0
17,BCR,True,12.0,61.33
17,BCR,True,20.0,109.05
17,BCR,True,33.0,165.04
17,BCR,True,1.0,2.98
17,BCR,True,7.0,38.01
17,BCR,False,inf,0.0
17,BCR,True,30.0,165.21
17,BCR,True,28.0,152.07
17,BCR,True,34.0,185.22
17,BCR,True,6.0,27.43
17,BCR,False,inf,0.0
17,BCR,True,22.0,123.96000000000001
17,BCR,False,inf,0.0
17,BCR,True,5.0,17.28
17,BCR,True,14.0,87.02
17,BCR,False,inf,0.0
17,BCR,True,5.0,22.66
17,BCR,True,20.0,117.67
17,BCR,True,18.0,107.05
17,BCR,True,16.0,87.10000000000001
17,BCR,True,19.0,112.67999999999999
17,BCR,False,inf,0.0
17,BCR,True,4.0,19.830000000000002
17,BCR,False,inf,0.0
17,BCR,False,inf,0.0
17,BCR,True,6.0,32.44
17,BCR,True,17.0,91.49
17,BCR,True,2.0,10.25
17,BCR,True,15.0,87.14
17,BCR,False,inf,0.0
17,BCR,True,11.0,51.97
17,BCR,False,inf,0.0
17,BCR,True,12.0,63.86
17,BCR,True,23.0,120.22
17,BCR,True,10.0,57.74
17,BCR,False,inf,0.0
17,BCR,False,inf,0.0
17,BCR,True,9.0,42.61
17,BCR,True,21.0,120.10000000000001
17,BCR,False,inf,0.0
17,BCR,True,16.0,93.64
17,BCR,True,6.0,28.92
17,BCR,False,inf,0.0
17,BCR,True,29.0,160.2
17,BCR,False,inf,0.0
17,BCR,True,14.0,84.60000000000001
17,BCR,False,inf,0.0
17,BCR,True,34.0,188.92
17,BCR,True,34.0,188.45000000000002
17,BCR,True,15.0,82.32000000000001
17,BCR,False,inf,0.0
17,BCR,True,9.0,43.8
17,BCR,False,inf,0.0
17,BCR,True,34.0,188.61
17,BCR,True,3.0,20.14
17,BCR,True,13.0,66.23
17,BCR,True,6.0,27.810000000000002
17,BCR,True,27.0,154.64
17,BCR,False,inf,0.0
17,BCR,True,28.0,153.57
17,DCR,True,22.0,141.84
17,DCR,True,6.0,30.380000000000003
17,DCR,False,inf,0.0
17,DCR,True,31.0,196.17000000000002
17,DCR,False,inf,0.0
17,DCR,True,26.0,155.24
17,DCR,True,20.0,106.68
17,DCR,True,22.0,138.67
17,DCR,False,inf,0.0
17,DCR,True,6.0,40.56
17,DCR,False,inf,0.0
17,DCR,False,inf,0.0
17,DCR,True,30.0,169.12
17,DCR,True,16.0,99.22
17,DCR,False,inf,0.0
17,DCR,False,inf,0.0
17,DCR,False,inf,0.0
17,DCR,True,22.0,136.2
17,DCR,False,inf,0.0
17,DCR,True,24.0,148.27
17,DCR,True,9.0,53.76
17,DCR,True,30.0,171.84
17,DCR,False,inf,0.0
17,DCR,True,8.0,37.1
17,DCR,True,9.0,45.39
17,DCR,False,inf,0.0
17,DCR,True,32.0,179.73
17,DCR,False,inf,0.0
17,DCR,True,12.0,61.22
17,DCR,True,30.0,189.8
17,DCR,False,inf,0.0
17,DCR,True,22.0,139.82
17,DCR,True,4.0,26.84
17,DCR,True,21.0,132.32
17,DCR,False,inf,0.0
17,DCR,False,inf,0.0
17,DCR,False,inf,0.0
17,DCR,True,5.0,33.07
17,DCR,True,24.0,127.46
17,DCR,False,inf,0.0
17,DCR,False,inf,0.0
17,DCR,True,20.0,127.67
17,DCR,True,8.0,37.4
17,DCR,True,4.0,19.35
17,DCR,True,33.0,201.79
17,DCR,True,22.0,140.32
17,DCR,True,17.0,107.68
17,DCR,True,11.0,60.2
17,DCR,True,24.0,153.43
17,DCR,True,18.0,113.98
17,DCR,True,6.0,37.86
17,DCR,True,25.0,147.44
17,DCR,True,23.0,146.26
17,DCR,False,inf,0.0
17,DCR,True,14.0,82.13
17,DCR,False,inf,0.0
17,DCR,False,inf,0.0
17,DCR,True,2.0,9.15
17,DCR,False,inf,0.0
17,DCR,True,10.0,55.99
17,DCR,True,15.0,82.88
17,DCR,True,22.0,134.07
17,DCR,False,inf,0.0
17,DCR,False,inf,0.0
17,DCR,True,25.0,152.05
17,DCR,True,30.0,179.82
17,DCR,False,inf,0.0
17,DCR,False,inf,0.0
17,DCR,True,12.0,77.75
17,DCR,False,inf,0.0
17,DCR,False,inf,0.0
17,DCR,True,23.0,146.46
17,DCR,True,6.0,34.61
17,DCR,False,inf,0.0
17,DCR,True,18.0,97.13
17,DCR,False,inf,0.0
17,DCR,True,20.0,128.93
17,DCR,True,24.0,136.84
17,DCR,False,inf,0.0
17,DCR,False,inf,0.0
17,DCR,True,15.0,87.88
17,DCR,False,inf,0.0
17,DCR,True,10.0,57.76
17,DCR,True,4.0,19.88
17,DCR,True,10.0,54.92
17,DCR,True,15.0,97.31
17,DCR,False,inf,0.0
17,DCR,False,inf,0.0
17,DCR,True,11.0,54.53
17,DCR,True,21.0,119.96
17,DCR,True,26.0,154.26
17,DCR,True,7.0,39.31
17,DCR,True,27.0,164.01
17,DCR,True,5.0,29.66
17,DCR,True,14.0,76.56
17,DCR,False,inf,0.0
17,DCR,False,inf,0.0
17,DCR,True,22.0,146.72
17,DCR,True,30.0,158.32
17,DCR,True,8.0,36.03
17,DCR,True,4.0,19.56
17,DCR,True,29.0,174.04
17,DCR,True,5.0,28.06
17,DCR,False,inf,0.0
17,DCR,False,inf,0.0
17,DCR,True,17.0,108.01
17,DCR,True,20.0,123.67
17,DCR,True,1.0,9.88
17,DCR,False,inf,0.0
17,DCR,False,inf,0.0
17,DCR,True,18.0,104.48
17,DCR,False,inf,0.0
17,DCR,True,23.0,140.67000000000002
17,DCR,True,23.0,141.81
17,DCR,True,7.0,37.160000000000004
17,DCR,True,22.0,136.61
17,DCR,True,30.0,186.28
17,DCR,True,28.0,155.82
17,DCR,True,17.0,104.95
17,DCR,True,5.0,25.0
17,DCR,True,15.0,85.42
17,DCR,True,26.0,161.57
17,DCR,False,inf,0.0
17,DCR,False,inf,0.0
17,DCR,True,13.0,70.05
17,DCR,True,1.0,9.61
17,DCR,False,inf,0.0
17,DCR,False,inf,0.0
17,DCR,True,2.0,6.25
17,DCR,True,26.0,162.56
17,DCR,True,1.0,5.44
17,DCR,True,8.0,48.29
17,DCR,True,13.0,83.54
17,DCR,True,26.0,160.23
17,DCR,False,inf,0.0
17,DCR,True,32.0,179.73
17,DCR,True,33.0,174.03
17,DCR,False,inf,0.0
17,DCR,True,8.0,40.69
17,DCR,True,3.0,21.28
17,DCR,False,inf,0.0
17,DCR,True,26.0,163.37
17,DCR,True,2.0,7.98
17,DCR,False,inf,0.0
17,DCR,True,1.0,9.53
17,DCR,True,25.0,144.67
17,DCR,True,30.0,176.25
17,DCR,True,8.0,43.38
17,DCR,True,13.0,67.12
17,DCR,True,7.0,44.0
17,DCR,False,inf,0.0
17,DCR,True,26.0,157.49
17,DCR,True,30.0,179.42000000000002
17,DCR,False,inf,0.0
17,DCR,True,11.0,59.92
17,DCR,True,16.0,97.12
17,DCR,False,inf,0.0
17,DCR,False,inf,0.0
17,DCR,True,11.0,53.160000000000004
17,DCR,True,27.0,159.14000000000001
17,DCR,True,8.0,40.78
17,DCR,False,inf,0.0
17,DCR,True,19.0,128.9
17,DCR,False,inf,0.0
17,DCR,True,2.0,11.83
17,DCR,True,18.0,102.53
17,DCR,True,33.0,182.66
17,DCR,True,24.0,156.92000000000002
17,DCR,False,inf,0.0
17,DCR,True,2.0,15.84
17,DCR,True,21.0,131.51
17,DCR,False,inf,0.0
17,DCR,True,14.0,81.13
17,DCR,False,inf,0.0
17,DCR,True,18.0,104.48
17,DCR,True,15.0,90.21000000000001
17,DCR,True,20.0,132.44
17,DCR,True,31.0,173.68
17,DCR,False,inf,0.0
17,DCR,False,inf,0.0
17,DCR,True,12.0,77.75
17,DCR,False,inf,0.0
17,DCR,False,inf,0.0
17,DCR,True,26.0,153.61
17,DCR,False,inf,0.0
17,DCR,True,7.0,46.04
17,DCR,True,1.0,9.08
17,DCR,True,17.0,110.41
17,DCR,True,13.0,70.05
17,DCR,True,20.0,130.87
17,DCR,True,8.0,35.93
17,DCR,True,7.0,29.87
17,DCR,True,12.0,61.57
17,DCR,False,inf,0.0
17,DCR,True,33.0,197.94
17,DCR,False,inf,0.0
17,DCR,True,12.0,75.46000000000001
17,DCR,True,30.0,176.25
17,DCR,True,3.0,21.28
17,DCR,False,inf,0.0
17,DCR,True,22.0,139.06
17,DCR,True,30.0,171.84
17,DCR,True,4.0,15.38
17,DCR,False,inf,0.0
17,DCR,True,8.0,45.46
17,DCR,True,17.0,106.95
17,DCR,True,14.0,84.76
17,DCR,True,11.0,52.08
17,DCR,True,25.0,155.03
17,DCR,True,26.0,166.82
17,DCR,True,13.0,82.08
17,DCR,False,inf,0.0
17,DCR,True,14.0,93.74000000000001
17,DCR,False,inf,0.0
17,DCR,True,17.0,110.43
17,DCR,True,21.0,137.39000000000001
17,DCR,False,inf,0.0
17,DCR,True,15.0,82.88
17,DCR,True,2.0,12.2
17,DCR,True,29.0,176.67
17,DCR,False,inf,0.0
17,DCR,False,inf,0.0
17,DCR,True,5.0,30.17
17,DCR,True,11.0,60.2
17,DCR,False,inf,0.0
17,DCR,True,19.0,106.88
17,DCR,True,6.0,24.53
17,DCR,True,15.0,83.3
17,DCR,True,4.0,28.630000000000003
17,DCR,True,21.0,108.42
17,DCR,True,19.0,130.26
17,DCR,True,16.0,93.3
17,DCR,False,inf,0.0
17,DCR,True,11.0,64.99000000000001
17,DCR,True,29.0,163.22
17,DCR,True,14.0,89.55
17,DCR,True,5.0,30.580000000000002
17,DCR,False,inf,0.0
17,DCR,True,19.0,114.56
17,DCR,False,inf,0.0
17,DCR,True,16.0,106.3
17,DCR,True,33.0,202.04
17,DCR,True,19.0,112.34
17,DCR,True,13.0,70.32000000000001
17,DCR,True,23.0,139.44
17,DCR,True,28.0,173.77
17,DCR,True,31.0,199.69
17,DCR,True,8.0,41.61
17,DCR,False,inf,0.0
17,DCR,True,24.0,148.56
17,DCR,True,11.0,75.57000000000001
17,DCR,True,21.0,124.26
17,DCR,True,13.0,79.60000000000001
17,DCR,False,inf,0.0
17,DCR,True,13.0,73.06
17,DCR,True,18.0,106.12
17,DCR,False,inf,0.0
17,DCR,True,26.0,154.26
17,DCR,True,1.0,1.46
17,DCR,False,inf,0.0
17,DCR,True,27.0,166.39000000000001
17,DCR,True,11.0,61.78
17,DCR,False,inf,0.0
17,DCR,True,14.0,90.91
17,DCR,True,22.0,139.85
17,DCR,True,8.0,44.5
17,DCR,True,24.0,155.77
17,DCR,True,18.0,105.14
17,DCR,True,23.0,141.47
17,DCR,True,20.0,123.67
17,DCR,True,4.0,20.51
17,DCR,True,5.0,30.580000000000002
17,DCR,False,inf,0.0
17,DCR,True,4.0,17.68
17,DCR,False,inf,0.0
17,DCR,True,25.0,149.97
17,DCR,False,inf,0.0
17,DCR,False,inf,0.0
17,DCR,False,inf,0.0
17,DCR,True,3.0,21.28
17,DCR,False,inf,0.0
17,DCR,True,9.0,37.78
17,DCR,True,6.0,29.51
17,DCR,True,18.0,122.67
17,DCR,True,28.0,163.51
17,DCR,False,inf,0.0
17,DCR,False,inf,0.0
17,DCR,False,inf,0.0
17,DCR,False,inf,0.0
17,DCR,True,19.0,116.99000000000001
17,DCR,True,26.0,153.61
17,DCR,True,3.0,18.060000000000002
17,DCR,True,14.0,76.56
17,DCR,True,16.0,80.51
17,DCR,False,inf,0.0
17,DCR,False,inf,0.0
17,DCR,True,26.0,147.7
17,DCR,False,inf,0.0
17,DCR,True,15.0,98.01
17,DCR,True,17.0,114.03
17,DCR,True,10.0,67.09
17,DCR,False,inf,0.0
17,DCR,False,inf,0.0
17,DCR,False,inf,0.0
17,DCR,False,inf,0.0
17,DCR,True,12.0,67.11
17,DCR,True,25.0,157.32
17,DCR,True,34.0,202.18
17,DCR,True,22.0,141.84
17,DCR,True,16.0,105.55
17,DCR,True,3.0,18.66
17,DCR,False,inf,0.0
17,DCR,True,26.0,163.37
17,DCR,True,16.0,110.28
17,DCR,True,11.0,62.31
17,DCR,True,12.0,61.22
17,DCR,True,13.0,77.11
17,DCR,False,inf,0.0
17,DCR,True,30.0,169.12
17,DCR,False,inf,0.0
17,DCR,False,inf,0.0
17,DCR,True,3.0,15.81
17,DCR,True,10.0,48.46
17,DCR,True,1.0,9.88
17,DCR,True,25.0,160.77
17,DCR,True,23.0,141.81
17,DCR,True,18.0,110.78
17,DCR,False,inf,0.0
17,DCR,True,13.0,69.79
17,DCR,True,3.0,18.75
17,DCR,True,11.0,52.22
17,DCR,True,2.0,13.17
17,DCR,True,16.0,84.08
17,DCR,False,inf,0.0
17,DCR,False,inf,0.0
17,DCR,False,inf,0.0
17,DCR,False,inf,0.0
17,DCR,True,1.0,6.23
17,DCR,True,9.0,48.76
17,DCR,True,21.0,133.26
17,DCR,False,inf,0.0
17,DCR,True,11.0,64.5
17,DCR,False,inf,0.0
17,DCR,True,3.0,17.27
17,DCR,False,inf,0.0
17,DCR,False,inf,0.0
17,DCR,True,5.0,24.65
17,DCR,False,inf,0.0
17,DCR,False,inf,0.0
17,DCR,True,3.0,9.32
17,DCR,True,25.0,154.45
17,DCR,False,inf,0.0
17,DCR,False,inf,0.0
17,DCR,True,13.0,76.87
17,DCR,False,inf,0.0
17,DCR,False,inf,0.0
17,DCR,True,5.0,33.14
17,DCR,False,inf,0.0
17,DCR,False,inf,0.0
17,DCR,False,inf,0.0
17,DCR,True,9.0,57.28
17,DCR,False,inf,0.0
17,DCR,False,inf,0.0
17,DCR,True,22.0,134.98
17,DCR,True,4.0,20.37
17,DCR,True,12.0,77.14
17,DCR,True,25.0,155.94
17,DCR,True,18.0,119.22
17,DCR,False,inf,0.0
17,DCR,True,8.0,37.4
17,DCR,True,29.0,184.32
17,DCR,True,24.0,132.89000000000001
17,DCR,True,25.0,164.17000000000002
17,DCR,False,inf,0.0
17,DCR,False,inf,0.0
17,DCR,True,2.0,6.82
17,DCR,True,13.0,76.31
17,DCR,True,20.0,122.60000000000001
17,DCR,True,33.0,196.64000000000001
17,DCR,True,24.0,144.53
17,DCR,False,inf,0.0
17,DCR,False,inf,0.0
17,DCR,True,15.0,85.43
17,DCR,False,inf,0.0
17,DCR,True,22.0,133.97
17,DCR,True,25.0,136.88
17,DCR,True,5.0,30.17
17,DCR,True,9.0,37.65
17,DCR,True,26.0,170.22
17,DCR,True,22.0,120.17
17,DCR,False,inf,0.0
17,DCR,True,3.0,18.580000000000002
17,DCR,True,7.0,29.87
17,DCR,True,1.0,4.18
17,DCR,True,4.0,14.54
17,DCR,False,inf,0.0
17,DCR,False,inf,0.0
17,DCR,True,29.0,166.63
17,DCR,True,17.0,102.35000000000001
17,DCR,True,22.0,127.38
17,DCR,True,2.0,7.73
17,DCR,True,1.0,6.91
17,DCR,False,inf,0.0
17,DCR,True,12.0,75.31
17,DCR,True,2.0,8.4
17,DCR,False,inf,0.0
17,DCR,True,31.0,193.44
17,DCR,False,inf,0.0
17,DCR,True,26.0,163.16
17,DCR,True,15.0,82.88
17,DCR,False,inf,0.0
17,DCR,False,inf,0.0
17,DCR,False,inf,0.0
17,DCR,True,23.0,146.65
17,DCR,True,25.0,155.06
17,DCR,True,12.0,68.65
17,DCR,False,inf,0.0
17,DCR,False,inf,0.0
17,DCR,True,13.0,85.13
17,DCR,True,2.0,8.4
17,DCR,True,2.0,8.69
17,DCR,False,inf,0.0
17,DCR,False,inf,0.0
17,DCR,False,inf,0.0
17,DCR,False,inf,0.0
17,DCR,True,2.0,8.950000000000001
17,DCR,True,6.0,31.55
17,DCR,True,25.0,155.86
17,DCR,False,inf,0.0
17,DCR,True,24.0,148.56
17,DCR,False,inf,0.0
17,DCR,True,2.0,13.27
17,DCR,True,4.0,16.42
17,DCR,True,14.0,97.23
17,DCR,False,inf,0.0
17,DCR,False,inf,0.0
17,DCR,True,30.0,171.84
17,DCR,True,19.0,119.67
17,DCR,True,11.0,61.17
17,DCR,True,16.0,105.55
17,DCR,True,31.0,199.77
17,DCR,True,13.0,73.33
17,DCR,False,inf,0.0
17,DCR,True,13.0,77.06
17,DCR,True,21.0,133.43
17,DCR,True,1.0,8.99
17,DCR,True,3.0,9.9
17,DCR,True,5.0,28.55
17,DCR,False,inf,0.0
17,DCR,True,35.0,208.08
17,DCR,True,6.0,28.57
17,DCR,True,2.0,8.530000000000001
17,DCR,False,inf,0.0
17,DCR,True,28.0,164.29
17,DCR,True,2.0,19.4
17,DCR,True,3.0,10.030000000000001
17,DCR,True,19.0,118.82000000000001
17,DCR,True,5.0,32.52
17,DCR,True,23.0,140.67000000000002
17,DCR,True,26.0,142.36
17,DCR,True,26.0,170.22
17,DCR,True,8.0,40.910000000000004
17,DCR,False,inf,0.0
17,DCR,False,inf,0.0
17,DCR,True,25.0,158.39000000000001
17,DCR,True,21.0,131.14000000000001
17,DCR,True,9.0,53.76
17,DCR,False,inf,0.0
17,DCR,True,13.0,74.37
17,DCR,True,15.0,84.67
17,DCR,True,8.0,37.1
17,DCR,True,23.0,146.26
17,DCR,False,inf,0.0
17,DCR,True,20.0,132.44
17,DCR,True,12.0,63.010000000000005
17,DCR,False,inf,0.0
17,DCR,False,inf,0.0
17,DCR,True,15.0,82.62
17,DCR,False,inf,0.0
17,DCR,True,10.0,50.33
17,DCR,True,15.0,90.21000000000001
17,DCR,True,22.0,123.17
17,DCR,True,9.0,55.550000000000004
17,DCR,False,inf,0.0
17,DCR,False,inf,0.0
17,DCR,False,inf,0.0
17,DCR,True,25.0,135.82
17,DCR,False,inf,0.0
17,DCR,True,23.0,149.43
17,DCR,True,25.0,152.05
17,DCR,True,16.0,101.68
17,DCR,False,inf,0.0
17,DCR,False,inf,0.0
17,DCR,False,inf,0.0
17,DCR,False,inf,0.0
17,DCR,True,13.0,77.06
17,DCR,False,inf,0.0
17,DCR,False,inf,0.0
17,DCR,True,26.0,148.21
17,DCR,False,inf,0.0
17,DCR,True,22.0,140.32
17,DCR,False,inf,0.0
17,DCR,True,8.0,45.46
17,DCR,False,inf,0.0
17,DCR,False,inf,0.0
17,DCR,True,1.0,3.09
17,DCR,True,9.0,56.75
17,DCR,True,8.0,46.21
17,DCR,False,inf,0.0
17,DCR,False,inf,0.0
17,DCR,False,inf,0.0
17,DCR,True,13.0,72.92
17,DCR,False,inf,0.0
17,DCR,False,inf,0.0
17,DCR,True,28.0,171.38
17,DCR,True,27.0,157.59
17,DCR,False,inf,0.0
17,DCR,True,1.0,8.5
17,DCR,True,3.0,9.9
17,DCR,True,15.0,100.75
17,DCR,False,inf,0.0
17,DCR,True,3.0,11.38
17,DCR,True,8.0,40.050000000000004
17,DCR,True,8.0,51.58
17,DCR,True,21.0,119.96
17,DCR,True,28.0,164.58
17,DCR,True,8.0,42.36
17,DCR,True,15.0,90.99
17,DCR,True,26.0,161.02
17,DCR,True,32.0,179.73
17,DCR,True,13.0,73.86
17,DCR,False,inf,0.0
17,DCR,True,11.0,52.58
17,DCR,True,6.0,37.96
17,DCR,True,14.0,83.81
17,DCR,True,3.0,18.580000000000002
17,DCR,True,32.0,203.56
17,DCR,False,inf,0.0
17,DCR,True,27.0,152.89000000000001
17,DCR,True,13.0,85.60000000000001
17,DCR,True,13.0,68.16
17,DCR,True,6.0,37.050000000000004
17,DCR,True,11.0,52.58
17,DCR,True,14.0,82.13
17,DCR,False,inf,0.0
17,DCR,False,inf,0.0
17,DCR,False,inf,0.0
17,DCR,False,inf,0.0
17,DCR,True,27.0,164.72
17,DCR,False,inf,0.0
17,DCR,True,17.0,110.41
17,DCR,False,inf,0.0
17,DCR,True,1.0,3.09
17,DCR,False,inf,0.0
17,DCR,False,inf,0.0
17,DCR,False,inf,0.0
17,DCR,False,inf,0.0
17,DCR,True,3.0,18.66
17,DCR,True,31.0,199.77
17,DCR,True,3.0,19.8
17,DCR,False,inf,0.0
17,DCR,True,33.0,196.64000000000001
17,DCR,True,8.0,37.4
17,DCR,False,inf,0.0
17,DCR,False,inf,0.0
17,DCR,False,inf,0.0
17,DCR,True,15.0,104.03
17,DCR,True,33.0,198.56
17,DCR,True,12.0,71.83
17,DCR,False,inf,0.0
17,DCR,True,19.0,102.5
17,DCR,True,31.0,196.17000000000002
17,DCR,True,1.0,9.86
17,DCR,True,22.0,139.91
17,DCR,True,12.0,79.36
17,DCR,True,9.0,44.47
17,DCR,False,inf,0.0
17,DCR,False,inf,0.0
17,DCR,False,inf,0.0
17,DCR,True,10.0,57.47
17,DCR,False,inf,0.0
17,DCR,False,inf,0.0
17,DCR,True,25.0,149.97
17,DCR,False,inf,0.0
17,DCR,False,inf,0.0
17,DCR,True,12.0,71.83
17,DCR,False,inf,0.0
17,DCR,False,inf,0.0
17,DCR,True,18.0,111.7
17,DCR,True,26.0,146.84
17,DCR,False,inf,0.0
17,DCR,True,4.0,25.66
17,DCR,False,inf,0.0
17,DCR,True,13.0,83.3
17,DCR,True,5.0,22.1
17,DCR,True,17.0,96.7
17,DCR,True,14.0,81.58
17,DCR,False,inf,0.0
17,DCR,True,16.0,98.95
17,DCR,True,24.0,129.22
17,DCR,False,inf,0.0
17,DCR,False,inf,0.0
17,DCR,True,32.0,188.74
17,DCR,True,9.0,50.5
17,DCR,True,9.0,47.21
17,DCR,False,inf,0.0
17,DCR,False,inf,0.0
17,DCR,True,19.0,119.83
17,DCR,False,inf,0.0
17,DCR,True,15.0,95.24
17,DCR,True,29.0,176.65
17,DCR,True,4.0,28.630000000000003
17,DCR,True,7.0,33.47
17,DCR,False,inf,0.0
17,DCR,False,inf,0.0
17,DCR,True,17.0,105.16
17,DCR,True,25.0,154.79
17,DCR,True,13.0,65.01
17,DCR,True,4.0,23.29
17,DCR,True,26.0,148.21
17,DCR,True,17.0,101.34
17,DCR,True,9.0,44.47
17,DCR,True,19.0,119.63
17,DCR,True,9.0,56.75
17,DCR,False,inf,0.0
17,DCR,False,inf,0.0
17,DCR,False,inf,0.0
17,DCR,False,inf,0.0
17,DCR,False,inf,0.0
17,DCR,False,inf,0.0
17,DCR,True,8.0,41.05
17,DCR,False,inf,0.0
17,DCR,True,15.0,90.99
17,DCR,False,inf,0.0
17,DCR,False,inf,0.0
17,DCR,False,inf,0.0
17,DCR,True,3.0,19.8
17,DCR,True,20.0,100.83
17,DCR,True,8.0,40.69
17,DCR,False,inf,0.0
17,DCR,True,28.0,143.5
17,DCR,True,16.0,97.12
17,DCR,False,inf,0.0
17,DCR,False,inf,0.0
17,DCR,False,inf,0.0
17,DCR,True,8.0,32.94
17,DCR,False,inf,0.0
17,DCR,True,8.0,35.480000000000004
17,DCR,False,inf,0.0
17,DCR,True,28.0,168.3
17,DCR,False,inf,0.0
17,DCR,True,16.0,96.39
17,DCR,False,inf,0.0
17,DCR,True,26.0,158.4
17,DCR,True,26.0,164.29
17,DCR,True,5.0,21.68
17,DCR,True,4.0,13.99
17,DCR,True,17.0,92.26
17,DCR,True,12.0,66.07000000000001
17,DCR,False,inf,0.0
17,DCR,True,1.0,8.99
17,DCR,True,7.0,38.980000000000004
17,DCR,True,2.0,12.100000000000001
17,DCR,False,inf,0.0
17,DCR,True,4.0,20.08
17,DCR,True,17.0,106.95
17,DCR,True,4.0,16.26
17,DCR,False,inf,0.0
17,DCR,True,20.0,119.53
17,DCR,False,inf,0.0
17,DCR,True,6.0,39.13
17,DCR,False,inf,0.0
17,DCR,True,10.0,56.18
17,DCR,True,27.0,169.75
17,DCR,True,19.0,122.88
17,DCR,True,1.0,4.77
17,DCR,False,inf,0.0
17,DCR,True,18.0,111.36
17,DCR,True,21.0,108.42
17,DCR,False,inf,0.0
17,DCR,True,19.0,114.61
17,DCR,False,inf,0.0
17,DCR,True,27.0,165.59
17,DCR,False,inf,0.0
17,DCR,True,5.0,29.470000000000002
17,DCR,True,2.0,14.07
17,DCR,True,23.0,139.81
17,DCR,True,24.0,136.84
17,DCR,True,7.0,38.31
17,DCR,True,22.0,146.72
17,DCR,True,5.0,32.52
17,DCR,True,22.0,146.72
17,DCR,False,inf,0.0
17,DCR,True,15.0,88.15
17,DCR,False,inf,0.0
17,DCR,False,inf,0.0
17,DCR,False,inf,0.0
17,DCR,True,16.0,89.7
17,DCR,True,18.0,110.8
17,DCR,True,12.0,76.06
17,DCR,True,23.0,139.92000000000002
17,DCR,True,28.0,168.17000000000002
17,DCR,True,5.0,21.68
17,DCR,False,inf,0.0
17,DCR,True,9.0,44.47
17,DCR,True,25.0,155.86
17,DCR,True,29.0,176.67
17,DCR,True,26.0,157.49
17,DCR,True,30.0,179.61
17,DCR,False,inf,0.0
17,DCR,True,22.0,125.44
17,DCR,True,14.0,82.33
17,DCR,False,inf,0.0
17,DCR,False,inf,0.0
17,DCR,True,11.0,59.84
17,DCR,True,15.0,91.76
17,DCR,True,1.0,5.6
17,DCR,True,29.0,177.83
17,DCR,False,inf,0.0
17,DCR,True,29.0,181.55
17,DCR,False,inf,0.0
17,DCR,False,inf,0.0
17,DCR,True,30.0,180.95
17,DCR,True,22.0,138.33
17,DCR,True,19.0,119.63
17,DCR,True,26.0,161.08
17,DCR,True,7.0,50.35
17,DCR,False,inf,0.0
17,DCR,False,inf,0.0
17,DCR,True,5.0,32.99
17,DCR,True,20.0,139.77
17,DCR,False,inf,0.0
17,DCR,True,10.0,50.33
17,DCR,False,inf,0.0
17,DCR,True,10.0,61.010000000000005
17,DCR,True,23.0,139.81
17,DCR,False,inf,0.0
17,DCR,False,inf,0.0
17,DCR,False,inf,0.0
17,DCR,False,inf,0.0
17,DCR,True,21.0,108.42
17,DCR,True,7.0,31.75
17,DCR,True,16.0,97.39
17,DCR,True,22.0,146.24
17,DCR,True,3.0,17.32
17,DCR,True,14.0,72.57000000000001
17,DCR,True,16.0,89.82000000000001
17,DCR,True,16.0,97.41
17,DCR,True,21.0,127.21000000000001
17,DCR,True,16.0,99.59
17,DCR,True,12.0,74.04
17,DCR,True,25.0,144.67
17,DCR,True,10.0,56.94
17,DCR,True,17.0,107.68
17,DCR,True,19.0,121.58
17,DCR,True,25.0,149.05
17,DCR,True,4.0,17.92
17,DCR,True,20.0,120.34
17,DCR,True,32.0,169.18
17,DCR,True,26.0,160.23
17,DCR,True,27.0,159.14000000000001
17,DCR,False,inf,0.0
17,DCR,True,11.0,61.370000000000005
17,DCR,False,inf,0.0
17,DCR,True,23.0,129.33
17,DCR,True,15.0,90.09
17,DCR,True,33.0,182.66
17,DCR,True,6.0,31.75
17,DCR,False,inf,0.0
17,DCR,False,inf,0.0
17,DCR,True,6.0,38.96
17,DCR,False,inf,0.0
17,DCR,False,inf,0.0
17,DCR,True,2.0,8.69
17,DCR,True,7.0,42.78
17,DCR,True,22.0,139.82
17,DCR,False,inf,0.0
17,DCR,False,inf,0.0
17,DCR,False,inf,0.0
17,DCR,False,inf,0.0
17,DCR,False,inf,0.0
17,DCR,True,21.0,136.92000000000002
17,DCR,False,inf,0.0
17,DCR,False,inf,0.0
17,DCR,False,inf,0.0
17,DCR,True,15.0,87.88
17,DCR,True,23.0,138.67
17,DCR,True,14.0,84.76
17,DCR,False,inf,0.0
17,DCR,True,22.0,138.11
17,DCR,False,inf,0.0
17,DCR,True,12.0,68.65
17,DCR,True,24.0,129.22
17,DCR,False,inf,0.0
17,DCR,False,inf,0.0
17,DCR,True,25.0,145.12
17,DCR,True,22.0,123.17
17,DCR,False,inf,0.0
17,DCR,True,22.0,138.87
17,DCR,True,31.0,185.76
17,DCR,True,32.0,169.18
17,DCR,False,inf,0.0
17,DCR,True,23.0,137.76
17,DCR,True,7.0,45.04
17,DCR,True,19.0,119.67
17,DCR,True,3.0,17.32
17,DCR,True,17.0,92.26
17,DCR,True,17.0,97.74
17,DCR,True,10.0,48.46
17,DCR,True,14.0,97.23
17,DCR,True,28.0,173.53
17,DCR,False,inf,0.0
17,DCR,True,31.0,173.83
17,DCR,True,14.0,84.76
17,DCR,True,20.0,119.53
17,DCR,True,28.0,149.75
17,DCR,True,13.0,70.05
17,DCR,True,25.0,154.63
17,DCR,True,7.0,39.31
17,DCR,True,11.0,63.84
17,DCR,True,16.0,105.35000000000001
17,DCR,True,20.0,124.19
17,DCR,False,inf,0.0
17,DCR,True,13.0,67.12
17,DCR,True,26.0,161.08
17,DCR,False,inf,0.0
17,DCR,True,12.0,68.2
17,DCR,False,inf,0.0
17,DCR,False,inf,0.0
17,DCR,True,29.0,166.36
17,DCR,True,21.0,127.97
17,DCR,True,15.0,103.63
17,DCR,True,5.0,30.580000000000002
17,DCR,True,33.0,179.88
17,DCR,False,inf,0.0
17,DCR,True,3.0,13.170000000000002
17,DCR,True,25.0,157.32
17,DCR,False,inf,0.0
17,DCR,True,23.0,125.8
17,DCR,False,inf,0.0
17,DCR,False,inf,0.0
17,DCR,False,inf,0.0
17,DCR,True,11.0,52.08
17,DCR,True,7.0,36.24
17,DCR,True,17.0,107.62
17,DCR,False,inf,0.0
17,DCR,False,inf,0.0
17,DCR,True,8.0,50.22
17,DCR,True,23.0,148.22
17,DCR,False,inf,0.0
17,DCR,False,inf,0.0
17,DCR,True,24.0,131.17000000000002
17,DCR,True,27.0,154.11
17,DCR,True,19.0,91.32000000000001
17,DCR,False,inf,0.0
17,DCR,True,11.0,64.5
17,DCR,True,26.0,163.37
17,DCR,True,1.0,8.18
17,DCR,True,27.0,173.15
17,DCR,False,inf,0.0
17,DCR,True,1.0,8.13
17,DCR,True,13.0,85.13
17,DCR,False,inf,0.0
17,DCR,False,inf,0.0
17,DCR,False,inf,0.0
17,DCR,False,inf,0.0
17,DCR,True,18.0,110.78
17,DCR,False,inf,0.0
17,DCR,True,27.0,144.12
17,DCR,True,13.0,83.54
17,DCR,False,inf,0.0
17,DCR,False,inf,0.0
17,DCR,True,14.0,91.84
17,DCR,True,2.0,9.09
17,DCR,False,inf,0.0
17,DCR,False,inf,0.0
17,DCR,True,16.0,97.12
17,DCR,True,8.0,43.77
17,DCR,True,13.0,74.41
17,DCR,True,20.0,134.27
17,DCR,False,inf,0.0
17,DCR,True,2.0,16.54
17,DCR,False,inf,0.0
17,DCR,True,13.0,85.68
17,DCR,True,9.0,48.52
17,DCR,True,25.0,131.7
17,DCR,False,inf,0.0
17,DCR,True,5.0,27.04
17,DCR,False,inf,0.0
17,DCR,True,26.0,158.27
17,DCR,True,3.0,9.9
17,DCR,False,inf,0.0
17,DCR,False,inf,0.0
17,DCR,False,inf,0.0
17,DCR,True,26.0,147.7
17,DCR,True,13.0,76.54
17,DCR,False,inf,0.0
17,DCR,True,10.0,50.33
17,DCR,False,inf,0.0
17,DCR,False,inf,0.0
17,DCR,True,10.0,49.300000000000004
17,DCR,True,18.0,111.44
17,DCR,True,3.0,18.3
17,DCR,False,inf,0.0
17,DCR,True,12.0,68.52
17,DCR,True,20.0,124.43
17,DCR,True,19.0,120.78
17,DCR,True,15.0,99.41
17,DCR,True,6.0,38.96
17,DCR,True,11.0,65.52
17,DCR,True,1.0,5.9
17,DCR,True,18.0,111.7
17,DCR,False,inf,0.0
17,DCR,False,inf,0.0
17,DCR,True,24.0,140.56
17,DCR,False,inf,0.0
17,DCR,True,6.0,36.57
17,DCR,True,22.0,137.41
17,DCR,True,5.0,29.79
17,DCR,False,inf,0.0
17,DCR,True,21.0,108.42
17,DCR,True,12.0,61.57
17,DCR,True,26.0,170.22
17,DCR,True,17.0,110.43
17,DCR,True,3.0,14.530000000000001
17,DCR,False,inf,0.0
17,DCR,True,20.0,126.14
17,DCR,True,19.0,114.56
17,DCR,True,19.0,121.68
17,DCR,False,inf,0.0
17,DCR,True,23.0,149.43
17,DCR,False,inf,0.0
17,DCR,True,25.0,145.12
17,DCR,True,3.0,13.05
17,DCR,True,2.0,12.100000000000001
17,DCR,False,inf,0.0
17,DCR,False,inf,0.0
17,DCR,True,5.0,22.1
17,DCR,False,inf,0.0
17,DCR,True,22.0,120.17
17,DCR,True,18.0,119.22
17,DCR,True,21.0,131.51
17,DCR,True,12.0,78.24000000000001
17,DCR,True,2.0,9.76
17,DCR,False,inf,0.0
17,DCR,False,inf,0.0
17,DCR,True,1.0,5.6
17,DCR,True,23.0,126.10000000000001
17,DCR,False,inf,0.0
17,DCR,False,inf,0.0
17,DCR,True,12.0,68.52
17,DCR,True,6.0,37.7
17,DCR,False,inf,0.0
17,DCR,True,10.0,55.910000000000004
17,DCR,True,32.0,199.96
17,DCR,False,inf,0.0
17,DCR,True,33.0,197.94
17,DCR,True,14.0,88.24
17,DCR,True,15.0,98.02
17,DCR,False,inf,0.0
17,DCR,False,inf,0.0
17,DCR,False,inf,0.0
17,DCR,True,7.0,42.78
17,DCR,False,inf,0.0
17,DCR,False,inf,0.0
17,DCR,True,1.0,8.13
17,DCR,False,inf,0.0
17,DCR,True,19.0,122.44
17,DCR,True,26.0,161.03
17,DCR,True,27.0,152.63
17,DCR,True,28.0,168.3
17,DCR,False,inf,0.0
17,DCR,True,5.0,30.580000000000002
17,DCR,True,17.0,101.36
17,DCR,False,inf,0.0
17,DCR,True,18.0,110.60000000000001
17,DCR,True,29.0,192.66
17,DCR,False,inf,0.0
17,DCR,True,29.0,181.55
17,DCR,False,inf,0.0
17,DCR,False,inf,0.0
17,DCR,True,6.0,27.580000000000002
17,DCR,False,inf,0.0
17,DCR,False,inf,0.0
17,DCR,True,27.0,173.15
17,DCR,True,11.0,59.92
17,DCR,True,9.0,53.980000000000004
17,DCR,True,14.0,82.28
17,DCR,True,21.0,124.08
17,DCR,False,inf,0.0
17,DCR,True,24.0,156.21
17,DCR,True,21.0,133.43
17,DCR,True,21.0,134.27
17,DCR,True,16.0,105.49
17,DCR,True,9.0,42.21
17,DCR,True,3.0,17.27
17,DCR,True,7.0,45.04
17,DCR,True,1.0,1.59
17,DCR,True,3.0,20.86
17,DCR,False,inf,0.0
17,CCR,False,inf,0.0
17,CCR,False,inf,0.0
17,CCR,False,inf,0.0
17,CCR,False,inf,0.0
17,CCR,False,inf,0.0
17,CCR,True,28.0,165.27
17,CCR,False,inf,0.0
17,CCR,True,13.0,80.43
17,CCR,True,1.0,5.44
17,CCR,False,inf,0.0
17,CCR,True,14.0,85.15
17,CCR,False,inf,0.0
17,CCR,False,inf,0.0
17,CCR,False,inf,0.0
17,CCR,True,5.0,25.240000000000002
17,CCR,False,inf,0.0
17,CCR,False,inf,0.0
17,CCR,True,3.0,19.85
17,CCR,False,inf,0.0
17,CCR,True,25.0,135.05
17,CCR,False,inf,0.0
17,CCR,False,inf,0.0
17,CCR,True,15.0,97.64
17,CCR,True,5.0,22.68
17,CCR,False,inf,0.0
17,CCR,True,23.0,118.27
17,CCR,False,inf,0.0
17,CCR,True,15.0,86.7
17,CCR,True,5.0,29.52
17,CCR,True,12.0,56.26
17,CCR,True,28.0,151.66
17,CCR,True,21.0,120.39
17,CCR,True,1.0,7.26
17,CCR,True,6.0,30.26
17,CCR,False,inf,0.0
17,CCR,True,2.0,11.620000000000001
17,CCR,False,inf,0.0
17,CCR,False,inf,0.0
17,CCR,True,30.0,175.01
17,CCR,False,inf,0.0
17,CCR,True,10.0,47.93
17,CCR,False,inf,0.0
17,CCR,True,5.0,18.45
17,CCR,True,1.0,1.26
17,CCR,False,inf,0.0
17,CCR,False,inf,0.0
17,CCR,False,inf,0.0
17,CCR,True,23.0,130.11
17,CCR,True,10.0,63.15
17,CCR,False,inf,0.0
17,CCR,False,inf,0.0
17,CCR,False,inf,0.0
17,CCR,False,inf,0.0
17,CCR,False,inf,0.0
17,CCR,True,16.0,101.33
17,CCR,True,7.0,26.86
17,CCR,True,6.0,34.2
17,CCR,True,20.0,118.9
17,CCR,False,inf,0.0
17,CCR,True,10.0,42.7
17,CCR,False,inf,0.0
17,CCR,False,inf,0.0
17,CCR,True,2.0,16.68
17,CCR,False,inf,0.0
17,CCR,True,27.0,153.59
17,CCR,False,inf,0.0
17,CCR,True,8.0,43.160000000000004
17,CCR,False,inf,0.0
17,CCR,False,inf,0.0
17,CCR,True,7.0,28.57
17,CCR,False,inf,0.0
17,CCR,True,16.0,95.08
17,CCR,True,20.0,121.2
17,CCR,True,28.0,163.11
17,CCR,False,inf,0.0
17,CCR,False,inf,0.0
17,CCR,True,15.0,80.72
17,CCR,False,inf,0.0
17,CCR,True,3.0,23.84
17,CCR,True,6.0,30.490000000000002
17,CCR,False,inf,0.0
17,CCR,True,21.0,121.94
17,CCR,True,3.0,9.48
17,CCR,True,17.0,93.69
17,CCR,True,1.0,1.75
17,CCR,False,inf,0.0
17,CCR,False,inf,0.0
17,CCR,False,inf,0.0
17,CCR,True,1.0,6.18
17,CCR,True,22.0,127.51
17,CCR,False,inf,0.0
17,CCR,True,15.0,80.72
17,CCR,True,15.0,93.65
17,CCR,True,24.0,133.62
17,CCR,True,16.0,88.25
17,CCR,True,2.0,7.65
17,CCR,True,18.0,98.45
17,CCR,True,6.0,37.95
17,CCR,True,1.0,8.5
17,CCR,False,inf,0.0
17,CCR,False,inf,0.0
17,CCR,False,inf,0.0
17,CCR,False,inf,0.0
17,CCR,True,22.0,116.73
17,CCR,True,27.0,162.21
17,CCR,True,7.0,32.97
17,CCR,False,inf,0.0
17,CCR,False,inf,0.0
17,CCR,False,inf,0.0
17,CCR,True,16.0,82.51
17,CCR,False,inf,0.0
17,CCR,True,19.0,102.31
17,CCR,False,inf,0.0
17,CCR,False,inf,0.0
17,CCR,True,6.0,23.86
17,CCR,True,20.0,109.18
17,CCR,True,5.0,25.79
17,CCR,True,17.0,102.08
17,CCR,False,inf,0.0
17,CCR,True,11.0,61.26
17,CCR,True,7.0,34.190000000000005
17,CCR,True,3.0,18.19
17,CCR,False,inf,0.0
17,CCR,True,21.0,124.01
17,CCR,True,31.0,168.93
17,CCR,True,11.0,56.400000000000006
17,CCR,False,inf,0.0
17,CCR,False,inf,0.0
17,CCR,True,13.0,63.81
17,CCR,True,19.0,105.31
17,CCR,True,19.0,107.29
17,CCR,True,6.0,23.86
17,CCR,False,inf,0.0
17,CCR,False,inf,0.0
17,CCR,True,27.0,155.85
17,CCR,False,inf,0.0
17,CCR,True,19.0,110.05
17,CCR,True,16.0,86.42
17,CCR,True,28.0,161.75
17,CCR,False,inf,0.0
17,CCR,True,28.0,165.27
17,CCR,False,inf,0.0
17,CCR,False,inf,0.0
17,CCR,False,inf,0.0
17,CCR,False,inf,0.0
17,CCR,True,25.0,143.48
17,CCR,True,4.0,26.580000000000002
17,CCR,True,6.0,25.220000000000002
17,CCR,True,22.0,124.78
17,CCR,True,13.0,73.92
17,CCR,True,8.0,34.99
17,CCR,True,6.0,33.870000000000005
17,CCR,True,15.0,87.22
17,CCR,True,5.0,22.23
17,CCR,True,2.0,16.09
17,CCR,True,13.0,79.35000000000001
17,CCR,False,inf,0.0
17,CCR,True,22.0,141.67000000000002
17,CCR,True,13.0,80.92
17,CCR,True,22.0,132.86
17,CCR,True,26.0,149.03
17,CCR,False,inf,0.0
17,CCR,True,24.0,133.76
17,CCR,True,19.0,111.98
17,CCR,False,inf,0.0
17,CCR,False,inf,0.0
17,CCR,False,inf,0.0
17,CCR,False,inf,0.0
17,CCR,True,18.0,94.76
17,CCR,False,inf,0.0
17,CCR,False,inf,0.0
17,CCR,False,inf,0.0
17,CCR,False,inf,0.0
17,CCR,False,inf,0.0
17,CCR,True,10.0,44.29
17,CCR,True,10.0,61.51
17,CCR,True,2.0,8.530000000000001
17,CCR,True,11.0,64.38
17,CCR,True,6.0,34.3
17,CCR,False,inf,0.0
17,CCR,True,20.0,97.06
17,CCR,False,inf,0.0
17,CCR,True,26.0,146.89000000000001
17,CCR,True,32.0,167.09
17,CCR,False,inf,0.0
17,CCR,False,inf,0.0
17,CCR,True,6.0,24.790000000000003
17,CCR,True,23.0,137.36
17,CCR,False,inf,0.0
17,CCR,False,inf,0.0
17,CCR,True,4.0,22.1
17,CCR,False,inf,0.0
17,CCR,True,5.0,20.93
17,CCR,True,15.0,84.43
17,CCR,False,inf,0.0
17,CCR,True,8.0,39.09
17,CCR,True,7.0,35.61
17,CCR,False,inf,0.0
17,CCR,False,inf,0.0
17,CCR,False,inf,0.0
17,CCR,True,20.0,109.58
17,CCR,True,13.0,80.51
17,CCR,False,inf,0.0
17,CCR,True,6.0,37.72
17,CCR,False,inf,0.0
17,CCR,True,2.0,11.51
17,CCR,True,17.0,94.88
17,CCR,False,inf,0.0
17,CCR,True,8.0,44.5
17,CCR,False,inf,0.0
17,CCR,True,20.0,111.71000000000001
17,CCR,True,26.0,152.5
17,CCR,True,26.0,147.39000000000001
17,CCR,True,12.0,64.15
17,CCR,True,16.0,86.15
17,CCR,False,inf,0.0
17,CCR,True,24.0,142.32
17,CCR,False,inf,0.0
17,CCR,False,inf,0.0
17,CCR,False,inf,0.0
17,CCR,True,16.0,88.25
17,CCR,False,inf,0.0
17,CCR,False,inf,0.0
17,CCR,False,inf,0.0
17,CCR,False,inf,0.0
17,CCR,True,16.0,83.71000000000001
17,CCR,False,inf,0.0
17,CCR,False,inf,0.0
17,CCR,False,inf,0.0
17,CCR,True,13.0,74.0
17,CCR,False,inf,0.0
17,CCR,True,18.0,95.99
17,CCR,True,1.0,8.99
17,CCR,False,inf,0.0
17,CCR,True,7.0,36.7
17,CCR,True,10.0,46.64
17,CCR,True,6.0,34.07
17,CCR,False,inf,0.0
17,CCR,True,11.0,58.27
17,CCR,True,15.0,84.43
17,CCR,False,inf,0.0
17,CCR,True,24.0,123.12
17,CCR,False,inf,0.0
17,CCR,True,17.0,98.38
17,CCR,False,inf,0.0
17,CCR,True,4.0,21.540000000000003
17,CCR,False,inf,0.0
17,CCR,False,inf,0.0
17,CCR,False,inf,0.0
17,CCR,False,inf,0.0
17,CCR,False,inf,0.0
17,CCR,True,3.0,12.07
17,CCR,True,18.0,112.22
17,CCR,True,2.0,12.63
17,CCR,False,inf,0.0
17,CCR,False,inf,0.0
17,CCR,False,inf,0.0
17,CCR,True,2.0,8.52
17,CCR,False,inf,0.0
17,CCR,True,11.0,55.25
17,CCR,False,inf,0.0
17,CCR,False,inf,0.0
17,CCR,True,20.0,109.58
17,CCR,True,3.0,17.94
17,CCR,True,22.0,112.99
17,CCR,True,27.0,153.59
17,CCR,True,7.0,39.22
17,CCR,False,inf,0.0
17,CCR,True,14.0,76.08
17,CCR,False,inf,0.0
17,CCR,True,6.0,29.68
17,CCR,True,5.0,24.65
17,CCR,True,15.0,77.9
17,CCR,True,19.0,101.07000000000001
17,CCR,False,inf,0.0
17,CCR,True,11.0,64.42
17,CCR,True,12.0,72.88
17,CCR,True,3.0,15.33
17,CCR,True,13.0,73.45
17,CCR,True,15.0,69.58
17,CCR,False,inf,0.0
17,CCR,False,inf,0.0
17,CCR,True,15.0,81.71000000000001
17,CCR,False,inf,0.0
17,CCR,True,6.0,31.6
17,CCR,False,inf,0.0
17,CCR,False,inf,0.0
17,CCR,True,34.0,198.69
17,CCR,True,20.0,112.57000000000001
17,CCR,True,21.0,109.86
17,CCR,True,4.0,14.54
17,CCR,False,inf,0.0
17,CCR,True,9.0,53.03
17,CCR,False,inf,0.0
17,CCR,False,inf,0.0
17,CCR,True,8.0,32.730000000000004
17,CCR,True,2.0,14.360000000000001
17,CCR,True,17.0,92.58
17,CCR,False,inf,0.0
17,CCR,False,inf,0.0
17,CCR,True,1.0,2.21
17,CCR,False,inf,0.0
17,CCR,True,18.0,95.86
17,CCR,True,15.0,80.88
17,CCR,True,10.0,51.36
17,CCR,True,28.0,159.02
17,CCR,True,5.0,17.53
17,CCR,True,25.0,148.22
17,CCR,True,22.0,105.34
17,CCR,True,24.0,130.47
17,CCR,True,22.0,124.42
17,CCR,False,inf,0.0
17,CCR,True,18.0,97.63
17,CCR,False,inf,0.0
17,CCR,False,inf,0.0
17,CCR,False,inf,0.0
17,CCR,False,inf,0.0
17,CCR,False,inf,0.0
17,CCR,True,15.0,84.7
17,CCR,False,inf,0.0
17,CCR,False,inf,0.0
17,CCR,True,21.0,110.27
17,CCR,True,17.0,101.76
17,CCR,False,inf,0.0
17,CCR,False,inf,0.0
17,CCR,False,inf,0.0
17,CCR,False,inf,0.0
17,CCR,False,inf,0.0
17,CCR,False,inf,0.0
17,CCR,False,inf,0.0
17,CCR,False,inf,0.0
17,CCR,True,24.0,140.05
17,CCR,False,inf,0.0
17,CCR,True,11.0,69.76
17,CCR,False,inf,0.0
17,CCR,False,inf,0.0
17,CCR,True,1.0,7.99
17,CCR,False,inf,0.0
17,CCR,True,3.0,14.53
17,CCR,True,6.0,28.740000000000002
17,CCR,False,inf,0.0
17,CCR,True,5.0,22.36
17,CCR,True,24.0,136.11
17,CCR,False,inf,0.0
17,CCR,False,inf,0.0
17,CCR,True,4.0,19.93
17,CCR,False,inf,0.0
17,CCR,True,6.0,28.23
17,CCR,False,inf,0.0
17,CCR,True,9.0,46.260000000000005
17,CCR,False,inf,0.0
17,CCR,False,inf,0.0
17,CCR,False,inf,0.0
17,CCR,False,inf,0.0
17,CCR,True,9.0,42.1
17,CCR,True,8.0,32.46
17,CCR,False,inf,0.0
17,CCR,True,6.0,23.86
17,CCR,False,inf,0.0
17,CCR,False,inf,0.0
17,CCR,True,5.0,28.06
17,CCR,True,14.0,77.08
17,CCR,True,27.0,153.59
17,CCR,False,inf,0.0
17,CCR,True,4.0,14.41
17,CCR,True,3.0,18.060000000000002
17,CCR,True,13.0,71.48
17,CCR,True,10.0,52.02
17,CCR,True,17.0,83.06
17,CCR,True,24.0,137.24
17,CCR,True,2.0,14.360000000000001
17,CCR,False,inf,0.0
17,CCR,False,inf,0.0
17,CCR,False,inf,0.0
17,CCR,True,12.0,78.75
17,CCR,False,inf,0.0
17,CCR,False,inf,0.0
17,CCR,True,14.0,71.51
17,CCR,False,inf,0.0
17,CCR,False,inf,0.0
17,CCR,True,13.0,71.45
17,CCR,True,22.0,124.9
17,CCR,True,10.0,56.11
17,CCR,False,inf,0.0
17,CCR,True,13.0,63.81
17,CCR,False,inf,0.0
17,CCR,True,29.0,164.57
17,CCR,False,inf,0.0
17,CCR,False,inf,0.0
17,CCR,False,inf,0.0
17,CCR,False,inf,0.0
17,CCR,False,inf,0.0
17,CCR,False,inf,0.0
17,CCR,False,inf,0.0
17,CCR,True,2.0,8.4
17,CCR,False,inf,0.0
17,CCR,True,14.0,85.2
17,CCR,False,inf,0.0
17,CCR,False,inf,0.0
17,CCR,True,20.0,114.68
17,CCR,False,inf,0.0
17,CCR,True,27.0,152.78
17,CCR,False,inf,0.0
17,CCR,False,inf,0.0
17,CCR,False,inf,0.0
17,CCR,True,17.0,101.68
17,CCR,True,19.0,103.1
17,CCR,False,inf,0.0
17,CCR,False,inf,0.0
17,CCR,True,17.0,85.51
17,CCR,True,27.0,149.91
17,CCR,True,17.0,90.42
17,CCR,False,inf,0.0
17,CCR,False,inf,0.0
17,CCR,False,inf,0.0
17,CCR,True,6.0,34.29
17,CCR,True,17.0,95.12
17,CCR,False,inf,0.0
17,CCR,True,29.0,167.23
17,CCR,True,5.0,24.55
17,CCR,True,10.0,63.15
17,CCR,False,inf,0.0
17,CCR,False,inf,0.0
17,CCR,True,25.0,137.11
17,CCR,False,inf,0.0
17,CCR,False,inf,0.0
17,CCR,False,inf,0.0
17,CCR,False,inf,0.0
17,CCR,False,inf,0.0
17,CCR,True,5.0,22.36
17,CCR,False,inf,0.0
17,CCR,True,19.0,115.64
17,CCR,True,4.0,17.19
17,CCR,True,11.0,53.190000000000005
17,CCR,False,inf,0.0
17,CCR,True,18.0,108.08
17,CCR,False,inf,0.0
17,CCR,True,3.0,9.32
17,CCR,True,5.0,19.89
17,CCR,True,15.0,78.87
17,CCR,False,inf,0.0
17,CCR,False,inf,0.0
17,CCR,False,inf,0.0
17,CCR,False,inf,0.0
17,CCR,True,8.0,38.51
17,CCR,True,23.0,131.55
17,CCR,True,2.0,14.41
17,CCR,False,inf,0.0
17,CCR,False,inf,0.0
17,CCR,False,inf,0.0
17,CCR,False,inf,0.0
17,CCR,True,31.0,164.02
17,CCR,False,inf,0.0
17,CCR,True,8.0,40.43
17,CCR,False,inf,0.0
17,CCR,True,2.0,19.4
17,CCR,False,inf,0.0
17,CCR,False,inf,0.0
17,CCR,False,inf,0.0
17,CCR,True,23.0,127.71000000000001
17,CCR,False,inf,0.0
17,CCR,False,inf,0.0
17,CCR,False,inf,0.0
17,CCR,False,inf,0.0
17,CCR,True,11.0,52.92
17,CCR,True,16.0,87.86
17,CCR,True,1.0,2.78
17,CCR,False,inf,0.0
17,CCR,False,inf,0.0
17,CCR,True,7.0,30.39
17,CCR,False,inf,0.0
17,CCR,False,inf,0.0
17,CCR,True,9.0,48.43
17,CCR,False,inf,0.0
17,CCR,True,11.0,64.46000000000001
17,CCR,False,inf,0.0
17,CCR,False,inf,0.0
17,CCR,True,18.0,99.47
17,CCR,True,9.0,40.58
17,CCR,True,1.0,9.52
17,CCR,True,5.0,23.75
17,CCR,False,inf,0.0
17,CCR,True,13.0,67.4
17,CCR,False,inf,0.0
17,CCR,True,10.0,47.45
17,CCR,True,18.0,110.54
17,CCR,True,29.0,167.61
17,CCR,True,28.0,168.11
17,CCR,True,27.0,143.02
17,CCR,False,inf,0.0
17,CCR,False,inf,0.0
17,CCR,False,inf,0.0
17,CCR,True,20.0,120.34
17,CCR,True,12.0,77.18
17,CCR,True,1.0,9.08
17,CCR,False,inf,0.0
17,CCR,False,inf,0.0
17,CCR,True,6.0,28.91
17,CCR,False,inf,0.0
17,CCR,True,29.0,167.23
17,CCR,False,inf,0.0
17,CCR,True,19.0,112.08
17,CCR,True,20.0,109.45
17,CCR,True,23.0,130.44
17,CCR,False,inf,0.0
17,CCR,False,inf,0.0
17,CCR,True,19.0,106.34
17,CCR,True,6.0,24.790000000000003
17,CCR,True,2.0,7.65
17,CCR,False,inf,0.0
17,CCR,True,6.0,33.05
17,CCR,False,inf,0.0
17,CCR,True,18.0,113.08
17,CCR,False,inf,0.0
17,CCR,False,inf,0.0
17,CCR,True,13.0,70.21000000000001
17,CCR,True,7.0,39.730000000000004
17,CCR,True,2.0,16.11
17,CCR,True,25.0,144.57
17,CCR,True,6.0,24.790000000000003
17,CCR,True,3.0,23.84
17,CCR,False,inf,0.0
17,CCR,True,9.0,36.800000000000004
17,CCR,True,17.0,97.87
17,CCR,True,25.0,157.89000000000001
17,CCR,True,6.0,27.580000000000002
17,CCR,False,inf,0.0
17,CCR,True,26.0,140.54
17,CCR,False,inf,0.0
17,CCR,True,19.0,103.1
17,CCR,False,inf,0.0
17,CCR,True,29.0,156.22
17,CCR,True,11.0,55.25
17,CCR,False,inf,0.0
17,CCR,True,5.0,25.37
17,CCR,True,19.0,106.4
17,CCR,True,11.0,64.55
17,CCR,False,inf,0.0
17,CCR,True,5.0,26.8
17,CCR,False,inf,0.0
17,CCR,True,16.0,88.87
17,CCR,False,inf,0.0
17,CCR,True,21.0,133.59
17,CCR,True,14.0,76.61
17,CCR,True,21.0,112.68
17,CCR,True,19.0,101.07000000000001
17,CCR,True,27.0,149.91
17,CCR,False,inf,0.0
17,CCR,True,17.0,98.11
17,CCR,False,inf,0.0
17,CCR,False,inf,0.0
17,CCR,False,inf,0.0
17,CCR,True,23.0,118.79
17,CCR,True,24.0,145.44
17,CCR,True,11.0,64.42
17,CCR,False,inf,0.0
17,CCR,True,1.0,1.26
17,CCR,True,7.0,32.71
17,CCR,True,31.0,163.66
17,CCR,False,inf,0.0
17,CCR,True,5.0,22.85
17,CCR,False,inf,0.0
17,CCR,False,inf,0.0
17,CCR,True,16.0,95.13
17,CCR,True,24.0,132.15
17,CCR,False,inf,0.0
17,CCR,True,7.0,38.31
17,CCR,True,25.0,135.05
17,CCR,True,2.0,11.620000000000001
17,CCR,False,inf,0.0
17,CCR,False,inf,0.0
17,CCR,True,4.0,21.59
17,CCR,False,inf,0.0
17,CCR,True,12.0,73.37
17,CCR,False,inf,0.0
17,CCR,True,1.0,7.26
17,CCR,False,inf,0.0
17,CCR,True,9.0,45.15
17,CCR,True,27.0,156.81
17,CCR,False,inf,0.0
17,CCR,False,inf,0.0
17,CCR,True,23.0,123.73
17,CCR,False,inf,0.0
17,CCR,True,2.0,10.01
17,CCR,True,31.0,164.23
17,CCR,False,inf,0.0
17,CCR,True,24.0,133.62
17,CCR,True,9.0,44.77
17,CCR,False,inf,0.0
17,CCR,False,inf,0.0
17,CCR,True,27.0,142.07
17,CCR,False,inf,0.0
17,CCR,True,19.0,101.5
17,CCR,False,inf,0.0
17,CCR,False,inf,0.0
17,CCR,True,9.0,38.690000000000005
17,CCR,True,15.0,73.57000000000001
17,CCR,True,4.0,23.290000000000003
17,CCR,False,inf,0.0
17,CCR,False,inf,0.0
17,CCR,True,6.0,34.96
17,CCR,False,inf,0.0
17,CCR,False,inf,0.0
17,CCR,True,1.0,5.44
17,CCR,False,inf,0.0
17,CCR,True,20.0,112.66
17,CCR,True,10.0,48.35
17,CCR,True,9.0,45.2
17,CCR,False,inf,0.0
17,CCR,True,5.0,22.8
17,CCR,False,inf,0.0
17,CCR,False,inf,0.0
17,CCR,False,inf,0.0
17,CCR,True,5.0,26.14
17,CCR,False,inf,0.0
17,CCR,True,19.0,101.07000000000001
17,CCR,False,inf,0.0
17,CCR,False,inf,0.0
17,CCR,False,inf,0.0
17,CCR,False,inf,0.0
17,CCR,True,15.0,80.25
17,CCR,True,21.0,116.34
17,CCR,True,2.0,13.100000000000001
17,CCR,True,27.0,143.02
17,CCR,True,10.0,59.04
17,CCR,False,inf,0.0
17,CCR,False,inf,0.0
17,CCR,True,25.0,146.55
17,CCR,True,15.0,81.05
17,CCR,True,22.0,124.29
17,CCR,True,5.0,17.54
17,CCR,False,inf,0.0
17,CCR,False,inf,0.0
17,CCR,False,inf,0.0
17,CCR,True,25.0,133.09
17,CCR,True,1.0,8.85
17,CCR,True,18.0,98.98
17,CCR,True,5.0,22.85
17,CCR,False,inf,0.0
17,CCR,True,31.0,167.20000000000002
17,CCR,True,5.0,26.8
17,CCR,False,inf,0.0
17,CCR,True,2.0,15.82
17,CCR,False,inf,0.0
17,CCR,True,19.0,110.05
17,CCR,True,27.0,155.97
17,CCR,True,10.0,46.84
17,CCR,True,7.0,38.65
17,CCR,True,6.0,31.44
17,CCR,True,17.0,92.78
17,CCR,True,7.0,40.22
17,CCR,True,4.0,15.02
17,CCR,False,inf,0.0
17,CCR,False,inf,0.0
17,CCR,True,22.0,118.6
17,CCR,True,17.0,101.82000000000001
17,CCR,False,inf,0.0
17,CCR,False,inf,0.0
17,CCR,False,inf,0.0
17,CCR,True,28.0,159.03
17,CCR,True,10.0,44.870000000000005
17,CCR,True,6.0,27.96
17,CCR,False,inf,0.0
17,CCR,False,inf,0.0
17,CCR,False,inf,0.0
17,CCR,True,14.0,79.14
17,CCR,True,5.0,21.52
17,CCR,True,5.0,26.8
17,CCR,True,29.0,173.26
17,CCR,False,inf,0.0
17,CCR,False,inf,0.0
17,CCR,True,23.0,125.46000000000001
17,CCR,False,inf,0.0
17,CCR,True,21.0,126.43
17,CCR,False,inf,0.0
17,CCR,True,3.0,10.59
17,CCR,True,23.0,124.98
17,CCR,True,27.0,147.95
17,CCR,True,27.0,159.5
17,CCR,True,2.0,15.850000000000001
17,CCR,True,3.0,20.79
17,CCR,False,inf,0.0
17,CCR,True,26.0,139.21
17,CCR,True,22.0,116.64
17,CCR,True,18.0,101.56
17,CCR,False,inf,0.0
17,CCR,False,inf,0.0
17,CCR,True,4.0,19.11
17,CCR,False,inf,0.0
17,CCR,False,inf,0.0
17,CCR,True,11.0,53.72
17,CCR,True,19.0,109.39
17,CCR,True,21.0,124.36
17,CCR,True,20.0,109.84
17,CCR,True,25.0,134.05
17,CCR,False,inf,0.0
17,CCR,False,inf,0.0
17,CCR,True,13.0,83.03
17,CCR,False,inf,0.0
17,CCR,False,inf,0.0
17,CCR,True,24.0,140.01
17,CCR,False,inf,0.0
17,CCR,True,17.0,94.88
17,CCR,False,inf,0.0
17,CCR,True,19.0,102.31
17,CCR,True,17.0,98.24000000000001
17,CCR,False,inf,0.0
17,CCR,False,inf,0.0
17,CCR,False,inf,0.0
17,CCR,True,5.0,17.53
17,CCR,True,10.0,55.01
17,CCR,False,inf,0.0
17,CCR,True,16.0,88.25
17,CCR,False,inf,0.0
17,CCR,False,inf,0.0
17,CCR,True,25.0,143.48
17,CCR,False,inf,0.0
17,CCR,True,9.0,51.64
17,CCR,True,4.0,17.68
17,CCR,True,11.0,64.83
17,CCR,False,inf,0.0
17,CCR,True,9.0,41.29
17,CCR,True,23.0,130.22
17,CCR,True,15.0,78.87
17,CCR,True,17.0,101.84
17,CCR,True,15.0,73.57000000000001
17,CCR,False,inf,0.0
17,CCR,False,inf,0.0
17,CCR,False,inf,0.0
17,CCR,False,inf,0.0
17,CCR,True,4.0,19.28
17,CCR,False,inf,0.0
17,CCR,False,inf,0.0
17,CCR,True,1.0,1.59
17,CCR,True,5.0,28.720000000000002
17,CCR,False,inf,0.0
17,CCR,False,inf,0.0
17,CCR,True,13.0,71.61
17,CCR,True,26.0,144.41
17,CCR,False,inf,0.0
17,CCR,True,3.0,12.24
17,CCR,True,26.0,150.78
17,CCR,False,inf,0.0
17,CCR,False,inf,0.0
17,CCR,True,6.0,34.78
17,CCR,True,19.0,105.57000000000001
17,CCR,False,inf,0.0
17,CCR,True,4.0,16.130000000000003
17,CCR,True,12.0,65.66
17,CCR,True,15.0,94.06
17,CCR,False,inf,0.0
17,CCR,True,24.0,142.42000000000002
17,CCR,True,23.0,124.98
17,CCR,True,16.0,95.68
17,CCR,True,14.0,79.63
17,CCR,False,inf,0.0
17,CCR,True,2.0,8.530000000000001
17,CCR,False,inf,0.0
17,CCR,True,8.0,40.160000000000004
17,CCR,True,4.0,23.28
17,CCR,True,5.0,25.240000000000002
17,CCR,False,inf,0.0
17,CCR,True,5.0,20.54
17,CCR,False,inf,0.0
17,CCR,True,1.0,2.21
17,CCR,True,18.0,98.21000000000001
17,CCR,False,inf,0.0
17,CCR,True,8.0,45.77
17,CCR,False,inf,0.0
17,CCR,True,8.0,40.56
17,CCR,False,inf,0.0
17,CCR,False,inf,0.0
17,CCR,True,5.0,26.82
17,CCR,False,inf,0.0
17,CCR,True,22.0,128.16
17,CCR,False,inf,0.0
17,CCR,True,29.0,152.68
17,CCR,False,inf,0.0
17,CCR,True,22.0,118.65
17,CCR,False,inf,0.0
17,CCR,False,inf,0.0
17,CCR,True,15.0,73.57000000000001
17,CCR,True,18.0,103.62
17,CCR,False,inf,0.0
17,CCR,False,inf,0.0
17,CCR,False,inf,0.0
17,CCR,False,inf,0.0
17,CCR,False,inf,0.0
17,CCR,True,1.0,5.6
17,CCR,False,inf,0.0
17,CCR,False,inf,0.0
17,CCR,False,inf,0.0
17,CCR,True,3.0,9.48
17,CCR,True,12.0,69.04
17,CCR,False,inf,0.0
17,CCR,True,19.0,107.29
17,CCR,True,8.0,38.51
17,CCR,True,2.0,4.359999999999999
17,CCR,False,inf,0.0
17,CCR,True,27.0,162.21
17,CCR,True,5.0,22.23
17,CCR,True,11.0,53.57
17,CCR,True,15.0,77.62
17,CCR,False,inf,0.0
17,CCR,True,10.0,48.35
17,CCR,True,20.0,118.57000000000001
17,CCR,False,inf,0.0
17,CCR,False,inf,0.0
17,CCR,False,inf,0.0
17,CCR,False,inf,0.0
17,CCR,False,inf,0.0
17,CCR,True,17.0,103.79
17,CCR,True,17.0,97.87
17,CCR,True,30.0,174.88
17,CCR,False,inf,0.0
17,CCR,False,inf,0.0
17,CCR,False,inf,0.0
17,CCR,True,8.0,43.13
17,CCR,False,inf,0.0
17,CCR,False,inf,0.0
17,CCR,True,25.0,143.86
17,CCR,False,inf,0.0
17,CCR,False,inf,0.0
17,CCR,True,10.0,49.150000000000006
17,CCR,True,1.0,3.78
17,CCR,True,17.0,97.06
17,CCR,True,7.0,38.31
17,CCR,False,inf,0.0
17,CCR,True,9.0,53.19
17,CCR,True,17.0,84.57000000000001
17,CCR,False,inf,0.0
17,CCR,True,18.0,113.46000000000001
17,CCR,False,inf,0.0
17,CCR,True,12.0,62.71
17,CCR,True,1.0,3.12
17,CCR,True,5.0,17.54
17,CCR,False,inf,0.0
17,CCR,True,11.0,58.67
17,CCR,False,inf,0.0
17,CCR,True,13.0,80.43
17,CCR,True,11.0,48.82
17,CCR,False,inf,0.0
17,CCR,True,5.0,20.27
17,CCR,True,8.0,32.730000000000004
17,CCR,True,10.0,62.620000000000005
17,CCR,True,2.0,13.38
17,CCR,False,inf,0.0
17,CCR,False,inf,0.0
17,CCR,False,inf,0.0
17,CCR,False,inf,0.0
17,CCR,False,inf,0.0
17,CCR,False,inf,0.0
17,CCR,False,inf,0.0
17,CCR,False,inf,0.0
17,CCR,False,inf,0.0
17,CCR,True,26.0,147.24
17,CCR,True,12.0,77.18
17,CCR,True,18.0,107.02
17,CCR,True,27.0,149.73
17,CCR,True,20.0,109.18
17,CCR,True,28.0,168.11
17,CCR,False,inf,0.0
17,CCR,False,inf,0.0
17,CCR,False,inf,0.0
17,CCR,False,inf,0.0
17,CCR,False,inf,0.0
17,CCR,True,2.0,10.25
17,CCR,False,inf,0.0
17,CCR,False,inf,0.0
17,CCR,False,inf,0.0
17,CCR,True,15.0,77.9
17,CCR,False,inf,0.0
17,CCR,False,inf,0.0
17,CCR,True,27.0,145.0
17,CCR,False,inf,0.0
17,CCR,True,4.0,25.580000000000002
17,CCR,False,inf,0.0
17,CCR,True,12.0,74.98
17,CCR,True,28.0,156.41
17,CCR,False,inf,0.0
17,CCR,True,29.0,168.55
17,CCR,True,20.0,124.39
17,CCR,False,inf,0.0
17,CCR,False,inf,0.0
17,CCR,False,inf,0.0
17,CCR,True,11.0,70.67
17,CCR,False,inf,0.0
17,CCR,False,inf,0.0
17,CCR,True,22.0,130.62
17,CCR,True,15.0,88.27
17,CCR,False,inf,0.0
17,CCR,True,17.0,101.84
17,CCR,True,9.0,53.03
17,CCR,True,18.0,107.77
17,CCR,False,inf,0.0
17,CCR,False,inf,0.0
17,CCR,True,30.0,174.88
17,CCR,False,inf,0.0
17,CCR,False,inf,0.0
17,CCR,True,26.0,150.41
17,CCR,True,20.0,114.85000000000001
17,CCR,False,inf,0.0
17,CCR,True,24.0,129.67000000000002
17,CCR,False,inf,0.0
17,CCR,True,8.0,43.160000000000004
17,CCR,True,6.0,23.86
17,CCR,False,inf,0.0
17,CCR,True,22.0,124.9
17,CCR,False,inf,0.0
17,CCR,True,7.0,33.870000000000005
17,CCR,True,28.0,148.68
17,CCR,True,24.0,132.15
17,CCR,False,inf,0.0
17,CCR,True,29.0,156.22
17,CCR,False,inf,0.0
17,CCR,True,13.0,70.21000000000001
17,CCR,True,15.0,77.62
17,CCR,False,inf,0.0
17,CCR,True,21.0,109.33
17,CCR,True,29.0,167.23
17,CCR,False,inf,0.0
17,CCR,True,4.0,22.1
17,CCR,True,13.0,71.21000000000001
17,CCR,True,8.0,40.160000000000004
17,CCR,False,inf,0.0
17,CCR,False,inf,0.0
17,CCR,True,5.0,31.02
17,CCR,True,5.0,32.02
17,CCR,False,inf,0.0
17,CCR,False,inf,0.0
17,CCR,True,17.0,96.94
17,CCR,True,17.0,95.64
17,CCR,True,20.0,114.83
17,CCR,True,24.0,132.7
17,CCR,True,3.0,17.27
17,CCR,True,15.0,73.57000000000001
17,CCR,True,6.0,31.6
17,CCR,True,3.0,24.84
17,CCR,True,12.0,62.400000000000006
17,CCR,True,13.0,80.43
17,CCR,True,13.0,62.160000000000004
17,CCR,True,9.0,53.19
17,CCR,True,23.0,118.27
17,CCR,True,8.0,44.5
17,CCR,False,inf,0.0
17,CCR,True,2.0,11.670000000000002
17,CCR,False,inf,0.0
17,CCR,True,26.0,142.15
17,CCR,False,inf,0.0
17,CCR,False,inf,0.0
17,CCR,False,inf,0.0
17,CCR,True,27.0,156.81
17,CCR,False,inf,0.0
17,CCR,False,inf,0.0
17,CCR,True,1.0,3.78
17,CCR,False,inf,0.0
17,CCR,True,22.0,124.02
17,CCR,True,2.0,4.359999999999999
17,CCR,True,20.0,121.2
17,CCR,True,10.0,62.21
17,CCR,True,7.0,32.13
17,CCR,False,inf,0.0
17,CCR,False,inf,0.0
17,CCR,False,inf,0.0
17,CCR,True,4.0,18.45
17,CCR,False,inf,0.0
17,CCR,False,inf,0.0
17,CCR,True,14.0,88.51
17,CCR,False,inf,0.0
17,CCR,False,inf,0.0
17,CCR,True,12.0,66.59
17,CCR,False,inf,0.0
17,CCR,True,1.0,8.46
17,CCR,True,14.0,76.08
17,CCR,False,inf,0.0
17,CCR,True,8.0,44.0
17,CCR,False,inf,0.0
17,CCR,False,inf,0.0
17,CCR,True,15.0,77.62
17,CCR,True,2.0,14.360000000000001
17,CCR,False,inf,0.0
17,CCR,True,8.0,45.57
17,CCR,False,inf,0.0
17,CCR,True,2.0,13.100000000000001
17,CCR,True,9.0,41.29
17,CCR,True,16.0,88.82000000000001
17,CCR,True,9.0,45.61
17,CCR,False,inf,0.0
17,CCR,True,21.0,127.42
17,CCR,True,23.0,123.2
17,CCR,True,9.0,44.57
17,CCR,True,28.0,151.66
17,CCR,True,5.0,21.68
17,CCR,False,inf,0.0
17,CCR,True,21.0,124.36
17,CCR,False,inf,0.0
17,CCR,False,inf,0.0
17,CCR,False,inf,0.0
17,CCR,False,inf,0.0
17,CCR,True,25.0,145.84
55,BCR,False,inf,0.0
55,BCR,True,13.0,66.46
55,BCR,True,6.0,23.64
55,BCR,True,23.0,129.54
55,BCR,True,21.0,107.28
55,BCR,True,20.0,84.69
55,BCR,True,19.0,96.6
55,BCR,True,25.0,141.10999999999999
55,BCR,True,10.0,46.8
55,BCR,False,inf,0.0
55,BCR,True,11.0,59.11
55,BCR,True,3.0,10.219999999999999
55,BCR,True,6.0,23.240000000000002
55,BCR,True,21.0,97.3
55,BCR,True,1.0,2.72
55,BCR,False,inf,0.0
55,BCR,False,inf,0.0
55,BCR,True,5.0,27.080000000000002
55,BCR,True,13.0,64.06
55,BCR,True,22.0,104.52
55,BCR,True,15.0,78.67999999999999
55,BCR,True,9.0,38.48
55,BCR,True,11.0,59.11
55,BCR,True,12.0,58.04
55,BCR,False,inf,0.0
55,BCR,True,36.0,196.27
55,BCR,True,14.0,74.91
55,BCR,False,inf,0.0
55,BCR,True,16.0,77.96
55,BCR,False,inf,0.0
55,BCR,True,29.0,148.47
55,BCR,True,24.0,112.87
55,BCR,False,inf,0.0
55,BCR,False,inf,0.0
55,BCR,True,21.0,111.47
55,BCR,False,inf,0.0
55,BCR,True,12.0,68.33
55,BCR,True,3.0,13.600000000000001
55,BCR,False,inf,0.0
55,BCR,True,25.0,141.75
55,BCR,False,inf,0.0
55,BCR,False,inf,0.0
55,BCR,True,7.0,42.94
55,BCR,False,inf,0.0
55,BCR,False,inf,0.0
55,BCR,False,inf,0.0
55,BCR,True,28.0,141.98
55,BCR,False,inf,0.0
55,BCR,True,21.0,99.44
55,BCR,False,inf,0.0
55,BCR,True,17.0,76.51
55,BCR,True,31.0,158.41
55,BCR,False,inf,0.0
55,BCR,True,5.0,16.87
55,BCR,True,9.0,34.15
55,BCR,True,30.0,161.12
55,BCR,False,inf,0.0
55,BCR,True,12.0,64.45
55,BCR,False,inf,0.0
55,BCR,False,inf,0.0
55,BCR,True,15.0,61.2
55,BCR,True,33.0,182.06
55,BCR,False,inf,0.0
55,BCR,False,inf,0.0
55,BCR,True,2.0,15.15
55,BCR,False,inf,0.0
55,BCR,True,17.0,84.21
55,BCR,True,30.0,163.96
55,BCR,True,8.0,47.76
55,BCR,True,17.0,75.41
55,BCR,False,inf,0.0
55,BCR,False,inf,0.0
55,BCR,False,inf,0.0
55,BCR,False,inf,0.0
55,BCR,False,inf,0.0
55,BCR,True,17.0,91.41
55,BCR,True,13.0,59.39
55,BCR,True,17.0,76.62
55,BCR,True,7.0,34.92
55,BCR,False,inf,0.0
55,BCR,False,inf,0.0
55,BCR,False,inf,0.0
55,BCR,True,19.0,96.72
55,BCR,True,13.0,64.06
55,BCR,True,11.0,53.36
55,BCR,False,inf,0.0
55,BCR,True,18.0,98.03
55,BCR,True,1.0,1.64
55,BCR,True,31.0,166.55
55,BCR,True,31.0,167.14
55,BCR,True,1.0,6.73
55,BCR,True,6.0,25.64
55,BCR,True,22.0,120.99
55,BCR,True,1.0,4.47
55,BCR,False,inf,0.0
55,BCR,False,inf,0.0
55,BCR,True,14.0,61.26
55,BCR,True,24.0,109.22
55,BCR,True,15.0,63.45
55,BCR,True,12.0,65.21
55,BCR,True,8.0,47.76
55,BCR,False,inf,0.0
55,BCR,True,15.0,63.45
55,BCR,False,inf,0.0
55,BCR,True,24.0,126.94
55,BCR,False,inf,0.0
55,BCR,True,12.0,55.63
55,BCR,False,inf,0.0
55,BCR,False,inf,0.0
55,BCR,True,15.0,77.92
55,BCR,False,inf,0.0
55,BCR,False,inf,0.0
55,BCR,False,inf,0.0
55,BCR,False,inf,0.0
55,BCR,True,5.0,31.830000000000002
55,BCR,False,inf,0.0
55,BCR,False,inf,0.0
55,BCR,True,25.0,121.53999999999999
55,BCR,True,1.0,3.62
55,BCR,True,4.0,14.05
55,BCR,False,inf,0.0
55,BCR,True,11.0,59.11
55,BCR,False,inf,0.0
55,BCR,True,23.0,126.81
55,BCR,False,inf,0.0
55,BCR,True,18.0,89.86
55,BCR,False,inf,0.0
55,BCR,True,16.0,85.91
55,BCR,False,inf,0.0
55,BCR,True,26.0,138.25
55,BCR,True,11.0,55.98
55,BCR,True,1.0,1.34
55,BCR,False,inf,0.0
55,BCR,True,13.0,67.8
55,BCR,False,inf,0.0
55,BCR,True,29.0,173.69
55,BCR,True,12.0,68.33
55,BCR,False,inf,0.0
55,BCR,True,24.0,140.3
55,BCR,True,6.0,39.55
55,BCR,False,inf,0.0
55,BCR,False,inf,0.0
55,BCR,True,2.0,2.83
55,BCR,True,24.0,137.47
55,BCR,True,21.0,110.22
55,BCR,True,10.0,52.7
55,BCR,True,24.0,112.87
55,BCR,True,10.0,61.26
55,BCR,True,1.0,8.8
55,BCR,True,8.0,37.64
55,BCR,True,18.0,89.57000000000001
55,BCR,True,30.0,145.71
55,BCR,True,25.0,145.49
55,BCR,True,3.0,21.17
55,BCR,False,inf,0.0
55,BCR,False,inf,0.0
55,BCR,False,inf,0.0
55,BCR,False,inf,0.0
55,BCR,True,9.0,41.07
55,BCR,False,inf,0.0
55,BCR,False,inf,0.0
55,BCR,True,11.0,52.29
55,BCR,False,inf,0.0
55,BCR,True,12.0,57.83
55,BCR,True,19.0,105.23
55,BCR,False,inf,0.0
55,BCR,True,6.0,17.07
55,BCR,True,14.0,61.26
55,BCR,True,15.0,79.71
55,BCR,False,inf,0.0
55,BCR,True,6.0,37.58
55,BCR,True,8.0,31.23
55,BCR,True,15.0,77.92
55,BCR,False,inf,0.0
55,BCR,False,inf,0.0
55,BCR,False,inf,0.0
55,BCR,True,14.0,76.13
55,BCR,False,inf,0.0
55,BCR,True,21.0,101.42999999999999
55,BCR,False,inf,0.0
55,BCR,False,inf,0.0
55,BCR,True,23.0,119.46
55,BCR,False,inf,0.0
55,BCR,True,21.0,107.87
55,BCR,False,inf,0.0
55,BCR,True,27.0,158.27
55,BCR,True,5.0,29.86
55,BCR,False,inf,0.0
55,BCR,False,inf,0.0
55,BCR,True,22.0,116.02
55,BCR,True,10.0,51.97
55,BCR,False,inf,0.0
55,BCR,True,7.0,45.3
55,BCR,False,inf,0.0
55,BCR,False,inf,0.0
55,BCR,False,inf,0.0
55,BCR,True,1.0,8.74
55,BCR,True,17.0,80.77
55,BCR,True,10.0,55.05
55,BCR,True,23.0,109.16
55,BCR,False,inf,0.0
55,BCR,False,inf,0.0
55,BCR,True,13.0,59.61
55,BCR,True,24.0,137.47
55,BCR,False,inf,0.0
55,BCR,True,1.0,4.1
55,BCR,True,1.0,8.61
55,BCR,False,inf,0.0
55,BCR,True,27.0,145.47
55,BCR,False,inf,0.0
55,BCR,False,inf,0.0
55,BCR,True,26.0,123.39
55,BCR,True,24.0,137.47
55,BCR,True,16.0,82.92
55,BCR,False,inf,0.0
55,BCR,True,4.0,14.13
55,BCR,True,26.0,149.23
55,BCR,False,inf,0.0
55,BCR,True,22.0,119.6
55,BCR,False,inf,0.0
55,BCR,False,inf,0.0
55,BCR,False,inf,0.0
55,BCR,False,inf,0.0
55,BCR,False,inf,0.0
55,BCR,True,16.0,82.42999999999999
55,BCR,True,18.0,95.89999999999999
55,BCR,True,14.0,59.87
55,BCR,False,inf,0.0
55,BCR,False,inf,0.0
55,BCR,False,inf,0.0
55,BCR,False,inf,0.0
55,BCR,True,3.0,16.17
55,BCR,True,23.0,128.94
55,BCR,False,inf,0.0
55,BCR,True,25.0,126.14999999999999
55,BCR,True,18.0,98.53
55,BCR,False,inf,0.0
55,BCR,True,6.0,33.57
55,BCR,False,inf,0.0
55,BCR,False,inf,0.0
55,BCR,False,inf,0.0
55,BCR,True,13.0,69.49
55,BCR,False,inf,0.0
55,BCR,True,11.0,53.38
55,BCR,False,inf,0.0
55,BCR,False,inf,0.0
55,BCR,True,7.0,30.98
55,BCR,False,inf,0.0
55,BCR,True,16.0,76.06
55,BCR,False,inf,0.0
55,BCR,False,inf,0.0
55,BCR,True,3.0,12.48
55,BCR,True,11.0,59.92
55,BCR,True,11.0,64.0
55,BCR,False,inf,0.0
55,BCR,True,7.0,42.46
55,BCR,False,inf,0.0
55,BCR,False,inf,0.0
55,BCR,False,inf,0.0
55,BCR,False,inf,0.0
55,BCR,False,inf,0.0
55,BCR,True,29.0,140.56
55,BCR,False,inf,0.0
55,BCR,True,25.0,141.92
55,BCR,False,inf,0.0
55,BCR,False,inf,0.0
55,BCR,False,inf,0.0
55,BCR,True,5.0,18.04
55,BCR,True,18.0,99.98
55,BCR,False,inf,0.0
55,BCR,False,inf,0.0
55,BCR,True,1.0,3.12
55,BCR,True,26.0,147.04
55,BCR,False,inf,0.0
55,BCR,False,inf,0.0
55,BCR,True,22.0,120.99
55,BCR,False,inf,0.0
55,BCR,True,21.0,113.38
55,BCR,False,inf,0.0
55,BCR,False,inf,0.0
55,BCR,True,15.0,77.28
55,BCR,True,20.0,110.53
55,BCR,True,16.0,73.72
55,BCR,True,24.0,118.5
55,BCR,True,16.0,79.7
55,BCR,False,inf,0.0
55,BCR,True,23.0,110.67999999999999
55,BCR,True,10.0,51.69
55,BCR,False,inf,0.0
55,BCR,True,28.0,167.34
55,BCR,True,11.0,57.199999999999996
55,BCR,True,11.0,53.94
55,BCR,True,29.0,174.19
55,BCR,True,28.0,150.87
55,BCR,True,2.0,9.2
55,BCR,False,inf,0.0
55,BCR,True,31.0,172.85
55,BCR,False,inf,0.0
55,BCR,True,16.0,71.21
55,BCR,True,24.0,132.9
55,BCR,True,11.0,57.79
55,BCR,True,2.0,18.67
55,BCR,True,3.0,10.85
55,BCR,True,26.0,144.76
55,BCR,True,22.0,118.72
55,BCR,True,21.0,113.92999999999999
55,BCR,False,inf,0.0
55,BCR,False,inf,0.0
55,BCR,True,18.0,92.98
55,BCR,True,15.0,68.57
55,BCR,True,10.0,49.47
55,BCR,True,22.0,121.28
55,BCR,True,13.0,61.49
55,BCR,False,inf,0.0
55,BCR,False,inf,0.0
55,BCR,False,inf,0.0
55,BCR,False,inf,0.0
55,BCR,True,1.0,3.34
55,BCR,True,29.0,170.96
55,BCR,True,24.0,135.18
55,BCR,True,21.0,117.23
55,BCR,False,inf,0.0
55,BCR,True,19.0,83.5
55,BCR,False,inf,0.0
55,BCR,False,inf,0.0
55,BCR,True,4.0,22.74
55,BCR,False,inf,0.0
55,BCR,False,inf,0.0
55,BCR,True,22.0,121.63
55,BCR,False,inf,0.0
55,BCR,False,inf,0.0
55,BCR,True,15.0,70.48
55,BCR,False,inf,0.0
55,BCR,True,16.0,79.7
55,BCR,True,15.0,76.08
55,BCR,True,13.0,65.95
55,BCR,True,16.0,81.79
55,BCR,False,inf,0.0
55,BCR,False,inf,0.0
55,BCR,True,19.0,109.23
55,BCR,False,inf,0.0
55,BCR,True,16.0,85.62
55,BCR,True,3.0,10.85
55,BCR,False,inf,0.0
55,BCR,True,25.0,126.66
55,BCR,True,16.0,80.92999999999999
55,BCR,False,inf,0.0
55,BCR,False,inf,0.0
55,BCR,True,23.0,105.12
55,BCR,False,inf,0.0
55,BCR,True,21.0,113.92999999999999
55,BCR,True,2.0,13.670000000000002
55,BCR,False,inf,0.0
55,BCR,False,inf,0.0
55,BCR,True,17.0,84.46
55,BCR,True,20.0,98.59
55,BCR,False,inf,0.0
55,BCR,False,inf,0.0
55,BCR,True,2.0,18.54
55,BCR,False,inf,0.0
55,BCR,True,13.0,61.49
55,BCR,True,17.0,84.21
55,BCR,True,14.0,72.46
55,BCR,True,5.0,25.92
55,BCR,False,inf,0.0
55,BCR,True,22.0,121.63
55,BCR,True,5.0,16.87
55,BCR,False,inf,0.0
55,BCR,False,inf,0.0
55,BCR,True,32.0,173.72
55,BCR,True,12.0,64.34
55,BCR,False,inf,0.0
55,BCR,False,inf,0.0
55,BCR,True,20.0,91.69
55,BCR,True,9.0,53.81
55,BCR,False,inf,0.0
55,BCR,True,33.0,191.16
55,BCR,True,32.0,169.09
55,BCR,False,inf,0.0
55,BCR,False,inf,0.0
55,BCR,True,3.0,18.09
55,BCR,True,10.0,39.47
55,BCR,False,inf,0.0
55,BCR,True,19.0,100.62
55,BCR,True,11.0,52.29
55,BCR,False,inf,0.0
55,BCR,False,inf,0.0
55,BCR,False,inf,0.0
55,BCR,True,10.0,48.79
55,BCR,True,5.0,34.410000000000004
55,BCR,True,27.0,133.37
55,BCR,True,10.0,54.03
55,BCR,False,inf,0.0
55,BCR,True,11.0,55.379999999999995
55,BCR,True,24.0,123.55
55,BCR,True,13.0,68.4
55,BCR,False,inf,0.0
55,BCR,True,26.0,150.35999999999999
55,BCR,False,inf,0.0
55,BCR,True,5.0,27.38
55,BCR,True,25.0,114.2
55,BCR,False,inf,0.0
55,BCR,True,14.0,71.11
55,BCR,True,24.0,127.44
55,BCR,False,inf,0.0
55,BCR,False,inf,0.0
55,BCR,True,13.0,64.06
55,BCR,True,24.0,126.39
55,BCR,True,30.0,152.60999999999999
55,BCR,True,30.0,161.28
55,BCR,True,32.0,173.04
55,BCR,False,inf,0.0
55,BCR,False,inf,0.0
55,BCR,True,9.0,53.31
55,BCR,False,inf,0.0
55,BCR,True,13.0,66.46
55,BCR,True,22.0,117.91
55,BCR,True,11.0,62.54
55,BCR,False,inf,0.0
55,BCR,True,3.0,13.600000000000001
55,BCR,False,inf,0.0
55,BCR,True,19.0,106.05
55,BCR,True,7.0,43.17
55,BCR,True,15.0,75.85
55,BCR,False,inf,0.0
55,BCR,False,inf,0.0
55,BCR,True,24.0,126.48
55,BCR,True,29.0,140.56
55,BCR,False,inf,0.0
55,BCR,True,4.0,18.69
55,BCR,False,inf,0.0
55,BCR,True,15.0,71.16
55,BCR,True,2.0,9.2
55,BCR,False,inf,0.0
55,BCR,False,inf,0.0
55,BCR,True,18.0,93.14
55,BCR,False,inf,0.0
55,BCR,True,29.0,151.85
55,BCR,False,inf,0.0
55,BCR,False,inf,0.0
55,BCR,True,16.0,84.67999999999999
55,BCR,True,29.0,151.93
55,BCR,True,6.0,39.61
55,BCR,False,inf,0.0
55,BCR,True,28.0,138.14
55,BCR,False,inf,0.0
55,BCR,True,13.0,68.39
55,BCR,False,inf,0.0
55,BCR,True,22.0,117.86
55,BCR,False,inf,0.0
55,BCR,True,12.0,61.769999999999996
55,BCR,True,17.0,89.25
55,BCR,True,30.0,152.60999999999999
55,BCR,True,25.0,113.64
55,BCR,True,21.0,112.88
55,BCR,True,5.0,21.67
55,BCR,True,13.0,65.14
55,BCR,True,16.0,72.24
55,BCR,True,5.0,15.41
55,BCR,False,inf,0.0
55,BCR,True,25.0,132.14
55,BCR,True,26.0,148.59
55,BCR,True,14.0,72.61
55,BCR,True,4.0,21.21
55,BCR,True,5.0,24.580000000000002
55,BCR,True,9.0,38.39
55,BCR,True,20.0,106.87
55,BCR,True,18.0,101.33
55,BCR,True,16.0,71.21
55,BCR,True,5.0,15.700000000000001
55,BCR,True,14.0,71.98
55,BCR,True,2.0,13.740000000000002
55,BCR,True,24.0,127.88
55,BCR,False,inf,0.0
55,BCR,False,inf,0.0
55,BCR,True,5.0,16.87
55,BCR,True,4.0,17.740000000000002
55,BCR,False,inf,0.0
55,BCR,False,inf,0.0
55,BCR,True,5.0,25.46
55,BCR,True,2.0,9.98
55,BCR,True,20.0,102.93
55,BCR,True,12.0,63.99
55,BCR,True,29.0,148.47
55,BCR,False,inf,0.0
55,BCR,True,8.0,41.61
55,BCR,True,6.0,27.98
55,BCR,True,23.0,130.04
55,BCR,False,inf,0.0
55,BCR,True,5.0,24.580000000000002
55,BCR,True,25.0,130.99
55,BCR,True,24.0,127.88
55,BCR,False,inf,0.0
55,BCR,False,inf,0.0
55,BCR,False,inf,0.0
55,BCR,True,11.0,52.51
55,BCR,False,inf,0.0
55,BCR,False,inf,0.0
55,BCR,False,inf,0.0
55,BCR,True,20.0,109.6
55,BCR,False,inf,0.0
55,BCR,False,inf,0.0
55,BCR,True,32.0,172.49
55,BCR,True,14.0,72.61
55,BCR,False,inf,0.0
55,BCR,False,inf,0.0
55,BCR,True,8.0,44.11
55,BCR,True,32.0,185.81
55,BCR,True,11.0,54.82
55,BCR,False,inf,0.0
55,BCR,True,4.0,18.69
55,BCR,True,20.0,87.41
55,BCR,True,24.0,120.47
55,BCR,False,inf,0.0
55,BCR,False,inf,0.0
55,BCR,False,inf,0.0
55,BCR,True,27.0,141.53
55,BCR,False,inf,0.0
55,BCR,False,inf,0.0
55,BCR,False,inf,0.0
55,BCR,True,9.0,39.9
55,BCR,False,inf,0.0
55,BCR,False,inf,0.0
55,BCR,True,19.0,83.88
55,BCR,False,inf,0.0
55,BCR,True,28.0,137.8
55,BCR,True,25.0,141.85999999999999
55,BCR,True,6.0,40.57
55,BCR,True,18.0,97.42999999999999
55,BCR,True,4.0,24.94
55,BCR,True,3.0,13.600000000000001
55,BCR,True,30.0,145.71
55,BCR,True,9.0,45.91
55,BCR,True,6.0,34.73
55,BCR,True,11.0,57.79
55,BCR,True,26.0,141.71
55,BCR,True,13.0,71.57
55,BCR,True,3.0,21.17
55,BCR,False,inf,0.0
55,BCR,False,inf,0.0
55,BCR,True,22.0,118.61
55,BCR,True,20.0,108.67
55,BCR,True,4.0,16.35
55,BCR,True,2.0,13.370000000000001
55,BCR,False,inf,0.0
55,BCR,False,inf,0.0
55,BCR,True,24.0,118.5
55,BCR,False,inf,0.0
55,BCR,True,1.0,8.64
55,BCR,True,26.0,133.42
55,BCR,False,inf,0.0
55,BCR,True,20.0,97.25
55,BCR,False,inf,0.0
55,BCR,True,9.0,49.44
55,BCR,True,1.0,8.01
55,BCR,True,27.0,142.52
55,BCR,False,inf,0.0
55,BCR,True,4.0,21.71
55,BCR,True,13.0,68.97
55,BCR,True,30.0,160.68
55,BCR,True,12.0,58.98
55,BCR,True,6.0,18.37
55,BCR,False,inf,0.0
55,BCR,True,3.0,16.830000000000002
55,BCR,True,18.0,82.31
55,BCR,True,3.0,11.620000000000001
55,BCR,True,4.0,17.740000000000002
55,BCR,False,inf,0.0
55,BCR,True,22.0,114.18
55,BCR,False,inf,0.0
55,BCR,True,13.0,72.47
55,BCR,True,28.0,144.07999999999998
55,BCR,False,inf,0.0
55,BCR,True,8.0,54.06
55,BCR,True,10.0,49.69
55,BCR,False,inf,0.0
55,BCR,False,inf,0.0
55,BCR,False,inf,0.0
55,BCR,True,10.0,58.28
55,BCR,True,19.0,93.67
55,BCR,True,22.0,117.86
55,BCR,True,11.0,57.199999999999996
55,BCR,False,inf,0.0
55,BCR,True,24.0,112.27
55,BCR,False,inf,0.0
55,BCR,False,inf,0.0
55,BCR,True,1.0,1.5
55,BCR,False,inf,0.0
55,BCR,False,inf,0.0
55,BCR,False,inf,0.0
55,BCR,True,15.0,76.08
55,BCR,True,26.0,133.45
55,BCR,False,inf,0.0
55,BCR,False,inf,0.0
55,BCR,True,16.0,82.42999999999999
55,BCR,True,4.0,24.580000000000002
55,BCR,True,15.0,71.45
55,BCR,True,6.0,31.43
55,BCR,True,7.0,28.810000000000002
55,BCR,True,7.0,28.650000000000002
55,BCR,True,5.0,15.5
55,BCR,False,inf,0.0
55,BCR,False,inf,0.0
55,BCR,False,inf,0.0
55,BCR,False,inf,0.0
55,BCR,True,1.0,5.75
55,BCR,False,inf,0.0
55,BCR,False,inf,0.0
55,BCR,False,inf,0.0
55,BCR,True,28.0,133.87
55,BCR,True,25.0,141.85999999999999
55,BCR,True,9.0,48.3
55,BCR,True,31.0,165.2
55,BCR,True,17.0,85.19
55,BCR,True,35.0,195.33
55,BCR,True,13.0,66.82
55,BCR,True,10.0,56.97
55,BCR,True,7.0,35.51
55,BCR,True,18.0,92.28999999999999
55,BCR,True,11.0,57.79
55,BCR,True,20.0,109.12
55,BCR,True,8.0,39.69
55,BCR,True,3.0,11.850000000000001
55,BCR,False,inf,0.0
55,BCR,True,4.0,13.0
55,BCR,True,28.0,143.42
55,BCR,False,inf,0.0
55,BCR,False,inf,0.0
55,BCR,False,inf,0.0
55,BCR,True,17.0,88.48
55,BCR,False,inf,0.0
55,BCR,False,inf,0.0
55,BCR,True,19.0,93.85
55,BCR,False,inf,0.0
55,BCR,True,13.0,66.26
55,BCR,False,inf,0.0
55,BCR,True,7.0,24.900000000000002
55,BCR,True,12.0,61.46
55,BCR,True,20.0,102.93
55,BCR,True,21.0,110.22
55,BCR,True,16.0,79.7
55,BCR,False,inf,0.0
55,BCR,True,28.0,165.03
55,BCR,True,5.0,28.6
55,BCR,True,10.0,49.69
55,BCR,False,inf,0.0
55,BCR,True,27.0,139.48
55,BCR,True,3.0,10.37
55,BCR,True,22.0,120.77
55,BCR,True,15.0,69.85
55,BCR,False,inf,0.0
55,BCR,False,inf,0.0
55,BCR,True,11.0,52.0
55,BCR,True,8.0,52.88
55,BCR,False,inf,0.0
55,BCR,False,inf,0.0
55,BCR,False,inf,0.0
55,BCR,True,28.0,163.85
55,BCR,False,inf,0.0
55,BCR,True,6.0,35.45
55,BCR,True,19.0,98.88
55,BCR,True,29.0,170.96
55,BCR,True,22.0,117.89
55,BCR,True,6.0,27.490000000000002
55,BCR,True,5.0,28.31
55,BCR,True,17.0,91.07
55,BCR,False,inf,0.0
55,BCR,False,inf,0.0
55,BCR,True,8.0,44.56
55,BCR,False,inf,0.0
55,BCR,True,23.0,119.45
55,BCR,False,inf,0.0
55,BCR,True,22.0,110.11
55,BCR,True,12.0,65.98
55,BCR,False,inf,0.0
55,BCR,True,13.0,69.49
55,BCR,True,3.0,22.560000000000002
55,BCR,True,14.0,63.26
55,BCR,True,15.0,72.53
55,BCR,True,8.0,37.160000000000004
55,BCR,False,inf,0.0
55,BCR,True,4.0,25.81
55,BCR,True,25.0,141.69
55,BCR,False,inf,0.0
55,BCR,False,inf,0.0
55,BCR,True,16.0,84.9
55,BCR,False,inf,0.0
55,BCR,True,2.0,2.54
55,BCR,True,29.0,157.33
55,BCR,True,24.0,135.18
55,BCR,False,inf,0.0
55,BCR,True,11.0,52.69
55,BCR,True,19.0,84.22
55,BCR,False,inf,0.0
55,BCR,True,13.0,68.4
55,BCR,True,16.0,82.92999999999999
55,BCR,True,23.0,114.05
55,BCR,True,3.0,10.85
55,BCR,True,4.0,24.44
55,BCR,False,inf,0.0
55,BCR,True,6.0,38.44
55,BCR,False,inf,0.0
55,BCR,False,inf,0.0
55,BCR,False,inf,0.0
55,BCR,True,23.0,109.9
55,BCR,True,8.0,47.76
55,BCR,False,inf,0.0
55,BCR,False,inf,0.0
55,BCR,False,inf,0.0
55,BCR,False,inf,0.0
55,BCR,True,16.0,85.91
55,BCR,False,inf,0.0
55,BCR,True,2.0,12.420000000000002
55,BCR,False,inf,0.0
55,BCR,True,24.0,119.71
55,BCR,True,2.0,15.15
55,BCR,True,10.0,58.07
55,BCR,False,inf,0.0
55,BCR,True,6.0,24.97
55,BCR,False,inf,0.0
55,BCR,True,16.0,72.57
55,BCR,True,6.0,35.45
55,BCR,True,10.0,57.78
55,BCR,True,26.0,135.28
55,BCR,False,inf,0.0
55,BCR,True,23.0,128.36
55,BCR,True,28.0,149.82
55,BCR,True,5.0,15.5
55,BCR,True,13.0,71.07000000000001
55,BCR,True,23.0,108.69
55,BCR,True,8.0,37.160000000000004
55,BCR,False,inf,0.0
55,BCR,False,inf,0.0
55,BCR,False,inf,0.0
55,BCR,True,26.0,135.87
55,BCR,False,inf,0.0
55,BCR,False,inf,0.0
55,BCR,True,11.0,55.44
55,BCR,True,2.0,2.82
55,BCR,True,6.0,40.57
55,BCR,True,15.0,76.34
55,BCR,False,inf,0.0
55,BCR,True,8.0,49.76
55,BCR,True,27.0,158.27
55,BCR,True,5.0,27.7
55,BCR,True,10.0,51.97
55,BCR,True,4.0,21.14
55,BCR,True,9.0,47.38
55,BCR,True,30.0,165.84
55,BCR,True,16.0,73.72
55,BCR,False,inf,0.0
55,BCR,True,29.0,153.47
55,BCR,True,11.0,47.19
55,BCR,False,inf,0.0
55,BCR,False,inf,0.0
55,BCR,False,inf,0.0
55,BCR,False,inf,0.0
55,BCR,True,24.0,120.44
55,BCR,False,inf,0.0
55,BCR,True,30.0,160.1
55,BCR,False,inf,0.0
55,BCR,True,3.0,10.219999999999999
55,BCR,True,29.0,156.87
55,BCR,True,9.0,48.3
55,BCR,False,inf,0.0
55,BCR,True,10.0,54.03
55,BCR,True,13.0,63.91
55,BCR,True,3.0,16.17
55,BCR,True,20.0,106.69
55,BCR,False,inf,0.0
55,BCR,False,inf,0.0
55,BCR,True,15.0,80.86
55,BCR,True,14.0,73.96
55,BCR,True,22.0,112.45
55,BCR,True,1.0,6.85
55,BCR,False,inf,0.0
55,BCR,False,inf,0.0
55,BCR,False,inf,0.0
55,BCR,True,13.0,69.16
55,BCR,False,inf,0.0
55,BCR,False,inf,0.0
55,BCR,True,30.0,149.32
55,BCR,False,inf,0.0
55,BCR,True,18.0,95.89999999999999
55,BCR,False,inf,0.0
55,BCR,False,inf,0.0
55,BCR,True,28.0,138.14
55,BCR,True,27.0,155.54
55,BCR,True,1.0,1.36
55,BCR,False,inf,0.0
55,BCR,True,17.0,71.08
55,BCR,True,4.0,25.060000000000002
55,BCR,False,inf,0.0
55,BCR,True,8.0,49.89
55,BCR,True,28.0,149.82
55,BCR,True,5.0,28.7
55,BCR,True,12.0,65.98
55,BCR,True,21.0,92.71
55,BCR,True,6.0,17.07
55,BCR,True,21.0,106.24
55,BCR,False,inf,0.0
55,BCR,True,28.0,138.72
55,BCR,True,26.0,123.39
55,BCR,False,inf,0.0
55,BCR,False,inf,0.0
55,BCR,True,17.0,79.68
55,BCR,False,inf,0.0
55,BCR,True,28.0,141.98
55,BCR,False,inf,0.0
55,BCR,True,14.0,59.87
55,BCR,True,1.0,8.8
55,BCR,True,2.0,12.420000000000002
55,BCR,True,27.0,144.85999999999999
55,BCR,True,22.0,108.11
55,BCR,False,inf,0.0
55,BCR,True,4.0,11.399999999999999
55,BCR,True,3.0,12.870000000000001
55,BCR,True,1.0,8.48
55,BCR,True,8.0,47.25
55,BCR,False,inf,0.0
55,BCR,False,inf,0.0
55,BCR,False,inf,0.0
55,BCR,True,16.0,77.62
55,BCR,True,20.0,102.63
55,BCR,True,24.0,124.64
55,BCR,False,inf,0.0
55,BCR,False,inf,0.0
55,BCR,True,33.0,172.67
55,BCR,True,31.0,169.17
55,BCR,True,12.0,57.83
55,BCR,True,5.0,28.7
55,BCR,False,inf,0.0
55,BCR,False,inf,0.0
55,BCR,True,28.0,150.87
55,BCR,True,3.0,13.600000000000001
55,BCR,True,21.0,104.13
55,BCR,True,22.0,101.21
55,BCR,False,inf,0.0
55,BCR,True,29.0,156.02
55,BCR,True,3.0,11.25
55,BCR,False,inf,0.0
55,BCR,True,23.0,113.65
55,BCR,False,inf,0.0
55,BCR,False,inf,0.0
55,BCR,False,inf,0.0
55,BCR,True,5.0,29.86
55,BCR,True,10.0,58.28
55,BCR,False,inf,0.0
55,BCR,False,inf,0.0
55,BCR,True,10.0,61.26
55,BCR,True,16.0,82.92
55,BCR,True,2.0,9.98
55,BCR,True,19.0,94.14
55,BCR,False,inf,0.0
55,BCR,False,inf,0.0
55,BCR,True,15.0,79.9
55,BCR,False,inf,0.0
55,BCR,True,4.0,20.59
55,BCR,True,6.0,27.080000000000002
55,BCR,True,7.0,43.17
55,BCR,True,5.0,16.87
55,BCR,False,inf,0.0
55,BCR,False,inf,0.0
55,BCR,True,18.0,80.17999999999999
55,BCR,False,inf,0.0
55,BCR,False,inf,0.0
55,BCR,True,3.0,12.48
55,BCR,False,inf,0.0
55,BCR,True,17.0,92.64
55,BCR,True,25.0,142.79
55,BCR,False,inf,0.0
55,BCR,True,2.0,2.54
55,BCR,True,7.0,27.89
55,BCR,False,inf,0.0
55,BCR,True,13.0,71.57
55,BCR,False,inf,0.0
55,BCR,True,13.0,64.9
55,BCR,True,6.0,17.07
55,BCR,False,inf,0.0
55,BCR,True,3.0,13.600000000000001
55,BCR,True,13.0,68.39
55,BCR,False,inf,0.0
55,BCR,True,14.0,72.46
55,BCR,True,13.0,64.9
55,BCR,True,10.0,48.79
55,BCR,False,inf,0.0
55,BCR,True,24.0,137.31
55,BCR,True,19.0,109.23
55,BCR,True,28.0,146.76
55,BCR,False,inf,0.0
55,BCR,False,inf,0.0
55,BCR,True,1.0,4.1
55,BCR,False,inf,0.0
55,BCR,True,19.0,88.11
55,BCR,True,13.0,66.94
55,BCR,True,30.0,176.0
55,BCR,True,12.0,58.53
55,BCR,True,17.0,79.92
55,BCR,True,28.0,162.73
55,BCR,False,inf,0.0
55,BCR,True,11.0,64.0
55,BCR,False,inf,0.0
55,BCR,True,16.0,81.83
55,BCR,False,inf,0.0
55,BCR,True,5.0,19.44
55,BCR,False,inf,0.0
55,BCR,True,18.0,93.65
55,BCR,True,6.0,22.7
55,BCR,True,24.0,118.16
55,BCR,True,9.0,50.58
55,BCR,False,inf,0.0
55,BCR,True,17.0,79.68
55,BCR,True,1.0,6.85
55,BCR,True,6.0,39.61
55,BCR,False,inf,0.0
55,BCR,False,inf,0.0
55,BCR,False,inf,0.0
55,BCR,True,9.0,51.43
55,BCR,False,inf,0.0
55,BCR,True,25.0,122.13
55,BCR,True,23.0,119.46
55,BCR,False,inf,0.0
55,BCR,True,13.0,72.11
55,BCR,False,inf,0.0
55,BCR,False,inf,0.0
55,BCR,True,17.0,91.71
55,BCR,True,17.0,94.48
55,BCR,True,5.0,28.2
55,BCR,True,13.0,67.58
55,BCR,True,17.0,79.92
55,BCR,True,13.0,62.11
55,BCR,True,6.0,34.35
55,BCR,True,3.0,22.560000000000002
55,BCR,True,13.0,65.14
55,BCR,True,3.0,10.37
55,BCR,True,1.0,9.27
55,BCR,True,5.0,24.580000000000002
55,BCR,True,9.0,48.3
55,BCR,True,28.0,162.73
55,BCR,False,inf,0.0
55,BCR,False,inf,0.0
55,BCR,False,inf,0.0
55,BCR,True,10.0,49.18
55,BCR,False,inf,0.0
55,BCR,False,inf,0.0
55,BCR,False,inf,0.0
55,BCR,True,14.0,72.56
55,BCR,True,25.0,141.69
55,BCR,False,inf,0.0
55,BCR,True,3.0,16.330000000000002
55,BCR,True,13.0,59.54
55,BCR,True,25.0,139.56
55,BCR,True,14.0,67.35
55,BCR,True,24.0,126.78999999999999
55,BCR,True,28.0,148.75
55,BCR,True,20.0,102.93
55,BCR,True,10.0,47.66
55,BCR,False,inf,0.0
55,BCR,False,inf,0.0
55,BCR,True,29.0,157.33
55,BCR,False,inf,0.0
55,BCR,True,21.0,104.13
55,BCR,False,inf,0.0
55,BCR,True,5.0,28.31
55,BCR,True,9.0,47.38
55,BCR,True,16.0,75.82
55,BCR,False,inf,0.0
55,BCR,False,inf,0.0
55,BCR,False,inf,0.0
55,BCR,False,inf,0.0
55,BCR,False,inf,0.0
55,BCR,False,inf,0.0
55,BCR,True,1.0,8.11
55,BCR,False,inf,0.0
55,BCR,True,20.0,91.45
55,BCR,True,5.0,29.86
55,BCR,True,17.0,86.17
55,BCR,True,3.0,6.74
55,BCR,True,20.0,84.69
55,BCR,True,21.0,97.03999999999999
55,BCR,False,inf,0.0
55,BCR,False,inf,0.0
55,BCR,True,20.0,91.45
55,BCR,True,33.0,170.13
55,BCR,False,inf,0.0
55,BCR,True,2.0,18.630000000000003
55,BCR,False,inf,0.0
55,BCR,True,14.0,68.48
55,BCR,False,inf,0.0
55,BCR,False,inf,0.0
55,BCR,True,31.0,163.74
55,BCR,False,inf,0.0
55,BCR,True,29.0,148.47
55,BCR,True,16.0,82.33
55,BCR,False,inf,0.0
55,BCR,False,inf,0.0
55,BCR,True,3.0,12.48
55,BCR,True,18.0,95.3
55,BCR,True,15.0,74.28
55,BCR,False,inf,0.0
55,DCR,True,18.0,88.22
55,DCR,False,inf,0.0
55,DCR,True,18.0,97.77
55,DCR,True,21.0,106.32
55,DCR,True,28.0,140.46
55,DCR,True,14.0,68.73
55,DCR,True,5.0,22.16
55,DCR,False,inf,0.0
55,DCR,True,20.0,118.87
55,DCR,True,19.0,94.05
55,DCR,True,7.0,29.19
55,DCR,True,2.0,2.54
55,DCR,True,15.0,81.52
55,DCR,True,12.0,58.68
55,DCR,False,inf,0.0
55,DCR,True,10.0,50.03
55,DCR,True,21.0,100.4
55,DCR,True,18.0,111.61
55,DCR,False,inf,0.0
55,DCR,False,inf,0.0
55,DCR,True,4.0,27.92
55,DCR,False,inf,0.0
55,DCR,True,17.0,88.21
55,DCR,False,inf,0.0
55,DCR,False,inf,0.0
55,DCR,True,24.0,129.27
55,DCR,True,33.0,185.2
55,DCR,False,inf,0.0
55,DCR,False,inf,0.0
55,DCR,True,25.0,143.64
55,DCR,True,29.0,143.24
55,DCR,False,inf,0.0
55,DCR,False,inf,0.0
55,DCR,False,inf,0.0
55,DCR,False,inf,0.0
55,DCR,False,inf,0.0
55,DCR,True,28.0,142.35
55,DCR,True,5.0,31.19
55,DCR,True,7.0,40.86
55,DCR,True,18.0,91.36
55,DCR,False,inf,0.0
55,DCR,False,inf,0.0
55,DCR,True,10.0,51.3
55,DCR,True,24.0,118.53999999999999
55,DCR,True,22.0,113.72
55,DCR,True,27.0,135.66
55,DCR,False,inf,0.0
55,DCR,True,29.0,160.10999999999999
55,DCR,True,8.0,41.05
55,DCR,True,18.0,87.2
55,DCR,True,1.0,1.37
55,DCR,False,inf,0.0
55,DCR,False,inf,0.0
55,DCR,True,18.0,92.88
55,DCR,True,4.0,21.36
55,DCR,True,6.0,36.1
55,DCR,True,6.0,31.34
55,DCR,True,3.0,13.100000000000001
55,DCR,False,inf,0.0
55,DCR,True,27.0,146.32999999999998
55,DCR,True,21.0,106.82
55,DCR,False,inf,0.0
55,DCR,False,inf,0.0
55,DCR,True,10.0,53.94
55,DCR,True,1.0,8.74
55,DCR,True,15.0,64.71
55,DCR,False,inf,0.0
55,DCR,False,inf,0.0
55,DCR,True,15.0,73.59
55,DCR,True,7.0,37.61
55,DCR,True,17.0,77.4
55,DCR,False,inf,0.0
55,DCR,False,inf,0.0
55,DCR,False,inf,0.0
55,DCR,True,14.0,73.56
55,DCR,True,12.0,64.93
55,DCR,False,inf,0.0
55,DCR,False,inf,0.0
55,DCR,True,7.0,29.91
55,DCR,False,inf,0.0
55,DCR,False,inf,0.0
55,DCR,False,inf,0.0
55,DCR,True,12.0,65.32
55,DCR,True,29.0,139.87
55,DCR,False,inf,0.0
55,DCR,True,13.0,66.01
55,DCR,False,inf,0.0
55,DCR,True,11.0,57.21
55,DCR,True,26.0,132.10999999999999
55,DCR,False,inf,0.0
55,DCR,False,inf,0.0
55,DCR,True,14.0,76.67999999999999
55,DCR,True,29.0,147.84
55,DCR,False,inf,0.0
55,DCR,False,inf,0.0
55,DCR,False,inf,0.0
55,DCR,True,14.0,64.24
55,DCR,True,24.0,125.44
55,DCR,True,5.0,34.89
55,DCR,False,inf,0.0
55,DCR,False,inf,0.0
55,DCR,True,24.0,134.6
55,DCR,False,inf,0.0
55,DCR,True,5.0,20.2
55,DCR,True,27.0,146.32999999999998
55,DCR,True,26.0,134.19
55,DCR,False,inf,0.0
55,DCR,False,inf,0.0
55,DCR,False,inf,0.0
55,DCR,False,inf,0.0
55,DCR,False,inf,0.0
55,DCR,True,26.0,134.12
55,DCR,True,19.0,93.76
55,DCR,True,9.0,39.949999999999996
55,DCR,True,15.0,75.36
55,DCR,True,17.0,81.5
55,DCR,True,29.0,144.98
55,DCR,True,25.0,127.75
55,DCR,False,inf,0.0
55,DCR,False,inf,0.0
55,DCR,True,7.0,31.96
55,DCR,False,inf,0.0
55,DCR,True,17.0,82.16
55,DCR,False,inf,0.0
55,DCR,True,21.0,101.92
55,DCR,True,13.0,72.87
55,DCR,True,8.0,40.78
55,DCR,False,inf,0.0
55,DCR,True,18.0,89.3
55,DCR,False,inf,0.0
55,DCR,False,inf,0.0
55,DCR,True,5.0,30.330000000000002
55,DCR,False,inf,0.0
55,DCR,False,inf,0.0
55,DCR,False,inf,0.0
55,DCR,False,inf,0.0
55,DCR,False,inf,0.0
55,DCR,True,27.0,137.1
55,DCR,False,inf,0.0
55,DCR,True,7.0,43.49
55,DCR,True,28.0,155.09
55,DCR,False,inf,0.0
55,DCR,False,inf,0.0
55,DCR,True,31.0,157.74
55,DCR,False,inf,0.0
55,DCR,True,23.0,117.2
55,DCR,False,inf,0.0
55,DCR,False,inf,0.0
55,DCR,True,12.0,61.2
55,DCR,True,7.0,41.97
55,DCR,True,9.0,39.72
55,DCR,False,inf,0.0
55,DCR,False,inf,0.0
55,DCR,True,25.0,125.46
55,DCR,True,9.0,39.87
55,DCR,True,23.0,122.79
55,DCR,True,14.0,70.12
55,DCR,False,inf,0.0
55,DCR,True,26.0,139.31
55,DCR,True,7.0,32.61
55,DCR,False,inf,0.0
55,DCR,True,28.0,141.04
55,DCR,True,3.0,16.86
55,DCR,True,27.0,135.73
55,DCR,True,21.0,101.26
55,DCR,False,inf,0.0
55,DCR,False,inf,0.0
55,DCR,False,inf,0.0
55,DCR,False,inf,0.0
55,DCR,True,31.0,162.37
55,DCR,True,5.0,31.49
55,DCR,True,16.0,83.47
55,DCR,True,6.0,25.81
55,DCR,True,21.0,113.23
55,DCR,True,13.0,61.71
55,DCR,True,18.0,88.22
55,DCR,True,26.0,148.18
55,DCR,False,inf,0.0
55,DCR,False,inf,0.0
55,DCR,True,1.0,4.57
55,DCR,True,28.0,133.41
55,DCR,False,inf,0.0
55,DCR,True,24.0,123.6
55,DCR,False,inf,0.0
55,DCR,True,4.0,19.36
55,DCR,False,inf,0.0
55,DCR,True,23.0,122.79
55,DCR,False,inf,0.0
55,DCR,True,3.0,19.91
55,DCR,True,4.0,23.84
55,DCR,True,12.0,59.08
55,DCR,True,6.0,32.39
55,DCR,True,21.0,101.26
55,DCR,True,18.0,91.74
55,DCR,False,inf,0.0
55,DCR,True,28.0,141.04
55,DCR,True,16.0,80.0
55,DCR,True,2.0,6.26
55,DCR,True,15.0,76.4
55,DCR,True,3.0,13.100000000000001
55,DCR,True,14.0,68.88
55,DCR,True,7.0,42.68
55,DCR,True,15.0,79.63
55,DCR,False,inf,0.0
55,DCR,True,6.0,39.58
55,DCR,True,8.0,43.57
55,DCR,True,6.0,30.24
55,DCR,True,3.0,17.009999999999998
55,DCR,True,9.0,47.54
55,DCR,False,inf,0.0
55,DCR,False,inf,0.0
55,DCR,False,inf,0.0
55,DCR,True,2.0,17.54
55,DCR,True,19.0,95.1
55,DCR,True,29.0,152.22
55,DCR,True,5.0,21.05
55,DCR,True,1.0,1.61
55,DCR,False,inf,0.0
55,DCR,False,inf,0.0
55,DCR,False,inf,0.0
55,DCR,True,26.0,135.71
55,DCR,True,20.0,103.71
55,DCR,True,16.0,74.99
55,DCR,True,15.0,78.46
55,DCR,True,7.0,42.04
55,DCR,False,inf,0.0
55,DCR,False,inf,0.0
55,DCR,True,28.0,141.39
55,DCR,False,inf,0.0
55,DCR,False,inf,0.0
55,DCR,False,inf,0.0
55,DCR,False,inf,0.0
55,DCR,True,12.0,54.46
55,DCR,True,18.0,92.4
55,DCR,False,inf,0.0
55,DCR,True,17.0,82.16
55,DCR,True,14.0,75.81
55,DCR,False,inf,0.0
55,DCR,True,7.0,35.9
55,DCR,True,31.0,162.85999999999999
55,DCR,False,inf,0.0
55,DCR,False,inf,0.0
55,DCR,True,10.0,55.730000000000004
55,DCR,True,10.0,47.6
55,DCR,True,26.0,122.17
55,DCR,True,14.0,76.67999999999999
55,DCR,True,8.0,43.83
55,DCR,True,15.0,76.4
55,DCR,True,7.0,33.0
55,DCR,True,10.0,54.410000000000004
55,DCR,True,28.0,147.76
55,DCR,False,inf,0.0
55,DCR,False,inf,0.0
55,DCR,True,11.0,57.21
55,DCR,True,24.0,120.34
55,DCR,True,2.0,2.54
55,DCR,False,inf,0.0
55,DCR,True,7.0,32.99
55,DCR,True,2.0,15.829999999999998
55,DCR,False,inf,0.0
55,DCR,False,inf,0.0
55,DCR,False,inf,0.0
55,DCR,True,30.0,158.76
55,DCR,False,inf,0.0
55,DCR,True,23.0,114.11
55,DCR,True,17.0,89.62
55,DCR,True,27.0,141.76
55,DCR,True,35.0,182.42
55,DCR,True,15.0,74.99
55,DCR,False,inf,0.0
55,DCR,True,14.0,70.42
55,DCR,False,inf,0.0
55,DCR,True,19.0,104.32
55,DCR,True,21.0,102.66
55,DCR,False,inf,0.0
55,DCR,False,inf,0.0
55,DCR,True,20.0,99.19
55,DCR,False,inf,0.0
55,DCR,False,inf,0.0
55,DCR,False,inf,0.0
55,DCR,True,29.0,147.6
55,DCR,True,10.0,48.25
55,DCR,True,1.0,1.27
55,DCR,True,22.0,106.32
55,DCR,True,16.0,76.03
55,DCR,False,inf,0.0
55,DCR,True,29.0,157.0
55,DCR,True,19.0,92.6
55,DCR,False,inf,0.0
55,DCR,False,inf,0.0
55,DCR,True,7.0,42.61
55,DCR,False,inf,0.0
55,DCR,True,24.0,128.05
55,DCR,True,13.0,66.55
55,DCR,False,inf,0.0
55,DCR,True,10.0,54.410000000000004
55,DCR,False,inf,0.0
55,DCR,True,22.0,116.72
55,DCR,False,inf,0.0
55,DCR,False,inf,0.0
55,DCR,True,11.0,58.17
55,DCR,True,28.0,139.96
55,DCR,True,27.0,133.1
55,DCR,True,30.0,165.23
55,DCR,False,inf,0.0
55,DCR,True,2.0,5.05
55,DCR,True,27.0,140.85
55,DCR,True,18.0,91.56
55,DCR,True,3.0,17.76
55,DCR,True,19.0,95.17
55,DCR,False,inf,0.0
55,DCR,True,26.0,120.42999999999999
55,DCR,True,1.0,1.87
55,DCR,False,inf,0.0
55,DCR,True,22.0,106.32
55,DCR,True,10.0,52.71
55,DCR,True,13.0,72.87
55,DCR,False,inf,0.0
55,DCR,True,12.0,59.47
55,DCR,True,8.0,43.31
55,DCR,False,inf,0.0
55,DCR,True,6.0,22.71
55,DCR,True,15.0,79.13
55,DCR,True,3.0,10.219999999999999
55,DCR,True,20.0,105.37
55,DCR,True,3.0,19.71
55,DCR,True,7.0,31.96
55,DCR,True,23.0,119.27
55,DCR,False,inf,0.0
55,DCR,True,9.0,45.95
55,DCR,False,inf,0.0
55,DCR,True,9.0,50.019999999999996
55,DCR,True,28.0,147.33
55,DCR,True,3.0,18.68
55,DCR,False,inf,0.0
55,DCR,True,6.0,32.88
55,DCR,True,4.0,20.59
55,DCR,False,inf,0.0
55,DCR,True,6.0,31.43
55,DCR,False,inf,0.0
55,DCR,True,13.0,62.9
55,DCR,True,13.0,68.47
55,DCR,True,2.0,2.54
55,DCR,True,23.0,132.45
55,DCR,True,24.0,126.21
55,DCR,True,13.0,58.36
55,DCR,True,8.0,46.51
55,DCR,False,inf,0.0
55,DCR,True,19.0,95.09
55,DCR,False,inf,0.0
55,DCR,False,inf,0.0
55,DCR,True,25.0,143.64
55,DCR,True,6.0,25.85
55,DCR,False,inf,0.0
55,DCR,True,13.0,61.71
55,DCR,True,31.0,152.57999999999998
55,DCR,False,inf,0.0
55,DCR,True,5.0,29.52
55,DCR,False,inf,0.0
55,DCR,True,6.0,37.74
55,DCR,False,inf,0.0
55,DCR,True,15.0,79.14
55,DCR,False,inf,0.0
55,DCR,False,inf,0.0
55,DCR,False,inf,0.0
55,DCR,True,22.0,107.19
55,DCR,False,inf,0.0
55,DCR,True,2.0,17.07
55,DCR,False,inf,0.0
55,DCR,True,7.0,31.96
55,DCR,True,24.0,124.99
55,DCR,False,inf,0.0
55,DCR,False,inf,0.0
55,DCR,False,inf,0.0
55,DCR,True,20.0,116.13
55,DCR,True,23.0,116.73
55,DCR,True,5.0,32.36
55,DCR,False,inf,0.0
55,DCR,True,9.0,45.44
55,DCR,True,2.0,6.26
55,DCR,True,15.0,78.48
55,DCR,True,19.0,98.34
55,DCR,True,2.0,15.829999999999998
55,DCR,True,33.0,171.68
55,DCR,True,11.0,54.93
55,DCR,False,inf,0.0
55,DCR,True,9.0,46.29
55,DCR,False,inf,0.0
55,DCR,True,11.0,59.34
55,DCR,False,inf,0.0
55,DCR,True,23.0,105.81
55,DCR,True,15.0,77.72
55,DCR,False,inf,0.0
55,DCR,False,inf,0.0
55,DCR,False,inf,0.0
55,DCR,False,inf,0.0
55,DCR,True,27.0,136.82
55,DCR,True,11.0,61.37
55,DCR,True,26.0,133.0
55,DCR,True,3.0,13.850000000000001
55,DCR,True,9.0,46.11
55,DCR,True,20.0,92.53
55,DCR,False,inf,0.0
55,DCR,True,5.0,28.27
55,DCR,True,24.0,128.07
55,DCR,False,inf,0.0
55,DCR,False,inf,0.0
55,DCR,True,25.0,119.86
55,DCR,True,31.0,174.63
55,DCR,True,26.0,134.27
55,DCR,False,inf,0.0
55,DCR,True,30.0,160.82
55,DCR,True,6.0,31.35
55,DCR,False,inf,0.0
55,DCR,False,inf,0.0
55,DCR,False,inf,0.0
55,DCR,True,15.0,64.71
55,DCR,False,inf,0.0
55,DCR,False,inf,0.0
55,DCR,True,15.0,65.66
55,DCR,True,12.0,62.24
55,DCR,True,7.0,40.24
55,DCR,False,inf,0.0
55,DCR,True,27.0,151.02
55,DCR,False,inf,0.0
55,DCR,True,26.0,134.12
55,DCR,False,inf,0.0
55,DCR,False,inf,0.0
55,DCR,False,inf,0.0
55,DCR,False,inf,0.0
55,DCR,False,inf,0.0
55,DCR,True,18.0,89.77
55,DCR,False,inf,0.0
55,DCR,False,inf,0.0
55,DCR,False,inf,0.0
55,DCR,True,17.0,89.24
55,DCR,False,inf,0.0
55,DCR,True,18.0,94.97
55,DCR,False,inf,0.0
55,DCR,True,19.0,92.17999999999999
55,DCR,True,20.0,102.42999999999999
55,DCR,True,8.0,40.99
55,DCR,False,inf,0.0
55,DCR,True,24.0,118.53999999999999
55,DCR,False,inf,0.0
55,DCR,True,22.0,109.92
55,DCR,False,inf,0.0
55,DCR,False,inf,0.0
55,DCR,True,17.0,91.14
55,DCR,True,4.0,26.78
55,DCR,True,22.0,122.78999999999999
55,DCR,False,inf,0.0
55,DCR,False,inf,0.0
55,DCR,False,inf,0.0
55,DCR,False,inf,0.0
55,DCR,False,inf,0.0
55,DCR,True,18.0,91.97
55,DCR,True,2.0,16.580000000000002
55,DCR,False,inf,0.0
55,DCR,False,inf,0.0
55,DCR,False,inf,0.0
55,DCR,True,23.0,122.1
55,DCR,True,25.0,143.64
55,DCR,False,inf,0.0
55,DCR,False,inf,0.0
55,DCR,True,26.0,127.03999999999999
55,DCR,False,inf,0.0
55,DCR,False,inf,0.0
55,DCR,False,inf,0.0
55,DCR,True,12.0,64.93
55,DCR,True,14.0,68.09
55,DCR,True,27.0,135.73
55,DCR,False,inf,0.0
55,DCR,True,8.0,35.74
55,DCR,False,inf,0.0
55,DCR,False,inf,0.0
55,DCR,True,8.0,42.35
55,DCR,True,25.0,132.04
55,DCR,False,inf,0.0
55,DCR,False,inf,0.0
55,DCR,False,inf,0.0
55,DCR,True,20.0,105.37
55,DCR,True,19.0,96.49
55,DCR,False,inf,0.0
55,DCR,False,inf,0.0
55,DCR,False,inf,0.0
55,DCR,True,2.0,9.98
55,DCR,False,inf,0.0
55,DCR,True,28.0,156.93
55,DCR,False,inf,0.0
55,DCR,False,inf,0.0
55,DCR,True,20.0,102.66
55,DCR,True,4.0,13.97
55,DCR,True,3.0,19.94
55,DCR,True,11.0,52.91
55,DCR,True,5.0,32.28
55,DCR,False,inf,0.0
55,DCR,False,inf,0.0
55,DCR,False,inf,0.0
55,DCR,False,inf,0.0
55,DCR,True,27.0,134.32
55,DCR,True,24.0,125.44
55,DCR,True,27.0,135.66
55,DCR,False,inf,0.0
55,DCR,False,inf,0.0
55,DCR,True,31.0,165.03
55,DCR,False,inf,0.0
55,DCR,True,21.0,101.92
55,DCR,True,17.0,83.1
55,DCR,True,25.0,135.49
55,DCR,True,3.0,18.080000000000002
55,DCR,True,26.0,134.16
55,DCR,False,inf,0.0
55,DCR,False,inf,0.0
55,DCR,False,inf,0.0
55,DCR,False,inf,0.0
55,DCR,False,inf,0.0
55,DCR,True,18.0,92.42
55,DCR,True,25.0,127.72
55,DCR,True,22.0,109.92
55,DCR,True,12.0,64.7
55,DCR,False,inf,0.0
55,DCR,True,29.0,156.47
55,DCR,False,inf,0.0
55,DCR,False,inf,0.0
55,DCR,True,13.0,72.87
55,DCR,True,3.0,18.68
55,DCR,True,2.0,3.05
55,DCR,True,29.0,147.45
55,DCR,True,12.0,63.6
55,DCR,True,4.0,25.3
55,DCR,True,13.0,69.02
55,DCR,True,17.0,84.67
55,DCR,True,2.0,2.54
55,DCR,False,inf,0.0
55,DCR,True,18.0,95.98
55,DCR,True,31.0,168.82999999999998
55,DCR,True,25.0,131.87
55,DCR,False,inf,0.0
55,DCR,True,13.0,70.07
55,DCR,False,inf,0.0
55,DCR,True,31.0,171.07
55,DCR,True,11.0,56.71
55,DCR,True,8.0,45.3
55,DCR,True,25.0,143.64
55,DCR,False,inf,0.0
55,DCR,True,1.0,1.08
55,DCR,False,inf,0.0
55,DCR,True,21.0,107.03999999999999
55,DCR,True,9.0,39.72
55,DCR,False,inf,0.0
55,DCR,True,18.0,91.04
55,DCR,True,29.0,157.07
55,DCR,True,27.0,127.16
55,DCR,False,inf,0.0
55,DCR,True,27.0,137.05
55,DCR,False,inf,0.0
55,DCR,False,inf,0.0
55,DCR,True,20.0,114.26
55,DCR,False,inf,0.0
55,DCR,False,inf,0.0
55,DCR,True,15.0,81.52
55,DCR,True,6.0,28.05
55,DCR,False,inf,0.0
55,DCR,True,7.0,42.61
55,DCR,True,1.0,6.85
55,DCR,True,1.0,1.87
55,DCR,False,inf,0.0
55,DCR,True,21.0,109.75999999999999
55,DCR,False,inf,0.0
55,DCR,False,inf,0.0
55,DCR,True,13.0,67.16
55,DCR,True,9.0,47.63
55,DCR,False,inf,0.0
55,DCR,True,27.0,132.77
55,DCR,False,inf,0.0
55,DCR,False,inf,0.0
55,DCR,False,inf,0.0
55,DCR,True,4.0,21.71
55,DCR,True,8.0,45.59
55,DCR,True,23.0,130.48
55,DCR,True,32.0,170.81
55,DCR,False,inf,0.0
55,DCR,True,23.0,117.88
55,DCR,True,17.0,81.62
55,DCR,False,inf,0.0
55,DCR,True,20.0,102.42999999999999
55,DCR,True,7.0,43.49
55,DCR,False,inf,0.0
55,DCR,True,12.0,56.57
55,DCR,False,inf,0.0
55,DCR,True,26.0,135.51
55,DCR,True,27.0,136.82
55,DCR,False,inf,0.0
55,DCR,False,inf,0.0
55,DCR,True,29.0,149.04
55,DCR,False,inf,0.0
55,DCR,False,inf,0.0
55,DCR,False,inf,0.0
55,DCR,False,inf,0.0
55,DCR,True,14.0,64.24
55,DCR,True,18.0,91.49
55,DCR,False,inf,0.0
55,DCR,True,17.0,83.65
55,DCR,False,inf,0.0
55,DCR,False,inf,0.0
55,DCR,True,14.0,69.37
55,DCR,True,3.0,14.64
55,DCR,True,17.0,91.19
55,DCR,True,17.0,87.01
55,DCR,True,16.0,93.42999999999999
55,DCR,False,inf,0.0
55,DCR,True,7.0,41.97
55,DCR,False,inf,0.0
55,DCR,True,6.0,32.87
55,DCR,True,17.0,89.24
55,DCR,True,12.0,63.46
55,DCR,True,15.0,78.48
55,DCR,True,24.0,125.28
55,DCR,True,32.0,170.87
55,DCR,True,16.0,88.53999999999999
55,DCR,False,inf,0.0
55,DCR,True,13.0,66.66
55,DCR,False,inf,0.0
55,DCR,False,inf,0.0
55,DCR,True,4.0,28.25
55,DCR,True,11.0,53.03
55,DCR,True,16.0,76.8
55,DCR,True,9.0,45.22
55,DCR,True,6.0,31.02
55,DCR,True,18.0,87.14
55,DCR,False,inf,0.0
55,DCR,False,inf,0.0
55,DCR,False,inf,0.0
55,DCR,True,4.0,23.38
55,DCR,True,27.0,138.93
55,DCR,False,inf,0.0
55,DCR,False,inf,0.0
55,DCR,True,18.0,96.67999999999999
55,DCR,True,2.0,7.39
55,DCR,True,3.0,12.700000000000001
55,DCR,False,inf,0.0
55,DCR,False,inf,0.0
55,DCR,True,4.0,26.830000000000002
55,DCR,True,4.0,19.17
55,DCR,True,4.0,19.95
55,DCR,False,inf,0.0
55,DCR,True,5.0,28.39
55,DCR,True,10.0,57.43
55,DCR,True,9.0,48.14
55,DCR,True,20.0,99.48
55,DCR,False,inf,0.0
55,DCR,True,5.0,33.32
55,DCR,False,inf,0.0
55,DCR,False,inf,0.0
55,DCR,False,inf,0.0
55,DCR,False,inf,0.0
55,DCR,True,7.0,34.35
55,DCR,True,19.0,106.94
55,DCR,True,8.0,45.43
55,DCR,True,13.0,66.01
55,DCR,True,3.0,19.810000000000002
55,DCR,True,14.0,71.39
55,DCR,True,23.0,122.07
55,DCR,False,inf,0.0
55,DCR,False,inf,0.0
55,DCR,True,23.0,116.09
55,DCR,True,23.0,118.49
55,DCR,True,34.0,183.38
55,DCR,True,14.0,70.53
55,DCR,True,21.0,101.53999999999999
55,DCR,True,15.0,71.81
55,DCR,False,inf,0.0
55,DCR,True,31.0,150.98
55,DCR,True,2.0,17.54
55,DCR,False,inf,0.0
55,DCR,False,inf,0.0
55,DCR,True,1.0,6.76
55,DCR,True,33.0,171.68
55,DCR,True,7.0,35.56
55,DCR,True,23.0,123.07
55,DCR,True,10.0,53.92
55,DCR,True,28.0,137.23
55,DCR,True,13.0,57.09
55,DCR,False,inf,0.0
55,DCR,True,8.0,47.72
55,DCR,False,inf,0.0
55,DCR,True,17.0,88.89
55,DCR,True,17.0,86.98
55,DCR,False,inf,0.0
55,DCR,True,14.0,69.37
55,DCR,False,inf,0.0
55,DCR,True,24.0,124.39
55,DCR,True,16.0,71.91
55,DCR,True,23.0,123.07
55,DCR,True,22.0,106.8
55,DCR,True,15.0,69.7
55,DCR,False,inf,0.0
55,DCR,True,18.0,95.57
55,DCR,True,18.0,93.64
55,DCR,False,inf,0.0
55,DCR,False,inf,0.0
55,DCR,False,inf,0.0
55,DCR,False,inf,0.0
55,DCR,True,5.0,25.9
55,DCR,False,inf,0.0
55,DCR,True,25.0,133.45
55,DCR,True,8.0,43.24
55,DCR,True,26.0,131.10999999999999
55,DCR,False,inf,0.0
55,DCR,False,inf,0.0
55,DCR,True,7.0,32.99
55,DCR,False,inf,0.0
55,DCR,False,inf,0.0
55,DCR,True,12.0,65.19
55,DCR,False,inf,0.0
55,DCR,True,15.0,71.26
55,DCR,True,15.0,76.33
55,DCR,True,5.0,36.36
55,DCR,False,inf,0.0
55,DCR,False,inf,0.0
55,DCR,True,1.0,3.62
55,DCR,True,29.0,157.10999999999999
55,DCR,True,10.0,49.82
55,DCR,True,13.0,64.67999999999999
55,DCR,False,inf,0.0
55,DCR,True,10.0,48.25
55,DCR,True,8.0,35.74
55,DCR,False,inf,0.0
55,DCR,True,3.0,11.63
55,DCR,True,2.0,10.14
55,DCR,True,12.0,56.85
55,DCR,True,29.0,159.77
55,DCR,True,4.0,26.830000000000002
55,DCR,True,1.0,7.78
55,DCR,True,12.0,51.160000000000004
55,DCR,True,7.0,39.53
55,DCR,True,20.0,104.25
55,DCR,True,28.0,147.33
55,DCR,False,inf,0.0
55,DCR,False,inf,0.0
55,DCR,True,22.0,112.76
55,DCR,True,28.0,142.25
55,DCR,True,26.0,127.03999999999999
55,DCR,False,inf,0.0
55,DCR,True,3.0,19.94
55,DCR,False,inf,0.0
55,DCR,True,30.0,158.85
55,DCR,False,inf,0.0
55,DCR,False,inf,0.0
55,DCR,True,4.0,23.84
55,DCR,False,inf,0.0
55,DCR,True,14.0,64.24
55,DCR,True,8.0,48.32
55,DCR,False,inf,0.0
55,DCR,True,14.0,74.88
55,DCR,True,10.0,56.54
55,DCR,True,17.0,90.05
55,DCR,False,inf,0.0
55,DCR,True,12.0,65.32
55,DCR,False,inf,0.0
55,DCR,False,inf,0.0
55,DCR,True,20.0,118.87
55,DCR,True,1.0,5.75
55,DCR,True,26.0,133.09
55,DCR,True,19.0,95.42
55,DCR,False,inf,0.0
55,DCR,False,inf,0.0
55,DCR,False,inf,0.0
55,DCR,True,25.0,132.04
55,DCR,True,6.0,33.14
55,DCR,True,22.0,108.01
55,DCR,True,24.0,131.56
55,DCR,True,31.0,167.21
55,DCR,True,27.0,137.97
55,DCR,False,inf,0.0
55,DCR,True,16.0,78.97
55,DCR,False,inf,0.0
55,DCR,True,27.0,137.05
55,DCR,False,inf,0.0
55,DCR,False,inf,0.0
55,DCR,False,inf,0.0
55,DCR,True,1.0,6.79
55,DCR,True,26.0,127.46
55,DCR,True,3.0,19.91
55,DCR,True,12.0,60.9
55,DCR,False,inf,0.0
55,DCR,False,inf,0.0
55,DCR,True,18.0,94.97
55,DCR,False,inf,0.0
55,DCR,False,inf,0.0
55,DCR,True,3.0,13.600000000000001
55,DCR,True,2.0,18.630000000000003
55,DCR,True,21.0,108.87
55,DCR,True,18.0,91.36
55,DCR,True,12.0,68.28
55,DCR,True,26.0,134.12
55,DCR,True,13.0,68.47
55,DCR,True,28.0,137.23
55,DCR,False,inf,0.0
55,DCR,False,inf,0.0
55,DCR,True,10.0,57.14
55,DCR,False,inf,0.0
55,DCR,True,13.0,68.17999999999999
55,DCR,True,7.0,41.36
55,DCR,True,3.0,11.25
55,DCR,False,inf,0.0
55,DCR,False,inf,0.0
55,DCR,False,inf,0.0
55,DCR,False,inf,0.0
55,DCR,True,4.0,26.52
55,DCR,True,29.0,167.35
55,DCR,True,1.0,9.87
55,DCR,True,2.0,5.05
55,DCR,True,11.0,54.93
55,DCR,True,17.0,85.8
55,DCR,True,29.0,146.47
55,DCR,False,inf,0.0
55,DCR,False,inf,0.0
55,DCR,False,inf,0.0
55,DCR,True,26.0,140.09
55,DCR,True,16.0,83.89
55,DCR,False,inf,0.0
55,DCR,True,8.0,40.99
55,DCR,True,16.0,83.37
55,DCR,True,10.0,57.64
55,DCR,True,2.0,9.29
55,DCR,False,inf,0.0
55,DCR,False,inf,0.0
55,DCR,True,16.0,76.03
55,DCR,True,4.0,11.399999999999999
55,DCR,False,inf,0.0
55,DCR,True,1.0,1.65
55,DCR,True,32.0,183.59
55,DCR,True,3.0,18.080000000000002
55,DCR,False,inf,0.0
55,DCR,True,2.0,11.920000000000002
55,DCR,True,26.0,131.93
55,DCR,False,inf,0.0
55,DCR,True,29.0,152.84
55,DCR,True,34.0,183.38
55,DCR,False,inf,0.0
55,DCR,False,inf,0.0
55,DCR,False,inf,0.0
55,DCR,True,25.0,133.45
55,DCR,False,inf,0.0
55,DCR,True,18.0,89.28
55,DCR,True,26.0,134.19
55,DCR,True,19.0,96.92999999999999
55,DCR,False,inf,0.0
55,DCR,True,7.0,32.05
55,DCR,True,22.0,111.33
55,DCR,True,9.0,45.44
55,DCR,True,6.0,38.14
55,DCR,True,25.0,127.83
55,DCR,False,inf,0.0
55,DCR,False,inf,0.0
55,DCR,True,12.0,56.82
55,DCR,False,inf,0.0
55,DCR,True,17.0,89.62
55,DCR,False,inf,0.0
55,DCR,True,21.0,117.21
55,DCR,True,24.0,129.27
55,DCR,True,31.0,170.69
55,DCR,True,18.0,90.14
55,DCR,False,inf,0.0
55,DCR,False,inf,0.0
55,DCR,True,20.0,99.03999999999999
55,DCR,True,11.0,61.9
55,DCR,True,11.0,58.6
55,DCR,False,inf,0.0
55,DCR,True,6.0,38.01
55,DCR,False,inf,0.0
55,DCR,True,19.0,96.59
55,DCR,True,28.0,134.35
55,DCR,True,25.0,127.72
55,DCR,True,22.0,118.39
55,DCR,True,26.0,148.18
55,DCR,False,inf,0.0
55,DCR,True,12.0,64.7
55,DCR,True,15.0,85.95
55,DCR,False,inf,0.0
55,DCR,False,inf,0.0
55,DCR,True,7.0,40.75
55,DCR,True,24.0,128.35999999999999
55,DCR,False,inf,0.0
55,DCR,True,5.0,29.52
55,DCR,False,inf,0.0
55,DCR,False,inf,0.0
55,DCR,False,inf,0.0
55,DCR,True,5.0,22.54
55,DCR,False,inf,0.0
55,DCR,True,9.0,52.67
55,DCR,True,35.0,194.9
55,DCR,True,29.0,152.84
55,DCR,False,inf,0.0
55,DCR,False,inf,0.0
55,DCR,True,21.0,100.38
55,DCR,True,16.0,79.47
55,DCR,True,25.0,126.53
55,DCR,True,5.0,30.330000000000002
55,DCR,True,9.0,52.67
55,DCR,True,19.0,91.03
55,DCR,True,19.0,97.9
55,DCR,False,inf,0.0
55,DCR,False,inf,0.0
55,DCR,True,17.0,82.67
55,DCR,True,25.0,127.83
55,DCR,False,inf,0.0
55,DCR,True,8.0,37.47
55,DCR,True,6.0,36.28
55,DCR,True,11.0,60.559999999999995
55,DCR,True,29.0,157.07
55,DCR,True,17.0,87.66
55,DCR,True,22.0,116.27
55,DCR,True,25.0,125.46
55,DCR,False,inf,0.0
55,DCR,False,inf,0.0
55,DCR,False,inf,0.0
55,DCR,False,inf,0.0
55,DCR,False,inf,0.0
55,DCR,False,inf,0.0
55,DCR,False,inf,0.0
55,DCR,True,14.0,77.45
55,DCR,True,3.0,15.73
55,DCR,False,inf,0.0
55,DCR,False,inf,0.0
55,DCR,False,inf,0.0
55,DCR,True,6.0,33.14
55,DCR,False,inf,0.0
55,DCR,True,27.0,138.46
55,DCR,False,inf,0.0
55,DCR,False,inf,0.0
55,DCR,True,7.0,39.08
55,DCR,True,3.0,15.139999999999999
55,DCR,False,inf,0.0
55,DCR,True,7.0,33.22
55,DCR,True,21.0,117.21
55,DCR,False,inf,0.0
55,DCR,True,8.0,36.4
55,DCR,False,inf,0.0
55,DCR,True,2.0,3.02
55,DCR,False,inf,0.0
55,DCR,False,inf,0.0
55,DCR,False,inf,0.0
55,DCR,True,10.0,49.56
55,DCR,True,2.0,9.19
55,DCR,True,8.0,36.31
55,DCR,True,5.0,34.89
55,DCR,False,inf,0.0
55,DCR,True,22.0,110.14999999999999
55,DCR,True,20.0,104.74
55,DCR,True,29.0,147.45
55,DCR,True,18.0,97.77
55,DCR,False,inf,0.0
55,DCR,True,10.0,48.25
55,DCR,True,17.0,77.4
55,DCR,False,inf,0.0
55,DCR,True,2.0,10.07
55,DCR,False,inf,0.0
55,DCR,False,inf,0.0
55,DCR,True,1.0,1.08
55,DCR,False,inf,0.0
55,DCR,False,inf,0.0
55,DCR,False,inf,0.0
55,DCR,True,2.0,12.95
55,DCR,False,inf,0.0
55,DCR,True,16.0,88.53999999999999
55,DCR,False,inf,0.0
55,DCR,True,31.0,171.07
55,DCR,True,21.0,101.26
55,DCR,True,4.0,19.36
55,DCR,True,25.0,139.01
55,DCR,True,18.0,91.04
55,DCR,False,inf,0.0
55,DCR,False,inf,0.0
55,DCR,True,26.0,140.09
55,DCR,False,inf,0.0
55,DCR,False,inf,0.0
55,DCR,False,inf,0.0
55,DCR,False,inf,0.0
55,DCR,False,inf,0.0
55,DCR,True,6.0,36.6
55,DCR,True,19.0,106.94
55,DCR,True,3.0,13.850000000000001
55,DCR,False,inf,0.0
55,DCR,False,inf,0.0
55,DCR,False,inf,0.0
55,DCR,False,inf,0.0
55,DCR,False,inf,0.0
55,DCR,False,inf,0.0
55,DCR,True,25.0,135.49
55,DCR,False,inf,0.0
55,DCR,True,33.0,185.13
55,DCR,True,24.0,122.28
55,DCR,True,17.0,82.65
55,DCR,True,2.0,13.670000000000002
55,DCR,False,inf,0.0
55,DCR,True,31.0,155.35999999999999
55,DCR,False,inf,0.0
55,CCR,False,inf,0.0
55,CCR,False,inf,0.0
55,CCR,False,inf,0.0
55,CCR,True,7.0,50.37
55,CCR,False,inf,0.0
55,CCR,False,inf,0.0
55,CCR,False,inf,0.0
55,CCR,True,21.0,128.32999999999998
55,CCR,True,14.0,81.46
55,CCR,True,20.0,111.99
55,CCR,True,13.0,75.87
55,CCR,False,inf,0.0
55,CCR,False,inf,0.0
55,CCR,True,31.0,184.3
55,CCR,False,inf,0.0
55,CCR,True,9.0,55.15
55,CCR,False,inf,0.0
55,CCR,True,8.0,51.57
55,CCR,True,23.0,132.15
55,CCR,False,inf,0.0
55,CCR,True,9.0,55.82
55,CCR,True,4.0,16.32
55,CCR,True,6.0,39.58
55,CCR,True,10.0,60.39
55,CCR,True,7.0,41.26
55,CCR,True,21.0,126.28999999999999
55,CCR,False,inf,0.0
55,CCR,False,inf,0.0
55,CCR,True,19.0,111.47
55,CCR,True,19.0,111.47
55,CCR,False,inf,0.0
55,CCR,False,inf,0.0
55,CCR,False,inf,0.0
55,CCR,True,15.0,85.96
55,CCR,False,inf,0.0
55,CCR,True,6.0,35.5
55,CCR,True,8.0,44.49
55,CCR,False,inf,0.0
55,CCR,True,4.0,29.21
55,CCR,True,3.0,16.47
55,CCR,False,inf,0.0
55,CCR,False,inf,0.0
55,CCR,False,inf,0.0
55,CCR,False,inf,0.0
55,CCR,False,inf,0.0
55,CCR,True,23.0,137.06
55,CCR,False,inf,0.0
55,CCR,False,inf,0.0
55,CCR,False,inf,0.0
55,CCR,True,19.0,114.17
55,CCR,False,inf,0.0
55,CCR,True,2.0,13.370000000000001
55,CCR,True,14.0,78.51
55,CCR,True,27.0,150.28
55,CCR,False,inf,0.0
55,CCR,False,inf,0.0
55,CCR,True,11.0,64.32
55,CCR,False,inf,0.0
55,CCR,False,inf,0.0
55,CCR,True,7.0,43.99
55,CCR,True,20.0,117.19
55,CCR,False,inf,0.0
55,CCR,False,inf,0.0
55,CCR,True,12.0,72.8
55,CCR,True,17.0,107.74
55,CCR,False,inf,0.0
55,CCR,True,3.0,10.219999999999999
55,CCR,False,inf,0.0
55,CCR,False,inf,0.0
55,CCR,True,16.0,80.56
55,CCR,True,7.0,41.99
55,CCR,True,15.0,85.96
55,CCR,False,inf,0.0
55,CCR,False,inf,0.0
55,CCR,False,inf,0.0
55,CCR,True,9.0,50.08
55,CCR,True,13.0,70.47
55,CCR,True,11.0,62.15
55,CCR,True,9.0,54.96
55,CCR,False,inf,0.0
55,CCR,False,inf,0.0
55,CCR,True,11.0,66.86
55,CCR,False,inf,0.0
55,CCR,False,inf,0.0
55,CCR,False,inf,0.0
55,CCR,True,6.0,34.11
55,CCR,False,inf,0.0
55,CCR,False,inf,0.0
55,CCR,True,8.0,45.61
55,CCR,False,inf,0.0
55,CCR,False,inf,0.0
55,CCR,False,inf,0.0
55,CCR,False,inf,0.0
55,CCR,False,inf,0.0
55,CCR,True,4.0,18.33
55,CCR,False,inf,0.0
55,CCR,False,inf,0.0
55,CCR,False,inf,0.0
55,CCR,True,12.0,73.68
55,CCR,False,inf,0.0
55,CCR,False,inf,0.0
55,CCR,True,6.0,45.66
55,CCR,True,21.0,123.17999999999999
55,CCR,True,32.0,175.77
55,CCR,True,2.0,9.62
55,CCR,False,inf,0.0
55,CCR,True,18.0,100.41
55,CCR,False,inf,0.0
55,CCR,False,inf,0.0
55,CCR,False,inf,0.0
55,CCR,False,inf,0.0
55,CCR,False,inf,0.0
55,CCR,True,15.0,85.96
55,CCR,True,21.0,130.09
55,CCR,False,inf,0.0
55,CCR,False,inf,0.0
55,CCR,True,1.0,6.21
55,CCR,False,inf,0.0
55,CCR,False,inf,0.0
55,CCR,True,6.0,35.69
55,CCR,False,inf,0.0
55,CCR,False,inf,0.0
55,CCR,False,inf,0.0
55,CCR,True,11.0,58.9
55,CCR,True,6.0,38.49
55,CCR,True,3.0,11.129999999999999
55,CCR,True,11.0,64.32
55,CCR,False,inf,0.0
55,CCR,True,24.0,137.6
55,CCR,False,inf,0.0
55,CCR,False,inf,0.0
55,CCR,True,1.0,8.61
55,CCR,False,inf,0.0
55,CCR,True,24.0,146.33
55,CCR,False,inf,0.0
55,CCR,False,inf,0.0
55,CCR,False,inf,0.0
55,CCR,True,12.0,72.02
55,CCR,False,inf,0.0
55,CCR,True,5.0,37.32
55,CCR,False,inf,0.0
55,CCR,True,23.0,129.34
55,CCR,True,9.0,61.09
55,CCR,True,1.0,4.1
55,CCR,False,inf,0.0
55,CCR,False,inf,0.0
55,CCR,True,18.0,107.5
55,CCR,True,13.0,77.22
55,CCR,True,22.0,128.93
55,CCR,False,inf,0.0
55,CCR,True,23.0,141.42
55,CCR,True,20.0,118.72
55,CCR,False,inf,0.0
55,CCR,True,10.0,59.839999999999996
55,CCR,False,inf,0.0
55,CCR,True,1.0,4.94
55,CCR,False,inf,0.0
55,CCR,False,inf,0.0
55,CCR,True,2.0,15.65
55,CCR,False,inf,0.0
55,CCR,False,inf,0.0
55,CCR,False,inf,0.0
55,CCR,True,21.0,126.28999999999999
55,CCR,True,12.0,64.85
55,CCR,True,30.0,170.1
55,CCR,False,inf,0.0
55,CCR,False,inf,0.0
55,CCR,True,21.0,125.52
55,CCR,True,18.0,97.24
55,CCR,True,13.0,70.47
55,CCR,False,inf,0.0
55,CCR,False,inf,0.0
55,CCR,True,24.0,130.64
55,CCR,True,9.0,52.81
55,CCR,False,inf,0.0
55,CCR,False,inf,0.0
55,CCR,False,inf,0.0
55,CCR,True,4.0,30.34
55,CCR,False,inf,0.0
55,CCR,False,inf,0.0
55,CCR,False,inf,0.0
55,CCR,True,13.0,82.89
55,CCR,True,7.0,47.12
55,CCR,True,16.0,92.63
55,CCR,False,inf,0.0
55,CCR,True,32.0,172.96
55,CCR,True,6.0,36.6
55,CCR,False,inf,0.0
55,CCR,True,20.0,125.81
55,CCR,True,34.0,197.81
55,CCR,True,4.0,21.21
55,CCR,True,10.0,57.8
55,CCR,False,inf,0.0
55,CCR,False,inf,0.0
55,CCR,False,inf,0.0
55,CCR,False,inf,0.0
55,CCR,False,inf,0.0
55,CCR,False,inf,0.0
55,CCR,False,inf,0.0
55,CCR,False,inf,0.0
55,CCR,False,inf,0.0
55,CCR,True,8.0,49.77
55,CCR,True,10.0,60.85
55,CCR,False,inf,0.0
55,CCR,True,24.0,137.54
55,CCR,True,12.0,71.89
55,CCR,True,11.0,64.32
55,CCR,False,inf,0.0
55,CCR,False,inf,0.0
55,CCR,False,inf,0.0
55,CCR,False,inf,0.0
55,CCR,False,inf,0.0
55,CCR,False,inf,0.0
55,CCR,True,1.0,1.37
55,CCR,False,inf,0.0
55,CCR,True,4.0,25.52
55,CCR,False,inf,0.0
55,CCR,False,inf,0.0
55,CCR,True,30.0,183.98
55,CCR,False,inf,0.0
55,CCR,False,inf,0.0
55,CCR,False,inf,0.0
55,CCR,False,inf,0.0
55,CCR,True,6.0,36.6
55,CCR,False,inf,0.0
55,CCR,False,inf,0.0
55,CCR,True,13.0,81.44
55,CCR,False,inf,0.0
55,CCR,False,inf,0.0
55,CCR,False,inf,0.0
55,CCR,False,inf,0.0
55,CCR,True,10.0,65.69
55,CCR,True,18.0,107.94
55,CCR,False,inf,0.0
55,CCR,False,inf,0.0
55,CCR,False,inf,0.0
55,CCR,False,inf,0.0
55,CCR,False,inf,0.0
55,CCR,True,11.0,70.94
55,CCR,False,inf,0.0
55,CCR,True,5.0,33.94
55,CCR,True,31.0,185.48
55,CCR,True,13.0,78.58
55,CCR,False,inf,0.0
55,CCR,True,10.0,60.97
55,CCR,False,inf,0.0
55,CCR,True,20.0,119.41
55,CCR,False,inf,0.0
55,CCR,False,inf,0.0
55,CCR,False,inf,0.0
55,CCR,True,3.0,12.5
55,CCR,True,6.0,43.32
55,CCR,False,inf,0.0
55,CCR,False,inf,0.0
55,CCR,False,inf,0.0
55,CCR,False,inf,0.0
55,CCR,True,8.0,42.839999999999996
55,CCR,True,26.0,142.79
55,CCR,False,inf,0.0
55,CCR,True,2.0,15.65
55,CCR,False,inf,0.0
55,CCR,True,17.0,104.3
55,CCR,True,16.0,86.45
55,CCR,True,8.0,46.93
55,CCR,True,7.0,35.72
55,CCR,False,inf,0.0
55,CCR,False,inf,0.0
55,CCR,False,inf,0.0
55,CCR,False,inf,0.0
55,CCR,False,inf,0.0
55,CCR,True,21.0,126.97
55,CCR,False,inf,0.0
55,CCR,False,inf,0.0
55,CCR,False,inf,0.0
55,CCR,False,inf,0.0
55,CCR,True,22.0,130.98
55,CCR,False,inf,0.0
55,CCR,False,inf,0.0
55,CCR,False,inf,0.0
55,CCR,True,21.0,123.56
55,CCR,True,11.0,69.58
55,CCR,False,inf,0.0
55,CCR,False,inf,0.0
55,CCR,True,4.0,20.59
55,CCR,False,inf,0.0
55,CCR,False,inf,0.0
55,CCR,False,inf,0.0
55,CCR,True,15.0,85.13
55,CCR,False,inf,0.0
55,CCR,False,inf,0.0
55,CCR,False,inf,0.0
55,CCR,True,11.0,68.49
55,CCR,False,inf,0.0
55,CCR,True,18.0,106.06
55,CCR,False,inf,0.0
55,CCR,True,3.0,16.330000000000002
55,CCR,True,6.0,42.27
55,CCR,False,inf,0.0
55,CCR,False,inf,0.0
55,CCR,False,inf,0.0
55,CCR,True,24.0,141.94
55,CCR,True,5.0,33.59
55,CCR,True,8.0,45.29
55,CCR,False,inf,0.0
55,CCR,True,21.0,120.66
55,CCR,False,inf,0.0
55,CCR,False,inf,0.0
55,CCR,False,inf,0.0
55,CCR,False,inf,0.0
55,CCR,False,inf,0.0
55,CCR,False,inf,0.0
55,CCR,False,inf,0.0
55,CCR,True,9.0,59.36
55,CCR,False,inf,0.0
55,CCR,True,15.0,90.82
55,CCR,False,inf,0.0
55,CCR,False,inf,0.0
55,CCR,False,inf,0.0
55,CCR,True,21.0,129.28
55,CCR,False,inf,0.0
55,CCR,False,inf,0.0
55,CCR,True,16.0,88.55
55,CCR,False,inf,0.0
55,CCR,False,inf,0.0
55,CCR,False,inf,0.0
55,CCR,False,inf,0.0
55,CCR,False,inf,0.0
55,CCR,False,inf,0.0
55,CCR,False,inf,0.0
55,CCR,False,inf,0.0
55,CCR,True,24.0,142.73
55,CCR,True,5.0,33.32
55,CCR,False,inf,0.0
55,CCR,False,inf,0.0
55,CCR,False,inf,0.0
55,CCR,False,inf,0.0
55,CCR,True,16.0,91.51
55,CCR,False,inf,0.0
55,CCR,False,inf,0.0
55,CCR,False,inf,0.0
55,CCR,False,inf,0.0
55,CCR,False,inf,0.0
55,CCR,False,inf,0.0
55,CCR,True,27.0,170.91
55,CCR,True,4.0,21.21
55,CCR,True,3.0,10.37
55,CCR,True,3.0,14.709999999999999
55,CCR,False,inf,0.0
55,CCR,False,inf,0.0
55,CCR,True,11.0,66.63
55,CCR,True,38.0,206.54
55,CCR,False,inf,0.0
55,CCR,True,16.0,85.47
55,CCR,False,inf,0.0
55,CCR,False,inf,0.0
55,CCR,False,inf,0.0
55,CCR,False,inf,0.0
55,CCR,False,inf,0.0
55,CCR,False,inf,0.0
55,CCR,True,29.0,179.44
55,CCR,False,inf,0.0
55,CCR,False,inf,0.0
55,CCR,False,inf,0.0
55,CCR,False,inf,0.0
55,CCR,False,inf,0.0
55,CCR,False,inf,0.0
55,CCR,False,inf,0.0
55,CCR,True,28.0,152.01
55,CCR,False,inf,0.0
55,CCR,True,1.0,8.8
55,CCR,False,inf,0.0
55,CCR,True,7.0,48.85
55,CCR,False,inf,0.0
55,CCR,True,11.0,70.94
55,CCR,False,inf,0.0
55,CCR,True,14.0,80.45
55,CCR,True,6.0,41.21
55,CCR,False,inf,0.0
55,CCR,True,5.0,26.95
55,CCR,True,17.0,98.17999999999999
55,CCR,True,8.0,48.75
55,CCR,True,7.0,41.99
55,CCR,False,inf,0.0
55,CCR,False,inf,0.0
55,CCR,False,inf,0.0
55,CCR,True,3.0,10.219999999999999
55,CCR,False,inf,0.0
55,CCR,True,21.0,129.62
55,CCR,True,13.0,71.72
55,CCR,True,10.0,55.99
55,CCR,False,inf,0.0
55,CCR,True,10.0,60.339999999999996
55,CCR,False,inf,0.0
55,CCR,True,8.0,46.93
55,CCR,False,inf,0.0
55,CCR,True,21.0,129.24
55,CCR,False,inf,0.0
55,CCR,True,3.0,14.76
55,CCR,True,9.0,55.2
55,CCR,False,inf,0.0
55,CCR,False,inf,0.0
55,CCR,False,inf,0.0
55,CCR,False,inf,0.0
55,CCR,False,inf,0.0
55,CCR,False,inf,0.0
55,CCR,False,inf,0.0
55,CCR,False,inf,0.0
55,CCR,False,inf,0.0
55,CCR,False,inf,0.0
55,CCR,False,inf,0.0
55,CCR,False,inf,0.0
55,CCR,False,inf,0.0
55,CCR,True,13.0,78.95
55,CCR,False,inf,0.0
55,CCR,True,15.0,88.11
55,CCR,True,21.0,123.17999999999999
55,CCR,False,inf,0.0
55,CCR,True,1.0,1.36
55,CCR,False,inf,0.0
55,CCR,True,3.0,16.25
55,CCR,False,inf,0.0
55,CCR,False,inf,0.0
55,CCR,True,20.0,119.72
55,CCR,False,inf,0.0
55,CCR,True,16.0,89.78
55,CCR,True,17.0,89.63
55,CCR,False,inf,0.0
55,CCR,False,inf,0.0
55,CCR,False,inf,0.0
55,CCR,False,inf,0.0
55,CCR,False,inf,0.0
55,CCR,True,10.0,52.08
55,CCR,False,inf,0.0
55,CCR,False,inf,0.0
55,CCR,True,21.0,128.32999999999998
55,CCR,False,inf,0.0
55,CCR,True,3.0,13.600000000000001
55,CCR,True,17.0,98.17999999999999
55,CCR,True,22.0,128.1
55,CCR,True,5.0,31.29
55,CCR,True,18.0,105.64
55,CCR,True,1.0,1.37
55,CCR,False,inf,0.0
55,CCR,False,inf,0.0
55,CCR,False,inf,0.0
55,CCR,False,inf,0.0
55,CCR,True,4.0,17.62
55,CCR,True,14.0,78.51
55,CCR,True,3.0,14.62
55,CCR,True,17.0,96.57
55,CCR,False,inf,0.0
55,CCR,False,inf,0.0
55,CCR,False,inf,0.0
55,CCR,True,4.0,23.42
55,CCR,False,inf,0.0
55,CCR,True,6.0,36.06
55,CCR,True,20.0,118.72
55,CCR,True,7.0,47.7
55,CCR,False,inf,0.0
55,CCR,False,inf,0.0
55,CCR,True,5.0,31.43
55,CCR,True,26.0,145.99
55,CCR,True,13.0,69.15
55,CCR,True,16.0,94.76
55,CCR,False,inf,0.0
55,CCR,False,inf,0.0
55,CCR,False,inf,0.0
55,CCR,True,30.0,170.1
55,CCR,False,inf,0.0
55,CCR,False,inf,0.0
55,CCR,False,inf,0.0
55,CCR,True,4.0,19.17
55,CCR,False,inf,0.0
55,CCR,False,inf,0.0
55,CCR,False,inf,0.0
55,CCR,True,17.0,95.75
55,CCR,True,22.0,136.21
55,CCR,True,7.0,46.74
55,CCR,True,21.0,126.67999999999999
55,CCR,True,28.0,152.26
55,CCR,False,inf,0.0
55,CCR,True,1.0,1.36
55,CCR,True,13.0,74.23
55,CCR,True,25.0,151.82
55,CCR,True,31.0,173.66
55,CCR,True,19.0,114.38
55,CCR,False,inf,0.0
55,CCR,False,inf,0.0
55,CCR,False,inf,0.0
55,CCR,True,12.0,67.5
55,CCR,True,10.0,63.83
55,CCR,False,inf,0.0
55,CCR,False,inf,0.0
55,CCR,True,15.0,77.72
55,CCR,False,inf,0.0
55,CCR,False,inf,0.0
55,CCR,False,inf,0.0
55,CCR,True,15.0,88.11
55,CCR,True,9.0,58.64
55,CCR,True,19.0,122.57
55,CCR,False,inf,0.0
55,CCR,False,inf,0.0
55,CCR,False,inf,0.0
55,CCR,False,inf,0.0
55,CCR,True,21.0,124.97
55,CCR,False,inf,0.0
55,CCR,False,inf,0.0
55,CCR,True,12.0,64.28
55,CCR,False,inf,0.0
55,CCR,True,9.0,56.5
55,CCR,True,35.0,181.14
55,CCR,True,31.0,173.66
55,CCR,False,inf,0.0
55,CCR,False,inf,0.0
55,CCR,False,inf,0.0
55,CCR,True,35.0,195.52
55,CCR,True,22.0,135.83
55,CCR,False,inf,0.0
55,CCR,False,inf,0.0
55,CCR,False,inf,0.0
55,CCR,False,inf,0.0
55,CCR,False,inf,0.0
55,CCR,False,inf,0.0
55,CCR,True,16.0,85.47
55,CCR,False,inf,0.0
55,CCR,False,inf,0.0
55,CCR,False,inf,0.0
55,CCR,False,inf,0.0
55,CCR,True,6.0,37.47
55,CCR,True,3.0,13.600000000000001
55,CCR,True,12.0,72.8
55,CCR,True,3.0,18.56
55,CCR,True,9.0,52.45
55,CCR,False,inf,0.0
55,CCR,True,5.0,32.6
55,CCR,False,inf,0.0
55,CCR,False,inf,0.0
55,CCR,True,9.0,55.23
55,CCR,False,inf,0.0
55,CCR,False,inf,0.0
55,CCR,False,inf,0.0
55,CCR,False,inf,0.0
55,CCR,True,16.0,85.6
55,CCR,True,14.0,85.92
55,CCR,True,20.0,120.72
55,CCR,True,10.0,54.71
55,CCR,True,8.0,40.19
55,CCR,False,inf,0.0
55,CCR,True,1.0,1.27
55,CCR,False,inf,0.0
55,CCR,False,inf,0.0
55,CCR,False,inf,0.0
55,CCR,True,16.0,94.76
55,CCR,False,inf,0.0
55,CCR,True,12.0,72.02
55,CCR,True,16.0,91.51
55,CCR,True,4.0,24.580000000000002
55,CCR,False,inf,0.0
55,CCR,False,inf,0.0
55,CCR,True,11.0,70.84
55,CCR,True,23.0,133.32
55,CCR,False,inf,0.0
55,CCR,False,inf,0.0
55,CCR,False,inf,0.0
55,CCR,True,10.0,52.9
55,CCR,True,15.0,85.13
55,CCR,False,inf,0.0
55,CCR,False,inf,0.0
55,CCR,False,inf,0.0
55,CCR,True,19.0,122.57
55,CCR,False,inf,0.0
55,CCR,False,inf,0.0
55,CCR,False,inf,0.0
55,CCR,True,26.0,158.38
55,CCR,False,inf,0.0
55,CCR,True,2.0,8.57
55,CCR,True,16.0,85.47
55,CCR,True,29.0,160.25
55,CCR,True,29.0,165.94
55,CCR,False,inf,0.0
55,CCR,True,21.0,128.32999999999998
55,CCR,True,1.0,8.8
55,CCR,True,13.0,67.05
55,CCR,True,8.0,45.29
55,CCR,False,inf,0.0
55,CCR,True,18.0,107.86
55,CCR,False,inf,0.0
55,CCR,True,1.0,1.61
55,CCR,True,15.0,84.25
55,CCR,True,15.0,90.82
55,CCR,True,25.0,147.53
55,CCR,True,15.0,90.85
55,CCR,False,inf,0.0
55,CCR,True,10.0,65.69
55,CCR,False,inf,0.0
55,CCR,False,inf,0.0
55,CCR,True,16.0,91.51
55,CCR,False,inf,0.0
55,CCR,False,inf,0.0
55,CCR,True,3.0,14.6
55,CCR,False,inf,0.0
55,CCR,False,inf,0.0
55,CCR,False,inf,0.0
55,CCR,False,inf,0.0
55,CCR,True,20.0,116.01
55,CCR,False,inf,0.0
55,CCR,False,inf,0.0
55,CCR,True,5.0,30.93
55,CCR,True,22.0,133.49
55,CCR,False,inf,0.0
55,CCR,False,inf,0.0
55,CCR,True,1.0,6.73
55,CCR,False,inf,0.0
55,CCR,False,inf,0.0
55,CCR,False,inf,0.0
55,CCR,False,inf,0.0
55,CCR,False,inf,0.0
55,CCR,False,inf,0.0
55,CCR,False,inf,0.0
55,CCR,True,16.0,89.13
55,CCR,False,inf,0.0
55,CCR,True,32.0,186.5
55,CCR,False,inf,0.0
55,CCR,True,7.0,42.47
55,CCR,False,inf,0.0
55,CCR,True,17.0,104.3
55,CCR,True,1.0,8.64
55,CCR,False,inf,0.0
55,CCR,False,inf,0.0
55,CCR,False,inf,0.0
55,CCR,False,inf,0.0
55,CCR,False,inf,0.0
55,CCR,True,3.0,23.37
55,CCR,False,inf,0.0
55,CCR,False,inf,0.0
55,CCR,False,inf,0.0
55,CCR,False,inf,0.0
55,CCR,False,inf,0.0
55,CCR,False,inf,0.0
55,CCR,False,inf,0.0
55,CCR,False,inf,0.0
55,CCR,True,21.0,128.32999999999998
55,CCR,False,inf,0.0
55,CCR,True,2.0,12.169999999999998
55,CCR,False,inf,0.0
55,CCR,False,inf,0.0
55,CCR,True,3.0,11.32
55,CCR,True,8.0,48.61
55,CCR,True,13.0,79.17999999999999
55,CCR,True,8.0,56.74
55,CCR,True,4.0,20.72
55,CCR,True,13.0,74.04
55,CCR,False,inf,0.0
55,CCR,False,inf,0.0
55,CCR,False,inf,0.0
55,CCR,False,inf,0.0
55,CCR,True,22.0,128.93
55,CCR,False,inf,0.0
55,CCR,False,inf,0.0
55,CCR,False,inf,0.0
55,CCR,True,27.0,145.63
55,CCR,False,inf,0.0
55,CCR,False,inf,0.0
55,CCR,True,18.0,100.25
55,CCR,False,inf,0.0
55,CCR,False,inf,0.0
55,CCR,True,9.0,54.24
55,CCR,False,inf,0.0
55,CCR,True,20.0,120.72
55,CCR,False,inf,0.0
55,CCR,True,31.0,184.3
55,CCR,False,inf,0.0
55,CCR,False,inf,0.0
55,CCR,False,inf,0.0
55,CCR,False,inf,0.0
55,CCR,False,inf,0.0
55,CCR,True,25.0,145.34
55,CCR,True,13.0,76.74
55,CCR,False,inf,0.0
55,CCR,False,inf,0.0
55,CCR,True,21.0,125.52
55,CCR,False,inf,0.0
55,CCR,True,9.0,58.98
55,CCR,True,3.0,17.76
55,CCR,False,inf,0.0
55,CCR,False,inf,0.0
55,CCR,False,inf,0.0
55,CCR,False,inf,0.0
55,CCR,False,inf,0.0
55,CCR,False,inf,0.0
55,CCR,False,inf,0.0
55,CCR,True,8.0,42.839999999999996
55,CCR,True,14.0,85.57
55,CCR,True,20.0,119.72
55,CCR,False,inf,0.0
55,CCR,True,15.0,85.92999999999999
55,CCR,True,16.0,85.47
55,CCR,False,inf,0.0
55,CCR,False,inf,0.0
55,CCR,True,2.0,11.3
55,CCR,True,9.0,46.48
55,CCR,True,8.0,46.78
55,CCR,True,16.0,93.25
55,CCR,True,17.0,104.78
55,CCR,True,10.0,65.19
55,CCR,False,inf,0.0
55,CCR,False,inf,0.0
55,CCR,True,9.0,53.1
55,CCR,False,inf,0.0
55,CCR,True,7.0,40.88
55,CCR,False,inf,0.0
55,CCR,True,12.0,64.09
55,CCR,False,inf,0.0
55,CCR,False,inf,0.0
55,CCR,False,inf,0.0
55,CCR,False,inf,0.0
55,CCR,False,inf,0.0
55,CCR,False,inf,0.0
55,CCR,False,inf,0.0
55,CCR,True,15.0,89.01
55,CCR,True,8.0,44.49
55,CCR,False,inf,0.0
55,CCR,True,18.0,100.41
55,CCR,False,inf,0.0
55,CCR,True,4.0,24.580000000000002
55,CCR,False,inf,0.0
55,CCR,True,7.0,35.72
55,CCR,False,inf,0.0
55,CCR,False,inf,0.0
55,CCR,True,19.0,105.26
55,CCR,True,12.0,72.06
55,CCR,True,7.0,42.43
55,CCR,False,inf,0.0
55,CCR,True,12.0,67.3
55,CCR,False,inf,0.0
55,CCR,True,1.0,1.51
55,CCR,True,7.0,44.26
55,CCR,True,10.0,58.019999999999996
55,CCR,False,inf,0.0
55,CCR,False,inf,0.0
55,CCR,True,11.0,57.58
55,CCR,True,11.0,68.49
55,CCR,False,inf,0.0
55,CCR,False,inf,0.0
55,CCR,True,10.0,52.9
55,CCR,False,inf,0.0
55,CCR,False,inf,0.0
55,CCR,False,inf,0.0
55,CCR,True,1.0,6.85
55,CCR,False,inf,0.0
55,CCR,False,inf,0.0
55,CCR,True,2.0,3.02
55,CCR,False,inf,0.0
55,CCR,False,inf,0.0
55,CCR,False,inf,0.0
55,CCR,True,10.0,59.88
55,CCR,True,1.0,8.8
55,CCR,True,2.0,14.6
55,CCR,False,inf,0.0
55,CCR,True,3.0,13.600000000000001
55,CCR,True,10.0,63.83
55,CCR,False,inf,0.0
55,CCR,False,inf,0.0
55,CCR,False,inf,0.0
55,CCR,False,inf,0.0
55,CCR,True,4.0,20.59
55,CCR,True,4.0,19.17
55,CCR,True,20.0,122.82
55,CCR,True,20.0,121.78999999999999
55,CCR,True,19.0,108.52
55,CCR,True,20.0,121.78999999999999
55,CCR,True,1.0,9.83
55,CCR,False,inf,0.0
55,CCR,False,inf,0.0
55,CCR,True,26.0,152.10999999999999
55,CCR,False,inf,0.0
55,CCR,True,22.0,128.1
55,CCR,False,inf,0.0
55,CCR,False,inf,0.0
55,CCR,False,inf,0.0
55,CCR,True,7.0,43.68
55,CCR,False,inf,0.0
55,CCR,True,7.0,46.43
55,CCR,True,16.0,93.95
55,CCR,False,inf,0.0
55,CCR,False,inf,0.0
55,CCR,True,10.0,55.07
55,CCR,True,12.0,72.02
55,CCR,False,inf,0.0
55,CCR,False,inf,0.0
55,CCR,False,inf,0.0
55,CCR,False,inf,0.0
55,CCR,False,inf,0.0
55,CCR,False,inf,0.0
55,CCR,True,29.0,157.44
55,CCR,False,inf,0.0
55,CCR,True,21.0,126.89
55,CCR,False,inf,0.0
55,CCR,False,inf,0.0
55,CCR,False,inf,0.0
55,CCR,True,23.0,129.18
55,CCR,False,inf,0.0
55,CCR,False,inf,0.0
55,CCR,False,inf,0.0
55,CCR,False,inf,0.0
55,CCR,False,inf,0.0
55,CCR,False,inf,0.0
55,CCR,False,inf,0.0
55,CCR,False,inf,0.0
55,CCR,False,inf,0.0
55,CCR,True,17.0,97.41
55,CCR,False,inf,0.0
55,CCR,False,inf,0.0
55,CCR,True,1.0,1.27
55,CCR,False,inf,0.0
55,CCR,False,inf,0.0
55,CCR,True,5.0,31.29
55,CCR,True,2.0,15.15
55,CCR,False,inf,0.0
55,CCR,True,9.0,55.06
55,CCR,False,inf,0.0
55,CCR,False,inf,0.0
55,CCR,False,inf,0.0
55,CCR,False,inf,0.0
55,CCR,True,18.0,103.25
55,CCR,True,20.0,120.72
55,CCR,True,13.0,78.89
55,CCR,True,16.0,97.75
55,CCR,True,16.0,89.28999999999999
55,CCR,False,inf,0.0
55,CCR,False,inf,0.0
55,CCR,True,8.0,39.019999999999996
55,CCR,False,inf,0.0
55,CCR,False,inf,0.0
55,CCR,True,14.0,81.77
55,CCR,True,2.0,14.510000000000002
55,CCR,True,12.0,69.35
55,CCR,False,inf,0.0
55,CCR,False,inf,0.0
55,CCR,False,inf,0.0
55,CCR,True,20.0,126.6
55,CCR,False,inf,0.0
55,CCR,True,10.0,54.71
55,CCR,True,19.0,116.85
55,CCR,True,10.0,57.57
55,CCR,True,17.0,102.62
55,CCR,True,21.0,130.09
55,CCR,False,inf,0.0
55,CCR,True,10.0,52.9
55,CCR,False,inf,0.0
55,CCR,True,1.0,1.61
55,CCR,True,29.0,179.44
55,CCR,False,inf,0.0
55,CCR,True,32.0,175.77
55,CCR,True,4.0,25.87
55,CCR,True,1.0,6.73
55,CCR,False,inf,0.0
55,CCR,False,inf,0.0
55,CCR,True,7.0,43.68
55,CCR,False,inf,0.0
55,CCR,False,inf,0.0
55,CCR,True,14.0,80.46
55,CCR,False,inf,0.0
55,CCR,True,9.0,55.15
55,CCR,True,9.0,58.98
55,CCR,True,13.0,76.04
55,CCR,True,26.0,152.10999999999999
55,CCR,True,4.0,19.43
55,CCR,False,inf,0.0
55,CCR,True,17.0,96.09
55,CCR,False,inf,0.0
55,CCR,False,inf,0.0
55,CCR,True,11.0,57.58
55,CCR,True,10.0,62.85
55,CCR,False,inf,0.0
55,CCR,False,inf,0.0
55,CCR,True,17.0,101.56
55,CCR,False,inf,0.0
55,CCR,False,inf,0.0
55,CCR,False,inf,0.0
55,CCR,True,9.0,49.58
55,CCR,True,17.0,104.78
55,CCR,False,inf,0.0
55,CCR,True,1.0,3.62
55,CCR,False,inf,0.0
55,CCR,True,10.0,60.39
55,CCR,True,20.0,123.06
55,CCR,True,12.0,66.72
55,CCR,True,4.0,19.6
55,CCR,True,20.0,117.69
55,CCR,True,10.0,55.07
55,CCR,True,22.0,133.2
55,CCR,True,1.0,8.11
55,CCR,False,inf,0.0
55,CCR,True,23.0,134.96
55,CCR,False,inf,0.0
55,CCR,False,inf,0.0
55,CCR,False,inf,0.0
55,CCR,True,7.0,43.84
55,CCR,True,4.0,26.74
55,CCR,False,inf,0.0
55,CCR,True,13.0,77.41
55,CCR,True,8.0,51.35
55,CCR,False,inf,0.0
55,CCR,False,inf,0.0
55,CCR,False,inf,0.0
55,CCR,False,inf,0.0
55,CCR,False,inf,0.0
55,CCR,False,inf,0.0
55,CCR,True,9.0,50.57
55,CCR,False,inf,0.0
55,CCR,True,13.0,79.73
55,CCR,True,9.0,52.81
55,CCR,False,inf,0.0
55,CCR,False,inf,0.0
55,CCR,False,inf,0.0
55,CCR,False,inf,0.0
55,CCR,False,inf,0.0
55,CCR,False,inf,0.0
55,CCR,False,inf,0.0
55,CCR,False,inf,0.0
55,CCR,False,inf,0.0
55,CCR,True,16.0,85.47
55,CCR,True,15.0,82.26
55,CCR,False,inf,0.0
55,CCR,False,inf,0.0
55,CCR,False,inf,0.0
55,CCR,False,inf,0.0
55,CCR,True,2.0,14.510000000000002
55,CCR,False,inf,0.0
55,CCR,False,inf,0.0
55,CCR,False,inf,0.0
55,CCR,False,inf,0.0
55,CCR,False,inf,0.0
55,CCR,True,17.0,98.57
55,CCR,False,inf,0.0
55,CCR,True,21.0,128.68
55,CCR,True,31.0,170.32
55,CCR,True,5.0,32.6
55,CCR,False,inf,0.0
55,CCR,False,inf,0.0
55,CCR,False,inf,0.0
55,CCR,False,inf,0.0
55,CCR,True,21.0,126.28999999999999
55,CCR,False,inf,0.0
55,CCR,False,inf,0.0
55,CCR,False,inf,0.0
55,CCR,True,11.0,63.77
55,CCR,True,13.0,72.7
55,CCR,True,3.0,18.56
55,CCR,True,3.0,16.47
55,CCR,False,inf,0.0
55,CCR,True,23.0,139.74
55,CCR,True,10.0,56.129999999999995
55,CCR,False,inf,0.0
55,CCR,False,inf,0.0
55,CCR,True,5.0,39.45
55,CCR,True,8.0,47.74
55,CCR,False,inf,0.0
55,CCR,True,9.0,51.18
55,CCR,False,inf,0.0
55,CCR,False,inf,0.0
55,CCR,True,6.0,34.02
55,CCR,False,inf,0.0
55,CCR,True,14.0,80.99
55,CCR,False,inf,0.0
55,CCR,True,24.0,130.64
55,CCR,False,inf,0.0
55,CCR,True,5.0,31.400000000000002
55,CCR,False,inf,0.0
55,CCR,True,5.0,31.400000000000002
55,CCR,False,inf,0.0
55,CCR,True,3.0,13.600000000000001
55,CCR,False,inf,0.0
55,CCR,False,inf,0.0
55,CCR,True,1.0,1.08
55,CCR,True,2.0,15.59
55,CCR,False,inf,0.0
55,CCR,False,inf,0.0
55,CCR,True,13.0,79.73
55,CCR,False,inf,0.0
55,CCR,True,1.0,6.73
55,CCR,False,inf,0.0
55,CCR,False,inf,0.0
55,CCR,False,inf,0.0
55,CCR,False,inf,0.0
55,CCR,False,inf,0.0
55,CCR,True,10.0,58.62
55,CCR,False,inf,0.0
55,CCR,True,11.0,63.61
55,CCR,True,8.0,52.87
55,CCR,True,29.0,157.35999999999999
55,CCR,True,8.0,45.94
55,CCR,False,inf,0.0
55,CCR,True,3.0,16.25
55,CCR,False,inf,0.0
55,CCR,False,inf,0.0
55,CCR,True,18.0,104.34
55,CCR,False,inf,0.0
55,CCR,False,inf,0.0
8,BCR,True,16.0,81.66
8,BCR,True,29.0,149.59
8,BCR,False,inf,0.0
8,BCR,True,13.0,67.59
8,BCR,True,23.0,116.37
8,BCR,True,1.0,8.95
8,BCR,False,inf,0.0
8,BCR,False,inf,0.0
8,BCR,False,inf,0.0
8,BCR,True,25.0,134.75
8,BCR,False,inf,0.0
8,BCR,True,5.0,30.25
8,BCR,True,13.0,71.2
8,BCR,True,21.0,120.21
8,BCR,True,2.0,4.9399999999999995
8,BCR,True,3.0,18.92
8,BCR,False,inf,0.0
8,BCR,True,21.0,102.18
8,BCR,True,27.0,150.53
8,BCR,True,17.0,93.96
8,BCR,True,18.0,91.44
8,BCR,False,inf,0.0
8,BCR,True,35.0,207.60999999999999
8,BCR,True,16.0,85.44
8,BCR,False,inf,0.0
8,BCR,False,inf,0.0
8,BCR,False,inf,0.0
8,BCR,False,inf,0.0
8,BCR,False,inf,0.0
8,BCR,False,inf,0.0
8,BCR,False,inf,0.0
8,BCR,True,19.0,108.5
8,BCR,True,11.0,54.15
8,BCR,False,inf,0.0
8,BCR,True,18.0,104.03
8,BCR,True,10.0,50.28
8,BCR,False,inf,0.0
8,BCR,False,inf,0.0
8,BCR,True,25.0,130.68
8,BCR,False,inf,0.0
8,BCR,True,16.0,86.11
8,BCR,True,17.0,90.65
8,BCR,False,inf,0.0
8,BCR,False,inf,0.0
8,BCR,True,12.0,67.76
8,BCR,True,9.0,56.12
8,BCR,True,32.0,195.93
8,BCR,True,13.0,74.91
8,BCR,True,12.0,63.91
8,BCR,True,23.0,109.1
8,BCR,True,15.0,78.69
8,BCR,False,inf,0.0
8,BCR,True,24.0,145.76
8,BCR,True,4.0,27.310000000000002
8,BCR,True,8.0,52.1
8,BCR,False,inf,0.0
8,BCR,True,35.0,207.60999999999999
8,BCR,False,inf,0.0
8,BCR,True,24.0,132.07
8,BCR,True,8.0,48.36
8,BCR,True,13.0,73.21
8,BCR,False,inf,0.0
8,BCR,True,31.0,160.13
8,BCR,True,29.0,168.8
8,BCR,True,17.0,93.23
8,BCR,False,inf,0.0
8,BCR,False,inf,0.0
8,BCR,False,inf,0.0
8,BCR,False,inf,0.0
8,BCR,True,14.0,76.42999999999999
8,BCR,True,33.0,190.23
8,BCR,False,inf,0.0
8,BCR,True,15.0,80.91
8,BCR,True,19.0,112.36
8,BCR,False,inf,0.0
8,BCR,False,inf,0.0
8,BCR,False,inf,0.0
8,BCR,True,1.0,5.24
8,BCR,False,inf,0.0
8,BCR,True,16.0,81.58
8,BCR,False,inf,0.0
8,BCR,False,inf,0.0
8,BCR,True,2.0,5.73
8,BCR,True,35.0,203.99
8,BCR,False,inf,0.0
8,BCR,False,inf,0.0
8,BCR,False,inf,0.0
8,BCR,False,inf,0.0
8,BCR,True,14.0,78.71
8,BCR,False,inf,0.0
8,BCR,True,34.0,197.29
8,BCR,True,22.0,128.62
8,BCR,False,inf,0.0
8,BCR,True,13.0,64.99
8,BCR,True,11.0,53.81
8,BCR,True,9.0,55.79
8,BCR,True,13.0,70.47
8,BCR,True,27.0,149.07999999999998
8,BCR,False,inf,0.0
8,BCR,False,inf,0.0
8,BCR,False,inf,0.0
8,BCR,False,inf,0.0
8,BCR,True,24.0,140.54
8,BCR,False,inf,0.0
8,BCR,False,inf,0.0
8,BCR,False,inf,0.0
8,BCR,True,14.0,74.23
8,BCR,False,inf,0.0
8,BCR,False,inf,0.0
8,BCR,True,16.0,96.59
8,BCR,True,24.0,132.07
8,BCR,False,inf,0.0
8,BCR,True,14.0,74.75
8,BCR,True,14.0,69.89
8,BCR,True,14.0,73.49
8,BCR,False,inf,0.0
8,BCR,True,27.0,153.94
8,BCR,True,10.0,61.13
8,BCR,True,27.0,148.54999999999998
8,BCR,True,31.0,186.96
8,BCR,True,26.0,142.66
8,BCR,False,inf,0.0
8,BCR,False,inf,0.0
8,BCR,False,inf,0.0
8,BCR,False,inf,0.0
8,BCR,True,11.0,65.23
8,BCR,True,31.0,186.96
8,BCR,True,9.0,53.69
8,BCR,True,9.0,47.29
8,BCR,True,25.0,121.32
8,BCR,False,inf,0.0
8,BCR,False,inf,0.0
8,BCR,False,inf,0.0
8,BCR,False,inf,0.0
8,BCR,False,inf,0.0
8,BCR,True,30.0,186.75
8,BCR,True,13.0,70.47
8,BCR,False,inf,0.0
8,BCR,True,6.0,36.01
8,BCR,True,24.0,114.86
8,BCR,False,inf,0.0
8,BCR,True,29.0,179.58
8,BCR,False,inf,0.0
8,BCR,True,17.0,82.58
8,BCR,True,19.0,106.1
8,BCR,False,inf,0.0
8,BCR,False,inf,0.0
8,BCR,True,22.0,132.0
8,BCR,False,inf,0.0
8,BCR,True,16.0,82.21
8,BCR,False,inf,0.0
8,BCR,True,15.0,82.47
8,BCR,False,inf,0.0
8,BCR,False,inf,0.0
8,BCR,False,inf,0.0
8,BCR,True,20.0,110.08
8,BCR,True,30.0,156.84
8,BCR,True,10.0,51.22
8,BCR,False,inf,0.0
8,BCR,False,inf,0.0
8,BCR,True,2.0,8.44
8,BCR,False,inf,0.0
8,BCR,True,7.0,40.69
8,BCR,False,inf,0.0
8,BCR,True,18.0,88.26
8,BCR,True,26.0,140.67
8,BCR,False,inf,0.0
8,BCR,True,5.0,33.86
8,BCR,False,inf,0.0
8,BCR,False,inf,0.0
8,BCR,False,inf,0.0
8,BCR,True,22.0,131.25
8,BCR,True,18.0,97.89999999999999
8,BCR,False,inf,0.0
8,BCR,False,inf,0.0
8,BCR,True,19.0,106.11
8,BCR,False,inf,0.0
8,BCR,True,23.0,123.36
8,BCR,False,inf,0.0
8,BCR,False,inf,0.0
8,BCR,True,3.0,18.5
8,BCR,False,inf,0.0
8,BCR,True,12.0,73.73
8,BCR,True,3.0,17.29
8,BCR,True,3.0,10.82
8,BCR,True,29.0,168.8
8,BCR,False,inf,0.0
8,BCR,False,inf,0.0
8,BCR,False,inf,0.0
8,BCR,True,20.0,112.55
8,BCR,True,13.0,66.99
8,BCR,True,27.0,149.07999999999998
8,BCR,True,27.0,153.93
8,BCR,False,inf,0.0
8,BCR,False,inf,0.0
8,BCR,True,29.0,166.66
8,BCR,True,19.0,106.1
8,BCR,True,11.0,66.84
8,BCR,True,26.0,135.43
8,BCR,False,inf,0.0
8,BCR,False,inf,0.0
8,BCR,True,8.0,51.660000000000004
8,BCR,False,inf,0.0
8,BCR,False,inf,0.0
8,BCR,False,inf,0.0
8,BCR,True,24.0,141.39
8,BCR,False,inf,0.0
8,BCR,True,15.0,84.84
8,BCR,False,inf,0.0
8,BCR,False,inf,0.0
8,BCR,True,14.0,76.06
8,BCR,True,11.0,65.69
8,BCR,True,9.0,47.29
8,BCR,False,inf,0.0
8,BCR,True,4.0,21.64
8,BCR,True,15.0,76.04
8,BCR,True,13.0,65.14
8,BCR,False,inf,0.0
8,BCR,False,inf,0.0
8,BCR,False,inf,0.0
8,BCR,True,18.0,85.67
8,BCR,False,inf,0.0
8,BCR,False,inf,0.0
8,BCR,False,inf,0.0
8,BCR,False,inf,0.0
8,BCR,True,22.0,125.64
8,BCR,True,28.0,173.62
8,BCR,True,26.0,148.17
8,BCR,False,inf,0.0
8,BCR,True,6.0,43.83
8,BCR,True,28.0,155.66
8,BCR,True,4.0,26.64
8,BCR,True,4.0,27.14
8,BCR,True,3.0,19.35
8,BCR,True,1.0,3.69
8,BCR,False,inf,0.0
8,BCR,True,13.0,67.44
8,BCR,True,11.0,64.83
8,BCR,True,25.0,132.26
8,BCR,True,13.0,70.79
8,BCR,True,27.0,143.6
8,BCR,True,12.0,68.19
8,BCR,False,inf,0.0
8,BCR,False,inf,0.0
8,BCR,False,inf,0.0
8,BCR,True,28.0,165.32999999999998
8,BCR,False,inf,0.0
8,BCR,True,16.0,82.84
8,BCR,True,24.0,136.41
8,BCR,False,inf,0.0
8,BCR,True,25.0,133.67
8,BCR,True,34.0,197.99
8,BCR,True,23.0,135.13
8,BCR,True,17.0,96.57
8,BCR,True,33.0,190.23
8,BCR,True,12.0,66.75
8,BCR,False,inf,0.0
8,BCR,True,14.0,69.89
8,BCR,True,22.0,134.13
8,BCR,True,6.0,36.22
8,BCR,False,inf,0.0
8,BCR,True,29.0,152.48
8,BCR,False,inf,0.0
8,BCR,True,14.0,72.14
8,BCR,False,inf,0.0
8,BCR,True,32.0,196.03
8,BCR,True,28.0,147.97
8,BCR,True,23.0,122.97
8,BCR,True,25.0,149.04
8,BCR,True,35.0,199.72
8,BCR,True,23.0,110.34
8,BCR,True,30.0,176.28
8,BCR,True,29.0,166.51
8,BCR,False,inf,0.0
8,BCR,False,inf,0.0
8,BCR,True,15.0,77.78999999999999
8,BCR,False,inf,0.0
8,BCR,False,inf,0.0
8,BCR,False,inf,0.0
8,BCR,False,inf,0.0
8,BCR,True,26.0,139.62
8,BCR,True,24.0,143.89
8,BCR,False,inf,0.0
8,BCR,False,inf,0.0
8,BCR,False,inf,0.0
8,BCR,True,5.0,29.39
8,BCR,True,28.0,143.78
8,BCR,False,inf,0.0
8,BCR,True,22.0,124.68
8,BCR,True,33.0,172.7
8,BCR,True,10.0,63.19
8,BCR,True,22.0,111.75
8,BCR,False,inf,0.0
8,BCR,True,18.0,100.77
8,BCR,False,inf,0.0
8,BCR,True,9.0,56.49
8,BCR,True,14.0,75.64
8,BCR,True,9.0,46.08
8,BCR,False,inf,0.0
8,BCR,True,14.0,72.14
8,BCR,True,19.0,101.2
8,BCR,True,15.0,78.17999999999999
8,BCR,False,inf,0.0
8,BCR,True,16.0,85.36
8,BCR,False,inf,0.0
8,BCR,True,16.0,86.11
8,BCR,True,8.0,46.47
8,BCR,False,inf,0.0
8,BCR,True,16.0,88.38
8,BCR,True,8.0,49.41
8,BCR,False,inf,0.0
8,BCR,True,25.0,142.97
8,BCR,False,inf,0.0
8,BCR,True,9.0,48.69
8,BCR,False,inf,0.0
8,BCR,True,12.0,61.61
8,BCR,True,35.0,199.72
8,BCR,False,inf,0.0
8,BCR,False,inf,0.0
8,BCR,True,21.0,116.83
8,BCR,True,23.0,119.17
8,BCR,True,5.0,30.25
8,BCR,True,1.0,5.9
8,BCR,True,30.0,175.38
8,BCR,True,18.0,101.23
8,BCR,True,16.0,86.61
8,BCR,True,10.0,54.74
8,BCR,True,11.0,64.83
8,BCR,False,inf,0.0
8,BCR,True,10.0,59.37
8,BCR,True,8.0,46.6
8,BCR,True,11.0,59.61
8,BCR,True,13.0,66.41
8,BCR,False,inf,0.0
8,BCR,False,inf,0.0
8,BCR,False,inf,0.0
8,BCR,True,25.0,130.68
8,BCR,True,4.0,28.39
8,BCR,False,inf,0.0
8,BCR,True,3.0,19.46
8,BCR,False,inf,0.0
8,BCR,False,inf,0.0
8,BCR,True,1.0,5.24
8,BCR,True,8.0,44.21
8,BCR,True,9.0,56.68
8,BCR,False,inf,0.0
8,BCR,False,inf,0.0
8,BCR,False,inf,0.0
8,BCR,False,inf,0.0
8,BCR,False,inf,0.0
8,BCR,True,5.0,28.21
8,BCR,True,5.0,30.18
8,BCR,True,6.0,39.980000000000004
8,BCR,False,inf,0.0
8,BCR,True,16.0,85.88
8,BCR,True,5.0,31.74
8,BCR,True,5.0,30.25
8,BCR,True,19.0,98.52
8,BCR,False,inf,0.0
8,BCR,True,21.0,102.79
8,BCR,True,1.0,4.62
8,BCR,False,inf,0.0
8,BCR,False,inf,0.0
8,BCR,False,inf,0.0
8,BCR,True,20.0,99.66
8,BCR,False,inf,0.0
8,BCR,True,21.0,123.49
8,BCR,False,inf,0.0
8,BCR,True,8.0,54.23
8,BCR,True,12.0,68.33
8,BCR,False,inf,0.0
8,BCR,False,inf,0.0
8,BCR,True,23.0,122.32
8,BCR,True,21.0,124.34
8,BCR,False,inf,0.0
8,BCR,True,25.0,124.6
8,BCR,True,27.0,143.5
8,BCR,True,6.0,38.62
8,BCR,True,16.0,82.84
8,BCR,True,12.0,65.12
8,BCR,True,31.0,182.82
8,BCR,True,5.0,28.73
8,BCR,True,2.0,13.46
8,BCR,False,inf,0.0
8,BCR,True,31.0,167.0
8,BCR,False,inf,0.0
8,BCR,True,22.0,112.2
8,BCR,True,18.0,88.26
8,BCR,False,inf,0.0
8,BCR,True,28.0,149.54
8,BCR,True,6.0,35.06
8,BCR,True,37.0,205.72
8,BCR,False,inf,0.0
8,BCR,True,20.0,108.49
8,BCR,False,inf,0.0
8,BCR,True,24.0,141.91
8,BCR,True,9.0,56.49
8,BCR,False,inf,0.0
8,BCR,True,8.0,50.21
8,BCR,True,12.0,66.21
8,BCR,False,inf,0.0
8,BCR,True,19.0,105.91
8,BCR,True,2.0,11.95
8,BCR,True,12.0,72.98
8,BCR,True,15.0,75.54
8,BCR,False,inf,0.0
8,BCR,False,inf,0.0
8,BCR,False,inf,0.0
8,BCR,True,19.0,100.21
8,BCR,True,30.0,167.16
8,BCR,True,5.0,29.98
8,BCR,False,inf,0.0
8,BCR,True,6.0,38.01
8,BCR,False,inf,0.0
8,BCR,False,inf,0.0
8,BCR,False,inf,0.0
8,BCR,True,24.0,141.39
8,BCR,True,11.0,57.28
8,BCR,True,17.0,105.49
8,BCR,True,17.0,93.89
8,BCR,True,23.0,109.1
8,BCR,True,16.0,81.58
8,BCR,False,inf,0.0
8,BCR,True,9.0,51.49
8,BCR,True,30.0,183.81
8,BCR,True,14.0,75.1
8,BCR,True,13.0,65.27
8,BCR,True,15.0,76.57
8,BCR,False,inf,0.0
8,BCR,True,29.0,166.51
8,BCR,False,inf,0.0
8,BCR,True,15.0,78.14
8,BCR,False,inf,0.0
8,BCR,False,inf,0.0
8,BCR,True,10.0,60.839999999999996
8,BCR,True,12.0,61.92
8,BCR,True,27.0,157.07
8,BCR,True,29.0,152.48
8,BCR,False,inf,0.0
8,BCR,False,inf,0.0
8,BCR,True,8.0,50.92
8,BCR,True,9.0,58.16
8,BCR,True,19.0,88.04
8,BCR,True,18.0,92.71
8,BCR,False,inf,0.0
8,BCR,False,inf,0.0
8,BCR,True,23.0,109.71
8,BCR,False,inf,0.0
8,BCR,False,inf,0.0
8,BCR,True,24.0,125.75
8,BCR,True,17.0,91.44
8,BCR,False,inf,0.0
8,BCR,False,inf,0.0
8,BCR,True,8.0,50.589999999999996
8,BCR,True,29.0,151.44
8,BCR,True,15.0,78.24
8,BCR,False,inf,0.0
8,BCR,True,36.0,216.55
8,BCR,False,inf,0.0
8,BCR,False,inf,0.0
8,BCR,True,5.0,33.199999999999996
8,BCR,False,inf,0.0
8,BCR,True,2.0,10.809999999999999
8,BCR,True,5.0,33.5
8,BCR,True,6.0,41.41
8,BCR,True,17.0,91.34
8,BCR,True,19.0,112.7
8,BCR,True,7.0,43.47
8,BCR,False,inf,0.0
8,BCR,True,6.0,34.92
8,BCR,True,21.0,107.08
8,BCR,True,32.0,166.87
8,BCR,False,inf,0.0
8,BCR,True,19.0,98.33
8,BCR,True,24.0,116.67
8,BCR,True,26.0,132.2
8,BCR,True,7.0,47.589999999999996
8,BCR,False,inf,0.0
8,BCR,False,inf,0.0
8,BCR,True,17.0,97.74
8,BCR,False,inf,0.0
8,BCR,True,14.0,72.02
8,BCR,False,inf,0.0
8,BCR,True,14.0,72.14
8,BCR,True,16.0,88.28999999999999
8,BCR,True,19.0,106.1
8,BCR,True,16.0,88.32
8,BCR,False,inf,0.0
8,BCR,False,inf,0.0
8,BCR,True,36.0,210.57
8,BCR,True,8.0,43.58
8,BCR,False,inf,0.0
8,BCR,False,inf,0.0
8,BCR,True,3.0,19.33
8,BCR,False,inf,0.0
8,BCR,True,4.0,25.35
8,BCR,False,inf,0.0
8,BCR,True,11.0,64.83
8,BCR,True,9.0,52.26
8,BCR,True,34.0,203.6
8,BCR,False,inf,0.0
8,BCR,True,10.0,49.98
8,BCR,False,inf,0.0
8,BCR,False,inf,0.0
8,BCR,False,inf,0.0
8,BCR,True,2.0,14.04
8,BCR,True,21.0,117.77
8,BCR,True,15.0,79.23
8,BCR,True,18.0,97.92
8,BCR,True,25.0,129.76
8,BCR,True,14.0,81.25
8,BCR,False,inf,0.0
8,BCR,False,inf,0.0
8,BCR,True,25.0,145.35999999999999
8,BCR,False,inf,0.0
8,BCR,False,inf,0.0
8,BCR,False,inf,0.0
8,BCR,True,26.0,158.14
8,BCR,True,29.0,166.61
8,BCR,False,inf,0.0
8,BCR,True,20.0,91.13
8,BCR,True,21.0,101.04
8,BCR,False,inf,0.0
8,BCR,False,inf,0.0
8,BCR,True,24.0,124.22
8,BCR,False,inf,0.0
8,BCR,True,4.0,21.64
8,BCR,True,23.0,127.97
8,BCR,True,4.0,27.310000000000002
8,BCR,True,26.0,147.1
8,BCR,True,20.0,112.55
8,BCR,False,inf,0.0
8,BCR,False,inf,0.0
8,BCR,False,inf,0.0
8,BCR,True,5.0,35.96
8,BCR,False,inf,0.0
8,BCR,True,11.0,65.23
8,BCR,True,23.0,114.84
8,BCR,False,inf,0.0
8,BCR,False,inf,0.0
8,BCR,True,2.0,7.78
8,BCR,False,inf,0.0
8,BCR,False,inf,0.0
8,BCR,True,19.0,101.2
8,BCR,True,6.0,43.83
8,BCR,True,3.0,23.17
8,BCR,False,inf,0.0
8,BCR,True,29.0,158.49
8,BCR,False,inf,0.0
8,BCR,True,9.0,49.07
8,BCR,True,6.0,40.67
8,BCR,True,7.0,42.64
8,BCR,False,inf,0.0
8,BCR,False,inf,0.0
8,BCR,True,25.0,145.42
8,BCR,True,18.0,92.69
8,BCR,False,inf,0.0
8,BCR,True,9.0,47.43
8,BCR,False,inf,0.0
8,BCR,True,26.0,137.43
8,BCR,True,12.0,63.68
8,BCR,True,4.0,25.35
8,BCR,True,22.0,108.52
8,BCR,True,26.0,135.43
8,BCR,False,inf,0.0
8,BCR,False,inf,0.0
8,BCR,True,33.0,196.69
8,BCR,False,inf,0.0
8,BCR,False,inf,0.0
8,BCR,True,15.0,80.91
8,BCR,True,19.0,96.15
8,BCR,False,inf,0.0
8,BCR,True,17.0,85.45
8,BCR,True,23.0,119.3
8,BCR,True,7.0,43.51
8,BCR,True,11.0,64.5
8,BCR,False,inf,0.0
8,BCR,False,inf,0.0
8,BCR,True,7.0,45.35
8,BCR,True,28.0,149.64
8,BCR,True,20.0,105.75
8,BCR,False,inf,0.0
8,BCR,True,28.0,146.81
8,BCR,True,31.0,188.97
8,BCR,True,24.0,129.99
8,BCR,False,inf,0.0
8,BCR,False,inf,0.0
8,BCR,True,36.0,211.49
8,BCR,True,24.0,116.67
8,BCR,True,9.0,47.61
8,BCR,False,inf,0.0
8,BCR,True,4.0,22.46
8,BCR,False,inf,0.0
8,BCR,False,inf,0.0
8,BCR,False,inf,0.0
8,BCR,False,inf,0.0
8,BCR,False,inf,0.0
8,BCR,True,9.0,55.94
8,BCR,True,22.0,106.99
8,BCR,False,inf,0.0
8,BCR,False,inf,0.0
8,BCR,True,3.0,11.57
8,BCR,False,inf,0.0
8,BCR,True,4.0,24.55
8,BCR,True,19.0,101.5
8,BCR,True,13.0,70.72
8,BCR,True,11.0,56.78
8,BCR,True,10.0,56.45
8,BCR,True,11.0,53.81
8,BCR,True,16.0,87.76
8,BCR,True,27.0,153.93
8,BCR,True,13.0,71.41
8,BCR,False,inf,0.0
8,BCR,False,inf,0.0
8,BCR,True,6.0,38.01
8,BCR,True,3.0,20.6
8,BCR,True,30.0,173.74
8,BCR,True,21.0,117.61
8,BCR,True,5.0,25.45
8,BCR,True,24.0,125.75
8,BCR,True,7.0,48.08
8,BCR,False,inf,0.0
8,BCR,True,20.0,112.12
8,BCR,True,15.0,77.53
8,BCR,True,18.0,100.45
8,BCR,False,inf,0.0
8,BCR,True,3.0,19.33
8,BCR,False,inf,0.0
8,BCR,True,17.0,93.23
8,BCR,True,24.0,131.19
8,BCR,True,16.0,87.75999999999999
8,BCR,False,inf,0.0
8,BCR,True,11.0,60.15
8,BCR,True,16.0,87.76
8,BCR,True,9.0,47.61
8,BCR,True,8.0,50.25
8,BCR,True,15.0,78.69
8,BCR,False,inf,0.0
8,BCR,False,inf,0.0
8,BCR,True,12.0,68.19
8,BCR,True,8.0,48.94
8,BCR,True,15.0,91.74
8,BCR,False,inf,0.0
8,BCR,False,inf,0.0
8,BCR,True,16.0,85.23
8,BCR,False,inf,0.0
8,BCR,True,26.0,138.69
8,BCR,False,inf,0.0
8,BCR,True,35.0,198.76
8,BCR,True,26.0,139.85
8,BCR,True,15.0,77.83
8,BCR,False,inf,0.0
8,BCR,True,14.0,71.72
8,BCR,False,inf,0.0
8,BCR,True,18.0,97.07
8,BCR,True,33.0,202.67
8,BCR,False,inf,0.0
8,BCR,True,29.0,179.58
8,BCR,True,14.0,75.64
8,BCR,False,inf,0.0
8,BCR,False,inf,0.0
8,BCR,False,inf,0.0
8,BCR,True,22.0,129.51
8,BCR,False,inf,0.0
8,BCR,False,inf,0.0
8,BCR,False,inf,0.0
8,BCR,True,19.0,108.50999999999999
8,BCR,False,inf,0.0
8,BCR,True,24.0,116.67
8,BCR,True,11.0,60.02
8,BCR,True,10.0,51.12
8,BCR,False,inf,0.0
8,BCR,True,2.0,13.14
8,BCR,True,13.0,69.26
8,BCR,True,24.0,147.98
8,BCR,False,inf,0.0
8,BCR,False,inf,0.0
8,BCR,True,33.0,196.69
8,BCR,False,inf,0.0
8,BCR,False,inf,0.0
8,BCR,True,14.0,75.14
8,BCR,True,18.0,105.89999999999999
8,BCR,True,8.0,50.92
8,BCR,True,18.0,97.33
8,BCR,True,1.0,8.26
8,BCR,True,25.0,145.35999999999999
8,BCR,True,30.0,154.05
8,BCR,True,22.0,127.99
8,BCR,False,inf,0.0
8,BCR,False,inf,0.0
8,BCR,True,22.0,102.39
8,BCR,True,28.0,154.7
8,BCR,True,12.0,65.34
8,BCR,False,inf,0.0
8,BCR,True,21.0,116.59
8,BCR,True,26.0,139.66
8,BCR,True,35.0,203.99
8,BCR,True,23.0,119.3
8,BCR,True,2.0,8.5
8,BCR,True,7.0,44.11
8,BCR,True,23.0,137.85
8,BCR,False,inf,0.0
8,BCR,False,inf,0.0
8,BCR,True,22.0,129.01
8,BCR,False,inf,0.0
8,BCR,True,5.0,30.92
8,BCR,True,25.0,129.27
8,BCR,True,15.0,91.74
8,BCR,False,inf,0.0
8,BCR,False,inf,0.0
8,BCR,True,15.0,78.14
8,BCR,False,inf,0.0
8,BCR,True,14.0,82.95
8,BCR,False,inf,0.0
8,BCR,False,inf,0.0
8,BCR,True,34.0,190.65
8,BCR,False,inf,0.0
8,BCR,False,inf,0.0
8,BCR,False,inf,0.0
8,BCR,False,inf,0.0
8,BCR,False,inf,0.0
8,BCR,False,inf,0.0
8,BCR,True,4.0,22.46
8,BCR,False,inf,0.0
8,BCR,True,27.0,149.27
8,BCR,False,inf,0.0
8,BCR,True,15.0,74.12
8,BCR,False,inf,0.0
8,BCR,True,29.0,158.49
8,BCR,True,24.0,140.54
8,BCR,True,20.0,108.55
8,BCR,False,inf,0.0
8,BCR,True,8.0,45.93
8,BCR,True,10.0,54.14
8,BCR,False,inf,0.0
8,BCR,True,11.0,57.28
8,BCR,True,20.0,118.44
8,BCR,False,inf,0.0
8,BCR,False,inf,0.0
8,BCR,True,22.0,131.92
8,BCR,True,20.0,95.4
8,BCR,True,8.0,50.21
8,BCR,False,inf,0.0
8,BCR,True,18.0,102.46
8,BCR,False,inf,0.0
8,BCR,True,11.0,61.75
8,BCR,True,10.0,59.88
8,BCR,True,2.0,7.46
8,BCR,False,inf,0.0
8,BCR,False,inf,0.0
8,BCR,True,2.0,14.04
8,BCR,True,16.0,83.51
8,BCR,True,16.0,86.61
8,BCR,True,15.0,81.16
8,BCR,True,8.0,54.6
8,BCR,False,inf,0.0
8,BCR,True,13.0,66.58
8,BCR,False,inf,0.0
8,BCR,True,5.0,34.28
8,BCR,True,28.0,154.7
8,BCR,False,inf,0.0
8,BCR,False,inf,0.0
8,BCR,True,9.0,51.85
8,BCR,True,1.0,6.06
8,BCR,True,2.0,7.46
8,BCR,True,16.0,80.21000000000001
8,BCR,True,3.0,18.66
8,BCR,True,7.0,43.25
8,BCR,True,29.0,176.19
8,BCR,True,26.0,136.76
8,BCR,False,inf,0.0
8,BCR,False,inf,0.0
8,BCR,True,25.0,136.45
8,BCR,True,21.0,105.74
8,BCR,False,inf,0.0
8,BCR,False,inf,0.0
8,BCR,True,16.0,86.57
8,BCR,True,14.0,67.25
8,BCR,True,1.0,1.07
8,BCR,True,20.0,108.49
8,BCR,True,6.0,33.51
8,BCR,True,5.0,31.3
8,BCR,False,inf,0.0
8,BCR,True,7.0,40.45
8,BCR,True,6.0,38.59
8,BCR,True,25.0,145.42
8,BCR,True,27.0,155.47
8,BCR,True,9.0,47.56
8,BCR,True,2.0,7.46
8,BCR,False,inf,0.0
8,BCR,True,6.0,33.51
8,BCR,False,inf,0.0
8,BCR,True,18.0,101.23
8,BCR,True,7.0,40.69
8,BCR,False,inf,0.0
8,BCR,True,16.0,83.51
8,BCR,True,29.0,158.66
8,BCR,False,inf,0.0
8,BCR,False,inf,0.0
8,BCR,True,7.0,43.88
8,BCR,False,inf,0.0
8,BCR,True,27.0,143.73
8,BCR,True,17.0,83.3
8,BCR,True,19.0,94.42
8,BCR,True,28.0,142.75
8,BCR,True,6.0,36.83
8,BCR,True,23.0,114.84
8,BCR,True,9.0,48.69
8,BCR,True,2.0,16.91
8,BCR,True,7.0,40.69
8,BCR,True,28.0,152.72
8,BCR,True,6.0,38.660000000000004
8,BCR,True,2.0,11.09
8,BCR,False,inf,0.0
8,BCR,False,inf,0.0
8,BCR,True,16.0,85.8
8,BCR,True,2.0,11.95
8,BCR,True,22.0,128.62
8,BCR,False,inf,0.0
8,BCR,True,20.0,101.0
8,BCR,True,20.0,116.57
8,BCR,True,25.0,137.25
8,BCR,False,inf,0.0
8,BCR,False,inf,0.0
8,BCR,True,13.0,68.38
8,BCR,True,14.0,75.9
8,BCR,True,24.0,130.46
8,BCR,True,31.0,167.0
8,BCR,True,12.0,65.85
8,BCR,True,13.0,65.27
8,BCR,False,inf,0.0
8,BCR,True,2.0,7.46
8,BCR,True,24.0,131.78
8,BCR,False,inf,0.0
8,BCR,False,inf,0.0
8,BCR,True,29.0,166.66
8,BCR,True,23.0,128.8
8,BCR,False,inf,0.0
8,BCR,True,6.0,38.59
8,BCR,True,7.0,45.3
8,BCR,False,inf,0.0
8,BCR,True,25.0,148.03
8,BCR,True,18.0,100.34
8,BCR,False,inf,0.0
8,BCR,False,inf,0.0
8,BCR,True,19.0,102.6
8,BCR,True,10.0,58.97
8,BCR,False,inf,0.0
8,BCR,False,inf,0.0
8,BCR,True,18.0,92.62
8,BCR,False,inf,0.0
8,BCR,True,30.0,171.67
8,BCR,True,25.0,145.19
8,BCR,False,inf,0.0
8,BCR,True,37.0,205.72
8,BCR,True,24.0,114.86
8,BCR,True,24.0,124.41
8,BCR,True,8.0,50.16
8,BCR,True,7.0,45.34
8,BCR,True,9.0,49.07
8,BCR,True,28.0,146.81
8,BCR,False,inf,0.0
8,BCR,True,11.0,60.28
8,BCR,False,inf,0.0
8,BCR,False,inf,0.0
8,BCR,True,29.0,152.07
8,BCR,False,inf,0.0
8,BCR,True,6.0,38.21
8,BCR,True,4.0,24.65
8,BCR,False,inf,0.0
8,BCR,False,inf,0.0
8,BCR,False,inf,0.0
8,BCR,False,inf,0.0
8,BCR,True,10.0,55.660000000000004
8,BCR,False,inf,0.0
8,BCR,True,29.0,150.41
8,BCR,True,11.0,58.01
8,BCR,False,inf,0.0
8,BCR,False,inf,0.0
8,BCR,False,inf,0.0
8,BCR,True,10.0,50.589999999999996
8,BCR,True,10.0,54.32
8,BCR,False,inf,0.0
8,BCR,True,8.0,50.16
8,BCR,False,inf,0.0
8,BCR,False,inf,0.0
8,BCR,False,inf,0.0
8,BCR,False,inf,0.0
8,BCR,False,inf,0.0
8,BCR,False,inf,0.0
8,BCR,True,4.0,16.6
8,BCR,True,5.0,27.64
8,BCR,True,15.0,78.17999999999999
8,BCR,True,17.0,90.16
8,BCR,False,inf,0.0
8,BCR,True,19.0,103.67
8,BCR,False,inf,0.0
8,BCR,True,17.0,91.49
8,BCR,False,inf,0.0
8,BCR,False,inf,0.0
8,BCR,False,inf,0.0
8,BCR,True,11.0,65.23
8,BCR,True,5.0,27.64
8,BCR,True,5.0,30.25
8,BCR,True,22.0,119.69
8,BCR,True,21.0,96.75
8,BCR,True,21.0,114.73
8,BCR,False,inf,0.0
8,BCR,True,7.0,43.47
8,BCR,True,35.0,203.99
8,BCR,True,5.0,35.96
8,BCR,False,inf,0.0
8,BCR,False,inf,0.0
8,BCR,False,inf,0.0
8,BCR,False,inf,0.0
8,BCR,False,inf,0.0
8,BCR,False,inf,0.0
8,BCR,True,4.0,21.85
8,BCR,False,inf,0.0
8,BCR,False,inf,0.0
8,BCR,False,inf,0.0
8,BCR,False,inf,0.0
8,BCR,True,14.0,76.42999999999999
8,BCR,True,14.0,74.75
8,BCR,False,inf,0.0
8,BCR,True,1.0,1.59
8,BCR,False,inf,0.0
8,BCR,False,inf,0.0
8,BCR,False,inf,0.0
8,BCR,False,inf,0.0
8,BCR,False,inf,0.0
8,BCR,True,11.0,63.18
8,BCR,False,inf,0.0
8,BCR,True,6.0,41.66
8,BCR,False,inf,0.0
8,BCR,True,22.0,107.81
8,BCR,True,8.0,46.47
8,BCR,True,2.0,13.46
8,BCR,True,15.0,77.83
8,BCR,True,9.0,48.53
8,BCR,False,inf,0.0
8,BCR,True,13.0,67.44
8,BCR,True,30.0,175.05
8,BCR,True,23.0,109.71
8,BCR,False,inf,0.0
8,BCR,False,inf,0.0
8,BCR,True,15.0,74.12
8,BCR,False,inf,0.0
8,BCR,False,inf,0.0
8,BCR,True,1.0,4.43
8,BCR,True,28.0,163.8
8,BCR,True,16.0,82.32
8,BCR,True,19.0,101.2
8,BCR,True,24.0,126.42999999999999
8,BCR,True,31.0,188.97
8,BCR,False,inf,0.0
8,BCR,False,inf,0.0
8,BCR,True,4.0,22.27
8,BCR,True,17.0,90.65
8,BCR,False,inf,0.0
8,BCR,False,inf,0.0
8,BCR,False,inf,0.0
8,BCR,False,inf,0.0
8,BCR,True,15.0,79.23
8,BCR,True,13.0,65.14
8,BCR,True,7.0,40.3
8,BCR,False,inf,0.0
8,BCR,True,14.0,76.06
8,BCR,False,inf,0.0
8,BCR,True,24.0,122.53
8,BCR,True,10.0,61.49
8,BCR,False,inf,0.0
8,BCR,False,inf,0.0
8,BCR,True,9.0,51.04
8,BCR,True,24.0,141.91
8,BCR,True,8.0,52.1
8,BCR,True,28.0,170.35999999999999
8,BCR,False,inf,0.0
8,BCR,True,9.0,55.94
8,BCR,False,inf,0.0
8,BCR,False,inf,0.0
8,BCR,True,5.0,31.3
8,BCR,False,inf,0.0
8,BCR,True,9.0,51.49
8,BCR,False,inf,0.0
8,BCR,True,25.0,133.67
8,BCR,True,14.0,71.28
8,BCR,True,10.0,58.97
8,BCR,True,3.0,20.02
8,BCR,True,5.0,32.92
8,BCR,False,inf,0.0
8,BCR,True,25.0,148.03
8,BCR,False,inf,0.0
8,BCR,False,inf,0.0
8,BCR,True,4.0,27.5
8,BCR,True,4.0,24.83
8,BCR,True,3.0,19.740000000000002
8,BCR,False,inf,0.0
8,BCR,True,10.0,50.589999999999996
8,BCR,True,27.0,138.45
8,DCR,True,27.0,130.42000000000002
8,DCR,False,inf,0.0
8,DCR,True,2.0,8.870000000000001
8,DCR,True,15.0,69.57000000000001
8,DCR,False,inf,0.0
8,DCR,False,inf,0.0
8,DCR,True,3.0,11.24
8,DCR,True,11.0,43.05
8,DCR,True,6.0,28.4
8,DCR,True,13.0,54.07
8,DCR,True,13.0,68.45
8,DCR,True,3.0,10.84
8,DCR,False,inf,0.0
8,DCR,True,5.0,23.36
8,DCR,True,23.0,112.24
8,DCR,True,22.0,108.13
8,DCR,False,inf,0.0
8,DCR,True,17.0,76.94
8,DCR,True,10.0,49.75
8,DCR,True,12.0,51.09
8,DCR,True,17.0,91.39
8,DCR,False,inf,0.0
8,DCR,False,inf,0.0
8,DCR,True,15.0,74.51
8,DCR,True,3.0,9.52
8,DCR,False,inf,0.0
8,DCR,True,15.0,67.96
8,DCR,True,9.0,39.31
8,DCR,True,12.0,54.75
8,DCR,False,inf,0.0
8,DCR,True,22.0,117.68
8,DCR,False,inf,0.0
8,DCR,False,inf,0.0
8,DCR,True,14.0,80.59
8,DCR,False,inf,0.0
8,DCR,False,inf,0.0
8,DCR,False,inf,0.0
8,DCR,False,inf,0.0
8,DCR,True,7.0,27.25
8,DCR,False,inf,0.0
8,DCR,True,18.0,87.34
8,DCR,True,22.0,114.99
8,DCR,False,inf,0.0
8,DCR,True,30.0,162.46
8,DCR,False,inf,0.0
8,DCR,False,inf,0.0
8,DCR,True,20.0,95.79
8,DCR,True,16.0,73.93
8,DCR,False,inf,0.0
8,DCR,False,inf,0.0
8,DCR,True,11.0,59.52
8,DCR,False,inf,0.0
8,DCR,True,20.0,102.28
8,DCR,True,16.0,74.54
8,DCR,True,28.0,141.23
8,DCR,True,5.0,21.18
8,DCR,False,inf,0.0
8,DCR,True,5.0,25.59
8,DCR,True,21.0,107.76
8,DCR,True,4.0,12.83
8,DCR,True,22.0,115.65
8,DCR,True,18.0,98.75
8,DCR,True,18.0,93.01
8,DCR,True,11.0,49.94
8,DCR,False,inf,0.0
8,DCR,False,inf,0.0
8,DCR,True,2.0,14.64
8,DCR,True,17.0,72.39
8,DCR,True,31.0,183.41
8,DCR,True,12.0,65.02
8,DCR,False,inf,0.0
8,DCR,True,22.0,111.87
8,DCR,True,10.0,45.62
8,DCR,True,18.0,89.54
8,DCR,True,6.0,22.75
8,DCR,False,inf,0.0
8,DCR,True,23.0,123.08
8,DCR,True,9.0,42.32
8,DCR,True,14.0,69.87
8,DCR,True,28.0,153.45
8,DCR,True,12.0,56.36
8,DCR,False,inf,0.0
8,DCR,True,1.0,5.78
8,DCR,False,inf,0.0
8,DCR,False,inf,0.0
8,DCR,True,8.0,32.43
8,DCR,False,inf,0.0
8,DCR,False,inf,0.0
8,DCR,False,inf,0.0
8,DCR,False,inf,0.0
8,DCR,True,20.0,99.0
8,DCR,True,27.0,142.16
8,DCR,True,11.0,60.4
8,DCR,False,inf,0.0
8,DCR,False,inf,0.0
8,DCR,True,4.0,13.41
8,DCR,True,10.0,44.0
8,DCR,False,inf,0.0
8,DCR,True,25.0,136.33
8,DCR,False,inf,0.0
8,DCR,True,1.0,8.84
8,DCR,True,17.0,86.45
8,DCR,True,9.0,33.92
8,DCR,False,inf,0.0
8,DCR,True,5.0,20.68
8,DCR,True,2.0,12.19
8,DCR,True,8.0,35.14
8,DCR,True,5.0,16.32
8,DCR,True,1.0,1.59
8,DCR,True,23.0,124.61
8,DCR,True,33.0,188.86
8,DCR,True,12.0,50.14
8,DCR,True,15.0,67.96
8,DCR,True,8.0,35.62
8,DCR,False,inf,0.0
8,DCR,True,15.0,72.56
8,DCR,False,inf,0.0
8,DCR,False,inf,0.0
8,DCR,True,19.0,90.07000000000001
8,DCR,True,14.0,78.52
8,DCR,False,inf,0.0
8,DCR,True,11.0,41.54
8,DCR,True,24.0,109.04
8,DCR,False,inf,0.0
8,DCR,True,25.0,119.09
8,DCR,False,inf,0.0
8,DCR,True,28.0,132.2
8,DCR,False,inf,0.0
8,DCR,True,5.0,22.900000000000002
8,DCR,False,inf,0.0
8,DCR,False,inf,0.0
8,DCR,True,4.0,21.18
8,DCR,True,20.0,106.5
8,DCR,True,11.0,63.57
8,DCR,False,inf,0.0
8,DCR,True,14.0,60.27
8,DCR,True,13.0,57.15
8,DCR,True,28.0,145.3
8,DCR,True,11.0,60.51
8,DCR,True,28.0,144.85
8,DCR,True,3.0,9.01
8,DCR,False,inf,0.0
8,DCR,False,inf,0.0
8,DCR,False,inf,0.0
8,DCR,True,7.0,37.97
8,DCR,True,19.0,94.56
8,DCR,True,17.0,86.45
8,DCR,False,inf,0.0
8,DCR,False,inf,0.0
8,DCR,True,10.0,37.91
8,DCR,True,23.0,108.6
8,DCR,True,11.0,60.4
8,DCR,False,inf,0.0
8,DCR,True,1.0,7.87
8,DCR,True,14.0,53.46
8,DCR,False,inf,0.0
8,DCR,False,inf,0.0
8,DCR,True,1.0,5.78
8,DCR,True,24.0,127.99000000000001
8,DCR,True,24.0,109.86
8,DCR,True,12.0,72.47
8,DCR,True,30.0,173.44
8,DCR,True,30.0,158.15
8,DCR,False,inf,0.0
8,DCR,False,inf,0.0
8,DCR,True,16.0,73.93
8,DCR,True,11.0,46.77
8,DCR,True,7.0,25.080000000000002
8,DCR,True,6.0,25.740000000000002
8,DCR,False,inf,0.0
8,DCR,True,23.0,118.3
8,DCR,True,1.0,3.69
8,DCR,False,inf,0.0
8,DCR,False,inf,0.0
8,DCR,True,23.0,124.28
8,DCR,True,2.0,13.65
8,DCR,False,inf,0.0
8,DCR,True,13.0,58.53
8,DCR,False,inf,0.0
8,DCR,True,1.0,6.58
8,DCR,True,25.0,136.4
8,DCR,False,inf,0.0
8,DCR,True,21.0,108.93
8,DCR,True,4.0,17.47
8,DCR,True,3.0,15.629999999999999
8,DCR,True,19.0,96.54
8,DCR,True,15.0,68.26
8,DCR,True,18.0,81.71
8,DCR,True,9.0,40.07
8,DCR,True,18.0,92.51
8,DCR,True,18.0,97.35
8,DCR,True,2.0,12.04
8,DCR,False,inf,0.0
8,DCR,True,10.0,40.36
8,DCR,False,inf,0.0
8,DCR,False,inf,0.0
8,DCR,False,inf,0.0
8,DCR,False,inf,0.0
8,DCR,False,inf,0.0
8,DCR,True,22.0,94.7
8,DCR,True,31.0,164.87
8,DCR,True,16.0,76.42
8,DCR,True,14.0,62.97
8,DCR,True,28.0,135.76
8,DCR,True,20.0,102.32
8,DCR,False,inf,0.0
8,DCR,True,21.0,103.06
8,DCR,False,inf,0.0
8,DCR,False,inf,0.0
8,DCR,False,inf,0.0
8,DCR,False,inf,0.0
8,DCR,True,20.0,99.1
8,DCR,False,inf,0.0
8,DCR,False,inf,0.0
8,DCR,True,19.0,89.33
8,DCR,True,21.0,106.2
8,DCR,False,inf,0.0
8,DCR,True,3.0,9.01
8,DCR,False,inf,0.0
8,DCR,True,3.0,8.77
8,DCR,True,29.0,148.72
8,DCR,True,14.0,58.69
8,DCR,True,17.0,80.76
8,DCR,True,10.0,37.91
8,DCR,True,22.0,110.03
8,DCR,True,27.0,126.96000000000001
8,DCR,True,8.0,32.62
8,DCR,True,1.0,6.68
8,DCR,True,22.0,111.77
8,DCR,True,17.0,80.06
8,DCR,False,inf,0.0
8,DCR,False,inf,0.0
8,DCR,True,2.0,8.5
8,DCR,True,7.0,28.330000000000002
8,DCR,True,16.0,77.38
8,DCR,True,1.0,1.59
8,DCR,True,24.0,109.04
8,DCR,True,4.0,13.41
8,DCR,True,1.0,2.84
8,DCR,False,inf,0.0
8,DCR,False,inf,0.0
8,DCR,True,7.0,28.330000000000002
8,DCR,False,inf,0.0
8,DCR,False,inf,0.0
8,DCR,False,inf,0.0
8,DCR,True,6.0,22.79
8,DCR,False,inf,0.0
8,DCR,False,inf,0.0
8,DCR,True,12.0,48.65
8,DCR,True,8.0,31.76
8,DCR,True,28.0,140.79
8,DCR,True,25.0,131.33
8,DCR,False,inf,0.0
8,DCR,True,26.0,126.76
8,DCR,False,inf,0.0
8,DCR,True,18.0,87.82000000000001
8,DCR,True,20.0,101.73
8,DCR,False,inf,0.0
8,DCR,True,24.0,110.83
8,DCR,True,8.0,40.04
8,DCR,False,inf,0.0
8,DCR,True,10.0,44.22
8,DCR,False,inf,0.0
8,DCR,False,inf,0.0
8,DCR,True,12.0,56.39
8,DCR,True,11.0,63.08
8,DCR,True,9.0,34.22
8,DCR,False,inf,0.0
8,DCR,True,26.0,121.48
8,DCR,True,13.0,56.98
8,DCR,True,20.0,102.45
8,DCR,True,1.0,8.21
8,DCR,False,inf,0.0
8,DCR,True,13.0,53.7
8,DCR,False,inf,0.0
8,DCR,False,inf,0.0
8,DCR,False,inf,0.0
8,DCR,False,inf,0.0
8,DCR,False,inf,0.0
8,DCR,True,28.0,135.42000000000002
8,DCR,False,inf,0.0
8,DCR,False,inf,0.0
8,DCR,False,inf,0.0
8,DCR,True,33.0,183.89000000000001
8,DCR,True,7.0,28.78
8,DCR,False,inf,0.0
8,DCR,True,2.0,12.19
8,DCR,False,inf,0.0
8,DCR,True,11.0,47.39
8,DCR,False,inf,0.0
8,DCR,True,11.0,46.09
8,DCR,False,inf,0.0
8,DCR,True,28.0,146.0
8,DCR,False,inf,0.0
8,DCR,True,32.0,168.27
8,DCR,True,18.0,95.31
8,DCR,True,15.0,68.42
8,DCR,True,31.0,165.52
8,DCR,True,28.0,146.0
8,DCR,False,inf,0.0
8,DCR,False,inf,0.0
8,DCR,True,8.0,34.06
8,DCR,False,inf,0.0
8,DCR,False,inf,0.0
8,DCR,False,inf,0.0
8,DCR,False,inf,0.0
8,DCR,False,inf,0.0
8,DCR,True,9.0,43.04
8,DCR,True,7.0,23.07
8,DCR,True,3.0,10.72
8,DCR,False,inf,0.0
8,DCR,False,inf,0.0
8,DCR,True,5.0,18.54
8,DCR,False,inf,0.0
8,DCR,True,5.0,20.14
8,DCR,True,21.0,108.74
8,DCR,True,29.0,141.0
8,DCR,False,inf,0.0
8,DCR,False,inf,0.0
8,DCR,True,19.0,90.6
8,DCR,False,inf,0.0
8,DCR,False,inf,0.0
8,DCR,True,2.0,14.64
8,DCR,True,4.0,14.66
8,DCR,True,6.0,28.560000000000002
8,DCR,False,inf,0.0
8,DCR,True,4.0,21.18
8,DCR,True,5.0,18.51
8,DCR,False,inf,0.0
8,DCR,True,2.0,3.74
8,DCR,True,8.0,31.78
8,DCR,False,inf,0.0
8,DCR,True,1.0,8.82
8,DCR,True,10.0,40.74
8,DCR,True,23.0,124.16
8,DCR,True,25.0,134.44
8,DCR,True,13.0,51.25
8,DCR,False,inf,0.0
8,DCR,False,inf,0.0
8,DCR,False,inf,0.0
8,DCR,False,inf,0.0
8,DCR,True,16.0,72.59
8,DCR,True,21.0,106.43
8,DCR,True,2.0,12.04
8,DCR,True,7.0,25.69
8,DCR,False,inf,0.0
8,DCR,True,15.0,68.03
8,DCR,False,inf,0.0
8,DCR,True,9.0,41.93
8,DCR,False,inf,0.0
8,DCR,True,11.0,46.77
8,DCR,False,inf,0.0
8,DCR,True,20.0,97.42
8,DCR,True,20.0,97.49
8,DCR,True,33.0,167.22
8,DCR,True,20.0,99.35
8,DCR,True,1.0,6.26
8,DCR,True,10.0,39.0
8,DCR,True,30.0,156.05
8,DCR,True,18.0,85.54
8,DCR,True,10.0,47.68
8,DCR,True,10.0,47.28
8,DCR,True,2.0,14.600000000000001
8,DCR,True,1.0,8.26
8,DCR,True,25.0,117.88
8,DCR,True,18.0,81.96000000000001
8,DCR,False,inf,0.0
8,DCR,True,11.0,47.91
8,DCR,True,21.0,122.92
8,DCR,False,inf,0.0
8,DCR,False,inf,0.0
8,DCR,False,inf,0.0
8,DCR,True,28.0,145.3
8,DCR,True,3.0,13.07
8,DCR,True,8.0,38.38
8,DCR,False,inf,0.0
8,DCR,True,9.0,36.67
8,DCR,True,6.0,29.56
8,DCR,True,8.0,37.15
8,DCR,False,inf,0.0
8,DCR,False,inf,0.0
8,DCR,True,15.0,71.83
8,DCR,False,inf,0.0
8,DCR,False,inf,0.0
8,DCR,False,inf,0.0
8,DCR,True,20.0,102.28
8,DCR,True,18.0,86.74
8,DCR,True,13.0,58.96
8,DCR,False,inf,0.0
8,DCR,False,inf,0.0
8,DCR,True,26.0,138.11
8,DCR,True,6.0,25.97
8,DCR,True,13.0,57.1
8,DCR,False,inf,0.0
8,DCR,True,23.0,102.31
8,DCR,False,inf,0.0
8,DCR,False,inf,0.0
8,DCR,False,inf,0.0
8,DCR,True,16.0,74.88
8,DCR,False,inf,0.0
8,DCR,False,inf,0.0
8,DCR,True,16.0,72.59
8,DCR,True,10.0,43.76
8,DCR,False,inf,0.0
8,DCR,True,2.0,10.55
8,DCR,True,12.0,56.34
8,DCR,False,inf,0.0
8,DCR,False,inf,0.0
8,DCR,True,16.0,73.93
8,DCR,False,inf,0.0
8,DCR,False,inf,0.0
8,DCR,True,4.0,18.6
8,DCR,True,25.0,112.18
8,DCR,False,inf,0.0
8,DCR,False,inf,0.0
8,DCR,True,28.0,144.19
8,DCR,True,26.0,123.46000000000001
8,DCR,True,17.0,92.25
8,DCR,False,inf,0.0
8,DCR,True,24.0,130.61
8,DCR,False,inf,0.0
8,DCR,True,16.0,76.26
8,DCR,True,16.0,71.4
8,DCR,False,inf,0.0
8,DCR,False,inf,0.0
8,DCR,False,inf,0.0
8,DCR,False,inf,0.0
8,DCR,True,9.0,39.31
8,DCR,False,inf,0.0
8,DCR,True,12.0,69.01
8,DCR,False,inf,0.0
8,DCR,False,inf,0.0
8,DCR,False,inf,0.0
8,DCR,False,inf,0.0
8,DCR,True,8.0,32.160000000000004
8,DCR,False,inf,0.0
8,DCR,True,3.0,13.38
8,DCR,True,36.0,178.84
8,DCR,True,15.0,74.22
8,DCR,True,22.0,100.14
8,DCR,True,32.0,171.86
8,DCR,False,inf,0.0
8,DCR,True,11.0,48.31
8,DCR,True,14.0,59.59
8,DCR,True,13.0,57.1
8,DCR,True,20.0,101.73
8,DCR,False,inf,0.0
8,DCR,True,14.0,64.79
8,DCR,False,inf,0.0
8,DCR,True,6.0,26.47
8,DCR,True,10.0,51.44
8,DCR,True,15.0,71.28
8,DCR,False,inf,0.0
8,DCR,False,inf,0.0
8,DCR,True,16.0,72.59
8,DCR,True,8.0,36.7
8,DCR,False,inf,0.0
8,DCR,False,inf,0.0
8,DCR,False,inf,0.0
8,DCR,False,inf,0.0
8,DCR,True,1.0,3.13
8,DCR,False,inf,0.0
8,DCR,True,28.0,133.54
8,DCR,True,12.0,53.58
8,DCR,True,20.0,104.26
8,DCR,False,inf,0.0
8,DCR,True,23.0,113.65
8,DCR,True,8.0,39.91
8,DCR,False,inf,0.0
8,DCR,True,17.0,75.49
8,DCR,True,8.0,31.76
8,DCR,False,inf,0.0
8,DCR,True,15.0,82.1
8,DCR,True,7.0,23.07
8,DCR,False,inf,0.0
8,DCR,True,4.0,13.41
8,DCR,True,35.0,174.92000000000002
8,DCR,True,1.0,3.13
8,DCR,False,inf,0.0
8,DCR,False,inf,0.0
8,DCR,True,14.0,69.61
8,DCR,False,inf,0.0
8,DCR,False,inf,0.0
8,DCR,True,20.0,98.39
8,DCR,False,inf,0.0
8,DCR,False,inf,0.0
8,DCR,False,inf,0.0
8,DCR,True,32.0,167.42000000000002
8,DCR,True,9.0,35.47
8,DCR,True,9.0,36.67
8,DCR,False,inf,0.0
8,DCR,True,31.0,158.04
8,DCR,False,inf,0.0
8,DCR,True,19.0,97.36
8,DCR,True,17.0,88.85
8,DCR,True,23.0,118.3
8,DCR,True,5.0,20.68
8,DCR,True,11.0,53.36
8,DCR,True,18.0,90.54
8,DCR,True,17.0,77.14
8,DCR,False,inf,0.0
8,DCR,False,inf,0.0
8,DCR,True,15.0,61.86
8,DCR,True,25.0,130.67
8,DCR,False,inf,0.0
8,DCR,False,inf,0.0
8,DCR,True,25.0,112.18
8,DCR,True,2.0,9.7
8,DCR,False,inf,0.0
8,DCR,True,22.0,107.34
8,DCR,True,3.0,14.5
8,DCR,False,inf,0.0
8,DCR,True,11.0,47.16
8,DCR,True,18.0,80.75
8,DCR,False,inf,0.0
8,DCR,True,3.0,7.23
8,DCR,False,inf,0.0
8,DCR,False,inf,0.0
8,DCR,True,32.0,172.84
8,DCR,True,9.0,42.56
8,DCR,False,inf,0.0
8,DCR,True,14.0,81.45
8,DCR,True,27.0,137.26
8,DCR,False,inf,0.0
8,DCR,False,inf,0.0
8,DCR,True,16.0,73.89
8,DCR,False,inf,0.0
8,DCR,True,12.0,66.51
8,DCR,True,2.0,6.68
8,DCR,True,16.0,87.7
8,DCR,True,26.0,119.93
8,DCR,False,inf,0.0
8,DCR,False,inf,0.0
8,DCR,True,6.0,21.55
8,DCR,False,inf,0.0
8,DCR,True,26.0,133.1
8,DCR,True,12.0,56.39
8,DCR,False,inf,0.0
8,DCR,False,inf,0.0
8,DCR,True,4.0,19.25
8,DCR,False,inf,0.0
8,DCR,True,32.0,176.11
8,DCR,False,inf,0.0
8,DCR,True,26.0,137.59
8,DCR,False,inf,0.0
8,DCR,False,inf,0.0
8,DCR,False,inf,0.0
8,DCR,False,inf,0.0
8,DCR,True,11.0,47.16
8,DCR,True,24.0,128.64000000000001
8,DCR,False,inf,0.0
8,DCR,True,3.0,13.07
8,DCR,True,28.0,144.19
8,DCR,True,10.0,39.16
8,DCR,False,inf,0.0
8,DCR,False,inf,0.0
8,DCR,True,24.0,128.64000000000001
8,DCR,False,inf,0.0
8,DCR,True,17.0,76.9
8,DCR,False,inf,0.0
8,DCR,True,15.0,70.6
8,DCR,False,inf,0.0
8,DCR,True,34.0,173.31
8,DCR,True,7.0,34.4
8,DCR,True,16.0,75.85
8,DCR,False,inf,0.0
8,DCR,True,11.0,45.69
8,DCR,False,inf,0.0
8,DCR,True,2.0,11.67
8,DCR,True,6.0,25.97
8,DCR,False,inf,0.0
8,DCR,False,inf,0.0
8,DCR,True,3.0,15.17
8,DCR,True,15.0,68.42
8,DCR,True,13.0,66.92
8,DCR,False,inf,0.0
8,DCR,True,1.0,6.01
8,DCR,False,inf,0.0
8,DCR,True,14.0,61.14
8,DCR,True,19.0,91.58
8,DCR,True,15.0,74.51
8,DCR,False,inf,0.0
8,DCR,True,13.0,61.230000000000004
8,DCR,True,18.0,106.06
8,DCR,False,inf,0.0
8,DCR,True,2.0,4.9399999999999995
8,DCR,True,15.0,67.35
8,DCR,False,inf,0.0
8,DCR,False,inf,0.0
8,DCR,False,inf,0.0
8,DCR,False,inf,0.0
8,DCR,True,27.0,133.43
8,DCR,True,7.0,27.25
8,DCR,True,16.0,76.42
8,DCR,True,11.0,46.33
8,DCR,True,19.0,90.07000000000001
8,DCR,True,3.0,18.92
8,DCR,True,15.0,64.31
8,DCR,False,inf,0.0
8,DCR,True,16.0,80.69
8,DCR,True,6.0,20.57
8,DCR,True,13.0,68.45
8,DCR,False,inf,0.0
8,DCR,True,18.0,80.75
8,DCR,True,8.0,31.76
8,DCR,False,inf,0.0
8,DCR,True,2.0,8.5
8,DCR,False,inf,0.0
8,DCR,True,23.0,103.85
8,DCR,True,1.0,4.43
8,DCR,True,34.0,180.21
8,DCR,False,inf,0.0
8,DCR,False,inf,0.0
8,DCR,False,inf,0.0
8,DCR,False,inf,0.0
8,DCR,False,inf,0.0
8,DCR,False,inf,0.0
8,DCR,True,7.0,27.15
8,DCR,True,24.0,109.86
8,DCR,True,3.0,10.39
8,DCR,True,14.0,64.23
8,DCR,True,1.0,4.04
8,DCR,True,3.0,15.48
8,DCR,True,17.0,74.69
8,DCR,False,inf,0.0
8,DCR,True,15.0,70.72
8,DCR,False,inf,0.0
8,DCR,False,inf,0.0
8,DCR,True,31.0,167.9
8,DCR,True,29.0,150.53
8,DCR,True,17.0,79.18
8,DCR,True,32.0,176.02
8,DCR,True,30.0,154.51
8,DCR,True,27.0,141.5
8,DCR,False,inf,0.0
8,DCR,True,9.0,41.46
8,DCR,True,8.0,36.63
8,DCR,True,32.0,192.21
8,DCR,False,inf,0.0
8,DCR,True,12.0,56.39
8,DCR,True,15.0,68.69
8,DCR,False,inf,0.0
8,DCR,True,29.0,143.74
8,DCR,False,inf,0.0
8,DCR,True,19.0,88.7
8,DCR,True,4.0,20.39
8,DCR,True,15.0,86.94
8,DCR,True,17.0,76.9
8,DCR,True,26.0,127.29
8,DCR,True,8.0,34.51
8,DCR,True,7.0,30.26
8,DCR,False,inf,0.0
8,DCR,False,inf,0.0
8,DCR,True,21.0,103.08
8,DCR,True,11.0,47.16
8,DCR,True,1.0,1.64
8,DCR,True,8.0,35.2
8,DCR,False,inf,0.0
8,DCR,False,inf,0.0
8,DCR,True,9.0,36.67
8,DCR,True,21.0,105.46000000000001
8,DCR,True,20.0,106.5
8,DCR,True,15.0,68.48
8,DCR,False,inf,0.0
8,DCR,True,25.0,119.92999999999999
8,DCR,True,20.0,102.45
8,DCR,False,inf,0.0
8,DCR,False,inf,0.0
8,DCR,False,inf,0.0
8,DCR,True,11.0,60.34
8,DCR,True,18.0,82.59
8,DCR,True,2.0,10.59
8,DCR,False,inf,0.0
8,DCR,True,13.0,52.5
8,DCR,True,33.0,183.89000000000001
8,DCR,False,inf,0.0
8,DCR,True,6.0,28.4
8,DCR,False,inf,0.0
8,DCR,False,inf,0.0
8,DCR,True,27.0,134.95
8,DCR,False,inf,0.0
8,DCR,False,inf,0.0
8,DCR,True,21.0,100.61
8,DCR,True,18.0,82.59
8,DCR,True,20.0,99.74
8,DCR,False,inf,0.0
8,DCR,True,5.0,18.88
8,DCR,True,24.0,119.09
8,DCR,True,16.0,71.7
8,DCR,True,21.0,102.94
8,DCR,False,inf,0.0
8,DCR,True,22.0,105.55
8,DCR,False,inf,0.0
8,DCR,True,12.0,65.02
8,DCR,True,23.0,123.72
8,DCR,True,20.0,105.44
8,DCR,True,17.0,76.69
8,DCR,False,inf,0.0
8,DCR,True,25.0,130.67
8,DCR,True,13.0,58.65
8,DCR,True,12.0,63.19
8,DCR,True,10.0,47.2
8,DCR,False,inf,0.0
8,DCR,False,inf,0.0
8,DCR,True,7.0,30.26
8,DCR,False,inf,0.0
8,DCR,True,13.0,55.81
8,DCR,True,14.0,66.4
8,DCR,True,17.0,78.12
8,DCR,True,7.0,30.44
8,DCR,True,29.0,144.22
8,DCR,True,19.0,96.22
8,DCR,True,13.0,62.95
8,DCR,True,35.0,176.26
8,DCR,False,inf,0.0
8,DCR,True,20.0,99.0
8,DCR,True,18.0,84.1
8,DCR,True,26.0,133.1
8,DCR,True,13.0,60.28
8,DCR,True,7.0,28.8
8,DCR,True,13.0,58.53
8,DCR,True,1.0,1.07
8,DCR,False,inf,0.0
8,DCR,False,inf,0.0
8,DCR,True,3.0,20.04
8,DCR,False,inf,0.0
8,DCR,True,5.0,21.29
8,DCR,True,19.0,89.37
8,DCR,True,26.0,134.78
8,DCR,True,4.0,16.42
8,DCR,True,15.0,68.69
8,DCR,False,inf,0.0
8,DCR,True,4.0,13.23
8,DCR,False,inf,0.0
8,DCR,False,inf,0.0
8,DCR,False,inf,0.0
8,DCR,False,inf,0.0
8,DCR,True,28.0,145.3
8,DCR,False,inf,0.0
8,DCR,True,1.0,6.01
8,DCR,False,inf,0.0
8,DCR,True,4.0,22.57
8,DCR,False,inf,0.0
8,DCR,True,21.0,103.95
8,DCR,True,10.0,40.36
8,DCR,True,3.0,12.55
8,DCR,True,6.0,29.56
8,DCR,False,inf,0.0
8,DCR,False,inf,0.0
8,DCR,False,inf,0.0
8,DCR,False,inf,0.0
8,DCR,False,inf,0.0
8,DCR,True,28.0,135.58
8,DCR,False,inf,0.0
8,DCR,True,12.0,63.49
8,DCR,True,11.0,43.05
8,DCR,True,9.0,36.67
8,DCR,True,3.0,12.77
8,DCR,True,34.0,194.18
8,DCR,True,12.0,67.26
8,DCR,True,13.0,57.1
8,DCR,False,inf,0.0
8,DCR,True,23.0,118.7
8,DCR,False,inf,0.0
8,DCR,True,2.0,6.99
8,DCR,True,5.0,21.18
8,DCR,False,inf,0.0
8,DCR,True,14.0,62.97
8,DCR,False,inf,0.0
8,DCR,False,inf,0.0
8,DCR,True,18.0,95.21
8,DCR,True,13.0,57.35
8,DCR,True,15.0,85.01
8,DCR,True,12.0,49.56
8,DCR,False,inf,0.0
8,DCR,True,26.0,139.2
8,DCR,True,10.0,39.0
8,DCR,True,9.0,35.13
8,DCR,False,inf,0.0
8,DCR,True,3.0,14.28
8,DCR,True,14.0,63.28
8,DCR,True,16.0,76.3
8,DCR,True,16.0,74.54
8,DCR,False,inf,0.0
8,DCR,False,inf,0.0
8,DCR,True,21.0,109.63
8,DCR,False,inf,0.0
8,DCR,True,27.0,122.23
8,DCR,False,inf,0.0
8,DCR,False,inf,0.0
8,DCR,False,inf,0.0
8,DCR,False,inf,0.0
8,DCR,False,inf,0.0
8,DCR,False,inf,0.0
8,DCR,False,inf,0.0
8,DCR,False,inf,0.0
8,DCR,True,23.0,107.17
8,DCR,False,inf,0.0
8,DCR,True,32.0,180.06
8,DCR,False,inf,0.0
8,DCR,False,inf,0.0
8,DCR,False,inf,0.0
8,DCR,True,23.0,114.55
8,DCR,False,inf,0.0
8,DCR,False,inf,0.0
8,DCR,True,27.0,130.42000000000002
8,DCR,True,5.0,23.62
8,DCR,False,inf,0.0
8,DCR,True,4.0,15.59
8,DCR,False,inf,0.0
8,DCR,True,16.0,76.25
8,DCR,False,inf,0.0
8,DCR,False,inf,0.0
8,DCR,True,23.0,134.14
8,DCR,True,36.0,177.5
8,DCR,False,inf,0.0
8,DCR,False,inf,0.0
8,DCR,True,17.0,82.7
8,DCR,False,inf,0.0
8,DCR,True,1.0,3.69
8,DCR,False,inf,0.0
8,DCR,True,11.0,46.5
8,DCR,True,20.0,99.1
8,DCR,False,inf,0.0
8,DCR,True,6.0,30.61
8,DCR,True,21.0,101.8
8,DCR,True,7.0,24.68
8,DCR,False,inf,0.0
8,DCR,False,inf,0.0
8,DCR,True,25.0,136.13
8,DCR,True,28.0,139.23
8,DCR,True,10.0,40.36
8,DCR,False,inf,0.0
8,DCR,True,18.0,87.75
8,DCR,True,27.0,135.6
8,DCR,False,inf,0.0
8,DCR,True,5.0,20.19
8,DCR,False,inf,0.0
8,DCR,False,inf,0.0
8,DCR,True,27.0,141.33
8,DCR,True,23.0,120.44
8,DCR,True,11.0,59.52
8,DCR,True,3.0,15.48
8,DCR,True,16.0,76.25
8,DCR,True,3.0,12.55
8,DCR,False,inf,0.0
8,DCR,False,inf,0.0
8,DCR,True,4.0,15.59
8,DCR,False,inf,0.0
8,DCR,True,8.0,34.39
8,DCR,True,4.0,15.22
8,DCR,False,inf,0.0
8,DCR,True,4.0,15.59
8,DCR,True,5.0,18.06
8,DCR,True,4.0,14.360000000000001
8,DCR,True,16.0,74.53
8,DCR,True,20.0,103.17
8,DCR,False,inf,0.0
8,DCR,False,inf,0.0
8,DCR,True,19.0,91.53
8,DCR,True,18.0,87.34
8,DCR,True,27.0,134.95
8,DCR,True,17.0,76.94
8,DCR,True,32.0,176.02
8,DCR,True,28.0,157.35
8,DCR,True,26.0,131.8
8,DCR,True,6.0,26.92
8,DCR,True,3.0,13.07
8,DCR,False,inf,0.0
8,DCR,True,20.0,81.88
8,DCR,True,24.0,127.99000000000001
8,DCR,True,24.0,140.72
8,DCR,True,7.0,27.15
8,DCR,True,4.0,13.48
8,DCR,True,3.0,15.17
8,DCR,False,inf,0.0
8,DCR,False,inf,0.0
8,DCR,True,17.0,73.82000000000001
8,DCR,True,11.0,46.7
8,DCR,True,18.0,91.07000000000001
8,DCR,False,inf,0.0
8,DCR,True,13.0,65.29
8,DCR,True,10.0,58.19
8,DCR,True,4.0,19.25
8,DCR,False,inf,0.0
8,DCR,True,1.0,4.81
8,DCR,True,5.0,24.66
8,DCR,True,9.0,43.730000000000004
8,DCR,False,inf,0.0
8,DCR,False,inf,0.0
8,DCR,False,inf,0.0
8,DCR,False,inf,0.0
8,DCR,True,3.0,15.48
8,DCR,True,3.0,15.48
8,DCR,False,inf,0.0
8,DCR,True,18.0,75.08
8,DCR,False,inf,0.0
8,DCR,False,inf,0.0
8,DCR,True,17.0,88.92
8,DCR,True,16.0,92.38
8,DCR,False,inf,0.0
8,DCR,True,9.0,44.15
8,DCR,True,5.0,17.85
8,DCR,True,13.0,58.19
8,DCR,False,inf,0.0
8,DCR,False,inf,0.0
8,DCR,True,27.0,143.31
8,DCR,True,13.0,66.44
8,DCR,True,8.0,39.91
8,DCR,True,18.0,92.53
8,DCR,False,inf,0.0
8,DCR,True,35.0,174.92000000000002
8,DCR,True,17.0,77.87
8,DCR,True,13.0,60.22
8,DCR,True,6.0,22.0
8,DCR,True,27.0,143.31
8,DCR,True,17.0,78.84
8,DCR,False,inf,0.0
8,DCR,False,inf,0.0
8,DCR,True,22.0,105.55
8,DCR,True,32.0,168.27
8,DCR,False,inf,0.0
8,DCR,True,8.0,34.39
8,DCR,False,inf,0.0
8,DCR,False,inf,0.0
8,DCR,False,inf,0.0
8,DCR,False,inf,0.0
8,DCR,False,inf,0.0
8,DCR,True,13.0,66.54
8,DCR,True,16.0,75.84
8,DCR,False,inf,0.0
8,DCR,False,inf,0.0
8,DCR,True,3.0,9.01
8,DCR,False,inf,0.0
8,DCR,True,14.0,84.25
8,DCR,True,9.0,36.31
8,DCR,True,25.0,115.4
8,DCR,True,15.0,73.05
8,DCR,True,18.0,89.36
8,DCR,True,26.0,127.29
8,DCR,False,inf,0.0
8,DCR,True,1.0,3.69
8,DCR,False,inf,0.0
8,DCR,False,inf,0.0
8,DCR,False,inf,0.0
8,DCR,True,1.0,2.53
8,DCR,False,inf,0.0
8,DCR,False,inf,0.0
8,DCR,False,inf,0.0
8,DCR,True,33.0,182.74
8,DCR,True,32.0,173.67000000000002
8,DCR,True,31.0,158.62
8,DCR,True,4.0,14.71
8,DCR,True,6.0,23.13
8,DCR,True,2.0,7.29
8,DCR,False,inf,0.0
8,DCR,True,1.0,3.69
8,DCR,False,inf,0.0
8,DCR,True,28.0,140.74
8,DCR,True,16.0,74.88
8,DCR,True,19.0,91.58
8,DCR,True,34.0,175.37
8,DCR,True,33.0,177.12
8,DCR,False,inf,0.0
8,DCR,True,12.0,67.26
8,DCR,False,inf,0.0
8,DCR,True,8.0,30.5
8,DCR,True,17.0,75.56
8,DCR,True,5.0,18.06
8,DCR,True,5.0,23.36
8,DCR,True,15.0,71.83
8,DCR,True,5.0,25.34
8,DCR,True,10.0,55.47
8,DCR,True,20.0,106.5
8,DCR,False,inf,0.0
8,DCR,True,33.0,174.72
8,DCR,True,17.0,78.82000000000001
8,DCR,False,inf,0.0
8,DCR,True,21.0,103.32000000000001
8,DCR,True,35.0,179.72
8,DCR,True,29.0,143.13
8,DCR,False,inf,0.0
8,DCR,True,11.0,63.08
8,DCR,False,inf,0.0
8,DCR,False,inf,0.0
8,DCR,True,25.0,111.47
8,DCR,True,31.0,152.43
8,DCR,False,inf,0.0
8,DCR,False,inf,0.0
8,DCR,False,inf,0.0
8,DCR,True,29.0,144.22
8,DCR,False,inf,0.0
8,DCR,True,4.0,23.67
8,DCR,False,inf,0.0
8,DCR,False,inf,0.0
8,DCR,True,7.0,28.72
8,DCR,True,9.0,40.39
8,DCR,False,inf,0.0
8,DCR,True,28.0,144.19
8,DCR,False,inf,0.0
8,CCR,True,22.0,104.9
8,CCR,False,inf,0.0
8,CCR,False,inf,0.0
8,CCR,False,inf,0.0
8,CCR,True,1.0,7.87
8,CCR,True,11.0,41.62
8,CCR,True,3.0,11.120000000000001
8,CCR,True,5.0,20.84
8,CCR,False,inf,0.0
8,CCR,False,inf,0.0
8,CCR,True,13.0,52.59
8,CCR,False,inf,0.0
8,CCR,True,16.0,73.15
8,CCR,False,inf,0.0
8,CCR,False,inf,0.0
8,CCR,True,30.0,150.64
8,CCR,True,16.0,66.19
8,CCR,False,inf,0.0
8,CCR,True,17.0,73.13
8,CCR,True,32.0,139.37
8,CCR,False,inf,0.0
8,CCR,False,inf,0.0
8,CCR,False,inf,0.0
8,CCR,True,19.0,87.86
8,CCR,False,inf,0.0
8,CCR,False,inf,0.0
8,CCR,False,inf,0.0
8,CCR,True,7.0,46.73
8,CCR,True,17.0,72.94
8,CCR,False,inf,0.0
8,CCR,False,inf,0.0
8,CCR,True,12.0,45.99
8,CCR,False,inf,0.0
8,CCR,False,inf,0.0
8,CCR,True,22.0,113.49
8,CCR,True,32.0,156.18
8,CCR,False,inf,0.0
8,CCR,False,inf,0.0
8,CCR,False,inf,0.0
8,CCR,True,25.0,127.79
8,CCR,True,13.0,59.93
8,CCR,False,inf,0.0
8,CCR,False,inf,0.0
8,CCR,False,inf,0.0
8,CCR,True,23.0,122.44
8,CCR,True,9.0,42.08
8,CCR,False,inf,0.0
8,CCR,False,inf,0.0
8,CCR,True,27.0,140.32
8,CCR,False,inf,0.0
8,CCR,True,8.0,27.91
8,CCR,False,inf,0.0
8,CCR,True,14.0,67.15
8,CCR,True,3.0,17.29
8,CCR,False,inf,0.0
8,CCR,False,inf,0.0
8,CCR,True,24.0,124.41
8,CCR,False,inf,0.0
8,CCR,True,1.0,6.26
8,CCR,False,inf,0.0
8,CCR,True,11.0,47.79
8,CCR,True,12.0,43.91
8,CCR,True,23.0,97.12
8,CCR,True,14.0,54.79
8,CCR,False,inf,0.0
8,CCR,True,7.0,32.17
8,CCR,False,inf,0.0
8,CCR,True,22.0,114.07000000000001
8,CCR,False,inf,0.0
8,CCR,False,inf,0.0
8,CCR,False,inf,0.0
8,CCR,True,13.0,51.28
8,CCR,False,inf,0.0
8,CCR,False,inf,0.0
8,CCR,False,inf,0.0
8,CCR,True,34.0,171.36
8,CCR,False,inf,0.0
8,CCR,False,inf,0.0
8,CCR,True,3.0,26.14
8,CCR,False,inf,0.0
8,CCR,False,inf,0.0
8,CCR,False,inf,0.0
8,CCR,True,12.0,59.089999999999996
8,CCR,True,7.0,42.83
8,CCR,False,inf,0.0
8,CCR,True,9.0,40.89
8,CCR,False,inf,0.0
8,CCR,True,25.0,122.02
8,CCR,True,12.0,43.28
8,CCR,False,inf,0.0
8,CCR,True,1.0,3.69
8,CCR,True,23.0,100.14999999999999
8,CCR,False,inf,0.0
8,CCR,True,25.0,136.47
8,CCR,True,27.0,118.31
8,CCR,True,12.0,45.15
8,CCR,False,inf,0.0
8,CCR,True,19.0,83.76
8,CCR,True,2.0,3.84
8,CCR,True,20.0,88.35
8,CCR,True,25.0,96.9
8,CCR,False,inf,0.0
8,CCR,False,inf,0.0
8,CCR,False,inf,0.0
8,CCR,False,inf,0.0
8,CCR,False,inf,0.0
8,CCR,False,inf,0.0
8,CCR,False,inf,0.0
8,CCR,False,inf,0.0
8,CCR,False,inf,0.0
8,CCR,False,inf,0.0
8,CCR,False,inf,0.0
8,CCR,False,inf,0.0
8,CCR,True,4.0,20.41
8,CCR,True,32.0,149.83
8,CCR,False,inf,0.0
8,CCR,False,inf,0.0
8,CCR,True,29.0,135.47
8,CCR,False,inf,0.0
8,CCR,True,27.0,129.65
8,CCR,False,inf,0.0
8,CCR,False,inf,0.0
8,CCR,True,14.0,62.53
8,CCR,False,inf,0.0
8,CCR,False,inf,0.0
8,CCR,False,inf,0.0
8,CCR,True,11.0,41.19
8,CCR,True,6.0,20.1
8,CCR,True,18.0,69.97
8,CCR,True,5.0,23.42
8,CCR,True,17.0,66.61
8,CCR,True,18.0,82.1
8,CCR,True,23.0,93.31
8,CCR,False,inf,0.0
8,CCR,False,inf,0.0
8,CCR,True,14.0,51.519999999999996
8,CCR,False,inf,0.0
8,CCR,False,inf,0.0
8,CCR,False,inf,0.0
8,CCR,True,4.0,14.56
8,CCR,False,inf,0.0
8,CCR,False,inf,0.0
8,CCR,True,3.0,13.36
8,CCR,True,4.0,20.41
8,CCR,False,inf,0.0
8,CCR,True,8.0,41.76
8,CCR,False,inf,0.0
8,CCR,False,inf,0.0
8,CCR,False,inf,0.0
8,CCR,True,13.0,59.93
8,CCR,True,17.0,69.36
8,CCR,False,inf,0.0
8,CCR,False,inf,0.0
8,CCR,True,11.0,40.53
8,CCR,False,inf,0.0
8,CCR,True,13.0,53.62
8,CCR,True,16.0,73.15
8,CCR,True,4.0,9.85
8,CCR,False,inf,0.0
8,CCR,False,inf,0.0
8,CCR,False,inf,0.0
8,CCR,False,inf,0.0
8,CCR,False,inf,0.0
8,CCR,False,inf,0.0
8,CCR,True,15.0,64.95
8,CCR,False,inf,0.0
8,CCR,False,inf,0.0
8,CCR,True,11.0,37.83
8,CCR,True,4.0,31.919999999999998
8,CCR,False,inf,0.0
8,CCR,True,13.0,47.99
8,CCR,True,15.0,62.48
8,CCR,True,1.0,2.69
8,CCR,True,13.0,60.26
8,CCR,True,22.0,99.2
8,CCR,True,10.0,48.5
8,CCR,True,4.0,22.380000000000003
8,CCR,False,inf,0.0
8,CCR,True,23.0,103.25
8,CCR,True,20.0,88.35
8,CCR,True,15.0,61.35
8,CCR,False,inf,0.0
8,CCR,False,inf,0.0
8,CCR,True,5.0,31.12
8,CCR,False,inf,0.0
8,CCR,False,inf,0.0
8,CCR,False,inf,0.0
8,CCR,True,25.0,113.55
8,CCR,False,inf,0.0
8,CCR,True,10.0,47.879999999999995
8,CCR,True,8.0,45.67
8,CCR,True,11.0,49.91
8,CCR,True,21.0,84.91
8,CCR,True,26.0,115.59
8,CCR,False,inf,0.0
8,CCR,False,inf,0.0
8,CCR,False,inf,0.0
8,CCR,True,28.0,128.17
8,CCR,False,inf,0.0
8,CCR,True,32.0,161.74
8,CCR,True,5.0,22.93
8,CCR,True,26.0,115.59
8,CCR,False,inf,0.0
8,CCR,True,21.0,84.91
8,CCR,False,inf,0.0
8,CCR,True,10.0,52.589999999999996
8,CCR,True,13.0,49.94
8,CCR,True,7.0,28.4
8,CCR,False,inf,0.0
8,CCR,False,inf,0.0
8,CCR,True,12.0,55.65
8,CCR,True,29.0,134.66
8,CCR,False,inf,0.0
8,CCR,False,inf,0.0
8,CCR,False,inf,0.0
8,CCR,False,inf,0.0
8,CCR,False,inf,0.0
8,CCR,True,17.0,66.35
8,CCR,True,22.0,78.23
8,CCR,True,11.0,51.0
8,CCR,False,inf,0.0
8,CCR,False,inf,0.0
8,CCR,False,inf,0.0
8,CCR,True,26.0,120.4
8,CCR,False,inf,0.0
8,CCR,False,inf,0.0
8,CCR,False,inf,0.0
8,CCR,False,inf,0.0
8,CCR,False,inf,0.0
8,CCR,False,inf,0.0
8,CCR,True,16.0,67.7
8,CCR,False,inf,0.0
8,CCR,False,inf,0.0
8,CCR,False,inf,0.0
8,CCR,True,11.0,44.46
8,CCR,True,23.0,105.23
8,CCR,True,1.0,2.69
8,CCR,False,inf,0.0
8,CCR,False,inf,0.0
8,CCR,False,inf,0.0
8,CCR,False,inf,0.0
8,CCR,False,inf,0.0
8,CCR,True,8.0,30.55
8,CCR,False,inf,0.0
8,CCR,True,16.0,73.65
8,CCR,True,21.0,92.17
8,CCR,False,inf,0.0
8,CCR,False,inf,0.0
8,CCR,False,inf,0.0
8,CCR,False,inf,0.0
8,CCR,True,12.0,55.65
8,CCR,False,inf,0.0
8,CCR,True,26.0,118.25
8,CCR,True,5.0,17.28
8,CCR,True,15.0,70.54
8,CCR,False,inf,0.0
8,CCR,True,18.0,74.75
8,CCR,False,inf,0.0
8,CCR,False,inf,0.0
8,CCR,False,inf,0.0
8,CCR,True,16.0,66.45
8,CCR,True,18.0,75.87
8,CCR,True,24.0,101.92999999999999
8,CCR,False,inf,0.0
8,CCR,True,28.0,146.9
8,CCR,True,6.0,26.39
8,CCR,False,inf,0.0
8,CCR,True,13.0,62.51
8,CCR,False,inf,0.0
8,CCR,True,25.0,107.74
8,CCR,True,17.0,76.64
8,CCR,False,inf,0.0
8,CCR,True,26.0,120.07
8,CCR,False,inf,0.0
8,CCR,True,3.0,19.240000000000002
8,CCR,False,inf,0.0
8,CCR,False,inf,0.0
8,CCR,False,inf,0.0
8,CCR,True,12.0,42.97
8,CCR,True,27.0,121.95
8,CCR,True,12.0,42.97
8,CCR,True,6.0,33.38
8,CCR,True,17.0,76.28
8,CCR,False,inf,0.0
8,CCR,False,inf,0.0
8,CCR,True,1.0,3.69
8,CCR,True,10.0,47.54
8,CCR,True,14.0,61.98
8,CCR,False,inf,0.0
8,CCR,True,30.0,144.33
8,CCR,False,inf,0.0
8,CCR,False,inf,0.0
8,CCR,False,inf,0.0
8,CCR,True,26.0,120.07
8,CCR,False,inf,0.0
8,CCR,False,inf,0.0
8,CCR,False,inf,0.0
8,CCR,False,inf,0.0
8,CCR,False,inf,0.0
8,CCR,False,inf,0.0
8,CCR,True,7.0,27.46
8,CCR,False,inf,0.0
8,CCR,False,inf,0.0
8,CCR,True,7.0,27.57
8,CCR,False,inf,0.0
8,CCR,True,10.0,50.99
8,CCR,False,inf,0.0
8,CCR,True,28.0,133.09
8,CCR,False,inf,0.0
8,CCR,False,inf,0.0
8,CCR,True,5.0,29.65
8,CCR,False,inf,0.0
8,CCR,False,inf,0.0
8,CCR,True,1.0,7.87
8,CCR,False,inf,0.0
8,CCR,False,inf,0.0
8,CCR,True,25.0,122.02
8,CCR,True,4.0,20.41
8,CCR,True,4.0,14.84
8,CCR,True,9.0,36.86
8,CCR,True,3.0,26.14
8,CCR,True,6.0,26.88
8,CCR,True,11.0,41.93
8,CCR,False,inf,0.0
8,CCR,True,14.0,66.74
8,CCR,False,inf,0.0
8,CCR,True,14.0,54.75
8,CCR,True,5.0,23.83
8,CCR,False,inf,0.0
8,CCR,True,15.0,68.66
8,CCR,True,24.0,107.66
8,CCR,True,31.0,156.23
8,CCR,True,12.0,51.76
8,CCR,True,9.0,30.3
8,CCR,False,inf,0.0
8,CCR,False,inf,0.0
8,CCR,False,inf,0.0
8,CCR,False,inf,0.0
8,CCR,False,inf,0.0
8,CCR,False,inf,0.0
8,CCR,False,inf,0.0
8,CCR,False,inf,0.0
8,CCR,False,inf,0.0
8,CCR,False,inf,0.0
8,CCR,False,inf,0.0
8,CCR,True,16.0,63.88
8,CCR,True,23.0,107.99
8,CCR,False,inf,0.0
8,CCR,False,inf,0.0
8,CCR,True,15.0,71.71
8,CCR,False,inf,0.0
8,CCR,False,inf,0.0
8,CCR,True,10.0,47.28
8,CCR,True,10.0,39.63
8,CCR,True,16.0,78.63
8,CCR,True,31.0,155.91
8,CCR,True,27.0,118.31
8,CCR,True,8.0,40.96
8,CCR,True,10.0,38.28
8,CCR,True,10.0,41.63
8,CCR,False,inf,0.0
8,CCR,False,inf,0.0
8,CCR,False,inf,0.0
8,CCR,True,17.0,74.8
8,CCR,False,inf,0.0
8,CCR,False,inf,0.0
8,CCR,True,6.0,21.85
8,CCR,False,inf,0.0
8,CCR,True,5.0,21.92
8,CCR,True,10.0,44.79
8,CCR,True,28.0,145.56
8,CCR,False,inf,0.0
8,CCR,False,inf,0.0
8,CCR,True,25.0,114.3
8,CCR,False,inf,0.0
8,CCR,True,18.0,83.01
8,CCR,True,7.0,31.0
8,CCR,True,22.0,104.9
8,CCR,True,24.0,129.93
8,CCR,True,7.0,36.83
8,CCR,False,inf,0.0
8,CCR,False,inf,0.0
8,CCR,False,inf,0.0
8,CCR,False,inf,0.0
8,CCR,True,24.0,91.11
8,CCR,False,inf,0.0
8,CCR,True,20.0,89.47
8,CCR,False,inf,0.0
8,CCR,True,12.0,45.99
8,CCR,True,9.0,47.97
8,CCR,False,inf,0.0
8,CCR,True,29.0,136.25
8,CCR,False,inf,0.0
8,CCR,True,12.0,58.96
8,CCR,False,inf,0.0
8,CCR,True,25.0,96.9
8,CCR,False,inf,0.0
8,CCR,True,27.0,140.32
8,CCR,True,25.0,113.78999999999999
8,CCR,True,16.0,72.37
8,CCR,True,20.0,88.39
8,CCR,False,inf,0.0
8,CCR,True,25.0,112.07
8,CCR,False,inf,0.0
8,CCR,False,inf,0.0
8,CCR,False,inf,0.0
8,CCR,False,inf,0.0
8,CCR,False,inf,0.0
8,CCR,True,15.0,62.48
8,CCR,False,inf,0.0
8,CCR,True,12.0,45.15
8,CCR,True,4.0,16.64
8,CCR,True,16.0,80.1
8,CCR,True,5.0,21.66
8,CCR,False,inf,0.0
8,CCR,False,inf,0.0
8,CCR,False,inf,0.0
8,CCR,False,inf,0.0
8,CCR,True,18.0,85.88
8,CCR,True,18.0,79.99
8,CCR,False,inf,0.0
8,CCR,False,inf,0.0
8,CCR,False,inf,0.0
8,CCR,True,25.0,107.74
8,CCR,False,inf,0.0
8,CCR,False,inf,0.0
8,CCR,True,15.0,63.99
8,CCR,False,inf,0.0
8,CCR,False,inf,0.0
8,CCR,False,inf,0.0
8,CCR,True,17.0,68.98
8,CCR,False,inf,0.0
8,CCR,False,inf,0.0
8,CCR,True,9.0,39.79
8,CCR,True,4.0,15.02
8,CCR,True,19.0,71.09
8,CCR,False,inf,0.0
8,CCR,False,inf,0.0
8,CCR,False,inf,0.0
8,CCR,True,9.0,36.86
8,CCR,True,1.0,9.45
8,CCR,True,5.0,27.96
8,CCR,False,inf,0.0
8,CCR,True,14.0,74.63
8,CCR,True,20.0,82.02
8,CCR,True,34.0,165.05
8,CCR,False,inf,0.0
8,CCR,True,22.0,88.14
8,CCR,False,inf,0.0
8,CCR,True,1.0,2.69
8,CCR,False,inf,0.0
8,CCR,False,inf,0.0
8,CCR,True,14.0,59.57
8,CCR,True,23.0,96.75999999999999
8,CCR,True,9.0,44.26
8,CCR,True,13.0,62.14
8,CCR,False,inf,0.0
8,CCR,False,inf,0.0
8,CCR,False,inf,0.0
8,CCR,False,inf,0.0
8,CCR,False,inf,0.0
8,CCR,False,inf,0.0
8,CCR,True,7.0,39.52
8,CCR,True,2.0,8.309999999999999
8,CCR,True,21.0,106.22
8,CCR,False,inf,0.0
8,CCR,True,8.0,32.08
8,CCR,False,inf,0.0
8,CCR,False,inf,0.0
8,CCR,False,inf,0.0
8,CCR,True,14.0,56.23
8,CCR,True,1.0,8.95
8,CCR,False,inf,0.0
8,CCR,True,7.0,30.49
8,CCR,False,inf,0.0
8,CCR,False,inf,0.0
8,CCR,False,inf,0.0
8,CCR,True,12.0,52.55
8,CCR,False,inf,0.0
8,CCR,False,inf,0.0
8,CCR,True,18.0,76.86
8,CCR,False,inf,0.0
8,CCR,True,2.0,8.23
8,CCR,False,inf,0.0
8,CCR,True,17.0,89.05
8,CCR,False,inf,0.0
8,CCR,False,inf,0.0
8,CCR,True,16.0,65.46
8,CCR,True,7.0,31.46
8,CCR,True,22.0,97.36
8,CCR,False,inf,0.0
8,CCR,False,inf,0.0
8,CCR,False,inf,0.0
8,CCR,True,2.0,10.51
8,CCR,True,13.0,55.589999999999996
8,CCR,False,inf,0.0
8,CCR,True,13.0,52.89
8,CCR,True,14.0,60.3
8,CCR,False,inf,0.0
8,CCR,False,inf,0.0
8,CCR,True,23.0,113.76
8,CCR,False,inf,0.0
8,CCR,False,inf,0.0
8,CCR,False,inf,0.0
8,CCR,True,34.0,174.64
8,CCR,False,inf,0.0
8,CCR,False,inf,0.0
8,CCR,False,inf,0.0
8,CCR,True,4.0,24.83
8,CCR,True,14.0,66.78
8,CCR,True,30.0,144.33
8,CCR,True,3.0,9.39
8,CCR,True,6.0,26.88
8,CCR,True,4.0,15.32
8,CCR,False,inf,0.0
8,CCR,True,22.0,101.99
8,CCR,True,5.0,22.93
8,CCR,False,inf,0.0
8,CCR,True,29.0,142.81
8,CCR,True,6.0,20.6
8,CCR,False,inf,0.0
8,CCR,True,35.0,179.88
8,CCR,False,inf,0.0
8,CCR,False,inf,0.0
8,CCR,True,24.0,104.78999999999999
8,CCR,True,6.0,26.57
8,CCR,True,21.0,90.27
8,CCR,True,6.0,35.42
8,CCR,True,22.0,113.49
8,CCR,False,inf,0.0
8,CCR,False,inf,0.0
8,CCR,False,inf,0.0
8,CCR,False,inf,0.0
8,CCR,True,23.0,118.73
8,CCR,True,24.0,128.59
8,CCR,True,13.0,59.93
8,CCR,False,inf,0.0
8,CCR,False,inf,0.0
8,CCR,False,inf,0.0
8,CCR,True,17.0,80.73
8,CCR,True,16.0,73.06
8,CCR,True,1.0,2.25
8,CCR,True,16.0,67.17999999999999
8,CCR,False,inf,0.0
8,CCR,False,inf,0.0
8,CCR,True,31.0,146.68
8,CCR,True,16.0,64.24
8,CCR,True,10.0,38.03
8,CCR,True,11.0,49.91
8,CCR,False,inf,0.0
8,CCR,False,inf,0.0
8,CCR,True,21.0,91.42
8,CCR,False,inf,0.0
8,CCR,False,inf,0.0
8,CCR,False,inf,0.0
8,CCR,True,21.0,93.3
8,CCR,False,inf,0.0
8,CCR,False,inf,0.0
8,CCR,False,inf,0.0
8,CCR,False,inf,0.0
8,CCR,False,inf,0.0
8,CCR,True,26.0,138.04
8,CCR,True,2.0,10.120000000000001
8,CCR,False,inf,0.0
8,CCR,False,inf,0.0
8,CCR,True,23.0,97.12
8,CCR,False,inf,0.0
8,CCR,False,inf,0.0
8,CCR,True,12.0,51.76
8,CCR,True,11.0,37.29
8,CCR,True,31.0,153.23
8,CCR,False,inf,0.0
8,CCR,True,16.0,77.56
8,CCR,False,inf,0.0
8,CCR,True,24.0,117.85
8,CCR,True,22.0,113.49
8,CCR,False,inf,0.0
8,CCR,False,inf,0.0
8,CCR,False,inf,0.0
8,CCR,False,inf,0.0
8,CCR,True,8.0,39.85
8,CCR,False,inf,0.0
8,CCR,False,inf,0.0
8,CCR,True,13.0,61.36
8,CCR,False,inf,0.0
8,CCR,False,inf,0.0
8,CCR,False,inf,0.0
8,CCR,True,7.0,46.73
8,CCR,True,9.0,36.13
8,CCR,True,21.0,106.22
8,CCR,False,inf,0.0
8,CCR,True,8.0,32.39
8,CCR,False,inf,0.0
8,CCR,False,inf,0.0
8,CCR,False,inf,0.0
8,CCR,True,6.0,24.79
8,CCR,False,inf,0.0
8,CCR,True,4.0,16.6
8,CCR,True,28.0,121.41
8,CCR,False,inf,0.0
8,CCR,True,6.0,28.63
8,CCR,False,inf,0.0
8,CCR,True,12.0,56.730000000000004
8,CCR,False,inf,0.0
8,CCR,True,18.0,91.65
8,CCR,False,inf,0.0
8,CCR,True,24.0,104.78999999999999
8,CCR,False,inf,0.0
8,CCR,True,21.0,97.92999999999999
8,CCR,True,6.0,26.88
8,CCR,False,inf,0.0
8,CCR,True,18.0,80.63
8,CCR,False,inf,0.0
8,CCR,False,inf,0.0
8,CCR,True,5.0,23.41
8,CCR,False,inf,0.0
8,CCR,True,8.0,36.769999999999996
8,CCR,False,inf,0.0
8,CCR,False,inf,0.0
8,CCR,True,13.0,61.04
8,CCR,False,inf,0.0
8,CCR,True,9.0,39.839999999999996
8,CCR,True,30.0,153.28
8,CCR,True,22.0,92.28999999999999
8,CCR,True,18.0,85.03999999999999
8,CCR,False,inf,0.0
8,CCR,True,1.0,2.25
8,CCR,True,19.0,71.09
8,CCR,True,13.0,61.36
8,CCR,False,inf,0.0
8,CCR,True,18.0,69.05
8,CCR,False,inf,0.0
8,CCR,False,inf,0.0
8,CCR,False,inf,0.0
8,CCR,True,6.0,21.55
8,CCR,False,inf,0.0
8,CCR,True,12.0,51.9
8,CCR,True,10.0,42.73
8,CCR,True,25.0,114.3
8,CCR,True,24.0,109.42
8,CCR,False,inf,0.0
8,CCR,True,4.0,19.54
8,CCR,True,28.0,140.59
8,CCR,False,inf,0.0
8,CCR,True,3.0,13.93
8,CCR,False,inf,0.0
8,CCR,True,17.0,76.82
8,CCR,True,4.0,21.28
8,CCR,True,32.0,161.15
8,CCR,False,inf,0.0
8,CCR,False,inf,0.0
8,CCR,False,inf,0.0
8,CCR,False,inf,0.0
8,CCR,False,inf,0.0
8,CCR,True,19.0,87.52
8,CCR,False,inf,0.0
8,CCR,False,inf,0.0
8,CCR,False,inf,0.0
8,CCR,False,inf,0.0
8,CCR,True,3.0,16.89
8,CCR,True,17.0,85.34
8,CCR,True,9.0,43.64
8,CCR,True,11.0,37.83
8,CCR,False,inf,0.0
8,CCR,True,16.0,73.06
8,CCR,True,18.0,78.04
8,CCR,True,5.0,34.28
8,CCR,True,16.0,66.55
8,CCR,False,inf,0.0
8,CCR,True,19.0,84.62
8,CCR,True,1.0,8.26
8,CCR,False,inf,0.0
8,CCR,False,inf,0.0
8,CCR,False,inf,0.0
8,CCR,True,3.0,19.240000000000002
8,CCR,True,17.0,82.7
8,CCR,False,inf,0.0
8,CCR,True,28.0,131.13
8,CCR,True,19.0,84.62
8,CCR,False,inf,0.0
8,CCR,False,inf,0.0
8,CCR,False,inf,0.0
8,CCR,True,3.0,13.56
8,CCR,True,1.0,9.46
8,CCR,False,inf,0.0
8,CCR,True,22.0,86.42
8,CCR,True,1.0,9.46
8,CCR,True,10.0,38.03
8,CCR,True,7.0,31.0
8,CCR,False,inf,0.0
8,CCR,True,27.0,127.16
8,CCR,True,24.0,132.3
8,CCR,False,inf,0.0
8,CCR,False,inf,0.0
8,CCR,True,1.0,5.28
8,CCR,False,inf,0.0
8,CCR,True,6.0,30.1
8,CCR,False,inf,0.0
8,CCR,True,15.0,72.05
8,CCR,True,20.0,88.35
8,CCR,True,7.0,25.38
8,CCR,False,inf,0.0
8,CCR,True,14.0,57.95
8,CCR,True,22.0,94.6
8,CCR,True,1.0,5.44
8,CCR,False,inf,0.0
8,CCR,True,1.0,5.24
8,CCR,True,30.0,137.19
8,CCR,False,inf,0.0
8,CCR,True,18.0,76.86
8,CCR,True,11.0,41.19
8,CCR,True,17.0,76.32
8,CCR,False,inf,0.0
8,CCR,True,3.0,9.39
8,CCR,True,15.0,64.44
8,CCR,True,5.0,22.08
8,CCR,False,inf,0.0
8,CCR,True,11.0,46.94
8,CCR,True,7.0,36.68
8,CCR,False,inf,0.0
8,CCR,True,1.0,4.93
8,CCR,False,inf,0.0
8,CCR,False,inf,0.0
8,CCR,False,inf,0.0
8,CCR,True,2.0,13.46
8,CCR,False,inf,0.0
8,CCR,True,16.0,71.51
8,CCR,False,inf,0.0
8,CCR,True,18.0,75.17999999999999
8,CCR,False,inf,0.0
8,CCR,True,1.0,9.79
8,CCR,False,inf,0.0
8,CCR,False,inf,0.0
8,CCR,False,inf,0.0
8,CCR,False,inf,0.0
8,CCR,True,15.0,59.47
8,CCR,False,inf,0.0
8,CCR,True,17.0,71.49
8,CCR,True,35.0,174.91
8,CCR,False,inf,0.0
8,CCR,False,inf,0.0
8,CCR,False,inf,0.0
8,CCR,False,inf,0.0
8,CCR,True,29.0,135.98
8,CCR,True,10.0,47.28
8,CCR,False,inf,0.0
8,CCR,True,16.0,72.57
8,CCR,True,3.0,4.57
8,CCR,False,inf,0.0
8,CCR,False,inf,0.0
8,CCR,False,inf,0.0
8,CCR,False,inf,0.0
8,CCR,False,inf,0.0
8,CCR,True,2.0,13.649999999999999
8,CCR,False,inf,0.0
8,CCR,True,11.0,45.04
8,CCR,True,14.0,54.18
8,CCR,True,29.0,135.47
8,CCR,False,inf,0.0
8,CCR,False,inf,0.0
8,CCR,True,6.0,31.71
8,CCR,False,inf,0.0
8,CCR,False,inf,0.0
8,CCR,False,inf,0.0
8,CCR,False,inf,0.0
8,CCR,True,13.0,51.44
8,CCR,True,13.0,59.93
8,CCR,False,inf,0.0
8,CCR,True,21.0,104.88
8,CCR,False,inf,0.0
8,CCR,False,inf,0.0
8,CCR,True,32.0,156.18
8,CCR,True,9.0,37.79
8,CCR,True,27.0,140.48
8,CCR,False,inf,0.0
8,CCR,True,24.0,104.22
8,CCR,False,inf,0.0
8,CCR,False,inf,0.0
8,CCR,True,8.0,36.32
8,CCR,True,19.0,80.72
8,CCR,True,25.0,101.91
8,CCR,False,inf,0.0
8,CCR,True,1.0,2.25
8,CCR,True,1.0,4.91
8,CCR,False,inf,0.0
8,CCR,False,inf,0.0
8,CCR,True,25.0,113.72
8,CCR,True,27.0,127.16
8,CCR,False,inf,0.0
8,CCR,True,9.0,35.06
8,CCR,True,2.0,14.12
8,CCR,True,14.0,65.03999999999999
8,CCR,True,14.0,62.29
8,CCR,False,inf,0.0
8,CCR,True,4.0,21.28
8,CCR,True,15.0,68.8
8,CCR,False,inf,0.0
8,CCR,True,2.0,10.120000000000001
8,CCR,True,7.0,30.49
8,CCR,False,inf,0.0
8,CCR,False,inf,0.0
8,CCR,True,1.0,2.53
8,CCR,True,14.0,65.03999999999999
8,CCR,False,inf,0.0
8,CCR,False,inf,0.0
8,CCR,False,inf,0.0
8,CCR,True,19.0,83.76
8,CCR,False,inf,0.0
8,CCR,True,6.0,28.33
8,CCR,True,13.0,65.68
8,CCR,False,inf,0.0
8,CCR,False,inf,0.0
8,CCR,False,inf,0.0
8,CCR,False,inf,0.0
8,CCR,True,17.0,72.07
8,CCR,False,inf,0.0
8,CCR,True,2.0,6.99
8,CCR,True,28.0,140.59
8,CCR,False,inf,0.0
8,CCR,True,9.0,42.54
8,CCR,True,21.0,91.42
8,CCR,True,11.0,42.57
8,CCR,False,inf,0.0
8,CCR,False,inf,0.0
8,CCR,True,23.0,101.67
8,CCR,True,11.0,45.04
8,CCR,False,inf,0.0
8,CCR,True,25.0,112.19
8,CCR,True,12.0,44.72
8,CCR,True,25.0,134.1
8,CCR,True,12.0,44.44
8,CCR,False,inf,0.0
8,CCR,True,18.0,72.14
8,CCR,True,8.0,42.63
8,CCR,False,inf,0.0
8,CCR,False,inf,0.0
8,CCR,True,17.0,68.04
8,CCR,False,inf,0.0
8,CCR,False,inf,0.0
8,CCR,False,inf,0.0
8,CCR,True,13.0,62.14
8,CCR,False,inf,0.0
8,CCR,False,inf,0.0
8,CCR,False,inf,0.0
8,CCR,False,inf,0.0
8,CCR,True,25.0,114.38
8,CCR,True,2.0,12.379999999999999
8,CCR,False,inf,0.0
8,CCR,False,inf,0.0
8,CCR,True,20.0,83.01
8,CCR,True,14.0,65.67999999999999
8,CCR,True,1.0,4.91
8,CCR,True,33.0,164.78
8,CCR,True,21.0,106.22
8,CCR,False,inf,0.0
8,CCR,True,9.0,35.61
8,CCR,True,14.0,74.63
8,CCR,True,15.0,68.8
8,CCR,False,inf,0.0
8,CCR,True,3.0,13.73
8,CCR,False,inf,0.0
8,CCR,False,inf,0.0
8,CCR,True,8.0,41.58
8,CCR,False,inf,0.0
8,CCR,False,inf,0.0
8,CCR,True,9.0,35.69
8,CCR,True,2.0,14.64
8,CCR,False,inf,0.0
8,CCR,False,inf,0.0
8,CCR,False,inf,0.0
8,CCR,True,11.0,45.41
8,CCR,True,17.0,66.47
8,CCR,False,inf,0.0
8,CCR,True,16.0,63.25
8,CCR,True,6.0,30.1
8,CCR,True,22.0,98.06
8,CCR,False,inf,0.0
8,CCR,False,inf,0.0
8,CCR,True,9.0,44.6
8,CCR,False,inf,0.0
8,CCR,False,inf,0.0
8,CCR,True,11.0,40.53
8,CCR,False,inf,0.0
8,CCR,True,17.0,72.62
8,CCR,False,inf,0.0
8,CCR,True,9.0,35.93
8,CCR,True,28.0,140.59
8,CCR,False,inf,0.0
8,CCR,False,inf,0.0
8,CCR,False,inf,0.0
8,CCR,True,15.0,68.72
8,CCR,True,8.0,41.58
8,CCR,False,inf,0.0
8,CCR,True,22.0,93.24
8,CCR,True,8.0,40.22
8,CCR,False,inf,0.0
8,CCR,True,31.0,158.2
8,CCR,False,inf,0.0
8,CCR,True,26.0,115.95
8,CCR,True,5.0,30.75
8,CCR,False,inf,0.0
8,CCR,True,14.0,72.26
8,CCR,True,16.0,72.85
8,CCR,False,inf,0.0
8,CCR,True,23.0,103.42
8,CCR,True,12.0,54.25
8,CCR,True,17.0,77.94
8,CCR,True,15.0,67.3
8,CCR,False,inf,0.0
8,CCR,True,8.0,37.11
8,CCR,False,inf,0.0
8,CCR,True,2.0,17.32
8,CCR,True,20.0,84.56
8,CCR,True,25.0,109.7
8,CCR,True,9.0,38.089999999999996
8,CCR,True,16.0,72.6
8,CCR,False,inf,0.0
8,CCR,False,inf,0.0
8,CCR,True,19.0,96.72
8,CCR,False,inf,0.0
8,CCR,False,inf,0.0
8,CCR,False,inf,0.0
8,CCR,False,inf,0.0
8,CCR,True,20.0,94.12
8,CCR,True,8.0,39.85
8,CCR,True,17.0,80.73
8,CCR,False,inf,0.0
8,CCR,False,inf,0.0
8,CCR,True,13.0,49.94
8,CCR,True,11.0,46.14
8,CCR,False,inf,0.0
8,CCR,True,27.0,129.65
8,CCR,True,4.0,23.07
8,CCR,False,inf,0.0
8,CCR,True,16.0,66.45
8,CCR,False,inf,0.0
8,CCR,True,5.0,23.04
8,CCR,False,inf,0.0
8,CCR,True,4.0,15.63
8,CCR,False,inf,0.0
8,CCR,False,inf,0.0
8,CCR,False,inf,0.0
8,CCR,False,inf,0.0
8,CCR,True,16.0,66.23
8,CCR,False,inf,0.0
8,CCR,False,inf,0.0
8,CCR,False,inf,0.0
8,CCR,False,inf,0.0
8,CCR,False,inf,0.0
8,CCR,False,inf,0.0
8,CCR,False,inf,0.0
8,CCR,False,inf,0.0
8,CCR,True,11.0,49.23
8,CCR,False,inf,0.0
8,CCR,True,11.0,49.91
8,CCR,False,inf,0.0
8,CCR,True,1.0,3.69
8,CCR,True,7.0,38.62
8,CCR,True,26.0,119.06
8,CCR,False,inf,0.0
8,CCR,True,4.0,14.67
8,CCR,False,inf,0.0
8,CCR,True,5.0,29.65
8,CCR,True,3.0,5.09
8,CCR,True,2.0,4.9399999999999995
8,CCR,False,inf,0.0
8,CCR,False,inf,0.0
8,CCR,True,7.0,32.17
8,CCR,False,inf,0.0
8,CCR,True,17.0,72.73
8,CCR,True,3.0,10.219999999999999
8,CCR,False,inf,0.0
8,CCR,False,inf,0.0
8,CCR,True,3.0,15.39
8,CCR,False,inf,0.0
8,CCR,True,3.0,9.280000000000001
8,CCR,False,inf,0.0
8,CCR,False,inf,0.0
8,CCR,False,inf,0.0
8,CCR,True,12.0,52.04
8,CCR,True,7.0,27.57
8,CCR,True,28.0,133.88
8,CCR,False,inf,0.0
8,CCR,True,8.0,42.36
8,CCR,True,14.0,66.74
8,CCR,True,24.0,91.11
8,CCR,True,21.0,77.8
8,CCR,False,inf,0.0
8,CCR,False,inf,0.0
8,CCR,True,8.0,27.669999999999998
8,CCR,False,inf,0.0
8,CCR,False,inf,0.0
8,CCR,True,2.0,14.12
8,CCR,False,inf,0.0
8,CCR,False,inf,0.0
8,CCR,False,inf,0.0
8,CCR,False,inf,0.0
8,CCR,True,2.0,13.46
8,CCR,False,inf,0.0
8,CCR,False,inf,0.0
34,BCR,True,7.0,44.35
34,BCR,True,3.0,14.89
34,BCR,True,4.0,29.009999999999998
34,BCR,False,inf,0.0
34,BCR,True,14.0,85.63
34,BCR,True,10.0,63.37
34,BCR,True,18.0,114.28
34,BCR,True,21.0,120.41
34,BCR,True,17.0,100.78999999999999
34,BCR,False,inf,0.0
34,BCR,True,12.0,74.41
34,BCR,True,13.0,68.63
34,BCR,True,2.0,9.81
34,BCR,True,12.0,66.61
34,BCR,True,10.0,63.42
34,BCR,True,18.0,105.31
34,BCR,False,inf,0.0
34,BCR,False,inf,0.0
34,BCR,True,8.0,50.31
34,BCR,True,18.0,108.34
34,BCR,False,inf,0.0
34,BCR,False,inf,0.0
34,BCR,True,18.0,110.55
34,BCR,True,12.0,70.87
34,BCR,True,21.0,125.14
34,BCR,False,inf,0.0
34,BCR,True,9.0,45.53
34,BCR,False,inf,0.0
34,BCR,True,16.0,89.05
34,BCR,False,inf,0.0
34,BCR,True,12.0,71.47
34,BCR,False,inf,0.0
34,BCR,True,4.0,14.54
34,BCR,False,inf,0.0
34,BCR,True,9.0,52.48
34,BCR,False,inf,0.0
34,BCR,True,22.0,134.38
34,BCR,False,inf,0.0
34,BCR,True,1.0,5.03
34,BCR,True,29.0,183.52
34,BCR,False,inf,0.0
34,BCR,True,35.0,216.61
34,BCR,False,inf,0.0
34,BCR,False,inf,0.0
34,BCR,True,22.0,126.25
34,BCR,False,inf,0.0
34,BCR,True,16.0,96.41
34,BCR,False,inf,0.0
34,BCR,False,inf,0.0
34,BCR,False,inf,0.0
34,BCR,False,inf,0.0
34,BCR,False,inf,0.0
34,BCR,False,inf,0.0
34,BCR,True,4.0,21.66
34,BCR,False,inf,0.0
34,BCR,True,27.0,146.52
34,BCR,False,inf,0.0
34,BCR,False,inf,0.0
34,BCR,False,inf,0.0
34,BCR,True,30.0,194.09
34,BCR,False,inf,0.0
34,BCR,False,inf,0.0
34,BCR,False,inf,0.0
34,BCR,False,inf,0.0
34,BCR,True,20.0,115.38
34,BCR,True,2.0,18.369999999999997
34,BCR,False,inf,0.0
34,BCR,False,inf,0.0
34,BCR,False,inf,0.0
34,BCR,False,inf,0.0
34,BCR,False,inf,0.0
34,BCR,True,10.0,55.04
34,BCR,True,21.0,124.26
34,BCR,False,inf,0.0
34,BCR,True,22.0,131.45
34,BCR,False,inf,0.0
34,BCR,True,21.0,116.17999999999999
34,BCR,False,inf,0.0
34,BCR,True,12.0,75.22
34,BCR,False,inf,0.0
34,BCR,True,23.0,139.98
34,BCR,False,inf,0.0
34,BCR,False,inf,0.0
34,BCR,False,inf,0.0
34,BCR,False,inf,0.0
34,BCR,True,32.0,212.58
34,BCR,True,16.0,90.71000000000001
34,BCR,True,3.0,18.89
34,BCR,False,inf,0.0
34,BCR,True,15.0,78.42
34,BCR,False,inf,0.0
34,BCR,True,6.0,35.44
34,BCR,False,inf,0.0
34,BCR,True,2.0,12.0
34,BCR,True,6.0,35.78
34,BCR,True,5.0,26.73
34,BCR,False,inf,0.0
34,BCR,False,inf,0.0
34,BCR,True,15.0,82.57
34,BCR,False,inf,0.0
34,BCR,True,19.0,124.02
34,BCR,False,inf,0.0
34,BCR,False,inf,0.0
34,BCR,False,inf,0.0
34,BCR,True,6.0,34.76
34,BCR,False,inf,0.0
34,BCR,True,15.0,78.42
34,BCR,False,inf,0.0
34,BCR,True,3.0,15.1
34,BCR,True,7.0,44.35
34,BCR,True,4.0,23.88
34,BCR,False,inf,0.0
34,BCR,False,inf,0.0
34,BCR,True,27.0,168.83
34,BCR,True,18.0,109.32
34,BCR,False,inf,0.0
34,BCR,True,26.0,158.9
34,BCR,True,1.0,5.14
34,BCR,True,13.0,72.75
34,BCR,True,17.0,97.31
34,BCR,False,inf,0.0
34,BCR,False,inf,0.0
34,BCR,False,inf,0.0
34,BCR,True,14.0,77.57
34,BCR,True,19.0,126.24
34,BCR,False,inf,0.0
34,BCR,False,inf,0.0
34,BCR,False,inf,0.0
34,BCR,True,20.0,119.49
34,BCR,False,inf,0.0
34,BCR,False,inf,0.0
34,BCR,False,inf,0.0
34,BCR,True,6.0,30.07
34,BCR,True,7.0,38.37
34,BCR,True,3.0,19.6
34,BCR,True,9.0,54.08
34,BCR,True,14.0,85.63
34,BCR,True,22.0,133.15
34,BCR,False,inf,0.0
34,BCR,True,21.0,123.6
34,BCR,True,3.0,17.07
34,BCR,False,inf,0.0
34,BCR,False,inf,0.0
34,BCR,True,2.0,18.369999999999997
34,BCR,False,inf,0.0
34,BCR,False,inf,0.0
34,BCR,False,inf,0.0
34,BCR,True,1.0,9.04
34,BCR,True,14.0,82.9
34,BCR,False,inf,0.0
34,BCR,True,8.0,40.54
34,BCR,False,inf,0.0
34,BCR,False,inf,0.0
34,BCR,False,inf,0.0
34,BCR,True,6.0,41.39
34,BCR,True,7.0,41.5
34,BCR,True,5.0,19.46
34,BCR,False,inf,0.0
34,BCR,True,3.0,18.89
34,BCR,False,inf,0.0
34,BCR,True,17.0,99.86
34,BCR,False,inf,0.0
34,BCR,False,inf,0.0
34,BCR,False,inf,0.0
34,BCR,True,6.0,42.3
34,BCR,False,inf,0.0
34,BCR,True,4.0,20.2
34,BCR,True,23.0,128.82
34,BCR,True,23.0,125.61
34,BCR,False,inf,0.0
34,BCR,False,inf,0.0
34,BCR,False,inf,0.0
34,BCR,True,26.0,139.69
34,BCR,False,inf,0.0
34,BCR,False,inf,0.0
34,BCR,False,inf,0.0
34,BCR,False,inf,0.0
34,BCR,False,inf,0.0
34,BCR,False,inf,0.0
34,BCR,False,inf,0.0
34,BCR,False,inf,0.0
34,BCR,False,inf,0.0
34,BCR,False,inf,0.0
34,BCR,True,13.0,82.58
34,BCR,False,inf,0.0
34,BCR,False,inf,0.0
34,BCR,False,inf,0.0
34,BCR,True,16.0,97.14
34,BCR,True,9.0,50.11
34,BCR,True,13.0,74.54
34,BCR,True,10.0,62.6
34,BCR,True,17.0,97.88
34,BCR,False,inf,0.0
34,BCR,True,21.0,137.12
34,BCR,False,inf,0.0
34,BCR,False,inf,0.0
34,BCR,True,9.0,47.18
34,BCR,True,7.0,39.41
34,BCR,True,23.0,128.82
34,BCR,False,inf,0.0
34,BCR,False,inf,0.0
34,BCR,False,inf,0.0
34,BCR,False,inf,0.0
34,BCR,False,inf,0.0
34,BCR,False,inf,0.0
34,BCR,True,15.0,100.37
34,BCR,True,13.0,76.83
34,BCR,True,14.0,87.6
34,BCR,True,10.0,66.75
34,BCR,False,inf,0.0
34,BCR,True,18.0,110.67
34,BCR,False,inf,0.0
34,BCR,True,7.0,45.58
34,BCR,True,10.0,55.07
34,BCR,False,inf,0.0
34,BCR,False,inf,0.0
34,BCR,True,20.0,120.24
34,BCR,False,inf,0.0
34,BCR,False,inf,0.0
34,BCR,False,inf,0.0
34,BCR,True,17.0,105.17999999999999
34,BCR,True,21.0,137.2
34,BCR,False,inf,0.0
34,BCR,False,inf,0.0
34,BCR,True,1.0,9.86
34,BCR,False,inf,0.0
34,BCR,False,inf,0.0
34,BCR,False,inf,0.0
34,BCR,True,4.0,28.229999999999997
34,BCR,False,inf,0.0
34,BCR,False,inf,0.0
34,BCR,False,inf,0.0
34,BCR,False,inf,0.0
34,BCR,True,6.0,33.99
34,BCR,False,inf,0.0
34,BCR,False,inf,0.0
34,BCR,True,21.0,121.79
34,BCR,True,4.0,31.47
34,BCR,False,inf,0.0
34,BCR,False,inf,0.0
34,BCR,True,21.0,130.34
34,BCR,False,inf,0.0
34,BCR,True,14.0,85.36
34,BCR,True,6.0,28.099999999999998
34,BCR,True,9.0,53.95
34,BCR,True,21.0,116.17999999999999
34,BCR,True,5.0,27.759999999999998
34,BCR,False,inf,0.0
34,BCR,False,inf,0.0
34,BCR,True,22.0,131.45
34,BCR,False,inf,0.0
34,BCR,False,inf,0.0
34,BCR,False,inf,0.0
34,BCR,True,8.0,46.75
34,BCR,False,inf,0.0
34,BCR,True,4.0,32.44
34,BCR,False,inf,0.0
34,BCR,False,inf,0.0
34,BCR,False,inf,0.0
34,BCR,False,inf,0.0
34,BCR,False,inf,0.0
34,BCR,False,inf,0.0
34,BCR,True,25.0,156.05
34,BCR,True,16.0,89.05
34,BCR,True,10.0,65.67
34,BCR,False,inf,0.0
34,BCR,False,inf,0.0
34,BCR,False,inf,0.0
34,BCR,True,30.0,179.72
34,BCR,False,inf,0.0
34,BCR,True,13.0,82.58
34,BCR,True,4.0,17.259999999999998
34,BCR,True,22.0,128.67
34,BCR,False,inf,0.0
34,BCR,False,inf,0.0
34,BCR,True,8.0,41.04
34,BCR,True,17.0,97.27
34,BCR,True,15.0,85.79
34,BCR,True,8.0,50.22
34,BCR,False,inf,0.0
34,BCR,False,inf,0.0
34,BCR,False,inf,0.0
34,BCR,True,13.0,76.63
34,BCR,False,inf,0.0
34,BCR,False,inf,0.0
34,BCR,True,18.0,118.58
34,BCR,True,11.0,61.88
34,BCR,True,5.0,27.759999999999998
34,BCR,False,inf,0.0
34,BCR,False,inf,0.0
34,BCR,False,inf,0.0
34,BCR,False,inf,0.0
34,BCR,True,18.0,110.55
34,BCR,True,22.0,138.61
34,BCR,True,18.0,109.32
34,BCR,False,inf,0.0
34,BCR,False,inf,0.0
34,BCR,True,7.0,38.58
34,BCR,False,inf,0.0
34,BCR,False,inf,0.0
34,BCR,True,4.0,30.45
34,BCR,True,15.0,85.27
34,BCR,True,28.0,171.82
34,BCR,False,inf,0.0
34,BCR,False,inf,0.0
34,BCR,False,inf,0.0
34,BCR,True,27.0,164.12
34,BCR,False,inf,0.0
34,BCR,False,inf,0.0
34,BCR,False,inf,0.0
34,BCR,False,inf,0.0
34,BCR,False,inf,0.0
34,BCR,False,inf,0.0
34,BCR,False,inf,0.0
34,BCR,True,11.0,64.32
34,BCR,True,7.0,43.98
34,BCR,True,15.0,82.81
34,BCR,False,inf,0.0
34,BCR,True,9.0,45.82
34,BCR,True,14.0,77.57
34,BCR,True,19.0,119.95
34,BCR,False,inf,0.0
34,BCR,True,19.0,115.02
34,BCR,True,6.0,36.56
34,BCR,False,inf,0.0
34,BCR,True,18.0,105.77
34,BCR,True,14.0,87.73
34,BCR,True,23.0,139.72
34,BCR,False,inf,0.0
34,BCR,True,17.0,104.85
34,BCR,True,3.0,15.0
34,BCR,False,inf,0.0
34,BCR,True,10.0,63.46
34,BCR,True,10.0,54.86
34,BCR,False,inf,0.0
34,BCR,True,33.0,215.1
34,BCR,False,inf,0.0
34,BCR,False,inf,0.0
34,BCR,False,inf,0.0
34,BCR,True,3.0,21.24
34,BCR,False,inf,0.0
34,BCR,True,23.0,140.19
34,BCR,True,7.0,37.14
34,BCR,False,inf,0.0
34,BCR,True,1.0,6.57
34,BCR,False,inf,0.0
34,BCR,True,34.0,224.96
34,BCR,True,28.0,168.89000000000001
34,BCR,True,7.0,38.58
34,BCR,True,19.0,117.59
34,BCR,False,inf,0.0
34,BCR,False,inf,0.0
34,BCR,False,inf,0.0
34,BCR,False,inf,0.0
34,BCR,True,2.0,16.259999999999998
34,BCR,True,1.0,3.54
34,BCR,True,3.0,18.369999999999997
34,BCR,False,inf,0.0
34,BCR,False,inf,0.0
34,BCR,False,inf,0.0
34,BCR,False,inf,0.0
34,BCR,False,inf,0.0
34,BCR,True,5.0,32.88
34,BCR,True,20.0,119.23
34,BCR,True,10.0,60.589999999999996
34,BCR,True,8.0,45.56
34,BCR,True,31.0,190.95
34,BCR,False,inf,0.0
34,BCR,False,inf,0.0
34,BCR,True,14.0,87.6
34,BCR,False,inf,0.0
34,BCR,True,8.0,44.79
34,BCR,False,inf,0.0
34,BCR,False,inf,0.0
34,BCR,True,10.0,63.62
34,BCR,False,inf,0.0
34,BCR,False,inf,0.0
34,BCR,False,inf,0.0
34,BCR,False,inf,0.0
34,BCR,True,5.0,21.16
34,BCR,False,inf,0.0
34,BCR,False,inf,0.0
34,BCR,True,13.0,79.56
34,BCR,False,inf,0.0
34,BCR,False,inf,0.0
34,BCR,False,inf,0.0
34,BCR,False,inf,0.0
34,BCR,False,inf,0.0
34,BCR,True,1.0,1.3
34,BCR,True,19.0,127.67999999999999
34,BCR,False,inf,0.0
34,BCR,False,inf,0.0
34,BCR,True,7.0,41.8
34,BCR,True,9.0,51.9
34,BCR,True,15.0,94.14999999999999
34,BCR,False,inf,0.0
34,BCR,False,inf,0.0
34,BCR,True,25.0,146.29
34,BCR,True,20.0,120.24
34,BCR,False,inf,0.0
34,BCR,False,inf,0.0
34,BCR,True,22.0,126.25
34,BCR,False,inf,0.0
34,BCR,False,inf,0.0
34,BCR,True,2.0,11.85
34,BCR,True,27.0,159.93
34,BCR,False,inf,0.0
34,BCR,True,5.0,26.560000000000002
34,BCR,False,inf,0.0
34,BCR,False,inf,0.0
34,BCR,True,4.0,28.11
34,BCR,True,25.0,150.61
34,BCR,True,2.0,9.86
34,BCR,True,14.0,87.73
34,BCR,False,inf,0.0
34,BCR,False,inf,0.0
34,BCR,True,17.0,109.16
34,BCR,True,12.0,75.01
34,BCR,False,inf,0.0
34,BCR,False,inf,0.0
34,BCR,True,15.0,91.45
34,BCR,True,6.0,35.44
34,BCR,True,16.0,100.92999999999999
34,BCR,True,4.0,18.34
34,BCR,True,18.0,118.98
34,BCR,True,17.0,120.25
34,BCR,True,14.0,81.1
34,BCR,False,inf,0.0
34,BCR,True,25.0,145.54
34,BCR,True,22.0,131.45
34,BCR,False,inf,0.0
34,BCR,True,17.0,99.86
34,BCR,True,18.0,100.93
34,BCR,False,inf,0.0
34,BCR,False,inf,0.0
34,BCR,False,inf,0.0
34,BCR,False,inf,0.0
34,BCR,True,16.0,95.08
34,BCR,True,9.0,53.18
34,BCR,False,inf,0.0
34,BCR,False,inf,0.0
34,BCR,True,33.0,203.09
34,BCR,False,inf,0.0
34,BCR,True,6.0,23.0
34,BCR,False,inf,0.0
34,BCR,True,18.0,111.04
34,BCR,True,26.0,149.97
34,BCR,True,1.0,8.53
34,BCR,False,inf,0.0
34,BCR,False,inf,0.0
34,BCR,True,13.0,76.92999999999999
34,BCR,True,9.0,54.04
34,BCR,False,inf,0.0
34,BCR,False,inf,0.0
34,BCR,True,29.0,181.56
34,BCR,False,inf,0.0
34,BCR,True,2.0,17.43
34,BCR,False,inf,0.0
34,BCR,True,18.0,106.52
34,BCR,True,1.0,4.72
34,BCR,True,1.0,8.27
34,BCR,False,inf,0.0
34,BCR,True,25.0,160.59
34,BCR,False,inf,0.0
34,BCR,False,inf,0.0
34,BCR,True,4.0,18.57
34,BCR,False,inf,0.0
34,BCR,True,17.0,97.31
34,BCR,True,10.0,63.62
34,BCR,True,20.0,127.95
34,BCR,False,inf,0.0
34,BCR,False,inf,0.0
34,BCR,True,5.0,33.79
34,BCR,False,inf,0.0
34,BCR,True,5.0,21.88
34,BCR,False,inf,0.0
34,BCR,True,19.0,124.78999999999999
34,BCR,True,8.0,44.48
34,BCR,False,inf,0.0
34,BCR,True,21.0,126.49
34,BCR,True,15.0,94.66
34,BCR,False,inf,0.0
34,BCR,False,inf,0.0
34,BCR,True,4.0,24.65
34,BCR,True,15.0,94.84
34,BCR,False,inf,0.0
34,BCR,True,16.0,94.65
34,BCR,True,10.0,56.81
34,BCR,False,inf,0.0
34,BCR,True,12.0,74.06
34,BCR,False,inf,0.0
34,BCR,True,21.0,132.5
34,BCR,True,26.0,139.69
34,BCR,False,inf,0.0
34,BCR,True,12.0,71.79
34,BCR,True,27.0,168.83
34,BCR,True,2.0,8.059999999999999
34,BCR,False,inf,0.0
34,BCR,True,8.0,42.339999999999996
34,BCR,False,inf,0.0
34,BCR,True,17.0,95.89
34,BCR,False,inf,0.0
34,BCR,False,inf,0.0
34,BCR,True,3.0,19.6
34,BCR,True,13.0,85.65
34,BCR,True,18.0,108.34
34,BCR,False,inf,0.0
34,BCR,True,13.0,75.17999999999999
34,BCR,True,1.0,9.74
34,BCR,False,inf,0.0
34,BCR,False,inf,0.0
34,BCR,False,inf,0.0
34,BCR,True,1.0,8.27
34,BCR,False,inf,0.0
34,BCR,True,7.0,44.35
34,BCR,False,inf,0.0
34,BCR,True,13.0,78.78999999999999
34,BCR,True,23.0,128.82
34,BCR,True,19.0,121.17999999999999
34,BCR,False,inf,0.0
34,BCR,True,8.0,36.85
34,BCR,False,inf,0.0
34,BCR,True,3.0,14.899999999999999
34,BCR,True,5.0,33.79
34,BCR,True,4.0,14.559999999999999
34,BCR,True,16.0,89.11
34,BCR,True,7.0,43.42
34,BCR,True,6.0,38.37
34,BCR,True,13.0,79.56
34,BCR,True,18.0,114.28
34,BCR,True,10.0,62.17
34,BCR,False,inf,0.0
34,BCR,False,inf,0.0
34,BCR,True,13.0,83.49
34,BCR,False,inf,0.0
34,BCR,False,inf,0.0
34,BCR,True,31.0,211.60999999999999
34,BCR,False,inf,0.0
34,BCR,True,2.0,17.43
34,BCR,False,inf,0.0
34,BCR,False,inf,0.0
34,BCR,True,18.0,106.74
34,BCR,False,inf,0.0
34,BCR,True,4.0,32.44
34,BCR,False,inf,0.0
34,BCR,False,inf,0.0
34,BCR,True,17.0,98.63
34,BCR,True,13.0,77.7
34,BCR,False,inf,0.0
34,BCR,True,12.0,74.18
34,BCR,True,16.0,101.42
34,BCR,True,5.0,25.189999999999998
34,BCR,False,inf,0.0
34,BCR,False,inf,0.0
34,BCR,False,inf,0.0
34,BCR,False,inf,0.0
34,BCR,True,11.0,67.92999999999999
34,BCR,True,17.0,102.97
34,BCR,False,inf,0.0
34,BCR,True,12.0,74.24
34,BCR,False,inf,0.0
34,BCR,False,inf,0.0
34,BCR,False,inf,0.0
34,BCR,False,inf,0.0
34,BCR,False,inf,0.0
34,BCR,False,inf,0.0
34,BCR,True,2.0,8.370000000000001
34,BCR,False,inf,0.0
34,BCR,True,16.0,94.98
34,BCR,True,17.0,96.02
34,BCR,False,inf,0.0
34,BCR,True,4.0,29.009999999999998
34,BCR,True,7.0,37.12
34,BCR,True,24.0,149.63
34,BCR,False,inf,0.0
34,BCR,True,30.0,179.72
34,BCR,False,inf,0.0
34,BCR,True,19.0,124.02
34,BCR,False,inf,0.0
34,BCR,True,12.0,68.31
34,BCR,False,inf,0.0
34,BCR,False,inf,0.0
34,BCR,True,27.0,168.64000000000001
34,BCR,False,inf,0.0
34,BCR,True,14.0,83.38
34,BCR,False,inf,0.0
34,BCR,False,inf,0.0
34,BCR,True,4.0,23.88
34,BCR,False,inf,0.0
34,BCR,False,inf,0.0
34,BCR,True,21.0,124.26
34,BCR,True,10.0,56.81
34,BCR,False,inf,0.0
34,BCR,False,inf,0.0
34,BCR,False,inf,0.0
34,BCR,False,inf,0.0
34,BCR,False,inf,0.0
34,BCR,False,inf,0.0
34,BCR,False,inf,0.0
34,BCR,True,9.0,49.86
34,BCR,False,inf,0.0
34,BCR,False,inf,0.0
34,BCR,False,inf,0.0
34,BCR,False,inf,0.0
34,BCR,True,20.0,111.17
34,BCR,False,inf,0.0
34,BCR,False,inf,0.0
34,BCR,True,1.0,4.72
34,BCR,False,inf,0.0
34,BCR,False,inf,0.0
34,BCR,True,7.0,45.97
34,BCR,False,inf,0.0
34,BCR,False,inf,0.0
34,BCR,True,22.0,138.96
34,BCR,True,4.0,30.37
34,BCR,True,9.0,49.86
34,BCR,True,7.0,45.07
34,BCR,False,inf,0.0
34,BCR,True,20.0,132.52
34,BCR,False,inf,0.0
34,BCR,True,20.0,119.59
34,BCR,False,inf,0.0
34,BCR,True,20.0,122.06
34,BCR,True,13.0,67.67
34,BCR,True,3.0,13.15
34,BCR,True,18.0,103.68
34,BCR,False,inf,0.0
34,BCR,True,20.0,119.32
34,BCR,False,inf,0.0
34,BCR,False,inf,0.0
34,BCR,True,14.0,95.51
34,BCR,False,inf,0.0
34,BCR,True,9.0,55.44
34,BCR,True,14.0,77.88
34,BCR,False,inf,0.0
34,BCR,False,inf,0.0
34,BCR,True,32.0,215.57
34,BCR,True,3.0,26.560000000000002
34,BCR,False,inf,0.0
34,BCR,False,inf,0.0
34,BCR,False,inf,0.0
34,BCR,False,inf,0.0
34,BCR,False,inf,0.0
34,BCR,True,24.0,136.4
34,BCR,True,2.0,13.899999999999999
34,BCR,False,inf,0.0
34,BCR,True,20.0,127.46
34,BCR,True,7.0,42.5
34,BCR,True,18.0,119.47
34,BCR,True,3.0,20.74
34,BCR,True,14.0,88.64
34,BCR,False,inf,0.0
34,BCR,False,inf,0.0
34,BCR,False,inf,0.0
34,BCR,True,15.0,91.95
34,BCR,True,1.0,9.04
34,BCR,False,inf,0.0
34,BCR,False,inf,0.0
34,BCR,True,16.0,100.8
34,BCR,False,inf,0.0
34,BCR,True,18.0,100.92
34,BCR,False,inf,0.0
34,BCR,False,inf,0.0
34,BCR,True,11.0,65.59
34,BCR,True,12.0,67.51
34,BCR,True,11.0,58.92
34,BCR,False,inf,0.0
34,BCR,True,11.0,72.84
34,BCR,True,20.0,116.05
34,BCR,True,13.0,73.66
34,BCR,False,inf,0.0
34,BCR,False,inf,0.0
34,BCR,False,inf,0.0
34,BCR,False,inf,0.0
34,BCR,True,23.0,133.9
34,BCR,False,inf,0.0
34,BCR,True,22.0,135.51
34,BCR,False,inf,0.0
34,BCR,True,14.0,78.3
34,BCR,False,inf,0.0
34,BCR,False,inf,0.0
34,BCR,False,inf,0.0
34,BCR,False,inf,0.0
34,BCR,False,inf,0.0
34,BCR,True,9.0,53.04
34,BCR,True,15.0,87.07
34,BCR,True,13.0,81.53
34,BCR,False,inf,0.0
34,BCR,False,inf,0.0
34,BCR,False,inf,0.0
34,BCR,False,inf,0.0
34,BCR,True,3.0,20.38
34,BCR,False,inf,0.0
34,BCR,False,inf,0.0
34,BCR,False,inf,0.0
34,BCR,True,27.0,146.52
34,BCR,False,inf,0.0
34,BCR,True,21.0,124.8
34,BCR,True,23.0,150.64
34,BCR,False,inf,0.0
34,BCR,False,inf,0.0
34,BCR,True,4.0,25.56
34,BCR,True,21.0,114.84
34,BCR,True,21.0,138.5
34,BCR,False,inf,0.0
34,BCR,False,inf,0.0
34,BCR,True,11.0,75.02
34,BCR,False,inf,0.0
34,BCR,False,inf,0.0
34,BCR,True,4.0,27.8
34,BCR,True,18.0,97.01
34,BCR,False,inf,0.0
34,BCR,True,2.0,9.86
34,BCR,True,5.0,35.78
34,BCR,False,inf,0.0
34,BCR,True,14.0,85.63
34,BCR,False,inf,0.0
34,BCR,True,22.0,133.60999999999999
34,BCR,False,inf,0.0
34,BCR,False,inf,0.0
34,BCR,True,14.0,93.37
34,BCR,True,4.0,29.41
34,BCR,False,inf,0.0
34,BCR,False,inf,0.0
34,BCR,True,33.0,215.1
34,BCR,True,9.0,54.21
34,BCR,True,20.0,115.05
34,BCR,False,inf,0.0
34,BCR,False,inf,0.0
34,BCR,True,7.0,41.74
34,BCR,False,inf,0.0
34,BCR,False,inf,0.0
34,BCR,False,inf,0.0
34,BCR,False,inf,0.0
34,BCR,False,inf,0.0
34,BCR,False,inf,0.0
34,BCR,True,22.0,137.4
34,BCR,False,inf,0.0
34,BCR,False,inf,0.0
34,BCR,False,inf,0.0
34,BCR,True,7.0,38.58
34,BCR,True,8.0,42.86
34,BCR,True,13.0,73.62
34,BCR,True,17.0,102.97
34,BCR,False,inf,0.0
34,BCR,False,inf,0.0
34,BCR,True,5.0,24.85
34,BCR,True,17.0,95.7
34,BCR,False,inf,0.0
34,BCR,False,inf,0.0
34,BCR,True,12.0,74.36
34,BCR,True,19.0,116.69
34,BCR,False,inf,0.0
34,BCR,False,inf,0.0
34,BCR,True,12.0,74.06
34,BCR,True,9.0,53.33
34,BCR,True,21.0,121.97
34,BCR,False,inf,0.0
34,BCR,True,8.0,48.74
34,BCR,False,inf,0.0
34,BCR,True,12.0,76.31
34,BCR,True,24.0,160.5
34,BCR,False,inf,0.0
34,BCR,False,inf,0.0
34,BCR,False,inf,0.0
34,BCR,True,11.0,62.23
34,BCR,True,5.0,25.48
34,BCR,True,19.0,115.77
34,BCR,False,inf,0.0
34,BCR,False,inf,0.0
34,BCR,False,inf,0.0
34,BCR,True,29.0,180.36
34,BCR,False,inf,0.0
34,BCR,True,14.0,78.3
34,BCR,True,9.0,48.56
34,BCR,False,inf,0.0
34,BCR,False,inf,0.0
34,BCR,True,7.0,37.12
34,BCR,False,inf,0.0
34,BCR,False,inf,0.0
34,BCR,True,17.0,93.39
34,BCR,False,inf,0.0
34,BCR,False,inf,0.0
34,BCR,True,2.0,10.75
34,BCR,False,inf,0.0
34,BCR,True,15.0,94.66
34,BCR,True,26.0,168.32999999999998
34,BCR,False,inf,0.0
34,BCR,False,inf,0.0
34,BCR,True,31.0,195.26
34,BCR,False,inf,0.0
34,BCR,False,inf,0.0
34,BCR,True,11.0,62.37
34,BCR,True,21.0,116.17999999999999
34,BCR,True,3.0,18.08
34,BCR,False,inf,0.0
34,BCR,False,inf,0.0
34,BCR,False,inf,0.0
34,BCR,True,15.0,85.78
34,BCR,False,inf,0.0
34,BCR,True,2.0,4.68
34,BCR,True,16.0,101.84
34,BCR,False,inf,0.0
34,BCR,True,6.0,41.39
34,BCR,True,6.0,37.6
34,BCR,False,inf,0.0
34,BCR,True,11.0,58.92
34,BCR,False,inf,0.0
34,BCR,True,8.0,51.76
34,BCR,False,inf,0.0
34,BCR,True,3.0,8.02
34,BCR,False,inf,0.0
34,BCR,True,19.0,127.82
34,BCR,True,8.0,52.67
34,BCR,False,inf,0.0
34,BCR,True,4.0,29.54
34,BCR,False,inf,0.0
34,BCR,False,inf,0.0
34,BCR,True,11.0,64.32
34,BCR,False,inf,0.0
34,BCR,False,inf,0.0
34,BCR,False,inf,0.0
34,BCR,False,inf,0.0
34,BCR,False,inf,0.0
34,BCR,True,12.0,71.42
34,BCR,True,1.0,1.29
34,BCR,True,13.0,71.11
34,BCR,False,inf,0.0
34,BCR,True,4.0,29.419999999999998
34,BCR,False,inf,0.0
34,BCR,False,inf,0.0
34,BCR,True,20.0,122.06
34,BCR,True,2.0,11.809999999999999
34,BCR,False,inf,0.0
34,BCR,True,32.0,196.39000000000001
34,BCR,True,16.0,86.53
34,BCR,False,inf,0.0
34,BCR,False,inf,0.0
34,BCR,False,inf,0.0
34,BCR,False,inf,0.0
34,BCR,False,inf,0.0
34,BCR,False,inf,0.0
34,BCR,True,8.0,44.61
34,BCR,True,21.0,121.79
34,BCR,True,17.0,109.16
34,BCR,False,inf,0.0
34,BCR,False,inf,0.0
34,BCR,False,inf,0.0
34,BCR,True,9.0,49.86
34,BCR,False,inf,0.0
34,BCR,False,inf,0.0
34,BCR,True,8.0,45.2
34,BCR,True,21.0,115.14
34,BCR,False,inf,0.0
34,BCR,False,inf,0.0
34,BCR,False,inf,0.0
34,BCR,False,inf,0.0
34,BCR,True,13.0,67.82
34,BCR,False,inf,0.0
34,BCR,False,inf,0.0
34,BCR,False,inf,0.0
34,BCR,True,10.0,55.85
34,BCR,False,inf,0.0
34,BCR,False,inf,0.0
34,BCR,False,inf,0.0
34,BCR,True,25.0,150.81
34,BCR,False,inf,0.0
34,BCR,True,25.0,153.77
34,BCR,True,3.0,11.92
34,BCR,False,inf,0.0
34,BCR,False,inf,0.0
34,BCR,False,inf,0.0
34,BCR,True,16.0,96.71
34,BCR,False,inf,0.0
34,BCR,True,6.0,41.26
34,BCR,False,inf,0.0
34,BCR,False,inf,0.0
34,BCR,False,inf,0.0
34,BCR,True,13.0,83.49
34,BCR,True,22.0,141.02
34,BCR,False,inf,0.0
34,BCR,False,inf,0.0
34,BCR,True,20.0,132.52
34,BCR,True,11.0,65.79
34,BCR,True,17.0,109.55
34,BCR,True,1.0,8.52
34,BCR,False,inf,0.0
34,BCR,True,2.0,13.59
34,BCR,False,inf,0.0
34,BCR,False,inf,0.0
34,BCR,True,1.0,9.25
34,BCR,False,inf,0.0
34,BCR,True,24.0,136.4
34,BCR,False,inf,0.0
34,BCR,False,inf,0.0
34,BCR,True,19.0,128.44
34,BCR,True,13.0,77.7
34,BCR,False,inf,0.0
34,BCR,False,inf,0.0
34,BCR,False,inf,0.0
34,BCR,True,7.0,33.83
34,BCR,True,2.0,9.629999999999999
34,BCR,True,13.0,73.68
34,BCR,True,26.0,168.32999999999998
34,BCR,False,inf,0.0
34,BCR,False,inf,0.0
34,BCR,False,inf,0.0
34,BCR,True,3.0,14.89
34,BCR,True,18.0,118.12
34,BCR,True,15.0,94.6
34,BCR,False,inf,0.0
34,BCR,True,22.0,129.45
34,BCR,False,inf,0.0
34,BCR,False,inf,0.0
34,BCR,False,inf,0.0
34,BCR,False,inf,0.0
34,BCR,False,inf,0.0
34,BCR,True,9.0,54.93
34,BCR,True,3.0,17.07
34,BCR,True,5.0,23.48
34,BCR,True,18.0,118.98
34,BCR,True,11.0,58.92
34,BCR,True,4.0,26.39
34,BCR,False,inf,0.0
34,BCR,False,inf,0.0
34,BCR,False,inf,0.0
34,BCR,True,1.0,2.06
34,BCR,True,12.0,66.95
34,BCR,False,inf,0.0
34,BCR,True,11.0,61.88
34,BCR,True,23.0,141.37
34,BCR,False,inf,0.0
34,BCR,False,inf,0.0
34,BCR,True,6.0,26.509999999999998
34,BCR,True,1.0,7.04
34,BCR,True,26.0,168.74
34,BCR,False,inf,0.0
34,BCR,True,14.0,85.36
34,BCR,False,inf,0.0
34,BCR,False,inf,0.0
34,BCR,False,inf,0.0
34,BCR,True,19.0,126.24
34,BCR,False,inf,0.0
34,BCR,False,inf,0.0
34,BCR,False,inf,0.0
34,BCR,False,inf,0.0
34,BCR,False,inf,0.0
34,BCR,True,12.0,67.51
34,BCR,False,inf,0.0
34,BCR,True,1.0,5.63
34,BCR,True,1.0,5.24
34,BCR,True,7.0,42.5
34,BCR,False,inf,0.0
34,BCR,True,13.0,73.47
34,BCR,False,inf,0.0
34,BCR,True,13.0,76.38
34,BCR,False,inf,0.0
34,BCR,True,18.0,115.05
34,BCR,False,inf,0.0
34,BCR,False,inf,0.0
34,BCR,False,inf,0.0
34,BCR,True,7.0,36.44
34,BCR,False,inf,0.0
34,BCR,True,4.0,26.52
34,BCR,True,5.0,35.519999999999996
34,BCR,True,1.0,9.31
34,BCR,False,inf,0.0
34,BCR,False,inf,0.0
34,BCR,False,inf,0.0
34,BCR,True,14.0,85.36
34,BCR,False,inf,0.0
34,BCR,True,11.0,75.02
34,BCR,False,inf,0.0
34,BCR,True,18.0,112.12
34,BCR,False,inf,0.0
34,BCR,False,inf,0.0
34,BCR,True,20.0,132.52
34,BCR,True,8.0,46.269999999999996
34,BCR,False,inf,0.0
34,BCR,True,2.0,9.86
34,BCR,True,13.0,73.47
34,BCR,True,11.0,65.79
34,BCR,True,26.0,158.9
34,BCR,True,18.0,108.34
34,BCR,False,inf,0.0
34,BCR,False,inf,0.0
34,BCR,False,inf,0.0
34,BCR,True,15.0,91.95
34,BCR,True,17.0,109.16
34,BCR,False,inf,0.0
34,BCR,False,inf,0.0
34,BCR,True,10.0,60.98
34,BCR,True,12.0,66.91
34,BCR,False,inf,0.0
34,BCR,True,12.0,70.87
34,BCR,False,inf,0.0
34,BCR,False,inf,0.0
34,BCR,False,inf,0.0
34,BCR,True,4.0,25.56
34,BCR,False,inf,0.0
34,DCR,True,28.0,182.51
34,DCR,True,22.0,148.14
34,DCR,True,1.0,8.27
34,DCR,True,3.0,12.98
34,DCR,True,12.0,77.95
34,DCR,False,inf,0.0
34,DCR,True,9.0,52.41
34,DCR,False,inf,0.0
34,DCR,False,inf,0.0
34,DCR,True,23.0,151.0
34,DCR,False,inf,0.0
34,DCR,True,7.0,42.43
34,DCR,False,inf,0.0
34,DCR,False,inf,0.0
34,DCR,False,inf,0.0
34,DCR,False,inf,0.0
34,DCR,True,18.0,111.72
34,DCR,True,15.0,80.33
34,DCR,True,13.0,85.23
34,DCR,True,1.0,5.25
34,DCR,True,8.0,43.66
34,DCR,True,11.0,58.74
34,DCR,False,inf,0.0
34,DCR,True,16.0,103.53
34,DCR,True,12.0,71.87
34,DCR,True,21.0,121.82000000000001
34,DCR,True,13.0,70.27
34,DCR,True,18.0,110.89999999999999
34,DCR,False,inf,0.0
34,DCR,False,inf,0.0
34,DCR,True,14.0,76.88
34,DCR,False,inf,0.0
34,DCR,True,8.0,43.980000000000004
34,DCR,True,1.0,9.04
34,DCR,True,9.0,59.12
34,DCR,False,inf,0.0
34,DCR,False,inf,0.0
34,DCR,False,inf,0.0
34,DCR,False,inf,0.0
34,DCR,True,4.0,27.02
34,DCR,False,inf,0.0
34,DCR,False,inf,0.0
34,DCR,False,inf,0.0
34,DCR,False,inf,0.0
34,DCR,True,23.0,127.12
34,DCR,True,6.0,31.67
34,DCR,True,18.0,110.03
34,DCR,True,12.0,76.06
34,DCR,False,inf,0.0
34,DCR,True,19.0,121.74
34,DCR,False,inf,0.0
34,DCR,True,26.0,158.79
34,DCR,True,14.0,84.11
34,DCR,True,20.0,126.84
34,DCR,False,inf,0.0
34,DCR,False,inf,0.0
34,DCR,True,19.0,122.69
34,DCR,True,1.0,1.29
34,DCR,False,inf,0.0
34,DCR,True,10.0,66.88
34,DCR,True,8.0,46.05
34,DCR,False,inf,0.0
34,DCR,True,23.0,138.5
34,DCR,False,inf,0.0
34,DCR,True,6.0,32.29
34,DCR,False,inf,0.0
34,DCR,False,inf,0.0
34,DCR,True,19.0,113.7
34,DCR,True,23.0,156.13
34,DCR,True,30.0,184.60999999999999
34,DCR,True,26.0,162.3
34,DCR,True,6.0,32.43
34,DCR,False,inf,0.0
34,DCR,True,30.0,167.01
34,DCR,False,inf,0.0
34,DCR,False,inf,0.0
34,DCR,False,inf,0.0
34,DCR,True,12.0,77.95
34,DCR,True,3.0,13.510000000000002
34,DCR,True,2.0,16.73
34,DCR,False,inf,0.0
34,DCR,True,14.0,94.92
34,DCR,True,13.0,78.35
34,DCR,True,13.0,74.17999999999999
34,DCR,False,inf,0.0
34,DCR,False,inf,0.0
34,DCR,True,6.0,28.990000000000002
34,DCR,True,12.0,76.06
34,DCR,False,inf,0.0
34,DCR,True,10.0,56.03
34,DCR,False,inf,0.0
34,DCR,True,29.0,171.49
34,DCR,False,inf,0.0
34,DCR,True,8.0,46.05
34,DCR,True,15.0,88.58
34,DCR,False,inf,0.0
34,DCR,False,inf,0.0
34,DCR,True,7.0,35.34
34,DCR,False,inf,0.0
34,DCR,False,inf,0.0
34,DCR,False,inf,0.0
34,DCR,True,9.0,47.76
34,DCR,False,inf,0.0
34,DCR,False,inf,0.0
34,DCR,False,inf,0.0
34,DCR,True,25.0,160.47
34,DCR,False,inf,0.0
34,DCR,False,inf,0.0
34,DCR,True,1.0,8.26
34,DCR,True,13.0,80.48
34,DCR,False,inf,0.0
34,DCR,True,1.0,3.01
34,DCR,True,8.0,48.43
34,DCR,True,6.0,29.98
34,DCR,False,inf,0.0
34,DCR,True,5.0,23.27
34,DCR,False,inf,0.0
34,DCR,True,22.0,123.78
34,DCR,True,18.0,107.97
34,DCR,False,inf,0.0
34,DCR,False,inf,0.0
34,DCR,False,inf,0.0
34,DCR,False,inf,0.0
34,DCR,False,inf,0.0
34,DCR,True,3.0,14.86
34,DCR,True,23.0,138.5
34,DCR,False,inf,0.0
34,DCR,True,1.0,1.3
34,DCR,False,inf,0.0
34,DCR,True,4.0,22.45
34,DCR,True,30.0,170.07
34,DCR,False,inf,0.0
34,DCR,False,inf,0.0
34,DCR,True,9.0,52.41
34,DCR,True,11.0,68.25
34,DCR,False,inf,0.0
34,DCR,True,22.0,143.78
34,DCR,True,6.0,33.92
34,DCR,False,inf,0.0
34,DCR,True,10.0,67.51
34,DCR,False,inf,0.0
34,DCR,False,inf,0.0
34,DCR,False,inf,0.0
34,DCR,True,23.0,137.24
34,DCR,False,inf,0.0
34,DCR,False,inf,0.0
34,DCR,False,inf,0.0
34,DCR,False,inf,0.0
34,DCR,True,25.0,157.46
34,DCR,True,11.0,62.06
34,DCR,False,inf,0.0
34,DCR,True,19.0,128.74
34,DCR,False,inf,0.0
34,DCR,False,inf,0.0
34,DCR,False,inf,0.0
34,DCR,False,inf,0.0
34,DCR,True,5.0,25.75
34,DCR,True,22.0,129.37
34,DCR,True,8.0,40.94
34,DCR,True,13.0,85.88
34,DCR,False,inf,0.0
34,DCR,False,inf,0.0
34,DCR,False,inf,0.0
34,DCR,False,inf,0.0
34,DCR,False,inf,0.0
34,DCR,False,inf,0.0
34,DCR,False,inf,0.0
34,DCR,False,inf,0.0
34,DCR,False,inf,0.0
34,DCR,True,16.0,94.7
34,DCR,True,5.0,24.64
34,DCR,True,10.0,55.54
34,DCR,True,19.0,120.12
34,DCR,True,3.0,13.19
34,DCR,False,inf,0.0
34,DCR,False,inf,0.0
34,DCR,True,28.0,182.51
34,DCR,False,inf,0.0
34,DCR,False,inf,0.0
34,DCR,False,inf,0.0
34,DCR,True,26.0,162.56
34,DCR,True,15.0,101.81
34,DCR,True,4.0,15.959999999999999
34,DCR,False,inf,0.0
34,DCR,False,inf,0.0
34,DCR,False,inf,0.0
34,DCR,True,15.0,96.24
34,DCR,True,21.0,122.07
34,DCR,True,22.0,148.14
34,DCR,True,27.0,156.78
34,DCR,False,inf,0.0
34,DCR,True,19.0,118.49
34,DCR,False,inf,0.0
34,DCR,False,inf,0.0
34,DCR,True,2.0,3.0300000000000002
34,DCR,True,22.0,144.3
34,DCR,True,21.0,132.45
34,DCR,True,19.0,120.45
34,DCR,False,inf,0.0
34,DCR,True,17.0,106.49
34,DCR,False,inf,0.0
34,DCR,True,16.0,96.96
34,DCR,False,inf,0.0
34,DCR,True,15.0,79.12
34,DCR,False,inf,0.0
34,DCR,True,24.0,157.44
34,DCR,True,9.0,58.88
34,DCR,True,25.0,143.6
34,DCR,True,2.0,16.73
34,DCR,True,15.0,85.37
34,DCR,True,4.0,29.810000000000002
34,DCR,True,9.0,47.35
34,DCR,True,25.0,150.19
34,DCR,True,1.0,2.41
34,DCR,False,inf,0.0
34,DCR,False,inf,0.0
34,DCR,True,21.0,134.68
34,DCR,True,15.0,95.84
34,DCR,False,inf,0.0
34,DCR,False,inf,0.0
34,DCR,True,18.0,121.85
34,DCR,True,5.0,25.13
34,DCR,True,9.0,50.85
34,DCR,True,15.0,97.11
34,DCR,True,6.0,28.18
34,DCR,False,inf,0.0
34,DCR,True,12.0,75.56
34,DCR,True,2.0,9.81
34,DCR,False,inf,0.0
34,DCR,False,inf,0.0
34,DCR,False,inf,0.0
34,DCR,True,17.0,106.21
34,DCR,True,7.0,38.04
34,DCR,False,inf,0.0
34,DCR,False,inf,0.0
34,DCR,False,inf,0.0
34,DCR,True,11.0,71.24
34,DCR,False,inf,0.0
34,DCR,False,inf,0.0
34,DCR,False,inf,0.0
34,DCR,True,13.0,82.64
34,DCR,False,inf,0.0
34,DCR,True,12.0,73.66
34,DCR,False,inf,0.0
34,DCR,False,inf,0.0
34,DCR,True,3.0,13.510000000000002
34,DCR,True,24.0,145.0
34,DCR,True,3.0,15.07
34,DCR,False,inf,0.0
34,DCR,False,inf,0.0
34,DCR,True,16.0,107.09
34,DCR,False,inf,0.0
34,DCR,True,2.0,18.09
34,DCR,False,inf,0.0
34,DCR,False,inf,0.0
34,DCR,False,inf,0.0
34,DCR,True,7.0,39.77
34,DCR,False,inf,0.0
34,DCR,False,inf,0.0
34,DCR,True,8.0,43.73
34,DCR,True,13.0,79.26
34,DCR,False,inf,0.0
34,DCR,False,inf,0.0
34,DCR,False,inf,0.0
34,DCR,False,inf,0.0
34,DCR,False,inf,0.0
34,DCR,False,inf,0.0
34,DCR,False,inf,0.0
34,DCR,False,inf,0.0
34,DCR,True,5.0,25.69
34,DCR,True,32.0,172.58
34,DCR,True,10.0,62.74
34,DCR,False,inf,0.0
34,DCR,True,2.0,10.19
34,DCR,False,inf,0.0
34,DCR,False,inf,0.0
34,DCR,False,inf,0.0
34,DCR,False,inf,0.0
34,DCR,True,3.0,13.9
34,DCR,True,21.0,122.07
34,DCR,True,6.0,34.03
34,DCR,False,inf,0.0
34,DCR,True,9.0,58.88
34,DCR,True,30.0,189.26
34,DCR,True,24.0,159.39
34,DCR,True,20.0,129.35
34,DCR,True,8.0,44.99
34,DCR,False,inf,0.0
34,DCR,True,10.0,60.8
34,DCR,False,inf,0.0
34,DCR,True,8.0,43.3
34,DCR,True,21.0,135.07
34,DCR,False,inf,0.0
34,DCR,True,11.0,69.02
34,DCR,True,26.0,152.08
34,DCR,True,27.0,157.25
34,DCR,True,5.0,25.28
34,DCR,True,32.0,177.97
34,DCR,False,inf,0.0
34,DCR,True,22.0,124.88
34,DCR,True,14.0,91.03
34,DCR,True,1.0,1.12
34,DCR,True,6.0,26.919999999999998
34,DCR,True,7.0,38.04
34,DCR,False,inf,0.0
34,DCR,False,inf,0.0
34,DCR,True,23.0,143.32999999999998
34,DCR,False,inf,0.0
34,DCR,False,inf,0.0
34,DCR,True,6.0,28.1
34,DCR,False,inf,0.0
34,DCR,False,inf,0.0
34,DCR,True,21.0,129.68
34,DCR,True,12.0,68.29
34,DCR,False,inf,0.0
34,DCR,True,20.0,130.78
34,DCR,False,inf,0.0
34,DCR,True,22.0,134.34
34,DCR,True,15.0,94.5
34,DCR,False,inf,0.0
34,DCR,True,13.0,79.82
34,DCR,False,inf,0.0
34,DCR,False,inf,0.0
34,DCR,True,11.0,68.24
34,DCR,True,17.0,113.27
34,DCR,True,20.0,120.0
34,DCR,False,inf,0.0
34,DCR,True,2.0,17.700000000000003
34,DCR,False,inf,0.0
34,DCR,True,8.0,44.01
34,DCR,False,inf,0.0
34,DCR,True,21.0,129.68
34,DCR,False,inf,0.0
34,DCR,False,inf,0.0
34,DCR,True,28.0,161.51
34,DCR,False,inf,0.0
34,DCR,True,1.0,1.3
34,DCR,True,17.0,103.99
34,DCR,False,inf,0.0
34,DCR,False,inf,0.0
34,DCR,False,inf,0.0
34,DCR,True,28.0,186.97
34,DCR,False,inf,0.0
34,DCR,True,7.0,41.04
34,DCR,True,6.0,37.65
34,DCR,True,16.0,89.84
34,DCR,True,15.0,95.33
34,DCR,False,inf,0.0
34,DCR,True,13.0,78.61
34,DCR,True,3.0,14.26
34,DCR,False,inf,0.0
34,DCR,True,15.0,95.33
34,DCR,True,19.0,113.07
34,DCR,True,7.0,34.24
34,DCR,True,21.0,129.79
34,DCR,False,inf,0.0
34,DCR,True,6.0,32.27
34,DCR,True,13.0,77.99
34,DCR,False,inf,0.0
34,DCR,False,inf,0.0
34,DCR,True,15.0,79.12
34,DCR,False,inf,0.0
34,DCR,False,inf,0.0
34,DCR,True,22.0,131.39
34,DCR,False,inf,0.0
34,DCR,True,5.0,25.07
34,DCR,False,inf,0.0
34,DCR,True,1.0,1.26
34,DCR,False,inf,0.0
34,DCR,True,20.0,120.42
34,DCR,False,inf,0.0
34,DCR,True,27.0,158.95
34,DCR,True,8.0,44.839999999999996
34,DCR,False,inf,0.0
34,DCR,True,14.0,83.24
34,DCR,True,1.0,8.66
34,DCR,True,5.0,27.4
34,DCR,False,inf,0.0
34,DCR,False,inf,0.0
34,DCR,False,inf,0.0
34,DCR,False,inf,0.0
34,DCR,False,inf,0.0
34,DCR,False,inf,0.0
34,DCR,True,8.0,43.980000000000004
34,DCR,False,inf,0.0
34,DCR,True,19.0,119.86
34,DCR,True,16.0,100.13
34,DCR,False,inf,0.0
34,DCR,True,8.0,43.3
34,DCR,True,10.0,55.949999999999996
34,DCR,True,4.0,16.0
34,DCR,False,inf,0.0
34,DCR,True,9.0,52.41
34,DCR,True,4.0,17.11
34,DCR,True,19.0,109.77
34,DCR,False,inf,0.0
34,DCR,True,1.0,8.52
34,DCR,False,inf,0.0
34,DCR,True,6.0,39.33
34,DCR,True,3.0,13.43
34,DCR,False,inf,0.0
34,DCR,False,inf,0.0
34,DCR,True,32.0,192.62
34,DCR,True,21.0,124.82
34,DCR,True,7.0,41.86
34,DCR,False,inf,0.0
34,DCR,False,inf,0.0
34,DCR,False,inf,0.0
34,DCR,True,3.0,14.51
34,DCR,False,inf,0.0
34,DCR,False,inf,0.0
34,DCR,False,inf,0.0
34,DCR,False,inf,0.0
34,DCR,True,4.0,29.700000000000003
34,DCR,True,6.0,29.35
34,DCR,False,inf,0.0
34,DCR,True,20.0,122.45
34,DCR,True,24.0,150.12
34,DCR,True,16.0,104.24
34,DCR,True,26.0,152.08
34,DCR,True,3.0,15.07
34,DCR,True,14.0,84.11
34,DCR,True,14.0,90.03
34,DCR,True,11.0,63.81
34,DCR,False,inf,0.0
34,DCR,True,23.0,148.18
34,DCR,False,inf,0.0
34,DCR,True,13.0,72.55
34,DCR,True,14.0,90.58
34,DCR,False,inf,0.0
34,DCR,True,26.0,154.46
34,DCR,False,inf,0.0
34,DCR,True,16.0,87.86
34,DCR,True,28.0,150.69
34,DCR,True,27.0,156.37
34,DCR,False,inf,0.0
34,DCR,False,inf,0.0
34,DCR,True,20.0,126.75999999999999
34,DCR,False,inf,0.0
34,DCR,True,16.0,97.03
34,DCR,True,21.0,121.82000000000001
34,DCR,False,inf,0.0
34,DCR,True,7.0,39.56
34,DCR,True,16.0,97.83
34,DCR,False,inf,0.0
34,DCR,True,3.0,15.07
34,DCR,False,inf,0.0
34,DCR,False,inf,0.0
34,DCR,True,8.0,43.66
34,DCR,True,24.0,160.82
34,DCR,True,15.0,95.2
34,DCR,True,15.0,88.55
34,DCR,True,1.0,3.01
34,DCR,False,inf,0.0
34,DCR,True,6.0,31.67
34,DCR,True,13.0,85.23
34,DCR,True,12.0,76.06
34,DCR,True,13.0,85.88
34,DCR,False,inf,0.0
34,DCR,False,inf,0.0
34,DCR,False,inf,0.0
34,DCR,True,25.0,164.8
34,DCR,False,inf,0.0
34,DCR,False,inf,0.0
34,DCR,False,inf,0.0
34,DCR,False,inf,0.0
34,DCR,True,16.0,111.23
34,DCR,False,inf,0.0
34,DCR,True,14.0,79.81
34,DCR,False,inf,0.0
34,DCR,True,1.0,5.03
34,DCR,True,11.0,62.05
34,DCR,True,10.0,62.74
34,DCR,True,13.0,76.67
34,DCR,True,2.0,10.57
34,DCR,False,inf,0.0
34,DCR,False,inf,0.0
34,DCR,True,28.0,150.21
34,DCR,False,inf,0.0
34,DCR,False,inf,0.0
34,DCR,True,9.0,50.089999999999996
34,DCR,True,2.0,18.35
34,DCR,True,17.0,95.34
34,DCR,False,inf,0.0
34,DCR,False,inf,0.0
34,DCR,True,2.0,11.51
34,DCR,True,14.0,76.88
34,DCR,True,9.0,58.84
34,DCR,False,inf,0.0
34,DCR,True,22.0,134.34
34,DCR,False,inf,0.0
34,DCR,False,inf,0.0
34,DCR,False,inf,0.0
34,DCR,False,inf,0.0
34,DCR,True,9.0,51.73
34,DCR,False,inf,0.0
34,DCR,False,inf,0.0
34,DCR,False,inf,0.0
34,DCR,False,inf,0.0
34,DCR,False,inf,0.0
34,DCR,True,15.0,95.96
34,DCR,False,inf,0.0
34,DCR,False,inf,0.0
34,DCR,True,4.0,24.28
34,DCR,False,inf,0.0
34,DCR,False,inf,0.0
34,DCR,True,9.0,50.57
34,DCR,True,14.0,74.44
34,DCR,True,18.0,111.86
34,DCR,False,inf,0.0
34,DCR,False,inf,0.0
34,DCR,True,10.0,55.949999999999996
34,DCR,True,6.0,29.35
34,DCR,False,inf,0.0
34,DCR,True,15.0,86.95
34,DCR,False,inf,0.0
34,DCR,True,12.0,74.72
34,DCR,True,27.0,163.01
34,DCR,False,inf,0.0
34,DCR,False,inf,0.0
34,DCR,False,inf,0.0
34,DCR,True,7.0,37.17
34,DCR,False,inf,0.0
34,DCR,True,23.0,128.08
34,DCR,True,7.0,40.71
34,DCR,True,12.0,77.47
34,DCR,False,inf,0.0
34,DCR,True,8.0,46.29
34,DCR,True,27.0,180.32999999999998
34,DCR,True,18.0,107.52
34,DCR,False,inf,0.0
34,DCR,False,inf,0.0
34,DCR,True,17.0,118.06
34,DCR,False,inf,0.0
34,DCR,True,26.0,159.56
34,DCR,False,inf,0.0
34,DCR,True,7.0,37.44
34,DCR,False,inf,0.0
34,DCR,True,9.0,59.71
34,DCR,True,10.0,66.49
34,DCR,True,19.0,113.12
34,DCR,True,15.0,95.33
34,DCR,False,inf,0.0
34,DCR,True,27.0,153.75
34,DCR,False,inf,0.0
34,DCR,False,inf,0.0
34,DCR,False,inf,0.0
34,DCR,False,inf,0.0
34,DCR,False,inf,0.0
34,DCR,True,22.0,140.76
34,DCR,False,inf,0.0
34,DCR,True,19.0,118.76
34,DCR,True,5.0,30.36
34,DCR,False,inf,0.0
34,DCR,True,15.0,99.4
34,DCR,False,inf,0.0
34,DCR,False,inf,0.0
34,DCR,False,inf,0.0
34,DCR,False,inf,0.0
34,DCR,False,inf,0.0
34,DCR,False,inf,0.0
34,DCR,False,inf,0.0
34,DCR,False,inf,0.0
34,DCR,True,7.0,34.62
34,DCR,False,inf,0.0
34,DCR,False,inf,0.0
34,DCR,True,4.0,22.45
34,DCR,True,19.0,122.69
34,DCR,True,11.0,58.74
34,DCR,True,10.0,53.79
34,DCR,False,inf,0.0
34,DCR,True,16.0,97.94
34,DCR,True,12.0,77.61
34,DCR,False,inf,0.0
34,DCR,True,12.0,70.12
34,DCR,True,6.0,35.46
34,DCR,True,25.0,169.17
34,DCR,True,23.0,148.5
34,DCR,False,inf,0.0
34,DCR,False,inf,0.0
34,DCR,True,9.0,52.15
34,DCR,True,15.0,99.4
34,DCR,True,9.0,52.15
34,DCR,True,21.0,129.22
34,DCR,False,inf,0.0
34,DCR,True,16.0,90.87
34,DCR,True,19.0,108.03999999999999
34,DCR,True,22.0,123.87
34,DCR,True,12.0,67.25
34,DCR,False,inf,0.0
34,DCR,False,inf,0.0
34,DCR,True,16.0,98.71
34,DCR,False,inf,0.0
34,DCR,False,inf,0.0
34,DCR,True,2.0,9.94
34,DCR,True,16.0,106.84
34,DCR,True,26.0,165.92
34,DCR,False,inf,0.0
34,DCR,True,6.0,27.04
34,DCR,True,25.0,160.51
34,DCR,True,11.0,72.44
34,DCR,False,inf,0.0
34,DCR,True,24.0,152.52
34,DCR,True,4.0,15.959999999999999
34,DCR,True,14.0,90.03
34,DCR,True,10.0,54.24
34,DCR,False,inf,0.0
34,DCR,False,inf,0.0
34,DCR,False,inf,0.0
34,DCR,False,inf,0.0
34,DCR,True,5.0,25.28
34,DCR,False,inf,0.0
34,DCR,True,21.0,131.31
34,DCR,True,18.0,103.03
34,DCR,True,19.0,109.88
34,DCR,False,inf,0.0
34,DCR,False,inf,0.0
34,DCR,True,27.0,152.18
34,DCR,False,inf,0.0
34,DCR,True,17.0,113.48
34,DCR,False,inf,0.0
34,DCR,False,inf,0.0
34,DCR,True,17.0,95.34
34,DCR,True,9.0,52.8
34,DCR,True,25.0,137.65
34,DCR,True,14.0,94.25
34,DCR,False,inf,0.0
34,DCR,True,21.0,134.03
34,DCR,False,inf,0.0
34,DCR,False,inf,0.0
34,DCR,True,24.0,141.35999999999999
34,DCR,True,6.0,37.64
34,DCR,False,inf,0.0
34,DCR,False,inf,0.0
34,DCR,False,inf,0.0
34,DCR,True,31.0,184.09
34,DCR,False,inf,0.0
34,DCR,True,20.0,129.35
34,DCR,False,inf,0.0
34,DCR,False,inf,0.0
34,DCR,False,inf,0.0
34,DCR,True,10.0,67.51
34,DCR,False,inf,0.0
34,DCR,False,inf,0.0
34,DCR,True,30.0,178.32
34,DCR,True,4.0,16.41
34,DCR,False,inf,0.0
34,DCR,True,13.0,72.55
34,DCR,True,21.0,134.58
34,DCR,True,24.0,145.0
34,DCR,True,2.0,10.219999999999999
34,DCR,True,18.0,107.97
34,DCR,True,12.0,77.74
34,DCR,True,27.0,156.37
34,DCR,False,inf,0.0
34,DCR,False,inf,0.0
34,DCR,True,22.0,140.76
34,DCR,True,3.0,18.509999999999998
34,DCR,True,14.0,77.78
34,DCR,True,9.0,53.8
34,DCR,True,8.0,46.05
34,DCR,True,4.0,21.939999999999998
34,DCR,True,15.0,86.54
34,DCR,True,18.0,102.25
34,DCR,False,inf,0.0
34,DCR,False,inf,0.0
34,DCR,True,23.0,142.53
34,DCR,False,inf,0.0
34,DCR,True,13.0,85.98
34,DCR,True,26.0,153.25
34,DCR,True,25.0,169.21
34,DCR,True,1.0,8.51
34,DCR,True,12.0,64.85
34,DCR,False,inf,0.0
34,DCR,True,1.0,3.45
34,DCR,True,20.0,119.42
34,DCR,False,inf,0.0
34,DCR,True,21.0,131.31
34,DCR,True,19.0,113.12
34,DCR,True,9.0,50.57
34,DCR,True,10.0,69.26
34,DCR,True,23.0,137.10999999999999
34,DCR,False,inf,0.0
34,DCR,True,15.0,87.71
34,DCR,False,inf,0.0
34,DCR,False,inf,0.0
34,DCR,False,inf,0.0
34,DCR,False,inf,0.0
34,DCR,True,7.0,41.04
34,DCR,True,28.0,171.19
34,DCR,True,10.0,67.64
34,DCR,False,inf,0.0
34,DCR,True,5.0,33.44
34,DCR,True,22.0,131.1
34,DCR,False,inf,0.0
34,DCR,False,inf,0.0
34,DCR,False,inf,0.0
34,DCR,False,inf,0.0
34,DCR,True,9.0,54.23
34,DCR,True,15.0,90.23
34,DCR,True,18.0,112.04
34,DCR,True,20.0,125.16
34,DCR,True,1.0,3.01
34,DCR,True,5.0,26.58
34,DCR,False,inf,0.0
34,DCR,True,12.0,76.68
34,DCR,True,3.0,20.34
34,DCR,True,10.0,60.76
34,DCR,True,8.0,45.44
34,DCR,True,5.0,27.4
34,DCR,False,inf,0.0
34,DCR,False,inf,0.0
34,DCR,False,inf,0.0
34,DCR,True,16.0,105.27
34,DCR,False,inf,0.0
34,DCR,True,9.0,61.16
34,DCR,False,inf,0.0
34,DCR,False,inf,0.0
34,DCR,True,4.0,20.27
34,DCR,False,inf,0.0
34,DCR,False,inf,0.0
34,DCR,False,inf,0.0
34,DCR,True,27.0,183.44
34,DCR,True,14.0,81.24
34,DCR,False,inf,0.0
34,DCR,True,15.0,94.91
34,DCR,False,inf,0.0
34,DCR,False,inf,0.0
34,DCR,True,22.0,124.88
34,DCR,False,inf,0.0
34,DCR,False,inf,0.0
34,DCR,True,15.0,95.96
34,DCR,True,17.0,110.7
34,DCR,True,2.0,8.4
34,DCR,False,inf,0.0
34,DCR,True,2.0,11.85
34,DCR,False,inf,0.0
34,DCR,True,28.0,174.98
34,DCR,True,28.0,161.51
34,DCR,False,inf,0.0
34,DCR,False,inf,0.0
34,DCR,True,22.0,144.69
34,DCR,True,11.0,62.1
34,DCR,True,22.0,151.58
34,DCR,False,inf,0.0
34,DCR,True,10.0,60.94
34,DCR,False,inf,0.0
34,DCR,False,inf,0.0
34,DCR,False,inf,0.0
34,DCR,False,inf,0.0
34,DCR,False,inf,0.0
34,DCR,False,inf,0.0
34,DCR,True,16.0,100.13
34,DCR,True,13.0,79.82
34,DCR,False,inf,0.0
34,DCR,True,21.0,126.1
34,DCR,False,inf,0.0
34,DCR,True,15.0,85.41
34,DCR,False,inf,0.0
34,DCR,False,inf,0.0
34,DCR,False,inf,0.0
34,DCR,False,inf,0.0
34,DCR,False,inf,0.0
34,DCR,True,14.0,84.01
34,DCR,True,27.0,184.35
34,DCR,True,26.0,169.02
34,DCR,False,inf,0.0
34,DCR,True,14.0,81.29
34,DCR,True,16.0,107.09
34,DCR,False,inf,0.0
34,DCR,False,inf,0.0
34,DCR,False,inf,0.0
34,DCR,False,inf,0.0
34,DCR,True,18.0,113.26
34,DCR,True,1.0,2.41
34,DCR,True,25.0,144.81
34,DCR,False,inf,0.0
34,DCR,True,11.0,68.25
34,DCR,False,inf,0.0
34,DCR,False,inf,0.0
34,DCR,True,14.0,93.1
34,DCR,False,inf,0.0
34,DCR,True,3.0,20.55
34,DCR,True,10.0,60.8
34,DCR,True,12.0,68.08
34,DCR,False,inf,0.0
34,DCR,False,inf,0.0
34,DCR,True,15.0,86.54
34,DCR,True,22.0,140.95
34,DCR,True,27.0,160.46
34,DCR,True,4.0,24.01
34,DCR,True,33.0,180.17
34,DCR,True,24.0,145.19
34,DCR,False,inf,0.0
34,DCR,True,17.0,100.16
34,DCR,False,inf,0.0
34,DCR,True,28.0,179.87
34,DCR,False,inf,0.0
34,DCR,True,17.0,113.48
34,DCR,False,inf,0.0
34,DCR,True,14.0,92.07
34,DCR,False,inf,0.0
34,DCR,True,12.0,64.76
34,DCR,False,inf,0.0
34,DCR,True,13.0,76.67
34,DCR,True,15.0,87.71
34,DCR,True,16.0,95.34
34,DCR,False,inf,0.0
34,DCR,True,16.0,111.23
34,DCR,False,inf,0.0
34,DCR,False,inf,0.0
34,DCR,False,inf,0.0
34,DCR,True,7.0,37.53
34,DCR,False,inf,0.0
34,DCR,True,13.0,79.82
34,DCR,False,inf,0.0
34,DCR,True,3.0,15.5
34,DCR,True,8.0,49.93
34,DCR,True,1.0,8.39
34,DCR,True,20.0,131.17
34,DCR,False,inf,0.0
34,DCR,True,21.0,135.26
34,DCR,False,inf,0.0
34,DCR,False,inf,0.0
34,DCR,True,9.0,52.41
34,DCR,True,30.0,189.26
34,DCR,False,inf,0.0
34,DCR,False,inf,0.0
34,DCR,False,inf,0.0
34,DCR,True,11.0,63.769999999999996
34,DCR,False,inf,0.0
34,DCR,True,29.0,185.35999999999999
34,DCR,True,20.0,129.87
34,DCR,False,inf,0.0
34,DCR,True,15.0,90.23
34,DCR,True,20.0,127.24
34,DCR,True,21.0,117.07000000000001
34,DCR,False,inf,0.0
34,DCR,True,13.0,72.53
34,DCR,True,1.0,8.22
34,DCR,True,7.0,34.24
34,DCR,False,inf,0.0
34,DCR,False,inf,0.0
34,DCR,False,inf,0.0
34,DCR,False,inf,0.0
34,DCR,True,2.0,3.0300000000000002
34,DCR,False,inf,0.0
34,DCR,False,inf,0.0
34,DCR,True,30.0,183.74
34,DCR,False,inf,0.0
34,DCR,True,20.0,114.76
34,DCR,False,inf,0.0
34,DCR,False,inf,0.0
34,DCR,False,inf,0.0
34,DCR,False,inf,0.0
34,DCR,False,inf,0.0
34,DCR,False,inf,0.0
34,DCR,True,17.0,110.7
34,DCR,True,22.0,134.6
34,DCR,True,12.0,80.17
34,DCR,True,20.0,132.79
34,DCR,True,23.0,150.55
34,DCR,True,15.0,101.81
34,DCR,False,inf,0.0
34,DCR,False,inf,0.0
34,DCR,False,inf,0.0
34,DCR,True,17.0,114.52
34,DCR,False,inf,0.0
34,DCR,True,9.0,50.85
34,DCR,False,inf,0.0
34,DCR,False,inf,0.0
34,DCR,False,inf,0.0
34,DCR,False,inf,0.0
34,DCR,True,14.0,86.81
34,DCR,True,25.0,172.60999999999999
34,DCR,True,2.0,11.66
34,DCR,False,inf,0.0
34,DCR,True,1.0,8.26
34,DCR,True,30.0,187.51
34,DCR,False,inf,0.0
34,DCR,True,4.0,16.25
34,DCR,True,19.0,121.78
34,DCR,True,10.0,60.17
34,DCR,True,5.0,33.44
34,DCR,False,inf,0.0
34,DCR,True,18.0,97.58
34,DCR,True,3.0,14.7
34,DCR,False,inf,0.0
34,DCR,True,15.0,85.62
34,DCR,False,inf,0.0
34,DCR,True,24.0,139.44
34,DCR,False,inf,0.0
34,DCR,False,inf,0.0
34,DCR,True,9.0,50.27
34,DCR,False,inf,0.0
34,DCR,False,inf,0.0
34,DCR,True,9.0,51.43
34,DCR,False,inf,0.0
34,DCR,True,18.0,107.02
34,DCR,True,29.0,175.34
34,DCR,False,inf,0.0
34,DCR,False,inf,0.0
34,DCR,True,3.0,20.39
34,DCR,False,inf,0.0
34,DCR,False,inf,0.0
34,DCR,False,inf,0.0
34,DCR,False,inf,0.0
34,DCR,True,10.0,62.269999999999996
34,DCR,False,inf,0.0
34,DCR,False,inf,0.0
34,DCR,False,inf,0.0
34,DCR,True,6.0,33.99
34,DCR,True,22.0,128.85999999999999
34,DCR,True,1.0,8.26
34,DCR,False,inf,0.0
34,DCR,False,inf,0.0
34,DCR,False,inf,0.0
34,DCR,True,32.0,172.58
34,DCR,True,28.0,175.74
34,DCR,True,12.0,70.73
34,DCR,False,inf,0.0
34,DCR,True,22.0,133.95
34,DCR,True,14.0,81.14
34,DCR,True,17.0,102.3
34,DCR,True,18.0,109.06
34,DCR,True,1.0,2.35
34,DCR,True,20.0,129.35
34,DCR,True,12.0,77.47
34,DCR,True,9.0,58.84
34,DCR,False,inf,0.0
34,DCR,False,inf,0.0
34,DCR,True,10.0,69.26
34,DCR,False,inf,0.0
34,DCR,False,inf,0.0
34,DCR,True,24.0,159.79
34,DCR,True,10.0,53.83
34,DCR,True,3.0,15.5
34,DCR,True,6.0,29.98
34,DCR,True,24.0,134.99
34,DCR,False,inf,0.0
34,DCR,False,inf,0.0
34,DCR,True,24.0,159.21
34,DCR,True,15.0,101.81
34,DCR,False,inf,0.0
34,DCR,False,inf,0.0
34,DCR,True,23.0,151.0
34,DCR,False,inf,0.0
34,DCR,True,25.0,152.42
34,DCR,False,inf,0.0
34,DCR,True,21.0,130.62
34,DCR,True,27.0,156.78
34,DCR,True,11.0,71.52
34,DCR,True,26.0,179.48
34,DCR,True,27.0,174.47
34,DCR,True,14.0,87.61
34,DCR,False,inf,0.0
34,DCR,True,10.0,57.95
34,DCR,False,inf,0.0
34,DCR,True,6.0,32.41
34,DCR,True,20.0,132.79
34,DCR,True,1.0,5.04
34,DCR,True,5.0,32.61
34,DCR,False,inf,0.0
34,DCR,False,inf,0.0
34,DCR,True,8.0,46.18
34,DCR,False,inf,0.0
34,DCR,True,16.0,89.88
34,DCR,False,inf,0.0
34,DCR,False,inf,0.0
34,DCR,True,31.0,190.31
34,DCR,True,12.0,70.49
34,DCR,True,1.0,1.68
34,DCR,True,24.0,136.29
34,DCR,True,29.0,179.1
34,DCR,False,inf,0.0
34,DCR,True,21.0,126.1
34,DCR,True,5.0,33.87
34,DCR,True,22.0,148.14
34,DCR,True,17.0,113.48
34,DCR,False,inf,0.0
34,DCR,True,16.0,89.16
34,DCR,True,20.0,117.47
34,DCR,False,inf,0.0
34,DCR,True,6.0,28.63
34,DCR,True,25.0,151.43
34,DCR,True,22.0,132.16
34,DCR,True,12.0,77.47
34,DCR,True,32.0,195.15
34,DCR,False,inf,0.0
34,DCR,True,14.0,74.95
34,DCR,True,6.0,27.04
34,DCR,False,inf,0.0
34,DCR,False,inf,0.0
34,DCR,False,inf,0.0
34,DCR,True,1.0,3.54
34,DCR,True,1.0,8.66
34,DCR,False,inf,0.0
34,DCR,True,6.0,41.44
34,DCR,True,10.0,54.47
34,DCR,False,inf,0.0
34,CCR,False,inf,0.0
34,CCR,True,18.0,116.02
34,CCR,False,inf,0.0
34,CCR,False,inf,0.0
34,CCR,True,31.0,207.52
34,CCR,True,22.0,145.78
34,CCR,True,2.0,12.16
34,CCR,True,32.0,200.83
34,CCR,True,1.0,8.52
34,CCR,True,8.0,44.87
34,CCR,True,10.0,61.11
34,CCR,False,inf,0.0
34,CCR,True,24.0,159.15
34,CCR,True,24.0,156.95
34,CCR,False,inf,0.0
34,CCR,True,22.0,138.24
34,CCR,True,11.0,73.39
34,CCR,False,inf,0.0
34,CCR,False,inf,0.0
34,CCR,True,12.0,66.93
34,CCR,True,6.0,35.12
34,CCR,True,14.0,90.3
34,CCR,True,22.0,137.07
34,CCR,True,2.0,9.94
34,CCR,True,7.0,37.44
34,CCR,True,4.0,18.07
34,CCR,False,inf,0.0
34,CCR,False,inf,0.0
34,CCR,True,11.0,66.61
34,CCR,False,inf,0.0
34,CCR,False,inf,0.0
34,CCR,True,7.0,39.67
34,CCR,False,inf,0.0
34,CCR,True,6.0,32.41
34,CCR,False,inf,0.0
34,CCR,True,18.0,108.32
34,CCR,True,3.0,13.559999999999999
34,CCR,True,4.0,20.54
34,CCR,True,22.0,143.25
34,CCR,False,inf,0.0
34,CCR,True,27.0,169.69
34,CCR,True,30.0,192.31
34,CCR,True,23.0,147.75
34,CCR,False,inf,0.0
34,CCR,True,4.0,22.92
34,CCR,False,inf,0.0
34,CCR,False,inf,0.0
34,CCR,False,inf,0.0
34,CCR,True,6.0,24.919999999999998
34,CCR,True,1.0,1.68
34,CCR,False,inf,0.0
34,CCR,False,inf,0.0
34,CCR,False,inf,0.0
34,CCR,True,34.0,216.51
34,CCR,False,inf,0.0
34,CCR,False,inf,0.0
34,CCR,True,9.0,48.08
34,CCR,False,inf,0.0
34,CCR,True,6.0,28.26
34,CCR,True,8.0,42.39
34,CCR,True,3.0,12.61
34,CCR,False,inf,0.0
34,CCR,True,21.0,140.9
34,CCR,False,inf,0.0
34,CCR,True,2.0,11.809999999999999
34,CCR,True,9.0,56.68
34,CCR,False,inf,0.0
34,CCR,True,8.0,32.13
34,CCR,True,14.0,85.9
34,CCR,False,inf,0.0
34,CCR,False,inf,0.0
34,CCR,True,15.0,103.42
34,CCR,True,6.0,35.4
34,CCR,True,24.0,143.01
34,CCR,True,20.0,129.03
34,CCR,False,inf,0.0
34,CCR,True,4.0,16.62
34,CCR,True,21.0,137.88
34,CCR,True,15.0,91.33
34,CCR,True,2.0,8.4
34,CCR,True,23.0,148.13
34,CCR,True,22.0,143.2
34,CCR,True,29.0,187.71
34,CCR,True,21.0,128.79
34,CCR,True,30.0,196.66
34,CCR,True,33.0,209.94
34,CCR,False,inf,0.0
34,CCR,True,23.0,149.43
34,CCR,True,5.0,20.18
34,CCR,True,9.0,57.98
34,CCR,True,25.0,164.79
34,CCR,False,inf,0.0
34,CCR,False,inf,0.0
34,CCR,True,6.0,28.49
34,CCR,True,26.0,167.22
34,CCR,True,26.0,163.4
34,CCR,True,15.0,96.96
34,CCR,False,inf,0.0
34,CCR,False,inf,0.0
34,CCR,False,inf,0.0
34,CCR,True,7.0,36.94
34,CCR,True,6.0,32.29
34,CCR,False,inf,0.0
34,CCR,False,inf,0.0
34,CCR,False,inf,0.0
34,CCR,True,23.0,152.59
34,CCR,False,inf,0.0
34,CCR,True,28.0,184.21
34,CCR,False,inf,0.0
34,CCR,True,11.0,57.04
34,CCR,True,14.0,81.3
34,CCR,False,inf,0.0
34,CCR,True,4.0,16.1
34,CCR,True,5.0,21.97
34,CCR,True,15.0,95.02
34,CCR,True,6.0,28.15
34,CCR,True,9.0,52.74
34,CCR,True,27.0,170.78
34,CCR,False,inf,0.0
34,CCR,False,inf,0.0
34,CCR,True,29.0,174.71
34,CCR,False,inf,0.0
34,CCR,True,24.0,150.14
34,CCR,False,inf,0.0
34,CCR,True,2.0,5.859999999999999
34,CCR,True,21.0,130.47
34,CCR,False,inf,0.0
34,CCR,True,31.0,199.82999999999998
34,CCR,False,inf,0.0
34,CCR,True,1.0,9.13
34,CCR,True,8.0,48.73
34,CCR,False,inf,0.0
34,CCR,True,24.0,146.68
34,CCR,True,27.0,177.34
34,CCR,True,8.0,39.5
34,CCR,True,11.0,71.77
34,CCR,True,8.0,41.629999999999995
34,CCR,True,14.0,92.82
34,CCR,True,2.0,16.73
34,CCR,False,inf,0.0
34,CCR,False,inf,0.0
34,CCR,True,15.0,94.95
34,CCR,True,20.0,122.03
34,CCR,True,23.0,152.5
34,CCR,True,26.0,159.91
34,CCR,True,20.0,125.91
34,CCR,True,21.0,137.88
34,CCR,True,10.0,49.6
34,CCR,False,inf,0.0
34,CCR,False,inf,0.0
34,CCR,False,inf,0.0
34,CCR,True,13.0,72.47
34,CCR,True,30.0,194.3
34,CCR,False,inf,0.0
34,CCR,True,15.0,93.85
34,CCR,True,13.0,79.2
34,CCR,True,1.0,5.22
34,CCR,True,16.0,104.57
34,CCR,True,19.0,116.26
34,CCR,True,29.0,185.87
34,CCR,False,inf,0.0
34,CCR,True,11.0,70.61
34,CCR,True,9.0,50.49
34,CCR,True,19.0,139.01
34,CCR,True,1.0,9.74
34,CCR,False,inf,0.0
34,CCR,True,11.0,68.12
34,CCR,False,inf,0.0
34,CCR,True,8.0,49.980000000000004
34,CCR,True,31.0,201.62
34,CCR,False,inf,0.0
34,CCR,False,inf,0.0
34,CCR,True,9.0,52.67
34,CCR,True,31.0,209.08
34,CCR,True,3.0,13.43
34,CCR,True,8.0,43.06
34,CCR,True,32.0,211.69
34,CCR,True,5.0,23.79
34,CCR,False,inf,0.0
34,CCR,True,16.0,103.74
34,CCR,True,8.0,40.35
34,CCR,False,inf,0.0
34,CCR,True,2.0,8.280000000000001
34,CCR,False,inf,0.0
34,CCR,True,15.0,89.61
34,CCR,False,inf,0.0
34,CCR,True,6.0,29.98
34,CCR,True,28.0,175.29
34,CCR,True,24.0,150.09
34,CCR,False,inf,0.0
34,CCR,False,inf,0.0
34,CCR,False,inf,0.0
34,CCR,False,inf,0.0
34,CCR,True,10.0,52.57
34,CCR,False,inf,0.0
34,CCR,True,30.0,194.0
34,CCR,True,20.0,121.83
34,CCR,False,inf,0.0
34,CCR,True,13.0,82.36
34,CCR,True,4.0,16.62
34,CCR,False,inf,0.0
34,CCR,True,31.0,207.52
34,CCR,False,inf,0.0
34,CCR,True,5.0,19.29
34,CCR,True,19.0,116.6
34,CCR,False,inf,0.0
34,CCR,False,inf,0.0
34,CCR,True,30.0,189.54
34,CCR,True,21.0,144.48
34,CCR,True,20.0,143.5
34,CCR,False,inf,0.0
34,CCR,True,20.0,134.99
34,CCR,True,14.0,85.67999999999999
34,CCR,False,inf,0.0
34,CCR,True,32.0,217.63
34,CCR,True,27.0,169.69
34,CCR,True,22.0,145.78
34,CCR,False,inf,0.0
34,CCR,True,4.0,16.41
34,CCR,False,inf,0.0
34,CCR,True,3.0,16.17
34,CCR,True,15.0,89.61
34,CCR,False,inf,0.0
34,CCR,False,inf,0.0
34,CCR,False,inf,0.0
34,CCR,True,26.0,174.82999999999998
34,CCR,True,4.0,10.870000000000001
34,CCR,True,24.0,157.23
34,CCR,True,11.0,69.95
34,CCR,True,3.0,20.82
34,CCR,True,30.0,189.77
34,CCR,True,26.0,167.22
34,CCR,False,inf,0.0
34,CCR,True,8.0,47.85
34,CCR,False,inf,0.0
34,CCR,False,inf,0.0
34,CCR,True,4.0,10.870000000000001
34,CCR,False,inf,0.0
34,CCR,True,14.0,87.19
34,CCR,False,inf,0.0
34,CCR,True,28.0,178.71
34,CCR,False,inf,0.0
34,CCR,True,23.0,150.76
34,CCR,True,8.0,40.94
34,CCR,True,9.0,48.68
34,CCR,False,inf,0.0
34,CCR,False,inf,0.0
34,CCR,False,inf,0.0
34,CCR,True,27.0,178.96
34,CCR,True,18.0,96.52
34,CCR,False,inf,0.0
34,CCR,True,6.0,32.41
34,CCR,True,21.0,134.71
34,CCR,True,10.0,56.96
34,CCR,True,25.0,163.91
34,CCR,False,inf,0.0
34,CCR,False,inf,0.0
34,CCR,True,18.0,117.37
34,CCR,False,inf,0.0
34,CCR,True,15.0,97.34
34,CCR,True,13.0,78.16
34,CCR,True,22.0,137.24
34,CCR,False,inf,0.0
34,CCR,False,inf,0.0
34,CCR,True,11.0,68.12
34,CCR,False,inf,0.0
34,CCR,True,10.0,49.6
34,CCR,True,30.0,192.31
34,CCR,False,inf,0.0
34,CCR,False,inf,0.0
34,CCR,False,inf,0.0
34,CCR,False,inf,0.0
34,CCR,True,7.0,31.22
34,CCR,False,inf,0.0
34,CCR,True,31.0,193.53
34,CCR,True,15.0,93.85
34,CCR,False,inf,0.0
34,CCR,True,6.0,26.29
34,CCR,False,inf,0.0
34,CCR,True,19.0,125.14
34,CCR,True,19.0,111.98
34,CCR,True,26.0,170.7
34,CCR,True,22.0,144.87
34,CCR,True,27.0,171.16
34,CCR,True,12.0,80.47
34,CCR,False,inf,0.0
34,CCR,True,7.0,37.81
34,CCR,False,inf,0.0
34,CCR,False,inf,0.0
34,CCR,False,inf,0.0
34,CCR,True,30.0,193.49
34,CCR,True,7.0,41.56
34,CCR,True,16.0,105.35
34,CCR,True,10.0,58.17
34,CCR,False,inf,0.0
34,CCR,False,inf,0.0
34,CCR,True,21.0,143.39
34,CCR,True,27.0,175.62
34,CCR,True,12.0,71.95
34,CCR,False,inf,0.0
34,CCR,True,30.0,196.02
34,CCR,True,30.0,194.75
34,CCR,False,inf,0.0
34,CCR,False,inf,0.0
34,CCR,True,5.0,17.669999999999998
34,CCR,True,24.0,156.99
34,CCR,True,27.0,168.14
34,CCR,False,inf,0.0
34,CCR,True,15.0,95.02
34,CCR,False,inf,0.0
34,CCR,True,12.0,68.13
34,CCR,False,inf,0.0
34,CCR,True,32.0,206.51
34,CCR,True,25.0,159.3
34,CCR,False,inf,0.0
34,CCR,False,inf,0.0
34,CCR,True,17.0,96.88
34,CCR,True,4.0,10.870000000000001
34,CCR,False,inf,0.0
34,CCR,True,15.0,96.17999999999999
34,CCR,False,inf,0.0
34,CCR,True,3.0,11.54
34,CCR,True,32.0,204.47
34,CCR,False,inf,0.0
34,CCR,True,14.0,85.46
34,CCR,True,11.0,62.53
34,CCR,True,31.0,207.52
34,CCR,True,14.0,71.67999999999999
34,CCR,False,inf,0.0
34,CCR,False,inf,0.0
34,CCR,False,inf,0.0
34,CCR,False,inf,0.0
34,CCR,False,inf,0.0
34,CCR,False,inf,0.0
34,CCR,True,19.0,116.6
34,CCR,False,inf,0.0
34,CCR,False,inf,0.0
34,CCR,True,31.0,207.52
34,CCR,True,30.0,186.9
34,CCR,True,2.0,12.76
34,CCR,False,inf,0.0
34,CCR,True,30.0,196.39
34,CCR,False,inf,0.0
34,CCR,False,inf,0.0
34,CCR,True,4.0,15.99
34,CCR,True,4.0,21.939999999999998
34,CCR,False,inf,0.0
34,CCR,False,inf,0.0
34,CCR,True,2.0,3.0300000000000002
34,CCR,True,6.0,34.21
34,CCR,True,23.0,143.35999999999999
34,CCR,True,26.0,162.79
34,CCR,True,1.0,1.67
34,CCR,True,12.0,69.51
34,CCR,True,4.0,20.13
34,CCR,True,13.0,77.87
34,CCR,False,inf,0.0
34,CCR,False,inf,0.0
34,CCR,True,7.0,35.55
34,CCR,True,17.0,113.83
34,CCR,True,12.0,72.85
34,CCR,True,25.0,153.38
34,CCR,True,18.0,116.46
34,CCR,False,inf,0.0
34,CCR,True,18.0,125.0
34,CCR,False,inf,0.0
34,CCR,True,18.0,96.52
34,CCR,False,inf,0.0
34,CCR,True,8.0,48.019999999999996
34,CCR,True,26.0,172.14
34,CCR,True,6.0,28.42
34,CCR,True,31.0,191.87
34,CCR,True,14.0,87.87
34,CCR,False,inf,0.0
34,CCR,True,4.0,15.99
34,CCR,False,inf,0.0
34,CCR,True,12.0,70.62
34,CCR,False,inf,0.0
34,CCR,True,30.0,197.82
34,CCR,True,3.0,18.45
34,CCR,True,4.0,24.56
34,CCR,False,inf,0.0
34,CCR,False,inf,0.0
34,CCR,True,15.0,95.58
34,CCR,False,inf,0.0
34,CCR,True,3.0,14.7
34,CCR,True,8.0,45.24
34,CCR,True,22.0,147.85
34,CCR,True,16.0,91.84
34,CCR,True,15.0,90.84
34,CCR,True,24.0,150.57
34,CCR,True,25.0,170.29
34,CCR,False,inf,0.0
34,CCR,True,5.0,33.59
34,CCR,True,11.0,68.12
34,CCR,True,34.0,213.32
34,CCR,False,inf,0.0
34,CCR,True,6.0,28.11
34,CCR,False,inf,0.0
34,CCR,False,inf,0.0
34,CCR,True,2.0,17.83
34,CCR,True,15.0,94.95
34,CCR,True,29.0,181.44
34,CCR,True,8.0,42.83
34,CCR,False,inf,0.0
34,CCR,True,19.0,124.84
34,CCR,False,inf,0.0
34,CCR,True,3.0,15.5
34,CCR,True,18.0,101.86
34,CCR,True,18.0,113.97
34,CCR,True,14.0,85.91
34,CCR,True,10.0,53.92
34,CCR,True,29.0,192.8
34,CCR,True,18.0,102.48
34,CCR,True,28.0,173.38
34,CCR,True,22.0,144.87
34,CCR,False,inf,0.0
34,CCR,True,28.0,176.07
34,CCR,True,12.0,78.81
34,CCR,False,inf,0.0
34,CCR,False,inf,0.0
34,CCR,False,inf,0.0
34,CCR,False,inf,0.0
34,CCR,False,inf,0.0
34,CCR,True,26.0,178.22
34,CCR,False,inf,0.0
34,CCR,False,inf,0.0
34,CCR,True,11.0,63.64
34,CCR,True,23.0,152.68
34,CCR,False,inf,0.0
34,CCR,True,15.0,100.07
34,CCR,True,9.0,57.98
34,CCR,True,13.0,83.67999999999999
34,CCR,True,16.0,93.37
34,CCR,True,7.0,36.9
34,CCR,False,inf,0.0
34,CCR,True,10.0,62.98
34,CCR,False,inf,0.0
34,CCR,True,27.0,160.7
34,CCR,False,inf,0.0
34,CCR,False,inf,0.0
34,CCR,True,28.0,180.14
34,CCR,True,21.0,143.39
34,CCR,True,8.0,45.38
34,CCR,False,inf,0.0
34,CCR,True,23.0,148.13
34,CCR,False,inf,0.0
34,CCR,True,22.0,138.2
34,CCR,True,16.0,107.75
34,CCR,False,inf,0.0
34,CCR,False,inf,0.0
34,CCR,True,12.0,69.56
34,CCR,True,27.0,182.89000000000001
34,CCR,True,13.0,81.12
34,CCR,True,24.0,151.71
34,CCR,False,inf,0.0
34,CCR,True,14.0,88.7
34,CCR,True,22.0,143.52
34,CCR,True,9.0,57.98
34,CCR,True,3.0,17.66
34,CCR,False,inf,0.0
34,CCR,False,inf,0.0
34,CCR,False,inf,0.0
34,CCR,False,inf,0.0
34,CCR,True,32.0,206.68
34,CCR,False,inf,0.0
34,CCR,False,inf,0.0
34,CCR,True,25.0,158.82
34,CCR,True,26.0,175.18
34,CCR,False,inf,0.0
34,CCR,True,22.0,144.12
34,CCR,True,15.0,87.99
34,CCR,True,18.0,112.81
34,CCR,True,23.0,161.95
34,CCR,True,11.0,63.68
34,CCR,False,inf,0.0
34,CCR,True,33.0,216.79
34,CCR,True,5.0,26.73
34,CCR,False,inf,0.0
34,CCR,False,inf,0.0
34,CCR,False,inf,0.0
34,CCR,False,inf,0.0
34,CCR,True,13.0,71.41
34,CCR,True,8.0,41.74
34,CCR,False,inf,0.0
34,CCR,False,inf,0.0
34,CCR,True,10.0,56.82
34,CCR,False,inf,0.0
34,CCR,False,inf,0.0
34,CCR,False,inf,0.0
34,CCR,True,3.0,8.54
34,CCR,False,inf,0.0
34,CCR,True,27.0,167.37
34,CCR,False,inf,0.0
34,CCR,True,19.0,116.52
34,CCR,False,inf,0.0
34,CCR,True,8.0,49.980000000000004
34,CCR,False,inf,0.0
34,CCR,False,inf,0.0
34,CCR,False,inf,0.0
34,CCR,True,2.0,11.51
34,CCR,True,28.0,198.53
34,CCR,True,31.0,196.55
34,CCR,True,1.0,8.22
34,CCR,True,8.0,46.18
34,CCR,True,28.0,182.92
34,CCR,True,7.0,43.18
34,CCR,True,13.0,72.47
34,CCR,True,22.0,142.73
34,CCR,False,inf,0.0
34,CCR,False,inf,0.0
34,CCR,True,28.0,180.32
34,CCR,True,8.0,45.38
34,CCR,True,31.0,199.82999999999998
34,CCR,True,6.0,34.17
34,CCR,False,inf,0.0
34,CCR,True,9.0,34.75
34,CCR,True,15.0,94.13
34,CCR,False,inf,0.0
34,CCR,True,7.0,39.17
34,CCR,True,18.0,117.83
34,CCR,True,15.0,89.11999999999999
34,CCR,True,29.0,182.16
34,CCR,False,inf,0.0
34,CCR,True,4.0,23.71
34,CCR,False,inf,0.0
34,CCR,False,inf,0.0
34,CCR,True,5.0,32.22
34,CCR,False,inf,0.0
34,CCR,True,2.0,11.68
34,CCR,False,inf,0.0
34,CCR,False,inf,0.0
34,CCR,False,inf,0.0
34,CCR,False,inf,0.0
34,CCR,True,1.0,1.35
34,CCR,True,27.0,164.75
34,CCR,True,17.0,113.31
34,CCR,False,inf,0.0
34,CCR,True,24.0,149.39
34,CCR,True,3.0,13.190000000000001
34,CCR,False,inf,0.0
34,CCR,False,inf,0.0
34,CCR,True,32.0,206.68
34,CCR,True,12.0,70.12
34,CCR,True,36.0,215.9
34,CCR,True,3.0,14.28
34,CCR,False,inf,0.0
34,CCR,False,inf,0.0
34,CCR,True,23.0,146.69
34,CCR,True,15.0,99.09
34,CCR,False,inf,0.0
34,CCR,False,inf,0.0
34,CCR,False,inf,0.0
34,CCR,False,inf,0.0
34,CCR,True,20.0,126.81
34,CCR,True,28.0,174.24
34,CCR,True,14.0,82.49
34,CCR,True,17.0,106.69
34,CCR,True,19.0,109.0
34,CCR,False,inf,0.0
34,CCR,True,6.0,28.63
34,CCR,True,24.0,157.45
34,CCR,True,30.0,186.13
34,CCR,True,3.0,12.65
34,CCR,True,32.0,200.83
34,CCR,True,13.0,71.41
34,CCR,False,inf,0.0
34,CCR,False,inf,0.0
34,CCR,True,5.0,20.47
34,CCR,False,inf,0.0
34,CCR,False,inf,0.0
34,CCR,False,inf,0.0
34,CCR,True,26.0,156.48
34,CCR,False,inf,0.0
34,CCR,False,inf,0.0
34,CCR,False,inf,0.0
34,CCR,True,13.0,80.25
34,CCR,True,2.0,9.37
34,CCR,True,26.0,167.65
34,CCR,True,26.0,160.25
34,CCR,False,inf,0.0
34,CCR,False,inf,0.0
34,CCR,True,27.0,178.72
34,CCR,False,inf,0.0
34,CCR,True,11.0,70.61
34,CCR,True,7.0,35.55
34,CCR,False,inf,0.0
34,CCR,True,1.0,1.67
34,CCR,False,inf,0.0
34,CCR,False,inf,0.0
34,CCR,True,8.0,43.06
34,CCR,True,22.0,137.07
34,CCR,True,3.0,15.61
34,CCR,True,1.0,3.45
34,CCR,True,34.0,211.08
34,CCR,True,20.0,128.68
34,CCR,False,inf,0.0
34,CCR,True,27.0,176.45
34,CCR,True,19.0,119.35
34,CCR,False,inf,0.0
34,CCR,True,12.0,77.9
34,CCR,True,12.0,78.53999999999999
34,CCR,True,3.0,18.68
34,CCR,True,23.0,143.39
34,CCR,False,inf,0.0
34,CCR,True,9.0,54.75
34,CCR,False,inf,0.0
34,CCR,False,inf,0.0
34,CCR,True,21.0,157.92
34,CCR,False,inf,0.0
34,CCR,True,2.0,7.57
34,CCR,True,28.0,186.72
34,CCR,False,inf,0.0
34,CCR,False,inf,0.0
34,CCR,True,17.0,107.1
34,CCR,True,14.0,80.50999999999999
34,CCR,True,25.0,160.12
34,CCR,True,4.0,14.879999999999999
34,CCR,True,1.0,1.03
34,CCR,True,22.0,142.73
34,CCR,True,10.0,62.98
34,CCR,True,18.0,112.56
34,CCR,False,inf,0.0
34,CCR,False,inf,0.0
34,CCR,True,20.0,120.77
34,CCR,True,10.0,62.12
34,CCR,True,25.0,157.91
34,CCR,True,22.0,141.1
34,CCR,False,inf,0.0
34,CCR,False,inf,0.0
34,CCR,False,inf,0.0
34,CCR,True,18.0,116.94
34,CCR,True,26.0,170.3
34,CCR,False,inf,0.0
34,CCR,True,25.0,149.57999999999998
34,CCR,False,inf,0.0
34,CCR,True,8.0,34.48
34,CCR,True,21.0,127.81
34,CCR,True,1.0,8.51
34,CCR,True,2.0,18.369999999999997
34,CCR,False,inf,0.0
34,CCR,True,17.0,110.75
34,CCR,True,6.0,29.35
34,CCR,True,23.0,143.39
34,CCR,True,11.0,54.07
34,CCR,False,inf,0.0
34,CCR,True,26.0,175.32
34,CCR,True,33.0,211.68
34,CCR,True,21.0,139.39
34,CCR,True,19.0,134.08
34,CCR,True,2.0,12.16
34,CCR,True,17.0,101.25999999999999
34,CCR,True,26.0,167.96
34,CCR,True,25.0,160.96
34,CCR,False,inf,0.0
34,CCR,True,13.0,73.13
34,CCR,False,inf,0.0
34,CCR,True,14.0,86.03
34,CCR,False,inf,0.0
34,CCR,False,inf,0.0
34,CCR,False,inf,0.0
34,CCR,True,21.0,130.32
34,CCR,True,4.0,20.25
34,CCR,False,inf,0.0
34,CCR,True,26.0,170.61
34,CCR,False,inf,0.0
34,CCR,True,1.0,5.22
34,CCR,False,inf,0.0
34,CCR,True,11.0,71.25
34,CCR,True,5.0,23.79
34,CCR,True,15.0,93.94
34,CCR,True,3.0,21.71
34,CCR,True,29.0,190.78
34,CCR,False,inf,0.0
34,CCR,True,12.0,74.88
34,CCR,True,7.0,39.24
34,CCR,True,7.0,34.12
34,CCR,True,4.0,16.1
34,CCR,False,inf,0.0
34,CCR,False,inf,0.0
34,CCR,False,inf,0.0
34,CCR,True,31.0,204.85999999999999
34,CCR,True,3.0,21.43
34,CCR,True,11.0,69.38
34,CCR,True,3.0,7.48
34,CCR,False,inf,0.0
34,CCR,True,28.0,179.28
34,CCR,False,inf,0.0
34,CCR,True,20.0,128.60999999999999
34,CCR,True,35.0,222.97
34,CCR,True,10.0,57.33
34,CCR,True,32.0,207.74
34,CCR,True,14.0,90.07
34,CCR,True,21.0,127.97
34,CCR,True,13.0,75.2
34,CCR,True,18.0,106.86
34,CCR,False,inf,0.0
34,CCR,True,15.0,94.89
34,CCR,True,15.0,89.11999999999999
34,CCR,False,inf,0.0
34,CCR,False,inf,0.0
34,CCR,True,3.0,16.91
34,CCR,True,23.0,150.76
34,CCR,True,3.0,16.79
34,CCR,False,inf,0.0
34,CCR,True,12.0,69.58
34,CCR,True,16.0,97.75
34,CCR,True,13.0,86.12
34,CCR,True,18.0,122.22
34,CCR,True,9.0,50.83
34,CCR,True,13.0,71.41
34,CCR,True,26.0,164.23
34,CCR,False,inf,0.0
34,CCR,True,30.0,181.88
34,CCR,False,inf,0.0
34,CCR,True,5.0,24.64
34,CCR,False,inf,0.0
34,CCR,False,inf,0.0
34,CCR,True,7.0,35.55
34,CCR,True,30.0,194.3
34,CCR,True,8.0,32.13
34,CCR,True,3.0,21.71
34,CCR,True,37.0,233.72
34,CCR,True,20.0,134.99
34,CCR,True,3.0,16.17
34,CCR,False,inf,0.0
34,CCR,False,inf,0.0
34,CCR,False,inf,0.0
34,CCR,False,inf,0.0
34,CCR,True,22.0,145.93
34,CCR,True,15.0,95.52
34,CCR,True,7.0,38.99
34,CCR,True,29.0,174.17
34,CCR,False,inf,0.0
34,CCR,True,20.0,129.98
34,CCR,True,17.0,96.25
34,CCR,False,inf,0.0
34,CCR,True,31.0,196.55
34,CCR,False,inf,0.0
34,CCR,True,21.0,136.78
34,CCR,False,inf,0.0
34,CCR,True,15.0,87.44
34,CCR,True,9.0,40.57
34,CCR,True,12.0,76.39
34,CCR,False,inf,0.0
34,CCR,True,27.0,174.47
34,CCR,False,inf,0.0
34,CCR,True,2.0,8.370000000000001
34,CCR,True,7.0,37.11
34,CCR,True,8.0,48.019999999999996
34,CCR,True,14.0,77.1
34,CCR,False,inf,0.0
34,CCR,False,inf,0.0
34,CCR,False,inf,0.0
34,CCR,True,19.0,123.53999999999999
34,CCR,True,34.0,222.45
34,CCR,True,3.0,14.51
34,CCR,True,19.0,111.98
34,CCR,True,27.0,184.32
34,CCR,False,inf,0.0
34,CCR,False,inf,0.0
34,CCR,True,12.0,76.67
34,CCR,False,inf,0.0
34,CCR,False,inf,0.0
34,CCR,False,inf,0.0
34,CCR,False,inf,0.0
34,CCR,True,15.0,100.07
34,CCR,True,19.0,113.0
34,CCR,True,10.0,49.6
34,CCR,False,inf,0.0
34,CCR,False,inf,0.0
34,CCR,True,24.0,154.52
34,CCR,True,7.0,31.060000000000002
34,CCR,True,18.0,113.97
34,CCR,False,inf,0.0
34,CCR,True,18.0,102.92
34,CCR,True,16.0,94.96
34,CCR,False,inf,0.0
34,CCR,True,6.0,22.3
34,CCR,False,inf,0.0
34,CCR,False,inf,0.0
34,CCR,True,5.0,21.47
34,CCR,False,inf,0.0
34,CCR,False,inf,0.0
34,CCR,True,5.0,25.369999999999997
34,CCR,True,22.0,145.78
34,CCR,False,inf,0.0
34,CCR,True,14.0,94.31
34,CCR,True,6.0,32.41
34,CCR,True,7.0,39.74
34,CCR,True,1.0,9.58
34,CCR,False,inf,0.0
34,CCR,False,inf,0.0
34,CCR,False,inf,0.0
34,CCR,False,inf,0.0
34,CCR,True,16.0,100.82
34,CCR,True,16.0,98.86
34,CCR,False,inf,0.0
34,CCR,False,inf,0.0
34,CCR,False,inf,0.0
34,CCR,True,1.0,3.45
34,CCR,True,18.0,111.27
34,CCR,True,21.0,130.95
34,CCR,False,inf,0.0
34,CCR,False,inf,0.0
34,CCR,True,5.0,25.31
34,CCR,True,22.0,143.2
34,CCR,False,inf,0.0
34,CCR,True,14.0,71.67999999999999
34,CCR,False,inf,0.0
34,CCR,False,inf,0.0
34,CCR,False,inf,0.0
34,CCR,False,inf,0.0
34,CCR,True,21.0,153.05
34,CCR,False,inf,0.0
34,CCR,True,19.0,111.35
34,CCR,True,25.0,164.12
34,CCR,False,inf,0.0
34,CCR,True,25.0,157.27
34,CCR,True,21.0,144.48
34,CCR,False,inf,0.0
34,CCR,False,inf,0.0
34,CCR,False,inf,0.0
34,CCR,True,14.0,89.61
34,CCR,True,14.0,91.28
34,CCR,True,20.0,132.73
34,CCR,True,27.0,175.62
34,CCR,False,inf,0.0
34,CCR,False,inf,0.0
34,CCR,True,24.0,147.49
34,CCR,True,16.0,99.2
34,CCR,True,4.0,17.71
34,CCR,False,inf,0.0
34,CCR,True,32.0,217.63
34,CCR,True,29.0,192.8
34,CCR,True,1.0,4.72
34,CCR,False,inf,0.0
34,CCR,False,inf,0.0
34,CCR,False,inf,0.0
34,CCR,True,5.0,23.79
34,CCR,False,inf,0.0
34,CCR,True,34.0,216.51
34,CCR,True,4.0,23.830000000000002
34,CCR,True,24.0,149.96
34,CCR,False,inf,0.0
34,CCR,False,inf,0.0
34,CCR,True,4.0,23.830000000000002
34,CCR,True,7.0,42.69
34,CCR,True,26.0,171.03
34,CCR,False,inf,0.0
34,CCR,True,31.0,205.39
34,CCR,True,11.0,58.49
34,CCR,True,28.0,178.71
34,CCR,True,21.0,143.1
34,CCR,True,5.0,18.8
34,CCR,False,inf,0.0
34,CCR,True,13.0,81.12
34,CCR,True,1.0,9.25
34,CCR,False,inf,0.0
34,CCR,False,inf,0.0
34,CCR,True,29.0,174.17
34,CCR,True,9.0,54.75
34,CCR,False,inf,0.0
34,CCR,True,16.0,105.61
34,CCR,True,25.0,169.34
34,CCR,False,inf,0.0
34,CCR,False,inf,0.0
34,CCR,True,1.0,1.71
34,CCR,True,22.0,135.84
34,CCR,False,inf,0.0
34,CCR,False,inf,0.0
34,CCR,True,29.0,201.15
34,CCR,True,5.0,18.84
34,CCR,True,12.0,72.62
34,CCR,True,9.0,55.06
34,CCR,False,inf,0.0
34,CCR,True,26.0,162.79
34,CCR,False,inf,0.0
34,CCR,True,30.0,184.28
34,CCR,False,inf,0.0
34,CCR,False,inf,0.0
34,CCR,True,6.0,36.78
34,CCR,False,inf,0.0
34,CCR,True,22.0,144.65
34,CCR,True,19.0,116.35
34,CCR,True,16.0,103.74
34,CCR,False,inf,0.0
34,CCR,True,3.0,20.07
34,CCR,True,19.0,125.57
34,CCR,False,inf,0.0
34,CCR,True,17.0,101.25999999999999
34,CCR,True,8.0,47.08
34,CCR,True,7.0,30.07
34,CCR,True,32.0,206.78
34,CCR,True,26.0,174.34
34,CCR,False,inf,0.0
34,CCR,False,inf,0.0
34,CCR,False,inf,0.0
34,CCR,False,inf,0.0
34,CCR,False,inf,0.0
34,CCR,True,15.0,98.96
34,CCR,True,5.0,17.73
34,CCR,False,inf,0.0
34,CCR,True,14.0,96.94
34,CCR,False,inf,0.0
34,CCR,False,inf,0.0
34,CCR,True,9.0,56.46
34,CCR,True,3.0,18.45
34,CCR,True,1.0,8.26
34,CCR,False,inf,0.0
34,CCR,True,20.0,124.64
34,CCR,True,19.0,120.3
34,CCR,True,29.0,188.34
34,CCR,True,26.0,161.88
34,CCR,False,inf,0.0
34,CCR,True,18.0,112.81
34,CCR,True,10.0,59.68
34,CCR,True,38.0,236.34
34,CCR,True,14.0,90.4
34,CCR,False,inf,0.0
34,CCR,True,1.0,3.54
34,CCR,True,1.0,8.26
34,CCR,False,inf,0.0
34,CCR,False,inf,0.0
34,CCR,True,8.0,39.5
34,CCR,True,21.0,135.17
34,CCR,False,inf,0.0
34,CCR,True,25.0,169.34
34,CCR,False,inf,0.0
34,CCR,True,7.0,26.84
34,CCR,False,inf,0.0
34,CCR,True,20.0,133.61
34,CCR,True,27.0,176.35999999999999
34,CCR,True,21.0,138.23
34,CCR,True,28.0,178.27
34,CCR,True,21.0,141.27
34,CCR,True,10.0,49.6
34,CCR,False,inf,0.0
34,CCR,False,inf,0.0
34,CCR,False,inf,0.0
34,CCR,True,8.0,34.48
34,CCR,True,21.0,136.53
34,CCR,True,16.0,92.74
34,CCR,False,inf,0.0
34,CCR,True,17.0,111.50999999999999
34,CCR,False,inf,0.0
34,CCR,True,3.0,21.59
34,CCR,False,inf,0.0
34,CCR,True,15.0,93.58
34,CCR,True,29.0,192.14
34,CCR,True,18.0,110.65
34,CCR,True,14.0,85.46
34,CCR,True,4.0,24.01
34,CCR,False,inf,0.0
34,CCR,True,24.0,162.4
34,CCR,True,21.0,136.9
34,CCR,False,inf,0.0
34,CCR,True,23.0,148.91
34,CCR,False,inf,0.0
34,CCR,True,1.0,2.35
34,CCR,True,7.0,32.67
34,CCR,False,inf,0.0
34,CCR,False,inf,0.0
34,CCR,True,6.0,27.04
34,CCR,False,inf,0.0
34,CCR,False,inf,0.0
34,CCR,True,8.0,35.54
34,CCR,True,31.0,202.27
34,CCR,False,inf,0.0
34,CCR,True,11.0,64.05
34,CCR,False,inf,0.0
34,CCR,False,inf,0.0
34,CCR,True,28.0,180.73
34,CCR,True,11.0,75.61
34,CCR,False,inf,0.0
34,CCR,True,2.0,18.369999999999997
34,CCR,True,15.0,89.74
34,CCR,False,inf,0.0
34,CCR,False,inf,0.0
34,CCR,True,29.0,190.78
34,CCR,False,inf,0.0
34,CCR,True,17.0,104.09
34,CCR,False,inf,0.0
34,CCR,False,inf,0.0
34,CCR,False,inf,0.0
34,CCR,False,inf,0.0
34,CCR,True,26.0,158.99
34,CCR,True,4.0,16.1
34,CCR,True,1.0,5.03
34,CCR,True,12.0,75.53
34,CCR,True,18.0,125.0
34,CCR,False,inf,0.0
34,CCR,True,12.0,67.33
34,CCR,True,2.0,5.4
34,CCR,False,inf,0.0
34,CCR,True,24.0,147.6
34,CCR,True,1.0,8.66
34,CCR,True,17.0,106.97
34,CCR,False,inf,0.0
34,CCR,True,15.0,93.12
