node,degree,betweenness,closeness,traffic_load,dst,optimal_next_hop,seed
0,0.2040816326530612,0.046422896359120856,0.5051546391752577,0.3410663510502585,11,20,42
24,0.061224489795918366,0.0028105091242846348,0.3951612903225806,0.5414479738275658,22,9,42
41,0.18367346938775508,0.04269161696757735,0.5104166666666666,0.22855002179729966,34,6,42
15,0.18367346938775508,0.0315418014247546,0.5,0.9821683433294356,26,44,42
48,0.1020408163265306,0.012431352411094308,0.45794392523364486,0.9962536997579243,1,20,42
11,0.18367346938775508,0.0317400104952626,0.5051546391752577,0.9004180571633305,4,45,42
8,0.1020408163265306,0.008334579252946598,0.4336283185840708,0.3492095746126609,41,31,42
47,0.12244897959183673,0.015595621781846272,0.46226415094339623,0.8971102599525771,15,5,42
23,0.08163265306122448,0.006192635784472519,0.4224137931034483,0.6420316461542878,33,28,42
10,0.12244897959183673,0.013472618415220454,0.4336283185840708,0.16162871409461377,49,31,42
37,0.12244897959183673,0.022625928076858454,0.44954128440366975,0.6064290596595899,40,39,42
34,0.14285714285714285,0.01891827465807058,0.46226415094339623,0.1014715428660321,48,25,42
34,0.14285714285714285,0.01891827465807058,0.46226415094339623,0.005061583846218687,24,32,42
45,0.26530612244897955,0.058031599530699154,0.550561797752809,0.4856137535862266,17,11,42
34,0.14285714285714285,0.01891827465807058,0.46226415094339623,0.9944574626108207,15,25,42
35,0.14285714285714285,0.019720982659908227,0.4537037037037037,0.018075363615520867,32,9,42
13,0.1020408163265306,0.008244535604229481,0.4117647058823529,0.1788227092213288,21,21,42
7,0.1020408163265306,0.005333813720293311,0.4298245614035088,0.7209399242521293,6,19,42
32,0.16326530612244897,0.020764913940934354,0.46226415094339623,0.09367476782809248,48,27,42
21,0.08163265306122448,0.006309636950018101,0.4336283185840708,0.24398964337908358,22,11,42
37,0.12244897959183673,0.022625928076858454,0.44954128440366975,0.3930977246667604,38,39,42
7,0.1020408163265306,0.005333813720293311,0.4298245614035088,0.43439436551042865,27,28,42
20,0.16326530612244897,0.03323921601607676,0.45794392523364486,0.6451033620305648,30,9,42
46,0.14285714285714285,0.013591831448974306,0.45794392523364486,0.1952429877980445,32,25,42
47,0.12244897959183673,0.015595621781846272,0.46226415094339623,0.5720041992091831,18,27,42
48,0.1020408163265306,0.012431352411094308,0.45794392523364486,0.994550510797341,16,20,42
29,0.24489795918367346,0.06340367163071246,0.5268817204301075,0.2795603417967586,28,48,42
5,0.14285714285714285,0.015812888453194573,0.45794392523364486,0.7477187738974139,35,45,42
36,0.18367346938775508,0.05040430605031445,0.5051546391752577,0.3307503046705137,23,27,42
45,0.26530612244897955,0.058031599530699154,0.550561797752809,0.9636199770892528,30,30,42
32,0.16326530612244897,0.020764913940934354,0.46226415094339623,0.19091103115034602,20,9,42
32,0.16326530612244897,0.020764913940934354,0.46226415094339623,0.1694927466860925,2,2,42
24,0.061224489795918366,0.0028105091242846348,0.3951612903225806,0.936154774160781,42,9,42
2,0.18367346938775508,0.023643733078757095,0.5157894736842106,0.0704161308495439,40,12,42
49,0.14285714285714285,0.017099363888079377,0.47115384615384615,0.6711435168240506,31,29,42
22,0.14285714285714285,0.02003953623851583,0.4803921568627451,0.25416364906973876,1,28,42
41,0.18367346938775508,0.04269161696757735,0.5104166666666666,0.3225507642386005,1,46,42
39,0.22448979591836732,0.053688065510919654,0.5157894736842106,0.13662133144202881,32,19,42
47,0.12244897959183673,0.015595621781846272,0.46226415094339623,0.29359184426449336,38,27,42
25,0.12244897959183673,0.01615357265117169,0.44144144144144143,0.25620694359445806,35,6,42
23,0.08163265306122448,0.006192635784472519,0.4224137931034483,0.08159418040024036,12,5,42
6,0.18367346938775508,0.03949572017174058,0.494949494949495,0.7982951789667752,36,2,42
0,0.2040816326530612,0.046422896359120856,0.5051546391752577,0.7019668772577033,8,8,42
15,0.18367346938775508,0.0315418014247546,0.5,0.8900053418175663,13,19,42
22,0.14285714285714285,0.02003953623851583,0.4803921568627451,0.375582952639944,14,28,42
1,0.1020408163265306,0.008892781915741098,0.4375,0.578280140996174,32,20,42
21,0.08163265306122448,0.006309636950018101,0.4336283185840708,0.1550416167277442,25,11,42
21,0.08163265306122448,0.006309636950018101,0.4336283185840708,0.25025136051586405,22,11,42
41,0.18367346938775508,0.04269161696757735,0.5104166666666666,0.3032655146732228,5,29,42
42,0.2040816326530612,0.037110328230526304,0.5268817204301075,0.5222432600548044,36,36,42
43,0.12244897959183673,0.014583750166733358,0.45794392523364486,0.6228904758190003,44,29,42
3,0.12244897959183673,0.011960073531577133,0.44954128440366975,0.0516817211686077,6,25,42
29,0.24489795918367346,0.06340367163071246,0.5268817204301075,0.6995122107671938,47,11,42
39,0.22448979591836732,0.053688065510919654,0.5157894736842106,0.9758520794625346,15,19,42
41,0.18367346938775508,0.04269161696757735,0.5104166666666666,0.04106751676787579,29,29,42
18,0.061224489795918366,0.003772602114438849,0.3983739837398374,0.7440426429991154,28,27,42
25,0.12244897959183673,0.01615357265117169,0.44144144144144143,0.18433367433137005,37,6,42
22,0.14285714285714285,0.02003953623851583,0.4803921568627451,0.6884999007653664,8,44,42
0,0.2040816326530612,0.046422896359120856,0.5051546391752577,0.44235222973110444,1,20,42
31,0.14285714285714285,0.018356157606232635,0.49,0.18286599710730733,48,29,42
44,0.18367346938775508,0.030948090191787677,0.48514851485148514,0.9548652806631941,0,13,42
38,0.12244897959183673,0.01697232047997354,0.47115384615384615,0.6117207462343522,4,45,42
2,0.18367346938775508,0.023643733078757095,0.5157894736842106,0.5660372104940763,12,12,42
36,0.18367346938775508,0.05040430605031445,0.5051546391752577,0.014393488629755868,21,11,42
13,0.1020408163265306,0.008244535604229481,0.4117647058823529,0.04600264202175275,28,38,42
48,0.1020408163265306,0.012431352411094308,0.45794392523364486,0.8554605840110072,29,29,42
4,0.08163265306122448,0.0027520594484880196,0.4298245614035088,0.017161101831750236,12,12,42
25,0.12244897959183673,0.01615357265117169,0.44144144144144143,0.8069129770507795,48,48,42
35,0.14285714285714285,0.019720982659908227,0.4537037037037037,0.4646738129396114,32,9,42
36,0.18367346938775508,0.05040430605031445,0.5051546391752577,0.048058924197033726,22,11,42
4,0.08163265306122448,0.0027520594484880196,0.4298245614035088,0.04530400977204452,36,45,42
30,0.16326530612244897,0.023649706510976018,0.5,0.6258599157142364,9,45,42
31,0.14285714285714285,0.018356157606232635,0.49,0.5393774484000625,0,42,42
44,0.18367346938775508,0.030948090191787677,0.48514851485148514,0.6158511643899138,3,29,42
15,0.18367346938775508,0.0315418014247546,0.5,0.026511310541621813,1,6,42
31,0.14285714285714285,0.018356157606232635,0.49,0.8009492946823997,26,29,42
11,0.18367346938775508,0.0317400104952626,0.5051546391752577,0.6432882184423532,35,9,42
32,0.16326530612244897,0.020764913940934354,0.46226415094339623,0.9414648087765252,43,9,42
2,0.18367346938775508,0.023643733078757095,0.5157894736842106,0.9611905638239142,0,0,42
9,0.12244897959183673,0.023275035122274017,0.4666666666666667,0.19579113478929644,43,40,42
12,0.2040816326530612,0.04747176232020169,0.5104166666666666,0.10077800137742665,11,4,42
1,0.1020408163265306,0.008892781915741098,0.4375,0.3365542148887265,35,20,42
25,0.12244897959183673,0.01615357265117169,0.44144144144144143,0.38539662096556504,7,6,42
9,0.12244897959183673,0.023275035122274017,0.4666666666666667,0.34062456946424,26,11,42
40,0.22448979591836732,0.048362102500007664,0.532608695652174,0.11816482762165625,6,46,42
49,0.14285714285714285,0.017099363888079377,0.47115384615384615,0.9366481518557073,44,29,42
35,0.14285714285714285,0.019720982659908227,0.4537037037037037,0.8034809303848486,24,9,42
35,0.14285714285714285,0.019720982659908227,0.4537037037037037,0.42347094230811855,9,9,42
23,0.08163265306122448,0.006192635784472519,0.4224137931034483,0.9905051420006733,35,28,42
47,0.12244897959183673,0.015595621781846272,0.46226415094339623,0.37201808579278317,35,10,42
38,0.12244897959183673,0.01697232047997354,0.47115384615384615,0.34080354025301784,31,48,42
31,0.14285714285714285,0.018356157606232635,0.49,0.23859685979034018,37,42,42
12,0.2040816326530612,0.04747176232020169,0.5104166666666666,0.7545428740846823,23,4,42
40,0.22448979591836732,0.048362102500007664,0.532608695652174,0.9025529066795667,29,43,42
19,0.12244897959183673,0.010561079590566385,0.4537037037037037,0.38961808621920346,48,39,42
12,0.2040816326530612,0.04747176232020169,0.5104166666666666,0.3892016787341631,19,4,42
11,0.18367346938775508,0.0317400104952626,0.5051546391752577,0.8471431440955898,41,29,42
8,0.1020408163265306,0.008334579252946598,0.4336283185840708,0.9568008851264563,6,31,42
30,0.16326530612244897,0.023649706510976018,0.5,0.49302565777180496,18,25,42
15,0.18367346938775508,0.0315418014247546,0.5,0.29321077169806453,4,19,42
24,0.061224489795918366,0.0028105091242846348,0.3951612903225806,0.75237452943768,20,9,42
22,0.14285714285714285,0.02003953623851583,0.4803921568627451,0.7896181427945539,15,44,42
44,0.18367346938775508,0.030948090191787677,0.48514851485148514,0.9742482085344102,41,29,42
13,0.1020408163265306,0.008244535604229481,0.4117647058823529,0.05587115467735004,31,38,42
34,0.14285714285714285,0.01891827465807058,0.46226415094339623,0.5459157701649889,22,22,42
10,0.12244897959183673,0.013472618415220454,0.4336283185840708,0.9686519439741349,18,47,42
8,0.1020408163265306,0.008334579252946598,0.4336283185840708,0.8369638742373738,10,31,42
16,0.04081632653061224,0.000750489589775304,0.362962962962963,0.08410680611499743,38,36,42
12,0.2040816326530612,0.04747176232020169,0.5104166666666666,0.07276300636419353,40,40,42
49,0.14285714285714285,0.017099363888079377,0.47115384615384615,0.7062422271564962,26,26,42
4,0.08163265306122448,0.0027520594484880196,0.4298245614035088,0.08483771408519192,29,45,42
18,0.061224489795918366,0.003772602114438849,0.3983739837398374,0.3742707957561203,7,27,42
0,0.2040816326530612,0.046422896359120856,0.5051546391752577,0.8127995672575026,22,28,42
6,0.18367346938775508,0.03949572017174058,0.494949494949495,0.5918887388212843,25,25,42
35,0.14285714285714285,0.019720982659908227,0.4537037037037037,0.7081811955831998,5,9,42
18,0.061224489795918366,0.003772602114438849,0.3983739837398374,0.558404249735805,44,27,42
26,0.12244897959183673,0.012656386508427325,0.44545454545454544,0.906354385094736,9,44,42
38,0.12244897959183673,0.01697232047997354,0.47115384615384615,0.25368217387313874,2,45,42
49,0.14285714285714285,0.017099363888079377,0.47115384615384615,0.5714730252050106,27,29,42
19,0.12244897959183673,0.010561079590566385,0.4537037037037037,0.7671948531085717,28,35,42
40,0.22448979591836732,0.048362102500007664,0.532608695652174,0.7460448792654233,38,12,42
12,0.2040816326530612,0.04747176232020169,0.5104166666666666,0.9621725484745419,28,2,42
48,0.1020408163265306,0.012431352411094308,0.45794392523364486,0.8685991281894603,24,20,42
37,0.12244897959183673,0.022625928076858454,0.44954128440366975,0.8021092490267341,5,39,42
44,0.18367346938775508,0.030948090191787677,0.48514851485148514,0.5560050386425845,31,29,42
46,0.14285714285714285,0.013591831448974306,0.45794392523364486,0.04340078329817276,20,40,42
20,0.16326530612244897,0.03323921601607676,0.45794392523364486,0.9191157152786594,10,1,42
35,0.14285714285714285,0.019720982659908227,0.4537037037037037,0.6954111231066475,34,19,42
17,0.12244897959183673,0.01809058802231071,0.4375,0.6293986381352625,47,24,42
13,0.1020408163265306,0.008244535604229481,0.4117647058823529,0.45454106476777323,15,38,42
2,0.18367346938775508,0.023643733078757095,0.5157894736842106,0.7371007058430192,16,37,42
10,0.12244897959183673,0.013472618415220454,0.4336283185840708,0.9587024074078462,12,31,42
15,0.18367346938775508,0.0315418014247546,0.5,0.39452179860812986,7,19,42
23,0.08163265306122448,0.006192635784472519,0.4224137931034483,0.3356600647969632,28,28,42
27,0.18367346938775508,0.04034407226371513,0.48514851485148514,0.46369840493998216,36,36,42
49,0.14285714285714285,0.017099363888079377,0.47115384615384615,0.07773463696498484,27,29,42
40,0.22448979591836732,0.048362102500007664,0.532608695652174,0.9862107444796029,35,9,42
16,0.04081632653061224,0.000750489589775304,0.362962962962963,0.30952761628632774,8,37,42
19,0.12244897959183673,0.010561079590566385,0.4537037037037037,0.6847311725538793,12,39,42
28,0.2040816326530612,0.05104504998525107,0.5104166666666666,0.9109271844938425,12,0,42
5,0.14285714285714285,0.015812888453194573,0.45794392523364486,0.4166390577384792,18,45,42
4,0.08163265306122448,0.0027520594484880196,0.4298245614035088,0.9191765518355596,47,12,42
9,0.12244897959183673,0.023275035122274017,0.4666666666666667,0.8660638895004084,30,11,42
44,0.18367346938775508,0.030948090191787677,0.48514851485148514,0.026366974497252005,4,45,42
32,0.16326530612244897,0.020764913940934354,0.46226415094339623,0.48037008186635466,0,27,42
46,0.14285714285714285,0.013591831448974306,0.45794392523364486,0.37673896993794076,49,41,42
25,0.12244897959183673,0.01615357265117169,0.44144144144144143,0.9699143978146032,24,30,42
26,0.12244897959183673,0.012656386508427325,0.44545454545454544,0.8383287047111379,49,49,42
33,0.18367346938775508,0.0430666854098727,0.5104166666666666,0.4148195023376652,41,46,42
0,0.2040816326530612,0.046422896359120856,0.5051546391752577,0.056375496650927115,21,20,42
5,0.14285714285714285,0.015812888453194573,0.45794392523364486,0.8129010091300776,28,45,42
30,0.16326530612244897,0.023649706510976018,0.5,0.9966368370739054,4,45,42
22,0.14285714285714285,0.02003953623851583,0.4803921568627451,0.7261208440718481,37,4,42
9,0.12244897959183673,0.023275035122274017,0.4666666666666667,0.37785054927578643,10,35,42
20,0.16326530612244897,0.03323921601607676,0.45794392523364486,0.2050453285065249,13,48,42
0,0.2040816326530612,0.046422896359120856,0.5051546391752577,0.60617463445088,45,45,42
0,0.2040816326530612,0.046422896359120856,0.5051546391752577,0.7569991321722287,49,20,42
33,0.18367346938775508,0.0430666854098727,0.5104166666666666,0.26867248202530736,27,36,42
38,0.12244897959183673,0.01697232047997354,0.47115384615384615,0.49816518664589293,25,48,42
2,0.18367346938775508,0.023643733078757095,0.5157894736842106,0.8163857352130623,12,12,42
43,0.12244897959183673,0.014583750166733358,0.45794392523364486,0.08840822336564658,4,40,42
16,0.04081632653061224,0.000750489589775304,0.362962962962963,0.48004596701847513,48,36,42
22,0.14285714285714285,0.02003953623851583,0.4803921568627451,0.7846682639443096,14,28,42
13,0.1020408163265306,0.008244535604229481,0.4117647058823529,0.8050446675193619,1,38,42
38,0.12244897959183673,0.01697232047997354,0.47115384615384615,0.617263712097292,37,39,42
33,0.18367346938775508,0.0430666854098727,0.5104166666666666,0.6080878495418852,38,38,42
17,0.12244897959183673,0.01809058802231071,0.4375,0.5548156085422257,30,30,42
33,0.18367346938775508,0.0430666854098727,0.5104166666666666,0.4509104474161044,38,38,42
14,0.12244897959183673,0.01745357816786388,0.4375,0.6220867002278735,30,3,42
16,0.04081632653061224,0.000750489589775304,0.362962962962963,0.7964717756738773,4,37,42
9,0.12244897959183673,0.023275035122274017,0.4666666666666667,0.4921162930795382,17,24,42
19,0.12244897959183673,0.010561079590566385,0.4537037037037037,0.04586126640463295,24,35,42
5,0.14285714285714285,0.015812888453194573,0.45794392523364486,0.3287516102875082,1,47,42
42,0.2040816326530612,0.037110328230526304,0.5268817204301075,0.24014561877819307,43,31,42
46,0.14285714285714285,0.013591831448974306,0.45794392523364486,0.12804583895777244,22,40,42
30,0.16326530612244897,0.023649706510976018,0.5,0.13882717264941014,10,35,42
7,0.1020408163265306,0.005333813720293311,0.4298245614035088,0.18188008439914483,3,28,42
24,0.061224489795918366,0.0028105091242846348,0.3951612903225806,0.8743176048544171,2,9,42
26,0.12244897959183673,0.012656386508427325,0.44545454545454544,0.9731103492701043,29,44,42
18,0.061224489795918366,0.003772602114438849,0.3983739837398374,0.16893506307216455,21,27,42
27,0.18367346938775508,0.04034407226371513,0.48514851485148514,0.17701048427674682,42,36,42
20,0.16326530612244897,0.03323921601607676,0.45794392523364486,0.12063587110060081,5,9,42
40,0.22448979591836732,0.048362102500007664,0.532608695652174,0.2063337184057925,11,9,42
33,0.18367346938775508,0.0430666854098727,0.5104166666666666,0.5034172708548569,49,12,42
44,0.18367346938775508,0.030948090191787677,0.48514851485148514,0.039312139841098936,26,26,42
46,0.14285714285714285,0.013591831448974306,0.45794392523364486,0.08175903194887191,21,41,42
29,0.24489795918367346,0.06340367163071246,0.5268817204301075,0.9208724005318132,43,43,42
16,0.04081632653061224,0.000750489589775304,0.362962962962963,0.8683011070355868,26,36,42
7,0.1020408163265306,0.005333813720293311,0.4298245614035088,0.5972780822554306,49,19,42
14,0.12244897959183673,0.01745357816786388,0.4375,0.370472102791382,47,43,42
21,0.08163265306122448,0.006309636950018101,0.4336283185840708,0.618254771530296,13,13,42
22,0.14285714285714285,0.02003953623851583,0.4803921568627451,0.4625347161331479,13,44,42
44,0.18367346938775508,0.030948090191787677,0.48514851485148514,0.0366832028905979,25,15,42
6,0.18367346938775508,0.03949572017174058,0.494949494949495,0.8952068376871993,2,2,42
45,0.26530612244897955,0.058031599530699154,0.550561797752809,0.5321134852653157,42,2,42
44,0.18367346938775508,0.030948090191787677,0.48514851485148514,0.44741236682345464,17,29,42
34,0.14285714285714285,0.01891827465807058,0.46226415094339623,0.1048691665324809,14,12,42
36,0.18367346938775508,0.05040430605031445,0.5051546391752577,0.02007119777772637,27,27,42
16,0.04081632653061224,0.000750489589775304,0.362962962962963,0.08920432871205619,39,37,42
43,0.12244897959183673,0.014583750166733358,0.45794392523364486,0.890527280739895,24,40,42
19,0.12244897959183673,0.010561079590566385,0.4537037037037037,0.6791023191444896,25,15,42
2,0.18367346938775508,0.023643733078757095,0.5157894736842106,0.4984421989290573,41,6,42
46,0.14285714285714285,0.013591831448974306,0.45794392523364486,0.5371065418185478,35,41,42
33,0.18367346938775508,0.0430666854098727,0.5104166666666666,0.74543947418433,47,12,42
48,0.1020408163265306,0.012431352411094308,0.45794392523364486,0.12758030279556376,43,20,42
40,0.22448979591836732,0.048362102500007664,0.532608695652174,0.3630822963986351,36,36,42
25,0.12244897959183673,0.01615357265117169,0.44144144144144143,0.24435315546465453,34,34,42
44,0.18367346938775508,0.030948090191787677,0.48514851485148514,0.6057748193568872,5,45,42
32,0.16326530612244897,0.020764913940934354,0.46226415094339623,0.22533279771252823,21,9,42
5,0.14285714285714285,0.015812888453194573,0.45794392523364486,0.16068137325955567,48,45,42
10,0.12244897959183673,0.013472618415220454,0.4336283185840708,0.17337359529475482,30,35,42
8,0.1020408163265306,0.008334579252946598,0.4336283185840708,0.5245113895702547,2,31,42
39,0.22448979591836732,0.053688065510919654,0.5157894736842106,0.9823786169086064,36,37,42
30,0.16326530612244897,0.023649706510976018,0.5,0.39785559904574164,5,45,42
27,0.18367346938775508,0.04034407226371513,0.48514851485148514,0.8655071258939803,10,47,42
5,0.14285714285714285,0.015812888453194573,0.45794392523364486,0.49074877925878446,49,45,42
37,0.12244897959183673,0.022625928076858454,0.44954128440366975,0.5567628930139298,1,16,42
7,0.1020408163265306,0.005333813720293311,0.4298245614035088,0.2799790936602842,26,44,42
43,0.12244897959183673,0.014583750166733358,0.45794392523364486,0.18704374855752337,4,40,42
3,0.12244897959183673,0.011960073531577133,0.44954128440366975,0.19950692733831976,19,29,42
19,0.12244897959183673,0.010561079590566385,0.4537037037037037,0.5298400231811167,49,15,42
0,0.2040816326530612,0.046422896359120856,0.5051546391752577,0.7677795014428388,26,27,42
37,0.12244897959183673,0.022625928076858454,0.44954128440366975,0.506103956359347,36,16,42
35,0.14285714285714285,0.019720982659908227,0.4537037037037037,0.5325894325515859,12,19,42
32,0.16326530612244897,0.020764913940934354,0.46226415094339623,0.3366042781939206,5,9,42
9,0.12244897959183673,0.023275035122274017,0.4666666666666667,0.06337497047276774,4,11,42
43,0.12244897959183673,0.014583750166733358,0.45794392523364486,0.32235384497472297,1,1,42
1,0.1020408163265306,0.008892781915741098,0.4375,0.25464065476376385,20,20,42
36,0.18367346938775508,0.05040430605031445,0.5051546391752577,0.7602278598896866,8,20,42
10,0.12244897959183673,0.013472618415220454,0.4336283185840708,0.47157618855015837,15,35,42
34,0.14285714285714285,0.01891827465807058,0.46226415094339623,0.10669925011343606,29,11,42
4,0.08163265306122448,0.0027520594484880196,0.4298245614035088,0.4085182929359169,44,45,42
10,0.12244897959183673,0.013472618415220454,0.4336283185840708,0.20500181005323725,8,31,42
34,0.14285714285714285,0.01891827465807058,0.46226415094339623,0.9264494235897112,35,25,42
21,0.08163265306122448,0.006309636950018101,0.4336283185840708,0.1397723766262895,29,11,42
40,0.22448979591836732,0.048362102500007664,0.532608695652174,0.20162732004774453,36,36,42
29,0.24489795918367346,0.06340367163071246,0.5268817204301075,0.16426579793099294,35,41,42
4,0.08163265306122448,0.0027520594484880196,0.4298245614035088,0.6651972206962001,19,39,42
25,0.12244897959183673,0.01615357265117169,0.44144144144144143,0.3161965822964946,3,3,42
41,0.18367346938775508,0.04269161696757735,0.5104166666666666,0.6829820634171324,24,29,42
7,0.1020408163265306,0.005333813720293311,0.4298245614035088,0.713782454855326,39,19,42
31,0.14285714285714285,0.018356157606232635,0.49,0.539781061914633,38,29,42
14,0.12244897959183673,0.01745357816786388,0.4375,0.2322126951468173,33,43,42
32,0.16326530612244897,0.020764913940934354,0.46226415094339623,0.3838912213732114,47,27,42
13,0.1020408163265306,0.008244535604229481,0.4117647058823529,0.22902539092479635,40,38,42
38,0.12244897959183673,0.01697232047997354,0.47115384615384615,0.9398321236134751,5,45,42
6,0.18367346938775508,0.03949572017174058,0.494949494949495,0.6937176074033384,8,2,42
14,0.12244897959183673,0.01745357816786388,0.4375,0.6200727559285135,47,43,42
29,0.24489795918367346,0.06340367163071246,0.5268817204301075,0.5731508492573887,39,11,42
28,0.2040816326530612,0.05104504998525107,0.5104166666666666,0.7524031200388227,38,0,42
36,0.18367346938775508,0.05040430605031445,0.5051546391752577,0.743946292572677,26,11,42
3,0.12244897959183673,0.011960073531577133,0.44954128440366975,0.7140640822236142,22,29,42
4,0.08163265306122448,0.0027520594484880196,0.4298245614035088,0.34208174871590746,10,12,42
37,0.12244897959183673,0.022625928076858454,0.44954128440366975,0.11063173695520723,12,39,42
35,0.14285714285714285,0.019720982659908227,0.4537037037037037,0.12748866233198242,45,9,42
14,0.12244897959183673,0.01745357816786388,0.4375,0.5398606371128367,29,3,42
28,0.2040816326530612,0.05104504998525107,0.5104166666666666,0.4089551770854932,47,0,42
44,0.18367346938775508,0.030948090191787677,0.48514851485148514,0.012203072318044517,1,13,42
35,0.14285714285714285,0.019720982659908227,0.4537037037037037,0.7161790747329522,36,9,42
26,0.12244897959183673,0.012656386508427325,0.44545454545454544,0.8267988278090783,4,44,42
9,0.12244897959183673,0.023275035122274017,0.4666666666666667,0.5833917947661205,40,40,42
7,0.1020408163265306,0.005333813720293311,0.4298245614035088,0.4620058036441327,23,28,42
45,0.26530612244897955,0.058031599530699154,0.550561797752809,0.1533514031160802,42,2,42
12,0.2040816326530612,0.04747176232020169,0.5104166666666666,0.505888678884466,40,40,42
24,0.061224489795918366,0.0028105091242846348,0.3951612903225806,0.01811018382084051,33,17,42
42,0.2040816326530612,0.037110328230526304,0.5268817204301075,0.10221266422519959,11,2,42
47,0.12244897959183673,0.015595621781846272,0.46226415094339623,0.7900846371240867,3,1,42
36,0.18367346938775508,0.05040430605031445,0.5051546391752577,0.6513672109882461,7,27,42
48,0.1020408163265306,0.012431352411094308,0.45794392523364486,0.374435369720422,27,38,42
8,0.1020408163265306,0.008334579252946598,0.4336283185840708,0.1042469660518095,29,31,42
40,0.22448979591836732,0.048362102500007664,0.532608695652174,0.9106861982557131,21,9,42
0,0.2040816326530612,0.046422896359120856,0.5051546391752577,0.2359060345950812,46,20,42
25,0.12244897959183673,0.01615357265117169,0.44144144144144143,0.18632087949412068,46,46,42
22,0.14285714285714285,0.02003953623851583,0.4803921568627451,0.8698963620621283,0,28,42
39,0.22448979591836732,0.053688065510919654,0.5157894736842106,0.39900270387013026,14,4,42
8,0.1020408163265306,0.008334579252946598,0.4336283185840708,0.2055798083756375,9,20,42
25,0.12244897959183673,0.01615357265117169,0.44144144144144143,0.11426730005568775,41,6,42
24,0.061224489795918366,0.0028105091242846348,0.3951612903225806,0.9198556164127605,26,9,42
1,0.1020408163265306,0.008892781915741098,0.4375,0.3469532018962277,7,20,42
33,0.18367346938775508,0.0430666854098727,0.5104166666666666,0.45221794088980716,26,12,42
42,0.2040816326530612,0.037110328230526304,0.5268817204301075,0.9127494628791288,44,26,42
23,0.08163265306122448,0.006192635784472519,0.4224137931034483,0.49836777273947974,25,15,42
5,0.14285714285714285,0.015812888453194573,0.45794392523364486,0.3114731711327574,24,45,42
28,0.2040816326530612,0.05104504998525107,0.5104166666666666,0.6322642879195304,43,0,42
27,0.18367346938775508,0.04034407226371513,0.48514851485148514,0.5151736824068126,20,0,42
16,0.04081632653061224,0.000750489589775304,0.362962962962963,0.45898898801701304,20,36,42
19,0.12244897959183673,0.010561079590566385,0.4537037037037037,0.08534966807864386,22,15,42
39,0.22448979591836732,0.053688065510919654,0.5157894736842106,0.29959591176647704,49,4,42
31,0.14285714285714285,0.018356157606232635,0.49,0.3973181154575979,12,33,42
18,0.061224489795918366,0.003772602114438849,0.3983739837398374,0.46823182844137934,32,6,42
48,0.1020408163265306,0.012431352411094308,0.45794392523364486,0.3777259474401693,44,38,42
15,0.18367346938775508,0.0315418014247546,0.5,0.5874536042340743,40,6,42
0,0.2040816326530612,0.046422896359120856,0.5051546391752577,0.7140591997898282,14,28,42
49,0.14285714285714285,0.017099363888079377,0.47115384615384615,0.5344558912572469,1,29,42
48,0.1020408163265306,0.012431352411094308,0.45794392523364486,0.5596403313082179,29,29,42
3,0.12244897959183673,0.011960073531577133,0.44954128440366975,0.3343628113104822,0,20,42
38,0.12244897959183673,0.01697232047997354,0.47115384615384615,0.37330931627975295,2,45,42
9,0.12244897959183673,0.023275035122274017,0.4666666666666667,0.6439995432390158,19,35,42
32,0.16326530612244897,0.020764913940934354,0.46226415094339623,0.9789314356159612,22,27,42
31,0.14285714285714285,0.018356157606232635,0.49,0.6589239419101514,6,42,42
0,0.2040816326530612,0.046422896359120856,0.5051546391752577,0.2310747965880714,3,20,42
7,0.1020408163265306,0.005333813720293311,0.4298245614035088,0.5694435177635003,47,28,42
32,0.16326530612244897,0.020764913940934354,0.46226415094339623,0.23818278104672652,27,27,42
33,0.18367346938775508,0.0430666854098727,0.5104166666666666,0.24317219099945409,35,46,42
13,0.1020408163265306,0.008244535604229481,0.4117647058823529,0.8556964681062857,32,38,42
42,0.2040816326530612,0.037110328230526304,0.5268817204301075,0.3971835296184548,15,2,42
36,0.18367346938775508,0.05040430605031445,0.5051546391752577,0.406392308273522,20,20,42
47,0.12244897959183673,0.015595621781846272,0.46226415094339623,0.013001923510736035,17,1,42
6,0.18367346938775508,0.03949572017174058,0.494949494949495,0.20788625514602732,33,33,42
18,0.061224489795918366,0.003772602114438849,0.3983739837398374,0.18143543508979731,48,27,42
35,0.14285714285714285,0.019720982659908227,0.4537037037037037,0.42142455059249795,28,28,42
1,0.1020408163265306,0.008892781915741098,0.4375,0.8174435617384409,0,20,42
19,0.12244897959183673,0.010561079590566385,0.4537037037037037,0.2594234334312925,10,35,42
1,0.1020408163265306,0.008892781915741098,0.4375,0.5902949425148077,3,20,42
11,0.18367346938775508,0.0317400104952626,0.5051546391752577,0.624148907849134,20,9,42
37,0.12244897959183673,0.022625928076858454,0.44954128440366975,0.36275789466594544,29,16,42
43,0.12244897959183673,0.014583750166733358,0.45794392523364486,0.9484533069621567,34,40,42
21,0.08163265306122448,0.006309636950018101,0.4336283185840708,0.14011317576645255,44,11,42
9,0.12244897959183673,0.023275035122274017,0.4666666666666667,0.48743119824951364,30,11,42
45,0.26530612244897955,0.058031599530699154,0.550561797752809,0.7998552559473152,22,44,42
16,0.04081632653061224,0.000750489589775304,0.362962962962963,0.2686773593849461,17,36,42
39,0.22448979591836732,0.053688065510919654,0.5157894736842106,0.6334782198261473,1,38,42
38,0.12244897959183673,0.01697232047997354,0.47115384615384615,0.13935607407282413,8,13,42
42,0.2040816326530612,0.037110328230526304,0.5268817204301075,0.9844021807035521,46,31,42
28,0.2040816326530612,0.05104504998525107,0.5104166666666666,0.6912218576096544,45,0,42
36,0.18367346938775508,0.05040430605031445,0.5051546391752577,0.8225838759116739,10,33,42
20,0.16326530612244897,0.03323921601607676,0.45794392523364486,0.5765164755142536,42,0,42
37,0.12244897959183673,0.022625928076858454,0.44954128440366975,0.5541780025157934,33,16,42
24,0.061224489795918366,0.0028105091242846348,0.3951612903225806,0.8297418037072016,38,9,42
22,0.14285714285714285,0.02003953623851583,0.4803921568627451,0.140018538660449,42,28,42
26,0.12244897959183673,0.012656386508427325,0.44545454545454544,0.8738900775625152,31,44,42
39,0.22448979591836732,0.053688065510919654,0.5157894736842106,0.6005168604336534,33,4,42
6,0.18367346938775508,0.03949572017174058,0.494949494949495,0.9144119459249598,10,15,42
25,0.12244897959183673,0.01615357265117169,0.44144144144144143,0.38313852824949746,20,48,42
45,0.26530612244897955,0.058031599530699154,0.550561797752809,0.1662833687560794,1,11,42
42,0.2040816326530612,0.037110328230526304,0.5268817204301075,0.08279866792512647,0,2,42
35,0.14285714285714285,0.019720982659908227,0.4537037037037037,0.06824970535409158,25,19,42
10,0.12244897959183673,0.013472618415220454,0.4336283185840708,0.4371933963572435,40,31,42
35,0.14285714285714285,0.019720982659908227,0.4537037037037037,0.7215328611219056,49,49,42
39,0.22448979591836732,0.053688065510919654,0.5157894736842106,0.9493067970577657,34,4,42
46,0.14285714285714285,0.013591831448974306,0.45794392523364486,0.936829739324758,23,25,42
4,0.08163265306122448,0.0027520594484880196,0.4298245614035088,0.2699112223921949,33,12,42
46,0.14285714285714285,0.013591831448974306,0.45794392523364486,0.1620138778915846,19,25,42
42,0.2040816326530612,0.037110328230526304,0.5268817204301075,0.49636624720123634,16,36,42
44,0.18367346938775508,0.030948090191787677,0.48514851485148514,0.3342438908169608,42,26,42
25,0.12244897959183673,0.01615357265117169,0.44144144144144143,0.1065982531337718,1,48,42
8,0.1020408163265306,0.008334579252946598,0.4336283185840708,0.7281887562036033,40,31,42
24,0.061224489795918366,0.0028105091242846348,0.3951612903225806,0.5982860582681546,43,9,42
24,0.061224489795918366,0.0028105091242846348,0.3951612903225806,0.07593341036962209,39,9,42
49,0.14285714285714285,0.017099363888079377,0.47115384615384615,0.0023393906257782593,36,29,42
29,0.24489795918367346,0.06340367163071246,0.5268817204301075,0.5902306668690871,38,48,42
18,0.061224489795918366,0.003772602114438849,0.3983739837398374,0.09158207332663415,37,27,42
48,0.1020408163265306,0.012431352411094308,0.45794392523364486,0.9502373538208024,16,20,42
48,0.1020408163265306,0.012431352411094308,0.45794392523364486,0.0867052118621836,46,25,42
15,0.18367346938775508,0.0315418014247546,0.5,0.7583924139456815,24,49,42
30,0.16326530612244897,0.023649706510976018,0.5,0.7590358455388498,20,45,42
36,0.18367346938775508,0.05040430605031445,0.5051546391752577,0.8491956515653193,15,16,42
24,0.061224489795918366,0.0028105091242846348,0.3951612903225806,0.4894249636431405,17,17,42
14,0.12244897959183673,0.01745357816786388,0.4375,0.05159580665871,26,3,42
25,0.12244897959183673,0.01615357265117169,0.44144144144144143,0.044165437710100175,47,48,42
15,0.18367346938775508,0.0315418014247546,0.5,0.9993534995658349,6,6,42
25,0.12244897959183673,0.01615357265117169,0.44144144144144143,0.4732101180813334,20,48,42
6,0.18367346938775508,0.03949572017174058,0.494949494949495,0.12052257878646444,14,18,42
6,0.18367346938775508,0.03949572017174058,0.494949494949495,0.19259902778563043,9,32,42
7,0.1020408163265306,0.005333813720293311,0.4298245614035088,0.7953418379590974,23,28,42
30,0.16326530612244897,0.023649706510976018,0.5,0.054882614646474925,29,45,42
34,0.14285714285714285,0.01891827465807058,0.46226415094339623,0.5224345760711689,17,32,42
38,0.12244897959183673,0.01697232047997354,0.47115384615384615,0.6501673504432282,16,27,42
23,0.08163265306122448,0.006192635784472519,0.4224137931034483,0.560677194003514,35,28,42
44,0.18367346938775508,0.030948090191787677,0.48514851485148514,0.8849983565232811,33,45,42
42,0.2040816326530612,0.037110328230526304,0.5268817204301075,0.4410321617481616,39,2,42
22,0.14285714285714285,0.02003953623851583,0.4803921568627451,0.5724277594334657,44,44,42
48,0.1020408163265306,0.012431352411094308,0.45794392523364486,0.7907231648389635,3,29,42
24,0.061224489795918366,0.0028105091242846348,0.3951612903225806,0.6258913764370091,12,9,42
15,0.18367346938775508,0.0315418014247546,0.5,0.6158631881823046,45,45,42
1,0.1020408163265306,0.008892781915741098,0.4375,0.8700988739009299,35,20,42
29,0.24489795918367346,0.06340367163071246,0.5268817204301075,0.528937134027212,12,11,42
31,0.14285714285714285,0.018356157606232635,0.49,0.7987832357736654,32,42,42
38,0.12244897959183673,0.01697232047997354,0.47115384615384615,0.35071181545171015,46,48,42
48,0.1020408163265306,0.012431352411094308,0.45794392523364486,0.03759677320626087,28,20,42
43,0.12244897959183673,0.014583750166733358,0.45794392523364486,0.8736771141863388,15,40,42
46,0.14285714285714285,0.013591831448974306,0.45794392523364486,0.09169933511143014,9,40,42
38,0.12244897959183673,0.01697232047997354,0.47115384615384615,0.7375823015888915,19,39,42
29,0.24489795918367346,0.06340367163071246,0.5268817204301075,0.11047411313139466,49,49,42
13,0.1020408163265306,0.008244535604229481,0.4117647058823529,0.8528218216919013,30,38,42
17,0.12244897959183673,0.01809058802231071,0.4375,0.04209318963636188,37,37,42
0,0.2040816326530612,0.046422896359120856,0.5051546391752577,0.04510067722032318,46,20,42
14,0.12244897959183673,0.01745357816786388,0.4375,0.39163014054035605,49,3,42
3,0.12244897959183673,0.011960073531577133,0.44954128440366975,0.956415697559425,12,29,42
36,0.18367346938775508,0.05040430605031445,0.5051546391752577,0.08941100231225951,37,16,42
5,0.14285714285714285,0.015812888453194573,0.45794392523364486,0.8791183075621647,39,45,42
45,0.26530612244897955,0.058031599530699154,0.550561797752809,0.4674015112498697,23,5,42
12,0.2040816326530612,0.04747176232020169,0.5104166666666666,0.16703394609207523,34,34,42
3,0.12244897959183673,0.011960073531577133,0.44954128440366975,0.9427317741351257,8,29,42
44,0.18367346938775508,0.030948090191787677,0.48514851485148514,0.2306698117177587,46,29,42
33,0.18367346938775508,0.0430666854098727,0.5104166666666666,0.036731937426613626,25,46,42
2,0.18367346938775508,0.023643733078757095,0.5157894736842106,0.8007696871298751,6,6,42
46,0.14285714285714285,0.013591831448974306,0.45794392523364486,0.8837858849634257,22,40,42
34,0.14285714285714285,0.01891827465807058,0.46226415094339623,0.9949078226464353,19,25,42
41,0.18367346938775508,0.04269161696757735,0.5104166666666666,0.7582384757040913,34,6,42
16,0.04081632653061224,0.000750489589775304,0.362962962962963,0.8974361480462039,24,36,42
34,0.14285714285714285,0.01891827465807058,0.46226415094339623,0.6229373829351187,38,25,42
46,0.14285714285714285,0.013591831448974306,0.45794392523364486,0.5929399348417032,24,40,42
13,0.1020408163265306,0.008244535604229481,0.4117647058823529,0.09148683739775487,37,38,42
40,0.22448979591836732,0.048362102500007664,0.532608695652174,0.27295937485631494,2,12,42
28,0.2040816326530612,0.05104504998525107,0.5104166666666666,0.04437666353323677,8,0,42
33,0.18367346938775508,0.0430666854098727,0.5104166666666666,0.03542236841854507,11,12,42
14,0.12244897959183673,0.01745357816786388,0.4375,0.9315894883189899,40,43,42
10,0.12244897959183673,0.013472618415220454,0.4336283185840708,0.4084532130706987,34,31,42
14,0.12244897959183673,0.01745357816786388,0.4375,0.2597537837603262,38,18,42
4,0.08163265306122448,0.0027520594484880196,0.4298245614035088,0.4958757350787708,48,45,42
5,0.14285714285714285,0.015812888453194573,0.45794392523364486,0.22018320194981134,37,45,42
12,0.2040816326530612,0.04747176232020169,0.5104166666666666,0.07613085949030018,28,2,42
16,0.04081632653061224,0.000750489589775304,0.362962962962963,0.8829062691374613,40,36,42
28,0.2040816326530612,0.05104504998525107,0.5104166666666666,0.34780920790219305,2,0,42
33,0.18367346938775508,0.0430666854098727,0.5104166666666666,0.5657319639957911,40,12,42
44,0.18367346938775508,0.030948090191787677,0.48514851485148514,0.878629986355158,32,15,42
18,0.061224489795918366,0.003772602114438849,0.3983739837398374,0.6584518346584255,15,6,42
32,0.16326530612244897,0.020764913940934354,0.46226415094339623,0.7083629767150348,48,27,42
42,0.2040816326530612,0.037110328230526304,0.5268817204301075,0.6974714616692836,45,2,42
41,0.18367346938775508,0.04269161696757735,0.5104166666666666,0.6186113782151843,35,35,42
37,0.12244897959183673,0.022625928076858454,0.44954128440366975,0.8816371327703502,6,2,42
44,0.18367346938775508,0.030948090191787677,0.48514851485148514,0.8258167505647627,30,45,42
9,0.12244897959183673,0.023275035122274017,0.4666666666666667,0.3351188542591419,32,32,42
29,0.24489795918367346,0.06340367163071246,0.5268817204301075,0.1607598960483082,39,11,42
35,0.14285714285714285,0.019720982659908227,0.4537037037037037,0.8321341779577419,1,9,42
28,0.2040816326530612,0.05104504998525107,0.5104166666666666,0.00638587171683358,11,0,42
31,0.14285714285714285,0.018356157606232635,0.49,0.6169269183757422,12,33,42
48,0.1020408163265306,0.012431352411094308,0.45794392523364486,0.6318135270166684,40,20,42
30,0.16326530612244897,0.023649706510976018,0.5,0.6340057030996114,34,25,42
23,0.08163265306122448,0.006192635784472519,0.4224137931034483,0.7798453951511436,45,5,42
5,0.14285714285714285,0.015812888453194573,0.45794392523364486,0.761027902502028,19,45,42
9,0.12244897959183673,0.023275035122274017,0.4666666666666667,0.9629920038589946,41,11,42
27,0.18367346938775508,0.04034407226371513,0.48514851485148514,0.9320281055100175,14,18,42
28,0.2040816326530612,0.05104504998525107,0.5104166666666666,0.9372284872364511,21,0,42
31,0.14285714285714285,0.018356157606232635,0.49,0.0678370591051719,36,33,42
26,0.12244897959183673,0.012656386508427325,0.44545454545454544,0.7709842925321355,16,44,42
16,0.04081632653061224,0.000750489589775304,0.362962962962963,0.4735738884350885,9,36,42
21,0.08163265306122448,0.006309636950018101,0.4336283185840708,0.07469441775785401,26,11,42
17,0.12244897959183673,0.01809058802231071,0.4375,0.9734889691773969,13,24,42
28,0.2040816326530612,0.05104504998525107,0.5104166666666666,0.7496518317429247,11,0,42
34,0.14285714285714285,0.01891827465807058,0.46226415094339623,0.02458691645880151,11,11,42
10,0.12244897959183673,0.013472618415220454,0.4336283185840708,0.32361021914954125,33,31,42
14,0.12244897959183673,0.01745357816786388,0.4375,0.7704074178077932,32,18,42
22,0.14285714285714285,0.02003953623851583,0.4803921568627451,0.15893828327675652,26,44,42
33,0.18367346938775508,0.0430666854098727,0.5104166666666666,0.9443036349578299,28,36,42
34,0.14285714285714285,0.01891827465807058,0.46226415094339623,0.854209774461566,12,12,42
14,0.12244897959183673,0.01745357816786388,0.4375,0.6936822257814886,29,3,42
31,0.14285714285714285,0.018356157606232635,0.49,0.7728227800168045,1,40,42
19,0.12244897959183673,0.010561079590566385,0.4537037037037037,0.13133512640937806,22,15,42
2,0.18367346938775508,0.023643733078757095,0.5157894736842106,0.9632366534401319,17,45,42
27,0.18367346938775508,0.04034407226371513,0.48514851485148514,0.9436159201675989,29,38,42
15,0.18367346938775508,0.0315418014247546,0.5,0.6385259476640855,37,19,42
5,0.14285714285714285,0.015812888453194573,0.45794392523364486,0.27421520234867003,19,45,42
2,0.18367346938775508,0.023643733078757095,0.5157894736842106,0.32074274043812745,0,0,42
37,0.12244897959183673,0.022625928076858454,0.44954128440366975,0.7458370120309643,14,16,42
34,0.14285714285714285,0.01891827465807058,0.46226415094339623,0.651666825375885,49,25,42
11,0.18367346938775508,0.0317400104952626,0.5051546391752577,0.864358249839637,18,36,42
15,0.18367346938775508,0.0315418014247546,0.5,0.9681934279147217,27,19,42
45,0.26530612244897955,0.058031599530699154,0.550561797752809,0.8686231679556108,24,11,42
7,0.1020408163265306,0.005333813720293311,0.4298245614035088,0.45369363460528267,15,19,42
49,0.14285714285714285,0.017099363888079377,0.47115384615384615,0.6262203216314154,6,15,42
43,0.12244897959183673,0.014583750166733358,0.45794392523364486,0.9208478478156868,23,1,42
2,0.18367346938775508,0.023643733078757095,0.5157894736842106,0.7965372909761763,20,0,42
24,0.061224489795918366,0.0028105091242846348,0.3951612903225806,0.11730818896239448,30,9,42
16,0.04081632653061224,0.000750489589775304,0.362962962962963,0.24753995560337516,44,36,42
8,0.1020408163265306,0.008334579252946598,0.4336283185840708,0.22554014244373544,38,13,42
21,0.08163265306122448,0.006309636950018101,0.4336283185840708,0.7975591006371882,1,11,42
10,0.12244897959183673,0.013472618415220454,0.4336283185840708,0.14958064266756577,13,26,42
20,0.16326530612244897,0.03323921601607676,0.45794392523364486,0.6804566263593252,17,9,42
17,0.12244897959183673,0.01809058802231071,0.4375,0.9746998518706899,46,24,42
37,0.12244897959183673,0.022625928076858454,0.44954128440366975,0.6569838575644931,31,2,42
24,0.061224489795918366,0.0028105091242846348,0.3951612903225806,0.952648638038717,33,17,42
40,0.22448979591836732,0.048362102500007664,0.532608695652174,0.7242853081264119,7,43,42
23,0.08163265306122448,0.006192635784472519,0.4224137931034483,0.24204501586252747,41,15,42
45,0.26530612244897955,0.058031599530699154,0.550561797752809,0.01836763694054,31,11,42
21,0.08163265306122448,0.006309636950018101,0.4336283185840708,0.702464970544104,28,11,42
9,0.12244897959183673,0.023275035122274017,0.4666666666666667,0.00977084741918366,40,40,42
32,0.16326530612244897,0.020764913940934354,0.46226415094339623,0.5342422059764451,1,9,42
40,0.22448979591836732,0.048362102500007664,0.532608695652174,0.08250853444042128,12,12,42
12,0.2040816326530612,0.04747176232020169,0.5104166666666666,0.39692327620159606,26,4,42
1,0.1020408163265306,0.008892781915741098,0.4375,0.5675408482615582,38,20,42
45,0.26530612244897955,0.058031599530699154,0.550561797752809,0.2001502442448101,14,11,42
43,0.12244897959183673,0.014583750166733358,0.45794392523364486,0.951549974355327,49,29,42
2,0.18367346938775508,0.023643733078757095,0.5157894736842106,0.5947766373769361,6,6,42
8,0.1020408163265306,0.008334579252946598,0.4336283185840708,0.6129441748656059,39,39,42
40,0.22448979591836732,0.048362102500007664,0.532608695652174,0.8709691237460856,11,9,42
49,0.14285714285714285,0.017099363888079377,0.47115384615384615,0.8017280830697918,27,29,42
46,0.14285714285714285,0.013591831448974306,0.45794392523364486,0.6608201182992507,6,25,42
15,0.18367346938775508,0.0315418014247546,0.5,0.5974758626319301,3,49,42
21,0.08163265306122448,0.006309636950018101,0.4336283185840708,0.48090383144898485,26,11,42
40,0.22448979591836732,0.048362102500007664,0.532608695652174,0.4386072164895384,42,31,42
17,0.12244897959183673,0.01809058802231071,0.4375,0.24710323401014644,11,24,42
12,0.2040816326530612,0.04747176232020169,0.5104166666666666,0.8717835665922017,25,34,42
18,0.061224489795918366,0.003772602114438849,0.3983739837398374,0.33689579177110685,46,6,42
7,0.1020408163265306,0.005333813720293311,0.4298245614035088,0.7896985071424791,29,44,42
31,0.14285714285714285,0.018356157606232635,0.49,0.5553635509376312,44,29,42
17,0.12244897959183673,0.01809058802231071,0.4375,0.22845474133129873,19,37,42
31,0.14285714285714285,0.018356157606232635,0.49,0.49327684678379957,41,29,42
27,0.18367346938775508,0.04034407226371513,0.48514851485148514,0.4032613611238318,9,0,42
28,0.2040816326530612,0.05104504998525107,0.5104166666666666,0.2576828885112137,14,14,42
11,0.18367346938775508,0.0317400104952626,0.5051546391752577,0.8682725054083805,49,29,42
30,0.16326530612244897,0.023649706510976018,0.5,0.42549333444807536,23,45,42
3,0.12244897959183673,0.011960073531577133,0.44954128440366975,0.3710387629846027,28,20,42
19,0.12244897959183673,0.010561079590566385,0.4537037037037037,0.5433005233632884,24,35,42
31,0.14285714285714285,0.018356157606232635,0.49,0.43861541918959046,41,29,42
33,0.18367346938775508,0.0430666854098727,0.5104166666666666,0.8734232380816606,36,36,42
33,0.18367346938775508,0.0430666854098727,0.5104166666666666,0.4217209268734554,36,36,42
41,0.18367346938775508,0.04269161696757735,0.5104166666666666,0.3838471518677963,11,29,42
17,0.12244897959183673,0.01809058802231071,0.4375,0.8359980637812094,40,24,42
32,0.16326530612244897,0.020764913940934354,0.46226415094339623,0.7760002070354295,35,9,42
35,0.14285714285714285,0.019720982659908227,0.4537037037037037,0.6018553836620085,48,9,42
41,0.18367346938775508,0.04269161696757735,0.5104166666666666,0.37284863718893446,44,29,42
1,0.1020408163265306,0.008892781915741098,0.4375,0.8543850933695791,37,20,42
44,0.18367346938775508,0.030948090191787677,0.48514851485148514,0.24723107440317704,40,45,42
46,0.14285714285714285,0.013591831448974306,0.45794392523364486,0.5148173539296902,13,25,42
24,0.061224489795918366,0.0028105091242846348,0.3951612903225806,0.5929508514349274,19,9,42
5,0.14285714285714285,0.015812888453194573,0.45794392523364486,0.3910815366517607,17,45,42
27,0.18367346938775508,0.04034407226371513,0.48514851485148514,0.8579862539227058,1,0,42
4,0.08163265306122448,0.0027520594484880196,0.4298245614035088,0.7734731256866006,0,45,42
35,0.14285714285714285,0.019720982659908227,0.4537037037037037,0.23702785710833618,45,9,42
30,0.16326530612244897,0.023649706510976018,0.5,0.8837096696607526,10,35,42
13,0.1020408163265306,0.008244535604229481,0.4117647058823529,0.5197739485560177,16,38,42
9,0.12244897959183673,0.023275035122274017,0.4666666666666667,0.8288833658826095,12,40,42
0,0.2040816326530612,0.046422896359120856,0.5051546391752577,0.2487142725876299,5,45,42
42,0.2040816326530612,0.037110328230526304,0.5268817204301075,0.7067772168854458,11,2,42
19,0.12244897959183673,0.010561079590566385,0.4537037037037037,0.03667142693354297,28,35,42
36,0.18367346938775508,0.05040430605031445,0.5051546391752577,0.6638045276218051,47,27,42
36,0.18367346938775508,0.05040430605031445,0.5051546391752577,0.8441704489691971,49,11,42
43,0.12244897959183673,0.014583750166733358,0.45794392523364486,0.8642161776741689,27,1,42
5,0.14285714285714285,0.015812888453194573,0.45794392523364486,0.5399058395022125,44,45,42
19,0.12244897959183673,0.010561079590566385,0.4537037037037037,0.05708685608931485,13,39,42
36,0.18367346938775508,0.05040430605031445,0.5051546391752577,0.05169683724152696,19,16,42
0,0.2040816326530612,0.046422896359120856,0.5051546391752577,0.4521990282834353,35,28,42
4,0.08163265306122448,0.0027520594484880196,0.4298245614035088,0.5072348086883924,33,12,42
13,0.1020408163265306,0.008244535604229481,0.4117647058823529,0.14834320096208886,11,38,42
49,0.14285714285714285,0.017099363888079377,0.47115384615384615,0.6859677359829841,23,15,42
33,0.18367346938775508,0.0430666854098727,0.5104166666666666,0.6391199378155004,24,36,42
38,0.12244897959183673,0.01697232047997354,0.47115384615384615,0.25422457989749325,30,45,42
42,0.2040816326530612,0.037110328230526304,0.5268817204301075,0.6668642575461043,22,28,42
19,0.12244897959183673,0.010561079590566385,0.4537037037037037,0.029973589872677953,23,15,42
44,0.18367346938775508,0.030948090191787677,0.48514851485148514,0.9398197919268417,15,15,42
7,0.1020408163265306,0.005333813720293311,0.4298245614035088,0.09390071578941839,21,28,42
7,0.1020408163265306,0.005333813720293311,0.4298245614035088,0.44375021930457115,29,44,42
4,0.08163265306122448,0.0027520594484880196,0.4298245614035088,0.1771497894473859,47,12,42
33,0.18367346938775508,0.0430666854098727,0.5104166666666666,0.8381152896481102,0,36,42
25,0.12244897959183673,0.01615357265117169,0.44144144144144143,0.6832480282896458,43,46,42
49,0.14285714285714285,0.017099363888079377,0.47115384615384615,0.6178472402012138,17,17,42
7,0.1020408163265306,0.005333813720293311,0.4298245614035088,0.5706097466388297,47,28,42
11,0.18367346938775508,0.0317400104952626,0.5051546391752577,0.9309486955069778,27,36,42
45,0.26530612244897955,0.058031599530699154,0.550561797752809,0.6765133857772465,3,11,42
18,0.061224489795918366,0.003772602114438849,0.3983739837398374,0.6588854702326572,31,6,42
47,0.12244897959183673,0.015595621781846272,0.46226415094339623,0.5771852367117482,4,12,42
27,0.18367346938775508,0.04034407226371513,0.48514851485148514,0.9994137257706666,1,0,42
5,0.14285714285714285,0.015812888453194573,0.45794392523364486,0.8664386675276454,9,45,42
24,0.061224489795918366,0.0028105091242846348,0.3951612903225806,0.7524277626155725,48,9,42
12,0.2040816326530612,0.04747176232020169,0.5104166666666666,0.7384492092513265,31,33,42
3,0.12244897959183673,0.011960073531577133,0.44954128440366975,0.404140321651033,34,25,42
45,0.26530612244897955,0.058031599530699154,0.550561797752809,0.6675933855635847,3,11,42
5,0.14285714285714285,0.015812888453194573,0.45794392523364486,0.7622851347766157,34,45,42
40,0.22448979591836732,0.048362102500007664,0.532608695652174,0.435583314812933,22,22,42
10,0.12244897959183673,0.013472618415220454,0.4336283185840708,0.12020905537060844,0,0,42
6,0.18367346938775508,0.03949572017174058,0.494949494949495,0.32838122788508106,25,25,42
0,0.2040816326530612,0.046422896359120856,0.5051546391752577,0.6098318054986945,12,2,42
14,0.12244897959183673,0.01745357816786388,0.4375,0.3804197042327977,21,3,42
28,0.2040816326530612,0.05104504998525107,0.5104166666666666,0.5964854749854216,24,0,42
31,0.14285714285714285,0.018356157606232635,0.49,0.44441945275120154,49,29,42
37,0.12244897959183673,0.022625928076858454,0.44954128440366975,0.587061707701151,25,2,42
7,0.1020408163265306,0.005333813720293311,0.4298245614035088,0.6425759689471896,46,28,42
1,0.1020408163265306,0.008892781915741098,0.4375,0.5004453091307415,46,43,42
20,0.16326530612244897,0.03323921601607676,0.45794392523364486,0.9514785596659912,26,48,42
1,0.1020408163265306,0.008892781915741098,0.4375,0.9142365159514699,6,20,42
28,0.2040816326530612,0.05104504998525107,0.5104166666666666,0.10891834184673144,25,0,42
4,0.08163265306122448,0.0027520594484880196,0.4298245614035088,0.5266237972689596,34,12,42
14,0.12244897959183673,0.01745357816786388,0.4375,0.47669547504115917,44,3,42
42,0.2040816326530612,0.037110328230526304,0.5268817204301075,0.5494142384304533,48,2,42
45,0.26530612244897955,0.058031599530699154,0.550561797752809,0.9555236959549347,43,4,42
44,0.18367346938775508,0.030948090191787677,0.48514851485148514,0.1957779856835461,20,13,42
15,0.18367346938775508,0.0315418014247546,0.5,0.07128027005516391,47,45,42
14,0.12244897959183673,0.01745357816786388,0.4375,0.6546930814313482,25,18,42
14,0.12244897959183673,0.01745357816786388,0.4375,0.9344360268055143,3,3,42
21,0.08163265306122448,0.006309636950018101,0.4336283185840708,0.10142082844921652,18,13,42
3,0.12244897959183673,0.011960073531577133,0.44954128440366975,0.5230847245817847,48,29,42
45,0.26530612244897955,0.058031599530699154,0.550561797752809,0.9296058774219892,26,44,42
27,0.18367346938775508,0.04034407226371513,0.48514851485148514,0.5809320532627977,35,0,42
41,0.18367346938775508,0.04269161696757735,0.5104166666666666,0.7176357859086295,35,35,42
1,0.1020408163265306,0.008892781915741098,0.4375,0.9767252386625789,49,20,42
25,0.12244897959183673,0.01615357265117169,0.44144144144144143,0.5224810405161183,24,30,42
6,0.18367346938775508,0.03949572017174058,0.494949494949495,0.8594157932805891,31,2,42
38,0.12244897959183673,0.01697232047997354,0.47115384615384615,0.184585129537033,12,45,42
48,0.1020408163265306,0.012431352411094308,0.45794392523364486,0.18522844654740966,41,29,42
35,0.14285714285714285,0.019720982659908227,0.4537037037037037,0.4835456467199247,19,19,42
6,0.18367346938775508,0.03949572017174058,0.494949494949495,0.3735096830383876,0,2,42
44,0.18367346938775508,0.030948090191787677,0.48514851485148514,0.11230434441121917,41,29,42
12,0.2040816326530612,0.04747176232020169,0.5104166666666666,0.8191888594267902,22,4,42
21,0.08163265306122448,0.006309636950018101,0.4336283185840708,0.22807977194893247,28,11,42
8,0.1020408163265306,0.008334579252946598,0.4336283185840708,0.6109809888509917,15,39,42
41,0.18367346938775508,0.04269161696757735,0.5104166666666666,0.7699447002516789,7,35,42
48,0.1020408163265306,0.012431352411094308,0.45794392523364486,0.2556449978092723,25,25,42
3,0.12244897959183673,0.011960073531577133,0.44954128440366975,0.8226143185136784,24,29,42
38,0.12244897959183673,0.01697232047997354,0.47115384615384615,0.8095299757684418,9,45,42
18,0.061224489795918366,0.003772602114438849,0.3983739837398374,0.14970396795695773,36,27,42
49,0.14285714285714285,0.017099363888079377,0.47115384615384615,0.16801420774486342,4,29,42
34,0.14285714285714285,0.01891827465807058,0.46226415094339623,0.8627970775432285,44,44,42
20,0.16326530612244897,0.03323921601607676,0.45794392523364486,0.17844596522777212,16,36,42
36,0.18367346938775508,0.05040430605031445,0.5051546391752577,0.23024616842786993,14,3,42
6,0.18367346938775508,0.03949572017174058,0.494949494949495,0.6379607933159701,32,32,42
8,0.1020408163265306,0.008334579252946598,0.4336283185840708,0.6320154860204185,14,31,42
24,0.061224489795918366,0.0028105091242846348,0.3951612903225806,0.2745402540001254,1,9,42
6,0.18367346938775508,0.03949572017174058,0.494949494949495,0.675841245087376,21,2,42
41,0.18367346938775508,0.04269161696757735,0.5104166666666666,0.7245168513986181,38,29,42
10,0.12244897959183673,0.013472618415220454,0.4336283185840708,0.34109002447422054,39,35,42
45,0.26530612244897955,0.058031599530699154,0.550561797752809,0.6032194102133722,18,38,42
37,0.12244897959183673,0.022625928076858454,0.44954128440366975,0.9055247923296739,42,2,42
44,0.18367346938775508,0.030948090191787677,0.48514851485148514,0.2648954472367334,46,29,42
36,0.18367346938775508,0.05040430605031445,0.5051546391752577,0.5957507281889567,32,27,42
8,0.1020408163265306,0.008334579252946598,0.4336283185840708,0.36695607920480067,7,0,42
5,0.14285714285714285,0.015812888453194573,0.45794392523364486,0.6171557833956468,41,45,42
12,0.2040816326530612,0.04747176232020169,0.5104166666666666,0.831863113251422,49,4,42
4,0.08163265306122448,0.0027520594484880196,0.4298245614035088,0.23371208191043302,44,45,42
20,0.16326530612244897,0.03323921601607676,0.45794392523364486,0.8800790875614583,7,0,42
49,0.14285714285714285,0.017099363888079377,0.47115384615384615,0.5329577865513353,2,29,42
2,0.18367346938775508,0.023643733078757095,0.5157894736842106,0.6694869551981901,22,45,42
22,0.14285714285714285,0.02003953623851583,0.4803921568627451,0.6618391898493786,44,44,42
16,0.04081632653061224,0.000750489589775304,0.362962962962963,0.7306505102392461,35,37,42
29,0.24489795918367346,0.06340367163071246,0.5268817204301075,0.5804750067166746,7,44,42
35,0.14285714285714285,0.019720982659908227,0.4537037037037037,0.17530294235765964,4,19,42
30,0.16326530612244897,0.023649706510976018,0.5,0.20093368865905648,47,45,42
15,0.18367346938775508,0.0315418014247546,0.5,0.09667644964671962,42,6,42
15,0.18367346938775508,0.0315418014247546,0.5,0.3475715242389821,11,45,42
11,0.18367346938775508,0.0317400104952626,0.5051546391752577,0.7954499607897292,7,9,42
15,0.18367346938775508,0.0315418014247546,0.5,0.23464208185545354,30,45,42
27,0.18367346938775508,0.04034407226371513,0.48514851485148514,0.02002635592582447,40,36,42
19,0.12244897959183673,0.010561079590566385,0.4537037037037037,0.7685998047885084,40,39,42
0,0.2040816326530612,0.046422896359120856,0.5051546391752577,0.5209579772720422,30,45,42
5,0.14285714285714285,0.015812888453194573,0.45794392523364486,0.08912443211601662,22,45,42
38,0.12244897959183673,0.01697232047997354,0.47115384615384615,0.12771348363523483,31,48,42
15,0.18367346938775508,0.0315418014247546,0.5,0.7820280876703859,11,45,42
33,0.18367346938775508,0.0430666854098727,0.5104166666666666,0.11764902847355863,13,38,42
22,0.14285714285714285,0.02003953623851583,0.4803921568627451,0.3601364074715191,45,44,42
20,0.16326530612244897,0.03323921601607676,0.45794392523364486,0.9369578230310628,1,1,42
8,0.1020408163265306,0.008334579252946598,0.4336283185840708,0.30552431065802355,0,0,42
22,0.14285714285714285,0.02003953623851583,0.4803921568627451,0.6005943333606173,26,44,42
5,0.14285714285714285,0.015812888453194573,0.45794392523364486,0.7862759567570945,35,45,42
14,0.12244897959183673,0.01745357816786388,0.4375,0.5665753621714186,22,28,42
41,0.18367346938775508,0.04269161696757735,0.5104166666666666,0.9305952146439163,11,29,42
41,0.18367346938775508,0.04269161696757735,0.5104166666666666,0.8174497084911916,37,39,42
34,0.14285714285714285,0.01891827465807058,0.46226415094339623,0.8779743204450695,29,11,42
29,0.24489795918367346,0.06340367163071246,0.5268817204301075,0.8059254001176211,13,48,42
15,0.18367346938775508,0.0315418014247546,0.5,0.3046791390980408,6,6,42
8,0.1020408163265306,0.008334579252946598,0.4336283185840708,0.40298017876516146,15,39,42
1,0.1020408163265306,0.008892781915741098,0.4375,0.6949510889024617,27,20,42
17,0.12244897959183673,0.01809058802231071,0.4375,0.9756102008599149,13,24,42
9,0.12244897959183673,0.023275035122274017,0.4666666666666667,0.5751633504966249,25,11,42
32,0.16326530612244897,0.020764913940934354,0.46226415094339623,0.6063709444333756,36,27,42
0,0.2040816326530612,0.046422896359120856,0.5051546391752577,0.898261627292706,46,20,42
45,0.26530612244897955,0.058031599530699154,0.550561797752809,0.9527975276012943,2,2,42
5,0.14285714285714285,0.015812888453194573,0.45794392523364486,0.6663068858350397,25,45,42
33,0.18367346938775508,0.0430666854098727,0.5104166666666666,0.4782340230480723,7,36,42
3,0.12244897959183673,0.011960073531577133,0.44954128440366975,0.2325513583653801,25,25,42
44,0.18367346938775508,0.030948090191787677,0.48514851485148514,0.96582216115322,11,29,42
31,0.14285714285714285,0.018356157606232635,0.49,0.3118161330852596,27,33,42
13,0.1020408163265306,0.008244535604229481,0.4117647058823529,0.4395116886329101,20,38,42
5,0.14285714285714285,0.015812888453194573,0.45794392523364486,0.2160381825095996,32,45,42
1,0.1020408163265306,0.008892781915741098,0.4375,0.1520248531286481,23,20,42
4,0.08163265306122448,0.0027520594484880196,0.4298245614035088,0.19178245559186058,19,39,42
24,0.061224489795918366,0.0028105091242846348,0.3951612903225806,0.4846015870188647,1,9,42
49,0.14285714285714285,0.017099363888079377,0.47115384615384615,0.6950352288585532,30,29,42
8,0.1020408163265306,0.008334579252946598,0.4336283185840708,0.23918010421592562,23,0,42
34,0.14285714285714285,0.01891827465807058,0.46226415094339623,0.1213849394224289,20,25,42
45,0.26530612244897955,0.058031599530699154,0.550561797752809,0.6921613416941319,6,2,42
32,0.16326530612244897,0.020764913940934354,0.46226415094339623,0.6331896260134641,3,9,42
39,0.22448979591836732,0.053688065510919654,0.5157894736842106,0.232645538562681,16,37,42
28,0.2040816326530612,0.05104504998525107,0.5104166666666666,0.5270414639116516,36,0,42
38,0.12244897959183673,0.01697232047997354,0.47115384615384615,0.8866042152404667,36,27,42
34,0.14285714285714285,0.01891827465807058,0.46226415094339623,0.52550462196864,6,25,42
21,0.08163265306122448,0.006309636950018101,0.4336283185840708,0.1768871451438544,13,13,42
21,0.08163265306122448,0.006309636950018101,0.4336283185840708,0.011031264428647214,4,11,42
1,0.1020408163265306,0.008892781915741098,0.4375,0.4185806216239353,27,20,42
37,0.12244897959183673,0.022625928076858454,0.44954128440366975,0.5821482297799723,14,16,42
22,0.14285714285714285,0.02003953623851583,0.4803921568627451,0.6189481930077215,39,4,42
12,0.2040816326530612,0.04747176232020169,0.5104166666666666,0.8343033659547675,21,4,42
44,0.18367346938775508,0.030948090191787677,0.48514851485148514,0.1988562777752959,20,13,42
36,0.18367346938775508,0.05040430605031445,0.5051546391752577,0.042633209287032736,45,11,42
16,0.04081632653061224,0.000750489589775304,0.362962962962963,0.2658511366543135,35,37,42
10,0.12244897959183673,0.013472618415220454,0.4336283185840708,0.844357082739616,21,35,42
25,0.12244897959183673,0.01615357265117169,0.44144144144144143,0.8646603921404177,3,3,42
47,0.12244897959183673,0.015595621781846272,0.46226415094339623,0.47601812936876653,17,1,42
40,0.22448979591836732,0.048362102500007664,0.532608695652174,0.3944762785700353,28,43,42
37,0.12244897959183673,0.022625928076858454,0.44954128440366975,0.7850165438370569,42,2,42
12,0.2040816326530612,0.04747176232020169,0.5104166666666666,0.9553346865039283,49,4,42
16,0.04081632653061224,0.000750489589775304,0.362962962962963,0.9428311414132617,8,37,42
1,0.1020408163265306,0.008892781915741098,0.4375,0.2546706220460512,48,20,42
9,0.12244897959183673,0.023275035122274017,0.4666666666666667,0.46147746462473416,40,40,42
10,0.12244897959183673,0.013472618415220454,0.4336283185840708,0.3863489098483155,34,31,42
21,0.08163265306122448,0.006309636950018101,0.4336283185840708,0.22696469436536415,7,11,42
16,0.04081632653061224,0.000750489589775304,0.362962962962963,0.5184080219452041,23,36,42
18,0.061224489795918366,0.003772602114438849,0.3983739837398374,0.7374337687214856,4,27,42
0,0.2040816326530612,0.046422896359120856,0.5051546391752577,0.6802277792083533,23,28,42
12,0.2040816326530612,0.04747176232020169,0.5104166666666666,0.08479201604580322,7,4,42
42,0.2040816326530612,0.037110328230526304,0.5268817204301075,0.07208433599867337,0,2,42
23,0.08163265306122448,0.006192635784472519,0.4224137931034483,0.01210847523488745,35,28,42
4,0.08163265306122448,0.0027520594484880196,0.4298245614035088,0.737508359459007,20,45,42
30,0.16326530612244897,0.023649706510976018,0.5,0.991588408870274,46,25,42
14,0.12244897959183673,0.01745357816786388,0.4375,0.6613706110704144,19,18,42
27,0.18367346938775508,0.04034407226371513,0.48514851485148514,0.4121309302627716,43,0,42
4,0.08163265306122448,0.0027520594484880196,0.4298245614035088,0.8305344564048399,30,45,42
7,0.1020408163265306,0.005333813720293311,0.4298245614035088,0.020944961030912812,10,10,42
31,0.14285714285714285,0.018356157606232635,0.49,0.9678600348450305,48,29,42
30,0.16326530612244897,0.023649706510976018,0.5,0.7692231478381336,7,45,42
24,0.061224489795918366,0.0028105091242846348,0.3951612903225806,0.3819396396528959,8,9,42
49,0.14285714285714285,0.017099363888079377,0.47115384615384615,0.12138641815940643,2,29,42
3,0.12244897959183673,0.011960073531577133,0.44954128440366975,0.06925430628585993,14,14,42
24,0.061224489795918366,0.0028105091242846348,0.3951612903225806,0.7987141916545746,9,9,42
11,0.18367346938775508,0.0317400104952626,0.5051546391752577,0.9799703293588506,27,36,42
12,0.2040816326530612,0.04747176232020169,0.5104166666666666,0.7480731794295321,32,2,42
31,0.14285714285714285,0.018356157606232635,0.49,0.6564786073315027,32,42,42
10,0.12244897959183673,0.013472618415220454,0.4336283185840708,0.3382675059944984,9,35,42
39,0.22448979591836732,0.053688065510919654,0.5157894736842106,0.22461561184385193,17,37,42
24,0.061224489795918366,0.0028105091242846348,0.3951612903225806,0.432076882944196,40,9,42
24,0.061224489795918366,0.0028105091242846348,0.3951612903225806,0.2737913075141065,21,9,42
19,0.12244897959183673,0.010561079590566385,0.4537037037037037,0.6759822755863554,21,39,42
45,0.26530612244897955,0.058031599530699154,0.550561797752809,0.645810812655206,49,11,42
34,0.14285714285714285,0.01891827465807058,0.46226415094339623,0.31692247734494494,31,12,42
38,0.12244897959183673,0.01697232047997354,0.47115384615384615,0.2584316202918181,49,48,42
46,0.14285714285714285,0.013591831448974306,0.45794392523364486,0.6360707637298251,17,40,42
20,0.16326530612244897,0.03323921601607676,0.45794392523364486,0.7481919059789975,7,0,42
45,0.26530612244897955,0.058031599530699154,0.550561797752809,0.18059459817530088,6,2,42
31,0.14285714285714285,0.018356157606232635,0.49,0.32005983252098347,10,10,42
21,0.08163265306122448,0.006309636950018101,0.4336283185840708,0.26933129830202507,43,11,42
27,0.18367346938775508,0.04034407226371513,0.48514851485148514,0.7279471767307432,29,38,42
1,0.1020408163265306,0.008892781915741098,0.4375,0.6852980161158734,29,20,42
26,0.12244897959183673,0.012656386508427325,0.44545454545454544,0.4883941300649396,31,44,42
22,0.14285714285714285,0.02003953623851583,0.4803921568627451,0.3423836360335465,24,44,42
21,0.08163265306122448,0.006309636950018101,0.4336283185840708,0.7581850110765374,43,11,42
32,0.16326530612244897,0.020764913940934354,0.46226415094339623,0.2975484513188206,2,2,42
18,0.061224489795918366,0.003772602114438849,0.3983739837398374,0.6888853020500907,23,27,42
38,0.12244897959183673,0.01697232047997354,0.47115384615384615,0.6362913539792481,44,13,42
36,0.18367346938775508,0.05040430605031445,0.5051546391752577,0.1608481739577462,47,27,42
15,0.18367346938775508,0.0315418014247546,0.5,0.24667886452162302,7,19,42
4,0.08163265306122448,0.0027520594484880196,0.4298245614035088,0.9918099513493635,2,12,42
39,0.22448979591836732,0.053688065510919654,0.5157894736842106,0.40149431586128825,34,4,42
41,0.18367346938775508,0.04269161696757735,0.5104166666666666,0.20403563462889884,33,46,42
9,0.12244897959183673,0.023275035122274017,0.4666666666666667,0.7330712960296748,21,11,42
38,0.12244897959183673,0.01697232047997354,0.47115384615384615,0.18802473461541613,26,13,42
40,0.22448979591836732,0.048362102500007664,0.532608695652174,0.7837917844853972,48,43,42
35,0.14285714285714285,0.019720982659908227,0.4537037037037037,0.8480477911307719,21,9,42
11,0.18367346938775508,0.0317400104952626,0.5051546391752577,0.011031614262465794,17,9,42
33,0.18367346938775508,0.0430666854098727,0.5104166666666666,0.3269316163380791,19,12,42
30,0.16326530612244897,0.023649706510976018,0.5,0.8766507618282006,5,45,42
36,0.18367346938775508,0.05040430605031445,0.5051546391752577,0.3853758830473618,3,3,42
3,0.12244897959183673,0.011960073531577133,0.44954128440366975,0.7803997761472745,20,20,42
34,0.14285714285714285,0.01891827465807058,0.46226415094339623,0.39152569817782934,25,25,42
20,0.16326530612244897,0.03323921601607676,0.45794392523364486,0.17837258430732983,40,1,42
9,0.12244897959183673,0.023275035122274017,0.4666666666666667,0.16688511785487092,38,11,42
44,0.18367346938775508,0.030948090191787677,0.48514851485148514,0.40232712468655596,19,15,42
6,0.18367346938775508,0.03949572017174058,0.494949494949495,0.5101097124988252,3,25,42
2,0.18367346938775508,0.023643733078757095,0.5157894736842106,0.10413735792028744,24,45,42
3,0.12244897959183673,0.011960073531577133,0.44954128440366975,0.6764679372263622,24,29,42
17,0.12244897959183673,0.01809058802231071,0.4375,0.26982072012821434,19,37,42
18,0.061224489795918366,0.003772602114438849,0.3983739837398374,0.636490651049154,49,14,42
18,0.061224489795918366,0.003772602114438849,0.3983739837398374,0.6954156483280532,22,27,42
11,0.18367346938775508,0.0317400104952626,0.5051546391752577,0.9819691904461453,30,45,42
30,0.16326530612244897,0.023649706510976018,0.5,0.5172690564416094,36,45,42
47,0.12244897959183673,0.015595621781846272,0.46226415094339623,0.14745252670628395,44,5,42
48,0.1020408163265306,0.012431352411094308,0.45794392523364486,0.08860042967961723,32,38,42
48,0.1020408163265306,0.012431352411094308,0.45794392523364486,0.7356631142391898,27,38,42
10,0.12244897959183673,0.013472618415220454,0.4336283185840708,0.17348007426595724,45,35,42
5,0.14285714285714285,0.015812888453194573,0.45794392523364486,0.49616638411321945,3,45,42
46,0.14285714285714285,0.013591831448974306,0.45794392523364486,0.6859112710498637,26,41,42
46,0.14285714285714285,0.013591831448974306,0.45794392523364486,0.7472195877420377,13,25,42
38,0.12244897959183673,0.01697232047997354,0.47115384615384615,0.9503127529305917,8,13,42
4,0.08163265306122448,0.0027520594484880196,0.4298245614035088,0.33451128874193214,10,12,42
12,0.2040816326530612,0.04747176232020169,0.5104166666666666,0.024191763891355245,43,40,42
44,0.18367346938775508,0.030948090191787677,0.48514851485148514,0.5180787662388154,5,45,42
44,0.18367346938775508,0.030948090191787677,0.48514851485148514,0.25929675886577375,18,13,42
45,0.26530612244897955,0.058031599530699154,0.550561797752809,0.8727302504846018,25,30,42
28,0.2040816326530612,0.05104504998525107,0.5104166666666666,0.48090600075306966,37,0,42
20,0.16326530612244897,0.03323921601607676,0.45794392523364486,0.9373532942158644,9,9,42
35,0.14285714285714285,0.019720982659908227,0.4537037037037037,0.6311706459567064,5,9,42
38,0.12244897959183673,0.01697232047997354,0.47115384615384615,0.49646115235529975,39,39,42
0,0.2040816326530612,0.046422896359120856,0.5051546391752577,0.7295082286523967,24,20,42
5,0.14285714285714285,0.015812888453194573,0.45794392523364486,0.15890816766935356,41,45,42
43,0.12244897959183673,0.014583750166733358,0.45794392523364486,0.9226230580877897,30,40,42
24,0.061224489795918366,0.0028105091242846348,0.3951612903225806,0.01340262643216561,36,17,42
23,0.08163265306122448,0.006192635784472519,0.4224137931034483,0.04459490837296154,44,15,42
21,0.08163265306122448,0.006309636950018101,0.4336283185840708,0.27571985309555225,28,11,42
27,0.18367346938775508,0.04034407226371513,0.48514851485148514,0.2495461998495061,13,38,42
15,0.18367346938775508,0.0315418014247546,0.5,0.7593982624179637,16,19,42
41,0.18367346938775508,0.04269161696757735,0.5104166666666666,0.7767105569551812,24,29,42
43,0.12244897959183673,0.014583750166733358,0.45794392523364486,0.4875711936733843,8,40,42
42,0.2040816326530612,0.037110328230526304,0.5268817204301075,0.6196994401994157,19,2,42
42,0.2040816326530612,0.037110328230526304,0.5268817204301075,0.5324206822752171,20,2,42
32,0.16326530612244897,0.020764913940934354,0.46226415094339623,0.3473433262588427,26,6,42
14,0.12244897959183673,0.01745357816786388,0.4375,0.7324487318380898,18,18,42
10,0.12244897959183673,0.013472618415220454,0.4336283185840708,0.1279882085335864,20,47,42
47,0.12244897959183673,0.015595621781846272,0.46226415094339623,0.39344784656359155,6,27,42
25,0.12244897959183673,0.01615357265117169,0.44144144144144143,0.7877130155277087,44,6,42
13,0.1020408163265306,0.008244535604229481,0.4117647058823529,0.9812970904972467,37,38,42
17,0.12244897959183673,0.01809058802231071,0.4375,0.6541746014740745,4,24,42
25,0.12244897959183673,0.01615357265117169,0.44144144144144143,0.5653302545716099,37,6,42
18,0.061224489795918366,0.003772602114438849,0.3983739837398374,0.947035987738723,25,6,42
11,0.18367346938775508,0.0317400104952626,0.5051546391752577,0.022035160297504186,41,29,42
3,0.12244897959183673,0.011960073531577133,0.44954128440366975,0.08884024508756438,42,29,42
21,0.08163265306122448,0.006309636950018101,0.4336283185840708,0.5233909113743664,33,11,42
33,0.18367346938775508,0.0430666854098727,0.5104166666666666,0.7228143032084837,27,36,42
40,0.22448979591836732,0.048362102500007664,0.532608695652174,0.7078350972297687,38,12,42
16,0.04081632653061224,0.000750489589775304,0.362962962962963,0.08172534574677826,34,36,42
5,0.14285714285714285,0.015812888453194573,0.45794392523364486,0.484696287130047,34,45,42
20,0.16326530612244897,0.03323921601607676,0.45794392523364486,0.9456981470002823,4,9,42
47,0.12244897959183673,0.015595621781846272,0.46226415094339623,0.09756251023929974,1,1,42
15,0.18367346938775508,0.0315418014247546,0.5,0.46016226448843967,48,6,42
38,0.12244897959183673,0.01697232047997354,0.47115384615384615,0.2905875598063551,21,13,42
46,0.14285714285714285,0.013591831448974306,0.45794392523364486,0.11193592702153032,39,33,42
9,0.12244897959183673,0.023275035122274017,0.4666666666666667,0.05195657755426841,35,35,42
48,0.1020408163265306,0.012431352411094308,0.45794392523364486,0.2586208348880388,31,29,42
19,0.12244897959183673,0.010561079590566385,0.4537037037037037,0.33021506487149754,26,15,42
45,0.26530612244897955,0.058031599530699154,0.550561797752809,0.01794567856849183,21,11,42
39,0.22448979591836732,0.053688065510919654,0.5157894736842106,0.6596293663947422,20,38,42
27,0.18367346938775508,0.04034407226371513,0.48514851485148514,0.23879621138153928,13,38,42
40,0.22448979591836732,0.048362102500007664,0.532608695652174,0.9849896561408751,39,12,42
25,0.12244897959183673,0.01615357265117169,0.44144144144144143,0.027167421225559818,49,6,42
24,0.061224489795918366,0.0028105091242846348,0.3951612903225806,0.9092202058615602,2,9,42
32,0.16326530612244897,0.020764913940934354,0.46226415094339623,0.4978125080342902,42,2,42
5,0.14285714285714285,0.015812888453194573,0.45794392523364486,0.656780104724294,39,45,42
24,0.061224489795918366,0.0028105091242846348,0.3951612903225806,0.7756118509253275,43,9,42
10,0.12244897959183673,0.013472618415220454,0.4336283185840708,0.5233296311947413,12,31,42
23,0.08163265306122448,0.006192635784472519,0.4224137931034483,0.7574818847894174,28,28,42
36,0.18367346938775508,0.05040430605031445,0.5051546391752577,0.31234910188551357,20,20,42
8,0.1020408163265306,0.008334579252946598,0.4336283185840708,0.19584081258691888,47,20,42
45,0.26530612244897955,0.058031599530699154,0.550561797752809,0.5201905232515545,39,4,42
19,0.12244897959183673,0.010561079590566385,0.4537037037037037,0.7932613504382544,5,39,42
6,0.18367346938775508,0.03949572017174058,0.494949494949495,0.857179256998753,16,2,42
2,0.18367346938775508,0.023643733078757095,0.5157894736842106,0.2769044873778089,27,0,42
39,0.22448979591836732,0.053688065510919654,0.5157894736842106,0.14071152804875842,37,37,42
0,0.2040816326530612,0.046422896359120856,0.5051546391752577,0.8939897100078704,8,8,42
47,0.12244897959183673,0.015595621781846272,0.46226415094339623,0.31316199481728235,42,1,42
29,0.24489795918367346,0.06340367163071246,0.5268817204301075,0.9677558771033888,5,11,42
18,0.061224489795918366,0.003772602114438849,0.3983739837398374,0.1176439881593252,32,6,42
10,0.12244897959183673,0.013472618415220454,0.4336283185840708,0.3196668324405447,46,35,42
0,0.2040816326530612,0.046422896359120856,0.5051546391752577,0.9841103190364978,45,45,42
20,0.16326530612244897,0.03323921601607676,0.45794392523364486,0.6346712732539415,30,9,42
3,0.12244897959183673,0.011960073531577133,0.44954128440366975,0.881927758304644,28,20,42
30,0.16326530612244897,0.023649706510976018,0.5,0.6868609976750291,26,45,42
2,0.18367346938775508,0.023643733078757095,0.5157894736842106,0.029364159102392318,33,12,42
19,0.12244897959183673,0.010561079590566385,0.4537037037037037,0.20975294768368136,34,15,42
4,0.08163265306122448,0.0027520594484880196,0.4298245614035088,0.18741194409758222,35,39,42
28,0.2040816326530612,0.05104504998525107,0.5104166666666666,0.8190635138616561,8,0,42
49,0.14285714285714285,0.017099363888079377,0.47115384615384615,0.7102427986233115,5,29,42
43,0.12244897959183673,0.014583750166733358,0.45794392523364486,0.9012960107746488,10,40,42
43,0.12244897959183673,0.014583750166733358,0.45794392523364486,0.314060794992732,44,29,42
23,0.08163265306122448,0.006192635784472519,0.4224137931034483,0.8192551048714611,34,15,42
11,0.18367346938775508,0.0317400104952626,0.5051546391752577,0.5254349125456929,28,9,42
47,0.12244897959183673,0.015595621781846272,0.46226415094339623,0.11294320841117356,20,1,42
25,0.12244897959183673,0.01615357265117169,0.44144144144144143,0.23987411275594472,33,46,42
33,0.18367346938775508,0.0430666854098727,0.5104166666666666,0.7396713007267637,41,46,42
17,0.12244897959183673,0.01809058802231071,0.4375,0.6511475848816741,10,24,42
47,0.12244897959183673,0.015595621781846272,0.46226415094339623,0.7380691233385172,21,5,42
43,0.12244897959183673,0.014583750166733358,0.45794392523364486,0.8437373264067243,10,40,42
26,0.12244897959183673,0.012656386508427325,0.44545454545454544,0.031115599917357684,35,44,42
15,0.18367346938775508,0.0315418014247546,0.5,0.325104015431699,34,6,42
39,0.22448979591836732,0.053688065510919654,0.5157894736842106,0.6816694824016201,27,38,42
5,0.14285714285714285,0.015812888453194573,0.45794392523364486,0.6552824096916582,9,45,42
0,0.2040816326530612,0.046422896359120856,0.5051546391752577,0.07267087161001629,8,8,42
2,0.18367346938775508,0.023643733078757095,0.5157894736842106,0.866386514251342,4,12,42
46,0.14285714285714285,0.013591831448974306,0.45794392523364486,0.36037781993034756,37,33,42
20,0.16326530612244897,0.03323921601607676,0.45794392523364486,0.7631552912588894,35,9,42
45,0.26530612244897955,0.058031599530699154,0.550561797752809,0.9036078443467951,13,38,42
16,0.04081632653061224,0.000750489589775304,0.362962962962963,0.8073960303399513,39,37,42
12,0.2040816326530612,0.04747176232020169,0.5104166666666666,0.260286857566003,15,4,42
32,0.16326530612244897,0.020764913940934354,0.46226415094339623,0.670732311905834,5,9,42
22,0.14285714285714285,0.02003953623851583,0.4803921568627451,0.3897593874264921,27,27,42
45,0.26530612244897955,0.058031599530699154,0.550561797752809,0.22673038292351066,37,4,42
7,0.1020408163265306,0.005333813720293311,0.4298245614035088,0.41276112926602604,35,28,42
13,0.1020408163265306,0.008244535604229481,0.4117647058823529,0.018000088945214987,20,38,42
39,0.22448979591836732,0.053688065510919654,0.5157894736842106,0.027175016090844162,23,19,42
37,0.12244897959183673,0.022625928076858454,0.44954128440366975,0.12745395942286897,22,39,42
18,0.061224489795918366,0.003772602114438849,0.3983739837398374,0.9107701616439152,46,6,42
41,0.18367346938775508,0.04269161696757735,0.5104166666666666,0.8049067768414386,18,6,42
19,0.12244897959183673,0.010561079590566385,0.4537037037037037,0.962810357074026,45,39,42
8,0.1020408163265306,0.008334579252946598,0.4336283185840708,0.872753839566128,19,39,42
13,0.1020408163265306,0.008244535604229481,0.4117647058823529,0.12024722651167563,38,38,42
35,0.14285714285714285,0.019720982659908227,0.4537037037037037,0.2633157837532001,40,9,42
8,0.1020408163265306,0.008334579252946598,0.4336283185840708,0.46876796546450583,33,31,42
24,0.061224489795918366,0.0028105091242846348,0.3951612903225806,0.5983574842977588,13,9,42
34,0.14285714285714285,0.01891827465807058,0.46226415094339623,0.2999191115069847,41,25,42
29,0.24489795918367346,0.06340367163071246,0.5268817204301075,0.04814283597835345,41,41,42
3,0.12244897959183673,0.011960073531577133,0.44954128440366975,0.8522638743911815,28,20,42
40,0.22448979591836732,0.048362102500007664,0.532608695652174,0.3404058433495647,46,46,42
15,0.18367346938775508,0.0315418014247546,0.5,0.8381521835519244,29,49,42
47,0.12244897959183673,0.015595621781846272,0.46226415094339623,0.4291825933963569,29,5,42
10,0.12244897959183673,0.013472618415220454,0.4336283185840708,0.8556960938375394,46,35,42
20,0.16326530612244897,0.03323921601607676,0.45794392523364486,0.25230724983940656,4,9,42
36,0.18367346938775508,0.05040430605031445,0.5051546391752577,0.4883746289829387,2,16,42
8,0.1020408163265306,0.008334579252946598,0.4336283185840708,0.6692002629380784,9,20,42
16,0.04081632653061224,0.000750489589775304,0.362962962962963,0.8789789002822673,34,36,42
0,0.2040816326530612,0.046422896359120856,0.5051546391752577,0.5174463517550413,8,8,42
46,0.14285714285714285,0.013591831448974306,0.45794392523364486,0.3169465877911193,39,33,42
11,0.18367346938775508,0.0317400104952626,0.5051546391752577,0.7738796557301564,46,29,42
40,0.22448979591836732,0.048362102500007664,0.532608695652174,0.8925232899548461,18,43,42
28,0.2040816326530612,0.05104504998525107,0.5104166666666666,0.607089578718754,21,0,42
37,0.12244897959183673,0.022625928076858454,0.44954128440366975,0.7888022639053596,19,39,42
3,0.12244897959183673,0.011960073531577133,0.44954128440366975,0.13169343847203852,7,20,42
3,0.12244897959183673,0.011960073531577133,0.44954128440366975,0.7867503351544369,22,29,42
2,0.18367346938775508,0.023643733078757095,0.5157894736842106,0.2626756425986517,22,45,42
23,0.08163265306122448,0.006192635784472519,0.4224137931034483,0.47289713281090484,34,15,42
40,0.22448979591836732,0.048362102500007664,0.532608695652174,0.26895894582647106,0,43,42
37,0.12244897959183673,0.022625928076858454,0.44954128440366975,0.8914800156235068,5,39,42
17,0.12244897959183673,0.01809058802231071,0.4375,0.03976596498856955,16,36,42
5,0.14285714285714285,0.015812888453194573,0.45794392523364486,0.907380164712847,26,45,42
18,0.061224489795918366,0.003772602114438849,0.3983739837398374,0.9715326909010507,42,6,42
28,0.2040816326530612,0.05104504998525107,0.5104166666666666,0.48204105811208253,45,0,42
39,0.22448979591836732,0.053688065510919654,0.5157894736842106,0.6107800710757683,13,38,42
44,0.18367346938775508,0.030948090191787677,0.48514851485148514,0.20699257843842678,19,15,42
12,0.2040816326530612,0.04747176232020169,0.5104166666666666,0.8541359976505043,38,4,42
48,0.1020408163265306,0.012431352411094308,0.45794392523364486,0.03672136250082114,7,20,42
32,0.16326530612244897,0.020764913940934354,0.46226415094339623,0.46285195501585064,25,6,42
48,0.1020408163265306,0.012431352411094308,0.45794392523364486,0.29348882320812164,41,29,42
40,0.22448979591836732,0.048362102500007664,0.532608695652174,0.8166821754507181,8,31,42
48,0.1020408163265306,0.012431352411094308,0.45794392523364486,0.8182066687482475,40,20,42
20,0.16326530612244897,0.03323921601607676,0.45794392523364486,0.5747795542644152,39,48,42
38,0.12244897959183673,0.01697232047997354,0.47115384615384615,0.6754202075470892,12,45,42
45,0.26530612244897955,0.058031599530699154,0.550561797752809,0.450597018983134,18,38,42
45,0.26530612244897955,0.058031599530699154,0.550561797752809,0.3945760755976464,44,44,42
43,0.12244897959183673,0.014583750166733358,0.45794392523364486,0.41102107526554577,18,14,42
7,0.1020408163265306,0.005333813720293311,0.4298245614035088,0.6079052140907037,45,28,42
47,0.12244897959183673,0.015595621781846272,0.46226415094339623,0.8237903842212947,32,27,42
38,0.12244897959183673,0.01697232047997354,0.47115384615384615,0.8211982825502265,27,27,42
7,0.1020408163265306,0.005333813720293311,0.4298245614035088,0.636401370183407,25,19,42
22,0.14285714285714285,0.02003953623851583,0.4803921568627451,0.25760722033372185,30,44,42
22,0.14285714285714285,0.02003953623851583,0.4803921568627451,0.6037954529493877,49,44,42
17,0.12244897959183673,0.01809058802231071,0.4375,0.11448763806590512,18,36,42
29,0.24489795918367346,0.06340367163071246,0.5268817204301075,0.456236508955542,33,11,42
17,0.12244897959183673,0.01809058802231071,0.4375,0.12102500048519305,37,37,42
27,0.18367346938775508,0.04034407226371513,0.48514851485148514,0.7511780478084181,40,36,42
32,0.16326530612244897,0.020764913940934354,0.46226415094339623,0.08018001408190345,11,9,42
14,0.12244897959183673,0.01745357816786388,0.4375,0.941725711618925,41,41,42
28,0.2040816326530612,0.05104504998525107,0.5104166666666666,0.646450090124607,41,35,42
10,0.12244897959183673,0.013472618415220454,0.4336283185840708,0.010131184027743378,13,26,42
17,0.12244897959183673,0.01809058802231071,0.4375,0.6125734683448192,8,24,42
27,0.18367346938775508,0.04034407226371513,0.48514851485148514,0.7239730554660938,2,0,42
26,0.12244897959183673,0.012656386508427325,0.44545454545454544,0.5299915229264187,1,44,42
2,0.18367346938775508,0.023643733078757095,0.5157894736842106,0.9912632267336332,16,37,42
1,0.1020408163265306,0.008892781915741098,0.4375,0.6948823736759592,17,20,42
11,0.18367346938775508,0.0317400104952626,0.5051546391752577,0.4488530716747082,35,9,42
44,0.18367346938775508,0.030948090191787677,0.48514851485148514,0.04373907230894736,14,29,42
20,0.16326530612244897,0.03323921601607676,0.45794392523364486,0.2160513650116872,49,48,42
24,0.061224489795918366,0.0028105091242846348,0.3951612903225806,0.8167232025585446,22,9,42
37,0.12244897959183673,0.022625928076858454,0.44954128440366975,0.3873925856686593,27,16,42
42,0.2040816326530612,0.037110328230526304,0.5268817204301075,0.40389786417012374,17,36,42
44,0.18367346938775508,0.030948090191787677,0.48514851485148514,0.3063134987782127,8,13,42
29,0.24489795918367346,0.06340367163071246,0.5268817204301075,0.7983803405183525,44,44,42
2,0.18367346938775508,0.023643733078757095,0.5157894736842106,0.8575623376612838,3,45,42
14,0.12244897959183673,0.01745357816786388,0.4375,0.43098522051329624,41,41,42
39,0.22448979591836732,0.053688065510919654,0.5157894736842106,0.5821987465941139,10,19,42
35,0.14285714285714285,0.019720982659908227,0.4537037037037037,0.5258125988733238,32,9,42
33,0.18367346938775508,0.0430666854098727,0.5104166666666666,0.43052933846220753,27,36,42
3,0.12244897959183673,0.011960073531577133,0.44954128440366975,0.8900970351838083,37,36,42
0,0.2040816326530612,0.046422896359120856,0.5051546391752577,0.15445974722332378,47,20,42
28,0.2040816326530612,0.05104504998525107,0.5104166666666666,0.6458223862864843,9,0,42
27,0.18367346938775508,0.04034407226371513,0.48514851485148514,0.34060416658129167,35,0,42
30,0.16326530612244897,0.023649706510976018,0.5,0.409628894895232,26,45,42
48,0.1020408163265306,0.012431352411094308,0.45794392523364486,0.6771206397350094,49,29,42
4,0.08163265306122448,0.0027520594484880196,0.4298245614035088,0.36459372819754,8,39,42
11,0.18367346938775508,0.0317400104952626,0.5051546391752577,0.45400162119611487,38,45,42
3,0.12244897959183673,0.011960073531577133,0.44954128440366975,0.14055296757836078,49,29,42
4,0.08163265306122448,0.0027520594484880196,0.4298245614035088,0.027536719869465487,30,45,42
2,0.18367346938775508,0.023643733078757095,0.5157894736842106,0.13578904706393713,11,45,42
25,0.12244897959183673,0.01615357265117169,0.44144144144144143,0.20886407070573998,27,48,42
42,0.2040816326530612,0.037110328230526304,0.5268817204301075,0.16002493646319405,26,26,42
49,0.14285714285714285,0.017099363888079377,0.47115384615384615,0.7562136139501768,5,29,42
14,0.12244897959183673,0.01745357816786388,0.4375,0.1300477825111387,30,3,42
36,0.18367346938775508,0.05040430605031445,0.5051546391752577,0.37480356778179635,42,42,42
34,0.14285714285714285,0.01891827465807058,0.46226415094339623,0.4441277131657516,22,22,42
17,0.12244897959183673,0.01809058802231071,0.4375,0.9840131632104643,8,24,42
12,0.2040816326530612,0.04747176232020169,0.5104166666666666,0.15158429286987996,47,47,42
16,0.04081632653061224,0.000750489589775304,0.362962962962963,0.9707421536772481,45,36,42
21,0.08163265306122448,0.006309636950018101,0.4336283185840708,0.9801089924137669,3,11,42
40,0.22448979591836732,0.048362102500007664,0.532608695652174,0.5322575311489761,49,43,42
44,0.18367346938775508,0.030948090191787677,0.48514851485148514,0.24690742666758558,21,29,42
22,0.14285714285714285,0.02003953623851583,0.4803921568627451,0.30233324935149375,2,44,42
31,0.14285714285714285,0.018356157606232635,0.49,0.19462383670487193,45,29,42
48,0.1020408163265306,0.012431352411094308,0.45794392523364486,0.34244797883471334,20,20,42
43,0.12244897959183673,0.014583750166733358,0.45794392523364486,0.9664173858664074,20,1,42
38,0.12244897959183673,0.01697232047997354,0.47115384615384615,0.34727703903050755,3,48,42
27,0.18367346938775508,0.04034407226371513,0.48514851485148514,0.999713804155914,23,0,42
12,0.2040816326530612,0.04747176232020169,0.5104166666666666,0.8167569301195281,47,47,42
35,0.14285714285714285,0.019720982659908227,0.4537037037037037,0.7345779231214132,16,19,42
17,0.12244897959183673,0.01809058802231071,0.4375,0.3258231175644498,40,24,42
23,0.08163265306122448,0.006192635784472519,0.4224137931034483,0.20131210782243325,18,28,42
20,0.16326530612244897,0.03323921601607676,0.45794392523364486,0.03945953289089932,7,0,42
16,0.04081632653061224,0.000750489589775304,0.362962962962963,0.5430245839576632,37,37,42
18,0.061224489795918366,0.003772602114438849,0.3983739837398374,0.909454610937242,27,27,42
10,0.12244897959183673,0.013472618415220454,0.4336283185840708,0.4584664245692578,45,35,42
20,0.16326530612244897,0.03323921601607676,0.45794392523364486,0.549322479403174,10,1,42
4,0.08163265306122448,0.0027520594484880196,0.4298245614035088,0.6807558929604856,17,45,42
40,0.22448979591836732,0.048362102500007664,0.532608695652174,0.034461259425,46,46,42
5,0.14285714285714285,0.015812888453194573,0.45794392523364486,0.9491121430894405,17,45,42
25,0.12244897959183673,0.01615357265117169,0.44144144144144143,0.0936724207059102,48,48,42
31,0.14285714285714285,0.018356157606232635,0.49,0.5887315221313199,5,40,42
35,0.14285714285714285,0.019720982659908227,0.4537037037037037,0.5224441454054645,38,19,42
23,0.08163265306122448,0.006192635784472519,0.4224137931034483,0.3865405068230279,22,28,42
10,0.12244897959183673,0.013472618415220454,0.4336283185840708,0.8655771456245522,17,35,42
13,0.1020408163265306,0.008244535604229481,0.4117647058823529,0.40758420857381694,27,38,42
46,0.14285714285714285,0.013591831448974306,0.45794392523364486,0.5735289514555733,47,40,42
44,0.18367346938775508,0.030948090191787677,0.48514851485148514,0.20047451552840279,34,34,42
8,0.1020408163265306,0.008334579252946598,0.4336283185840708,0.8539619669554221,7,0,42
16,0.04081632653061224,0.000750489589775304,0.362962962962963,0.8469688542070605,17,36,42
31,0.14285714285714285,0.018356157606232635,0.49,0.06245759361907144,7,10,42
37,0.12244897959183673,0.022625928076858454,0.44954128440366975,0.4483190553694222,2,2,42
12,0.2040816326530612,0.04747176232020169,0.5104166666666666,0.6265925110932102,47,47,42
30,0.16326530612244897,0.023649706510976018,0.5,0.7625963946941753,15,45,42
21,0.08163265306122448,0.006309636950018101,0.4336283185840708,0.030549457093379973,29,11,42
2,0.18367346938775508,0.023643733078757095,0.5157894736842106,0.13443512940812186,10,42,42
20,0.16326530612244897,0.03323921601607676,0.45794392523364486,0.8197978049847275,15,48,42
40,0.22448979591836732,0.048362102500007664,0.532608695652174,0.7330511898599934,23,5,42
29,0.24489795918367346,0.06340367163071246,0.5268817204301075,0.0088632851134689,30,11,42
18,0.061224489795918366,0.003772602114438849,0.3983739837398374,0.9946486415599979,7,27,42
39,0.22448979591836732,0.053688065510919654,0.5157894736842106,0.002317547904813866,6,19,42
2,0.18367346938775508,0.023643733078757095,0.5157894736842106,0.3417824047367617,0,0,42
36,0.18367346938775508,0.05040430605031445,0.5051546391752577,0.06902954088784963,0,27,42
12,0.2040816326530612,0.04747176232020169,0.5104166666666666,0.9370910284587948,40,40,42
8,0.1020408163265306,0.008334579252946598,0.4336283185840708,0.8459214396777321,0,0,42
1,0.1020408163265306,0.008892781915741098,0.4375,0.39910018807372305,40,43,42
33,0.18367346938775508,0.0430666854098727,0.5104166666666666,0.2803344607915209,46,46,42
3,0.12244897959183673,0.011960073531577133,0.44954128440366975,0.02449844826765235,30,29,42
10,0.12244897959183673,0.013472618415220454,0.4336283185840708,0.5491303362771727,35,35,42
13,0.1020408163265306,0.008244535604229481,0.4117647058823529,0.9476880259644708,12,38,42
33,0.18367346938775508,0.0430666854098727,0.5104166666666666,0.9551152072917014,45,12,42
37,0.12244897959183673,0.022625928076858454,0.44954128440366975,0.6817486440901612,15,39,42
16,0.04081632653061224,0.000750489589775304,0.362962962962963,0.7945155444907487,34,36,42
15,0.18367346938775508,0.0315418014247546,0.5,0.05022601146397376,38,19,42
1,0.1020408163265306,0.008892781915741098,0.4375,0.4028732826326371,26,20,42
46,0.14285714285714285,0.013591831448974306,0.45794392523364486,0.23238432305604784,30,25,42
38,0.12244897959183673,0.01697232047997354,0.47115384615384615,0.8034827432968846,2,45,42
13,0.1020408163265306,0.008244535604229481,0.4117647058823529,0.022026921223816998,27,38,42
38,0.12244897959183673,0.01697232047997354,0.47115384615384615,0.22602899781599972,39,39,42
40,0.22448979591836732,0.048362102500007664,0.532608695652174,0.9789811151748089,29,43,42
20,0.16326530612244897,0.03323921601607676,0.45794392523364486,0.35781408411354887,18,0,42
24,0.061224489795918366,0.0028105091242846348,0.3951612903225806,0.1878428525377741,21,9,42
22,0.14285714285714285,0.02003953623851583,0.4803921568627451,0.44934974203964206,32,27,42
9,0.12244897959183673,0.023275035122274017,0.4666666666666667,0.6247838627894025,36,11,42
19,0.12244897959183673,0.010561079590566385,0.4537037037037037,0.5262784603382027,32,15,42
49,0.14285714285714285,0.017099363888079377,0.47115384615384615,0.23465344177584935,27,29,42
23,0.08163265306122448,0.006192635784472519,0.4224137931034483,0.5525009674078891,14,28,42
3,0.12244897959183673,0.011960073531577133,0.44954128440366975,0.9167916907023351,13,29,42
7,0.1020408163265306,0.005333813720293311,0.4298245614035088,0.40144563091319363,18,28,42
30,0.16326530612244897,0.023649706510976018,0.5,0.8819921697216359,13,45,42
33,0.18367346938775508,0.0430666854098727,0.5104166666666666,0.27154704741124236,10,31,42
48,0.1020408163265306,0.012431352411094308,0.45794392523364486,0.10274825245242336,14,20,42
48,0.1020408163265306,0.012431352411094308,0.45794392523364486,0.046851908527603126,28,20,42
31,0.14285714285714285,0.018356157606232635,0.49,0.7069764874557162,21,29,42
22,0.14285714285714285,0.02003953623851583,0.4803921568627451,0.8393384923560023,24,44,42
40,0.22448979591836732,0.048362102500007664,0.532608695652174,0.24682386920190225,5,5,42
28,0.2040816326530612,0.05104504998525107,0.5104166666666666,0.10189238806601353,27,0,42
0,0.2040816326530612,0.046422896359120856,0.5051546391752577,0.27039328638452553,43,20,42
26,0.12244897959183673,0.012656386508427325,0.44545454545454544,0.31334791758514313,34,34,42
35,0.14285714285714285,0.019720982659908227,0.4537037037037037,0.8918721448107347,17,9,42
12,0.2040816326530612,0.04747176232020169,0.5104166666666666,0.909943143854392,19,4,42
47,0.12244897959183673,0.015595621781846272,0.46226415094339623,0.6751400611496681,11,5,42
16,0.04081632653061224,0.000750489589775304,0.362962962962963,0.49381404045692867,23,36,42
32,0.16326530612244897,0.020764913940934354,0.46226415094339623,0.8442487024058184,26,6,42
9,0.12244897959183673,0.023275035122274017,0.4666666666666667,0.16695308874719872,47,20,42
20,0.16326530612244897,0.03323921601607676,0.45794392523364486,0.6663854135782065,43,1,42
32,0.16326530612244897,0.020764913940934354,0.46226415094339623,0.761037790250783,23,23,42
16,0.04081632653061224,0.000750489589775304,0.362962962962963,0.702540501534807,3,36,42
29,0.24489795918367346,0.06340367163071246,0.5268817204301075,0.10536492225085647,8,31,42
18,0.061224489795918366,0.003772602114438849,0.3983739837398374,0.6441492214759159,19,6,42
41,0.18367346938775508,0.04269161696757735,0.5104166666666666,0.36005046590097833,16,29,42
47,0.12244897959183673,0.015595621781846272,0.46226415094339623,0.5004011457102012,38,27,42
40,0.22448979591836732,0.048362102500007664,0.532608695652174,0.457699605159294,34,12,42
17,0.12244897959183673,0.01809058802231071,0.4375,0.7707806182638798,13,24,42
40,0.22448979591836732,0.048362102500007664,0.532608695652174,0.7675676285179183,6,46,42
17,0.12244897959183673,0.01809058802231071,0.4375,0.8221798868164233,37,37,42
30,0.16326530612244897,0.023649706510976018,0.5,0.21199405469865806,1,45,42
8,0.1020408163265306,0.008334579252946598,0.4336283185840708,0.4722818041629817,38,13,42
21,0.08163265306122448,0.006309636950018101,0.4336283185840708,0.7962405955628543,33,11,42
22,0.14285714285714285,0.02003953623851583,0.4803921568627451,0.03593867492155334,45,44,42
8,0.1020408163265306,0.008334579252946598,0.4336283185840708,0.9308072973164898,24,20,42
35,0.14285714285714285,0.019720982659908227,0.4537037037037037,0.7370965504320512,17,9,42
5,0.14285714285714285,0.015812888453194573,0.45794392523364486,0.052198629044971634,44,45,42
27,0.18367346938775508,0.04034407226371513,0.48514851485148514,0.4681541413010304,40,36,42
0,0.2040816326530612,0.046422896359120856,0.5051546391752577,0.08534133648432485,36,27,42
42,0.2040816326530612,0.037110328230526304,0.5268817204301075,0.6668666605509217,34,2,42
48,0.1020408163265306,0.012431352411094308,0.45794392523364486,0.5438057278662374,9,20,42
46,0.14285714285714285,0.013591831448974306,0.45794392523364486,0.014693388654953843,9,40,42
36,0.18367346938775508,0.05040430605031445,0.5051546391752577,0.3373455467690927,38,27,42
21,0.08163265306122448,0.006309636950018101,0.4336283185840708,0.12436839900051022,16,11,42
9,0.12244897959183673,0.023275035122274017,0.4666666666666667,0.49286458444744663,35,35,42
46,0.14285714285714285,0.013591831448974306,0.45794392523364486,0.5309376784120938,37,33,42
23,0.08163265306122448,0.006192635784472519,0.4224137931034483,0.4640951594535039,29,15,42
35,0.14285714285714285,0.019720982659908227,0.4537037037037037,0.6775422674589532,25,19,42
19,0.12244897959183673,0.010561079590566385,0.4537037037037037,0.2672526297935953,28,35,42
16,0.04081632653061224,0.000750489589775304,0.362962962962963,0.1315182669163779,40,36,42
11,0.18367346938775508,0.0317400104952626,0.5051546391752577,0.575355403251556,27,36,42
41,0.18367346938775508,0.04269161696757735,0.5104166666666666,0.8071555373648825,47,46,42
33,0.18367346938775508,0.0430666854098727,0.5104166666666666,0.2655828329586061,37,36,42
31,0.14285714285714285,0.018356157606232635,0.49,0.2933086107805647,32,42,42
32,0.16326530612244897,0.020764913940934354,0.46226415094339623,0.3480955931682881,6,6,42
11,0.18367346938775508,0.0317400104952626,0.5051546391752577,0.5680925123378673,16,36,42
35,0.14285714285714285,0.019720982659908227,0.4537037037037037,0.9741944438163571,12,19,42
46,0.14285714285714285,0.013591831448974306,0.45794392523364486,0.5469632513713881,8,40,42
7,0.1020408163265306,0.005333813720293311,0.4298245614035088,0.6061465649334797,33,28,42
7,0.1020408163265306,0.005333813720293311,0.4298245614035088,0.3980052929545028,45,28,42
3,0.12244897959183673,0.011960073531577133,0.44954128440366975,0.06569485895436578,40,43,42
40,0.22448979591836732,0.048362102500007664,0.532608695652174,0.24660363497802462,28,43,42
27,0.18367346938775508,0.04034407226371513,0.48514851485148514,0.747444406596694,12,38,42
22,0.14285714285714285,0.02003953623851583,0.4803921568627451,0.057844449447160606,44,44,42
25,0.12244897959183673,0.01615357265117169,0.44144144144144143,0.9427243190941123,40,46,42
4,0.08163265306122448,0.0027520594484880196,0.4298245614035088,0.6509573351180726,32,45,42
10,0.12244897959183673,0.013472618415220454,0.4336283185840708,0.5612935429484027,15,35,42
21,0.08163265306122448,0.006309636950018101,0.4336283185840708,0.20498120952681642,41,11,42
25,0.12244897959183673,0.01615357265117169,0.44144144144144143,0.6197345714330892,44,6,42
25,0.12244897959183673,0.01615357265117169,0.44144144144144143,0.7813218557473051,24,30,42
44,0.18367346938775508,0.030948090191787677,0.48514851485148514,0.14696270958820967,18,13,42
7,0.1020408163265306,0.005333813720293311,0.4298245614035088,0.9064209639144368,40,28,42
30,0.16326530612244897,0.023649706510976018,0.5,0.6428189148001743,27,45,42
0,0.2040816326530612,0.046422896359120856,0.5051546391752577,0.9473952495864468,49,20,42
37,0.12244897959183673,0.022625928076858454,0.44954128440366975,0.7249811699240525,23,39,42
46,0.14285714285714285,0.013591831448974306,0.45794392523364486,0.7077213502675275,30,25,42
49,0.14285714285714285,0.017099363888079377,0.47115384615384615,0.14730304427897034,25,15,42
4,0.08163265306122448,0.0027520594484880196,0.4298245614035088,0.6309217902291634,20,45,42
10,0.12244897959183673,0.013472618415220454,0.4336283185840708,0.9579341210567704,33,31,42
26,0.12244897959183673,0.012656386508427325,0.44545454545454544,0.24189329411288918,34,34,42
20,0.16326530612244897,0.03323921601607676,0.45794392523364486,0.07623921797356448,46,1,42
37,0.12244897959183673,0.022625928076858454,0.44954128440366975,0.7608543445144956,21,16,42
13,0.1020408163265306,0.008244535604229481,0.4117647058823529,0.18030793542277812,9,38,42
30,0.16326530612244897,0.023649706510976018,0.5,0.5608744633626176,29,45,42
5,0.14285714285714285,0.015812888453194573,0.45794392523364486,0.4813333765356649,29,45,42
44,0.18367346938775508,0.030948090191787677,0.48514851485148514,0.6743489790234689,42,26,42
16,0.04081632653061224,0.000750489589775304,0.362962962962963,0.994981369325093,48,36,42
49,0.14285714285714285,0.017099363888079377,0.47115384615384615,0.3918582964090789,10,29,42
43,0.12244897959183673,0.014583750166733358,0.45794392523364486,0.10889331398103907,5,40,42
3,0.12244897959183673,0.011960073531577133,0.44954128440366975,0.49823600049927297,35,29,42
25,0.12244897959183673,0.01615357265117169,0.44144144144144143,0.25954178317609033,11,30,42
24,0.061224489795918366,0.0028105091242846348,0.3951612903225806,0.593560935378786,17,17,42
37,0.12244897959183673,0.022625928076858454,0.44954128440366975,0.9811778367622945,17,17,42
3,0.12244897959183673,0.011960073531577133,0.44954128440366975,0.7925951162883833,44,29,42
33,0.18367346938775508,0.0430666854098727,0.5104166666666666,0.9601356044054472,16,36,42
15,0.18367346938775508,0.0315418014247546,0.5,0.9670526814260348,1,6,42
7,0.1020408163265306,0.005333813720293311,0.4298245614035088,0.854221906340868,13,28,42
29,0.24489795918367346,0.06340367163071246,0.5268817204301075,0.3099999371717893,32,11,42
29,0.24489795918367346,0.06340367163071246,0.5268817204301075,0.45823465039283384,0,48,42
16,0.04081632653061224,0.000750489589775304,0.362962962962963,0.5650853124527563,20,36,42
21,0.08163265306122448,0.006309636950018101,0.4336283185840708,0.4988956645359419,29,11,42
8,0.1020408163265306,0.008334579252946598,0.4336283185840708,0.009038469079292177,37,39,42
36,0.18367346938775508,0.05040430605031445,0.5051546391752577,0.926194068431782,27,27,42
41,0.18367346938775508,0.04269161696757735,0.5104166666666666,0.04605673418995637,43,46,42
41,0.18367346938775508,0.04269161696757735,0.5104166666666666,0.848042089601484,39,39,42
7,0.1020408163265306,0.005333813720293311,0.4298245614035088,0.09539927731321063,48,28,42
36,0.18367346938775508,0.05040430605031445,0.5051546391752577,0.029169763645264468,26,11,42
2,0.18367346938775508,0.023643733078757095,0.5157894736842106,0.6624340117010681,44,45,42
9,0.12244897959183673,0.023275035122274017,0.4666666666666667,0.28888493890916567,36,11,42
26,0.12244897959183673,0.012656386508427325,0.44545454545454544,0.993255015422964,34,34,42
31,0.14285714285714285,0.018356157606232635,0.49,0.761007923495392,24,40,42
48,0.1020408163265306,0.012431352411094308,0.45794392523364486,0.39245818622948003,2,38,42
29,0.24489795918367346,0.06340367163071246,0.5268817204301075,0.05770292841589886,35,41,42
38,0.12244897959183673,0.01697232047997354,0.47115384615384615,0.2755479392194834,26,13,42
16,0.04081632653061224,0.000750489589775304,0.362962962962963,0.992442289374779,18,36,42
28,0.2040816326530612,0.05104504998525107,0.5104166666666666,0.5738412541045134,19,35,42
17,0.12244897959183673,0.01809058802231071,0.4375,0.8472716677218594,3,49,42
0,0.2040816326530612,0.046422896359120856,0.5051546391752577,0.9182390866754371,26,27,42
22,0.14285714285714285,0.02003953623851583,0.4803921568627451,0.839816162145531,9,44,42
40,0.22448979591836732,0.048362102500007664,0.532608695652174,0.22869440940036478,41,46,42
0,0.2040816326530612,0.046422896359120856,0.5051546391752577,0.14817792822994547,17,20,42
44,0.18367346938775508,0.030948090191787677,0.48514851485148514,0.9504591705752957,40,45,42
4,0.08163265306122448,0.0027520594484880196,0.4298245614035088,0.5633246420330467,11,45,42
20,0.16326530612244897,0.03323921601607676,0.45794392523364486,0.3263384309319872,35,9,42
18,0.061224489795918366,0.003772602114438849,0.3983739837398374,0.3530503916003024,45,27,42
46,0.14285714285714285,0.013591831448974306,0.45794392523364486,0.8458495504599677,6,25,42
4,0.08163265306122448,0.0027520594484880196,0.4298245614035088,0.7631083636013083,21,45,42
22,0.14285714285714285,0.02003953623851583,0.4803921568627451,0.8888874240036297,42,28,42
49,0.14285714285714285,0.017099363888079377,0.47115384615384615,0.5911303032585165,44,29,42
40,0.22448979591836732,0.048362102500007664,0.532608695652174,0.33156469906719377,48,43,42
38,0.12244897959183673,0.01697232047997354,0.47115384615384615,0.20707580921085522,46,48,42
26,0.12244897959183673,0.012656386508427325,0.44545454545454544,0.29524180248964216,3,44,42
34,0.14285714285714285,0.01891827465807058,0.46226415094339623,0.4600023955807989,37,25,42
46,0.14285714285714285,0.013591831448974306,0.45794392523364486,0.826746768026247,23,25,42
35,0.14285714285714285,0.019720982659908227,0.4537037037037037,0.7739062217706651,33,41,42
23,0.08163265306122448,0.006192635784472519,0.4224137931034483,0.8247878562777867,42,28,42
33,0.18367346938775508,0.0430666854098727,0.5104166666666666,0.5390945527360087,49,12,42
22,0.14285714285714285,0.02003953623851583,0.4803921568627451,0.03757109039890738,45,44,42
40,0.22448979591836732,0.048362102500007664,0.532608695652174,0.054634420000972295,5,5,42
9,0.12244897959183673,0.023275035122274017,0.4666666666666667,0.22612533124967193,40,40,42
37,0.12244897959183673,0.022625928076858454,0.44954128440366975,0.30394251225502733,20,16,42
2,0.18367346938775508,0.023643733078757095,0.5157894736842106,0.7293447940879964,22,45,42
27,0.18367346938775508,0.04034407226371513,0.48514851485148514,0.22429348328504506,11,36,42
35,0.14285714285714285,0.019720982659908227,0.4537037037037037,0.41594390458185504,47,10,42
12,0.2040816326530612,0.04747176232020169,0.5104166666666666,0.6096310116569019,23,4,42
29,0.24489795918367346,0.06340367163071246,0.5268817204301075,0.7126213330985128,37,11,42
26,0.12244897959183673,0.012656386508427325,0.44545454545454544,0.12535647579238562,13,44,42
47,0.12244897959183673,0.015595621781846272,0.46226415094339623,0.8066935196947392,46,1,42
38,0.12244897959183673,0.01697232047997354,0.47115384615384615,0.7542482596820808,15,39,42
20,0.16326530612244897,0.03323921601607676,0.45794392523364486,0.14960144952695253,21,9,42
15,0.18367346938775508,0.0315418014247546,0.5,0.7538297005692186,31,6,42
31,0.14285714285714285,0.018356157606232635,0.49,0.7806317174255571,34,33,42
8,0.1020408163265306,0.008334579252946598,0.4336283185840708,0.9522217856975946,17,20,42
9,0.12244897959183673,0.023275035122274017,0.4666666666666667,0.26532613755546697,22,11,42
3,0.12244897959183673,0.011960073531577133,0.44954128440366975,0.2965599122059307,48,29,42
24,0.061224489795918366,0.0028105091242846348,0.3951612903225806,0.5600916974433955,20,9,42
48,0.1020408163265306,0.012431352411094308,0.45794392523364486,0.7084896974927973,0,20,42
35,0.14285714285714285,0.019720982659908227,0.4537037037037037,0.9329248625696721,16,19,42
23,0.08163265306122448,0.006192635784472519,0.4224137931034483,0.6972093819096368,1,28,42
31,0.14285714285714285,0.018356157606232635,0.49,0.4617161438131191,39,33,42
0,0.2040816326530612,0.046422896359120856,0.5051546391752577,0.6945954272532854,47,20,42
38,0.12244897959183673,0.01697232047997354,0.47115384615384615,0.030857904308072448,16,27,42
40,0.22448979591836732,0.048362102500007664,0.532608695652174,0.14217044670389556,28,43,42
5,0.14285714285714285,0.015812888453194573,0.45794392523364486,0.6651461942384054,6,45,42
2,0.18367346938775508,0.023643733078757095,0.5157894736842106,0.7011698615902597,17,45,42
11,0.18367346938775508,0.0317400104952626,0.5051546391752577,0.5620727944025711,48,45,42
0,0.2040816326530612,0.046422896359120856,0.5051546391752577,0.3805177098698945,17,20,42
14,0.12244897959183673,0.01745357816786388,0.4375,0.786205652261058,36,3,42
3,0.12244897959183673,0.011960073531577133,0.44954128440366975,0.016061864981006146,18,14,42
42,0.2040816326530612,0.037110328230526304,0.5268817204301075,0.011417983454073632,34,2,42
32,0.16326530612244897,0.020764913940934354,0.46226415094339623,0.8432780909364024,13,27,42
3,0.12244897959183673,0.011960073531577133,0.44954128440366975,0.7048710100433817,24,29,42
18,0.061224489795918366,0.003772602114438849,0.3983739837398374,0.5464303160778473,5,27,42
48,0.1020408163265306,0.012431352411094308,0.45794392523364486,0.0516687216579611,39,38,42
0,0.2040816326530612,0.046422896359120856,0.5051546391752577,0.7184539473225501,5,45,42
5,0.14285714285714285,0.015812888453194573,0.45794392523364486,0.17925561190779005,40,40,42
34,0.14285714285714285,0.01891827465807058,0.46226415094339623,0.3965536819899632,18,25,42
42,0.2040816326530612,0.037110328230526304,0.5268817204301075,0.8087899845635385,9,2,42
30,0.16326530612244897,0.023649706510976018,0.5,0.6250291860852057,3,45,42
1,0.1020408163265306,0.008892781915741098,0.4375,0.672702994208898,22,20,42
36,0.18367346938775508,0.05040430605031445,0.5051546391752577,0.250467898792499,7,27,42
2,0.18367346938775508,0.023643733078757095,0.5157894736842106,0.9819056980765392,16,37,42
17,0.12244897959183673,0.01809058802231071,0.4375,0.16281504967686378,15,49,42
32,0.16326530612244897,0.020764913940934354,0.46226415094339623,0.019795658347254386,49,9,42
10,0.12244897959183673,0.013472618415220454,0.4336283185840708,0.3529585034523566,4,31,42
16,0.04081632653061224,0.000750489589775304,0.362962962962963,0.3340499656687692,5,36,42
27,0.18367346938775508,0.04034407226371513,0.48514851485148514,0.6055047666158765,13,38,42
32,0.16326530612244897,0.020764913940934354,0.46226415094339623,0.3334625935960105,48,27,42
21,0.08163265306122448,0.006309636950018101,0.4336283185840708,0.07211109292943518,4,11,42
29,0.24489795918367346,0.06340367163071246,0.5268817204301075,0.3814410414133115,47,11,42
32,0.16326530612244897,0.020764913940934354,0.46226415094339623,0.7848618229588802,12,2,42
6,0.18367346938775508,0.03949572017174058,0.494949494949495,0.11619095652544598,15,15,42
22,0.14285714285714285,0.02003953623851583,0.4803921568627451,0.7852688115160151,18,27,42
28,0.2040816326530612,0.05104504998525107,0.5104166666666666,0.27785277608971226,19,35,42
17,0.12244897959183673,0.01809058802231071,0.4375,0.9147311149565036,9,24,42
7,0.1020408163265306,0.005333813720293311,0.4298245614035088,0.45011652647481104,26,44,42
9,0.12244897959183673,0.023275035122274017,0.4666666666666667,0.10312136240807579,17,24,42
4,0.08163265306122448,0.0027520594484880196,0.4298245614035088,0.40360100236159124,28,45,42
4,0.08163265306122448,0.0027520594484880196,0.4298245614035088,0.7045544280274453,18,45,42
40,0.22448979591836732,0.048362102500007664,0.532608695652174,0.34652416795271823,49,43,42
11,0.18367346938775508,0.0317400104952626,0.5051546391752577,0.2642762631586393,6,45,42
9,0.12244897959183673,0.023275035122274017,0.4666666666666667,0.48303969755889,34,32,42
15,0.18367346938775508,0.0315418014247546,0.5,0.2874616648972501,1,6,42
9,0.12244897959183673,0.023275035122274017,0.4666666666666667,0.9685373316998922,38,11,42
42,0.2040816326530612,0.037110328230526304,0.5268817204301075,0.17211060282277768,38,2,42
46,0.14285714285714285,0.013591831448974306,0.45794392523364486,0.0683341048456042,37,33,42
40,0.22448979591836732,0.048362102500007664,0.532608695652174,0.5990445871503816,19,12,42
19,0.12244897959183673,0.010561079590566385,0.4537037037037037,0.6485048201186882,35,35,42
29,0.24489795918367346,0.06340367163071246,0.5268817204301075,0.7037923109905077,34,11,42
5,0.14285714285714285,0.015812888453194573,0.45794392523364486,0.5636599710287622,15,45,42
8,0.1020408163265306,0.008334579252946598,0.4336283185840708,0.6720560387522534,33,31,42
5,0.14285714285714285,0.015812888453194573,0.45794392523364486,0.5257562195591349,41,45,42
1,0.1020408163265306,0.008892781915741098,0.4375,0.17408167531142926,29,20,42
18,0.061224489795918366,0.003772602114438849,0.3983739837398374,0.44908474501094675,26,27,42
14,0.12244897959183673,0.01745357816786388,0.4375,0.9390570959671871,22,28,42
20,0.16326530612244897,0.03323921601607676,0.45794392523364486,0.6252047695304422,22,0,42
29,0.24489795918367346,0.06340367163071246,0.5268817204301075,0.05048894441240792,24,11,42
0,0.2040816326530612,0.046422896359120856,0.5051546391752577,0.38561351286564804,49,20,42
6,0.18367346938775508,0.03949572017174058,0.494949494949495,0.5419900748897659,49,15,42
18,0.061224489795918366,0.003772602114438849,0.3983739837398374,0.2204836934733041,0,27,42
8,0.1020408163265306,0.008334579252946598,0.4336283185840708,0.6172490208487257,45,31,42
31,0.14285714285714285,0.018356157606232635,0.49,0.2146678639725368,32,42,42
37,0.12244897959183673,0.022625928076858454,0.44954128440366975,0.498040393056869,16,16,42
26,0.12244897959183673,0.012656386508427325,0.44545454545454544,0.8900570254652526,35,44,42
20,0.16326530612244897,0.03323921601607676,0.45794392523364486,0.43402097270875883,25,48,42
14,0.12244897959183673,0.01745357816786388,0.4375,0.4344033190066098,3,3,42
8,0.1020408163265306,0.008334579252946598,0.4336283185840708,0.009054161580370979,27,0,42
27,0.18367346938775508,0.04034407226371513,0.48514851485148514,0.5468759658760446,16,36,42
40,0.22448979591836732,0.048362102500007664,0.532608695652174,0.700867635861432,42,31,42
44,0.18367346938775508,0.030948090191787677,0.48514851485148514,0.6539940923398012,39,39,42
22,0.14285714285714285,0.02003953623851583,0.4803921568627451,0.7387231507265664,47,27,42
46,0.14285714285714285,0.013591831448974306,0.45794392523364486,0.21440648299316456,32,25,42
4,0.08163265306122448,0.0027520594484880196,0.4298245614035088,0.2475597702798864,43,12,42
39,0.22448979591836732,0.053688065510919654,0.5157894736842106,0.45894051659682034,10,19,42
2,0.18367346938775508,0.023643733078757095,0.5157894736842106,0.6728716685980798,33,12,42
17,0.12244897959183673,0.01809058802231071,0.4375,0.9514907101767872,30,30,42
9,0.12244897959183673,0.023275035122274017,0.4666666666666667,0.8050903184956627,18,20,42
18,0.061224489795918366,0.003772602114438849,0.3983739837398374,0.9327105081327614,36,27,42
12,0.2040816326530612,0.04747176232020169,0.5104166666666666,0.39744815689909163,46,33,42
37,0.12244897959183673,0.022625928076858454,0.44954128440366975,0.2533571700596614,0,2,42
26,0.12244897959183673,0.012656386508427325,0.44545454545454544,0.2914957409237229,46,44,42
45,0.26530612244897955,0.058031599530699154,0.550561797752809,0.4274956503567592,41,11,42
5,0.14285714285714285,0.015812888453194573,0.45794392523364486,0.5383319432557134,43,40,42
48,0.1020408163265306,0.012431352411094308,0.45794392523364486,0.915257184917823,27,38,42
36,0.18367346938775508,0.05040430605031445,0.5051546391752577,0.03500791480680565,8,20,42
20,0.16326530612244897,0.03323921601607676,0.45794392523364486,0.6302472194561579,1,1,42
42,0.2040816326530612,0.037110328230526304,0.5268817204301075,0.4276013337033373,37,2,42
35,0.14285714285714285,0.019720982659908227,0.4537037037037037,0.9362806214689267,43,9,42
27,0.18367346938775508,0.04034407226371513,0.48514851485148514,0.8247432373470076,17,36,42
21,0.08163265306122448,0.006309636950018101,0.4336283185840708,0.598845400079439,10,11,42
12,0.2040816326530612,0.04747176232020169,0.5104166666666666,0.5902326591508927,3,4,42
6,0.18367346938775508,0.03949572017174058,0.494949494949495,0.49109572938316515,43,25,42
3,0.12244897959183673,0.011960073531577133,0.44954128440366975,0.10539321810780522,28,20,42
2,0.18367346938775508,0.023643733078757095,0.5157894736842106,0.011492473298115313,14,6,42
0,0.2040816326530612,0.046422896359120856,0.5051546391752577,0.1594922625413583,38,27,42
47,0.12244897959183673,0.015595621781846272,0.46226415094339623,0.07049194564314465,28,1,42
9,0.12244897959183673,0.023275035122274017,0.4666666666666667,0.6642193849889683,28,20,42
6,0.18367346938775508,0.03949572017174058,0.494949494949495,0.8141256855911618,2,2,42
19,0.12244897959183673,0.010561079590566385,0.4537037037037037,0.11043186341110267,18,15,42
4,0.08163265306122448,0.0027520594484880196,0.4298245614035088,0.309806875322469,0,45,42
26,0.12244897959183673,0.012656386508427325,0.44545454545454544,0.5355538148796726,42,42,42
20,0.16326530612244897,0.03323921601607676,0.45794392523364486,0.7892928483196856,24,9,42
45,0.26530612244897955,0.058031599530699154,0.550561797752809,0.8093243982852624,31,11,42
4,0.08163265306122448,0.0027520594484880196,0.4298245614035088,0.632216597753949,36,45,42
48,0.1020408163265306,0.012431352411094308,0.45794392523364486,0.27149875418186786,41,29,42
15,0.18367346938775508,0.0315418014247546,0.5,0.3186089627636072,33,6,42
8,0.1020408163265306,0.008334579252946598,0.4336283185840708,0.5533711897497718,5,31,42
34,0.14285714285714285,0.01891827465807058,0.46226415094339623,0.19386306793689267,39,12,42
4,0.08163265306122448,0.0027520594484880196,0.4298245614035088,0.8843765470229713,42,12,42
11,0.18367346938775508,0.0317400104952626,0.5051546391752577,0.4618434812751103,23,45,42
29,0.24489795918367346,0.06340367163071246,0.5268817204301075,0.2959428888586566,21,11,42
46,0.14285714285714285,0.013591831448974306,0.45794392523364486,0.4110936088804398,36,33,42
31,0.14285714285714285,0.018356157606232635,0.49,0.38480361722110323,46,40,42
47,0.12244897959183673,0.015595621781846272,0.46226415094339623,0.42960859213236335,22,27,42
39,0.22448979591836732,0.053688065510919654,0.5157894736842106,0.7187396178535302,20,38,42
5,0.14285714285714285,0.015812888453194573,0.45794392523364486,0.5149333499132595,44,45,42
21,0.08163265306122448,0.006309636950018101,0.4336283185840708,0.34522995366997244,33,11,42
42,0.2040816326530612,0.037110328230526304,0.5268817204301075,0.8908555349831467,31,31,42
13,0.1020408163265306,0.008244535604229481,0.4117647058823529,0.6346392564873805,9,38,42
35,0.14285714285714285,0.019720982659908227,0.4537037037037037,0.5192245707802051,33,41,42
27,0.18367346938775508,0.04034407226371513,0.48514851485148514,0.24535231416621106,10,47,42
46,0.14285714285714285,0.013591831448974306,0.45794392523364486,0.3356738330390596,18,25,42
27,0.18367346938775508,0.04034407226371513,0.48514851485148514,0.6163004859257241,23,0,42
8,0.1020408163265306,0.008334579252946598,0.4336283185840708,0.753865073836925,47,20,42
32,0.16326530612244897,0.020764913940934354,0.46226415094339623,0.6789784930380419,18,6,42
39,0.22448979591836732,0.053688065510919654,0.5157894736842106,0.753594630745753,47,38,42
28,0.2040816326530612,0.05104504998525107,0.5104166666666666,0.41195809503410197,34,0,42
0,0.2040816326530612,0.046422896359120856,0.5051546391752577,0.022141475472629457,34,2,42
46,0.14285714285714285,0.013591831448974306,0.45794392523364486,0.69662727121739,12,33,42
28,0.2040816326530612,0.05104504998525107,0.5104166666666666,0.14284196481433187,39,35,42
25,0.12244897959183673,0.01615357265117169,0.44144144144144143,0.2062521138361526,16,6,42
4,0.08163265306122448,0.0027520594484880196,0.4298245614035088,0.8956747776187787,26,45,42
6,0.18367346938775508,0.03949572017174058,0.494949494949495,0.9514420287256811,49,15,42
0,0.2040816326530612,0.046422896359120856,0.5051546391752577,0.6113366022166469,49,20,42
42,0.2040816326530612,0.037110328230526304,0.5268817204301075,0.6732464393545315,24,2,42
2,0.18367346938775508,0.023643733078757095,0.5157894736842106,0.8856197642417732,15,6,42
42,0.2040816326530612,0.037110328230526304,0.5268817204301075,0.7146412749087242,31,31,42
15,0.18367346938775508,0.0315418014247546,0.5,0.7313165197032963,25,6,42
8,0.1020408163265306,0.008334579252946598,0.4336283185840708,0.4650552483006444,0,0,42
21,0.08163265306122448,0.006309636950018101,0.4336283185840708,0.2034364751360912,15,11,42
43,0.12244897959183673,0.014583750166733358,0.45794392523364486,0.5315773967749932,40,40,42
28,0.2040816326530612,0.05104504998525107,0.5104166666666666,0.8205987576765866,18,0,42
40,0.22448979591836732,0.048362102500007664,0.532608695652174,0.48434442629150865,45,12,42
10,0.12244897959183673,0.013472618415220454,0.4336283185840708,0.38782608991693124,46,35,42
39,0.22448979591836732,0.053688065510919654,0.5157894736842106,0.9017740285462287,17,37,42
47,0.12244897959183673,0.015595621781846272,0.46226415094339623,0.06697361202527152,1,1,42
21,0.08163265306122448,0.006309636950018101,0.4336283185840708,0.3894049389788753,5,11,42
39,0.22448979591836732,0.053688065510919654,0.5157894736842106,0.8479278837633485,35,19,42
48,0.1020408163265306,0.012431352411094308,0.45794392523364486,0.45047857147059533,44,38,42
12,0.2040816326530612,0.04747176232020169,0.5104166666666666,0.9892177539577501,45,4,42
19,0.12244897959183673,0.010561079590566385,0.4537037037037037,0.5590592849466022,29,15,42
28,0.2040816326530612,0.05104504998525107,0.5104166666666666,0.22011132590475313,2,0,42
13,0.1020408163265306,0.008244535604229481,0.4117647058823529,0.06871367772396098,40,38,42
3,0.12244897959183673,0.011960073531577133,0.44954128440366975,0.656729484721608,11,29,42
42,0.2040816326530612,0.037110328230526304,0.5268817204301075,0.008363681876857099,31,31,42
42,0.2040816326530612,0.037110328230526304,0.5268817204301075,0.6616842883998565,1,1,42
48,0.1020408163265306,0.012431352411094308,0.45794392523364486,0.005313475668345946,8,20,42
33,0.18367346938775508,0.0430666854098727,0.5104166666666666,0.04865766366171331,14,12,42
35,0.14285714285714285,0.019720982659908227,0.4537037037037037,0.426070977626097,7,28,42
36,0.18367346938775508,0.05040430605031445,0.5051546391752577,0.7517469923958404,48,20,42
38,0.12244897959183673,0.01697232047997354,0.47115384615384615,0.5180080664046248,31,48,42
16,0.04081632653061224,0.000750489589775304,0.362962962962963,0.6711574733796887,35,37,42
43,0.12244897959183673,0.014583750166733358,0.45794392523364486,0.3866201726338342,28,1,42
27,0.18367346938775508,0.04034407226371513,0.48514851485148514,0.3469626597345584,8,0,42
5,0.14285714285714285,0.015812888453194573,0.45794392523364486,0.15867887368968492,29,45,42
15,0.18367346938775508,0.0315418014247546,0.5,0.6054117575075872,23,23,42
20,0.16326530612244897,0.03323921601607676,0.45794392523364486,0.88912792394001,26,48,42
36,0.18367346938775508,0.05040430605031445,0.5051546391752577,0.7582672920560591,21,11,42
11,0.18367346938775508,0.0317400104952626,0.5051546391752577,0.4149712154000782,42,45,42
10,0.12244897959183673,0.013472618415220454,0.4336283185840708,0.20225418052453492,16,35,42
39,0.22448979591836732,0.053688065510919654,0.5157894736842106,0.21491263703639585,45,4,42
29,0.24489795918367346,0.06340367163071246,0.5268817204301075,0.9078385138835341,30,11,42
43,0.12244897959183673,0.014583750166733358,0.45794392523364486,0.18792038081532303,10,40,42
16,0.04081632653061224,0.000750489589775304,0.362962962962963,0.6961561451379252,26,36,42
11,0.18367346938775508,0.0317400104952626,0.5051546391752577,0.4507762838863638,26,29,42
31,0.14285714285714285,0.018356157606232635,0.49,0.27194603941844875,49,29,42
37,0.12244897959183673,0.022625928076858454,0.44954128440366975,0.6367617170443272,47,16,42
2,0.18367346938775508,0.023643733078757095,0.5157894736842106,0.22504187617087212,30,45,42
29,0.24489795918367346,0.06340367163071246,0.5268817204301075,0.8259177073160304,45,11,42
20,0.16326530612244897,0.03323921601607676,0.45794392523364486,0.2187156129979273,46,1,42
35,0.14285714285714285,0.019720982659908227,0.4537037037037037,0.26463502692535734,6,19,42
38,0.12244897959183673,0.01697232047997354,0.47115384615384615,0.8216479329617712,14,27,42
31,0.14285714285714285,0.018356157606232635,0.49,0.9833056568184674,22,29,42
23,0.08163265306122448,0.006192635784472519,0.4224137931034483,0.7736625648956658,19,15,42
19,0.12244897959183673,0.010561079590566385,0.4537037037037037,0.150608103218274,11,39,42
7,0.1020408163265306,0.005333813720293311,0.4298245614035088,0.463990131464425,0,28,42
21,0.08163265306122448,0.006309636950018101,0.4336283185840708,0.41524097233404045,5,11,42
31,0.14285714285714285,0.018356157606232635,0.49,0.8243268918792692,35,10,42
45,0.26530612244897955,0.058031599530699154,0.550561797752809,0.32302734575409386,48,38,42
45,0.26530612244897955,0.058031599530699154,0.550561797752809,0.7362288825285501,39,4,42
6,0.18367346938775508,0.03949572017174058,0.494949494949495,0.6667719097838972,40,25,42
17,0.12244897959183673,0.01809058802231071,0.4375,0.7480047363714034,1,24,42
32,0.16326530612244897,0.020764913940934354,0.46226415094339623,0.09491793682166971,38,27,42
19,0.12244897959183673,0.010561079590566385,0.4537037037037037,0.32663924942591094,11,39,42
30,0.16326530612244897,0.023649706510976018,0.5,0.8066650530268165,26,45,42
9,0.12244897959183673,0.023275035122274017,0.4666666666666667,0.9976282974021565,2,11,42
34,0.14285714285714285,0.01891827465807058,0.46226415094339623,0.04035082685969971,30,25,42
12,0.2040816326530612,0.04747176232020169,0.5104166666666666,0.9611594157101652,49,4,42
10,0.12244897959183673,0.013472618415220454,0.4336283185840708,0.7837382510752364,21,35,42
10,0.12244897959183673,0.013472618415220454,0.4336283185840708,0.31277798921035405,30,35,42
47,0.12244897959183673,0.015595621781846272,0.46226415094339623,0.015742912995676983,34,12,42
30,0.16326530612244897,0.023649706510976018,0.5,0.916603301642411,13,45,42
48,0.1020408163265306,0.012431352411094308,0.45794392523364486,0.30895599006815266,31,29,42
14,0.12244897959183673,0.01745357816786388,0.4375,0.005346160854364457,43,43,42
2,0.18367346938775508,0.023643733078757095,0.5157894736842106,0.4148151193889472,16,37,42
9,0.12244897959183673,0.023275035122274017,0.4666666666666667,0.5809503798881793,19,35,42
28,0.2040816326530612,0.05104504998525107,0.5104166666666666,0.4422938054511353,18,0,42
9,0.12244897959183673,0.023275035122274017,0.4666666666666667,0.5788401680355926,43,40,42
47,0.12244897959183673,0.015595621781846272,0.46226415094339623,0.868410787941382,18,27,42
10,0.12244897959183673,0.013472618415220454,0.4336283185840708,0.3714859436594342,46,35,42
27,0.18367346938775508,0.04034407226371513,0.48514851485148514,0.633072653499513,4,38,42
4,0.08163265306122448,0.0027520594484880196,0.4298245614035088,0.9811179078679357,21,45,42
3,0.12244897959183673,0.011960073531577133,0.44954128440366975,0.46116690125391,49,29,42
37,0.12244897959183673,0.022625928076858454,0.44954128440366975,0.504003763596326,24,17,42
31,0.14285714285714285,0.018356157606232635,0.49,0.8328319018690757,10,10,42
26,0.12244897959183673,0.012656386508427325,0.44545454545454544,0.11006328420111522,17,49,42
10,0.12244897959183673,0.013472618415220454,0.4336283185840708,0.6316435150828916,21,35,42
22,0.14285714285714285,0.02003953623851583,0.4803921568627451,0.6442567236508115,41,44,42
24,0.061224489795918366,0.0028105091242846348,0.3951612903225806,0.06980065461462892,41,9,42
21,0.08163265306122448,0.006309636950018101,0.4336283185840708,0.7477943497593724,18,13,42
6,0.18367346938775508,0.03949572017174058,0.494949494949495,0.41382746532079584,3,25,42
39,0.22448979591836732,0.053688065510919654,0.5157894736842106,0.042342278772383835,11,4,42
49,0.14285714285714285,0.017099363888079377,0.47115384615384615,0.4529110702676108,46,29,42
45,0.26530612244897955,0.058031599530699154,0.550561797752809,0.060604907714909784,13,38,42
49,0.14285714285714285,0.017099363888079377,0.47115384615384615,0.02496622212005717,47,29,42
42,0.2040816326530612,0.037110328230526304,0.5268817204301075,0.8381549749886426,14,31,42
19,0.12244897959183673,0.010561079590566385,0.4537037037037037,0.9102130348677566,30,39,42
27,0.18367346938775508,0.04034407226371513,0.48514851485148514,0.4018871998907301,25,38,42
12,0.2040816326530612,0.04747176232020169,0.5104166666666666,0.5726072328820224,1,40,42
37,0.12244897959183673,0.022625928076858454,0.44954128440366975,0.9213075122129755,1,16,42
25,0.12244897959183673,0.01615357265117169,0.44144144144144143,0.5928401805081102,10,6,42
39,0.22448979591836732,0.053688065510919654,0.5157894736842106,0.05198935197770749,43,4,42
7,0.1020408163265306,0.005333813720293311,0.4298245614035088,0.4233351441531975,29,44,42
29,0.24489795918367346,0.06340367163071246,0.5268817204301075,0.6068469555401391,16,11,42
15,0.18367346938775508,0.0315418014247546,0.5,0.6590454101322324,46,6,42
6,0.18367346938775508,0.03949572017174058,0.494949494949495,0.8629968313588721,16,2,42
46,0.14285714285714285,0.013591831448974306,0.45794392523364486,0.37544110966791266,48,25,42
22,0.14285714285714285,0.02003953623851583,0.4803921568627451,0.8845832929211878,24,44,42
8,0.1020408163265306,0.008334579252946598,0.4336283185840708,0.2005529778452665,35,39,42
36,0.18367346938775508,0.05040430605031445,0.5051546391752577,0.6912118093865404,42,42,42
30,0.16326530612244897,0.023649706510976018,0.5,0.940773299689501,7,45,42
29,0.24489795918367346,0.06340367163071246,0.5268817204301075,0.3352790500782957,46,41,42
38,0.12244897959183673,0.01697232047997354,0.47115384615384615,0.8169739072718367,11,45,42
41,0.18367346938775508,0.04269161696757735,0.5104166666666666,0.306051463522788,29,29,42
45,0.26530612244897955,0.058031599530699154,0.550561797752809,0.7894094219135857,10,11,42
6,0.18367346938775508,0.03949572017174058,0.494949494949495,0.16811812839929585,44,15,42
19,0.12244897959183673,0.010561079590566385,0.4537037037037037,0.9423834540022769,38,39,42
31,0.14285714285714285,0.018356157606232635,0.49,0.14727556355209093,14,40,42
2,0.18367346938775508,0.023643733078757095,0.5157894736842106,0.7592925069184736,37,37,42
39,0.22448979591836732,0.053688065510919654,0.5157894736842106,0.43974048650790853,7,19,42
22,0.14285714285714285,0.02003953623851583,0.4803921568627451,0.20727297906766762,40,40,42
7,0.1020408163265306,0.005333813720293311,0.4298245614035088,0.2325059922078312,29,44,42
9,0.12244897959183673,0.023275035122274017,0.4666666666666667,0.36559570100396677,39,11,42
35,0.14285714285714285,0.019720982659908227,0.4537037037037037,0.06256484221945158,12,19,42
36,0.18367346938775508,0.05040430605031445,0.5051546391752577,0.8090236402916764,25,11,42
30,0.16326530612244897,0.023649706510976018,0.5,0.34264514652252154,17,17,42
23,0.08163265306122448,0.006192635784472519,0.4224137931034483,0.09858292702241234,22,28,42
30,0.16326530612244897,0.023649706510976018,0.5,0.5634083644838541,10,35,42
31,0.14285714285714285,0.018356157606232635,0.49,0.4784961162559619,4,33,42
9,0.12244897959183673,0.023275035122274017,0.4666666666666667,0.30362393814384026,40,40,42
23,0.08163265306122448,0.006192635784472519,0.4224137931034483,0.0031409060481221163,35,28,42
22,0.14285714285714285,0.02003953623851583,0.4803921568627451,0.4417464916377071,16,44,42
30,0.16326530612244897,0.023649706510976018,0.5,0.39570796357379256,31,42,42
41,0.18367346938775508,0.04269161696757735,0.5104166666666666,0.458431424131438,33,46,42
12,0.2040816326530612,0.04747176232020169,0.5104166666666666,0.574287575090211,25,34,42
11,0.18367346938775508,0.0317400104952626,0.5051546391752577,0.6642017130717857,40,9,42
41,0.18367346938775508,0.04269161696757735,0.5104166666666666,0.04496144159155113,14,14,42
38,0.12244897959183673,0.01697232047997354,0.47115384615384615,0.9894511309650564,12,45,42
8,0.1020408163265306,0.008334579252946598,0.4336283185840708,0.3714672626243768,40,31,42
26,0.12244897959183673,0.012656386508427325,0.44545454545454544,0.4893925374065887,20,44,42
15,0.18367346938775508,0.0315418014247546,0.5,0.4925690707532976,8,19,42
43,0.12244897959183673,0.014583750166733358,0.45794392523364486,0.8382304210818006,37,40,42
6,0.18367346938775508,0.03949572017174058,0.494949494949495,0.7997179136187196,35,15,42
15,0.18367346938775508,0.0315418014247546,0.5,0.453989911199699,39,19,42
24,0.061224489795918366,0.0028105091242846348,0.3951612903225806,0.12600202786399428,32,9,42
12,0.2040816326530612,0.04747176232020169,0.5104166666666666,0.951444825663092,45,4,42
36,0.18367346938775508,0.05040430605031445,0.5051546391752577,0.5677273179310546,5,11,42
25,0.12244897959183673,0.01615357265117169,0.44144144144144143,0.6447452485768186,13,48,42
3,0.12244897959183673,0.011960073531577133,0.44954128440366975,0.9323227582288776,39,29,42
12,0.2040816326530612,0.04747176232020169,0.5104166666666666,0.279415884176072,32,2,42
37,0.12244897959183673,0.022625928076858454,0.44954128440366975,0.16530228613796127,27,16,42
2,0.18367346938775508,0.023643733078757095,0.5157894736842106,0.49076500671236045,28,0,42
33,0.18367346938775508,0.0430666854098727,0.5104166666666666,0.28570756766089034,15,6,42
37,0.12244897959183673,0.022625928076858454,0.44954128440366975,0.5587659446243977,7,39,42
5,0.14285714285714285,0.015812888453194573,0.45794392523364486,0.252798444015773,14,40,42
9,0.12244897959183673,0.023275035122274017,0.4666666666666667,0.8939852050469608,2,11,42
11,0.18367346938775508,0.0317400104952626,0.5051546391752577,0.7294637698316637,49,29,42
28,0.2040816326530612,0.05104504998525107,0.5104166666666666,0.17512314013035324,4,0,42
24,0.061224489795918366,0.0028105091242846348,0.3951612903225806,0.25264603062128665,41,9,42
20,0.16326530612244897,0.03323921601607676,0.45794392523364486,0.24966895274023015,19,48,42
21,0.08163265306122448,0.006309636950018101,0.4336283185840708,0.0006533907612995549,3,11,42
41,0.18367346938775508,0.04269161696757735,0.5104166666666666,0.627328935090678,49,29,42
12,0.2040816326530612,0.04747176232020169,0.5104166666666666,0.1520485674244918,17,40,42
32,0.16326530612244897,0.020764913940934354,0.46226415094339623,0.3512193873487809,0,27,42
16,0.04081632653061224,0.000750489589775304,0.362962962962963,0.4861304852149241,24,36,42
49,0.14285714285714285,0.017099363888079377,0.47115384615384615,0.04005911905069448,26,26,42
45,0.26530612244897955,0.058031599530699154,0.550561797752809,0.20754093620570346,7,0,42
25,0.12244897959183673,0.01615357265117169,0.44144144144144143,0.9084345518793753,47,48,42
38,0.12244897959183673,0.01697232047997354,0.47115384615384615,0.4662994129398188,36,27,42
24,0.061224489795918366,0.0028105091242846348,0.3951612903225806,0.615253653282414,15,17,42
17,0.12244897959183673,0.01809058802231071,0.4375,0.7040832713213391,16,36,42
12,0.2040816326530612,0.04747176232020169,0.5104166666666666,0.3758050158460863,32,2,42
45,0.26530612244897955,0.058031599530699154,0.550561797752809,0.4756878180109587,29,11,42
42,0.2040816326530612,0.037110328230526304,0.5268817204301075,0.7628933355543641,20,2,42
47,0.12244897959183673,0.015595621781846272,0.46226415094339623,0.5105807574595599,16,27,42
14,0.12244897959183673,0.01745357816786388,0.4375,0.4683301859338135,8,43,42
43,0.12244897959183673,0.014583750166733358,0.45794392523364486,0.12340081520559643,30,40,42
29,0.24489795918367346,0.06340367163071246,0.5268817204301075,0.8529819953305915,33,11,42
8,0.1020408163265306,0.008334579252946598,0.4336283185840708,0.16067958471184518,47,20,42
34,0.14285714285714285,0.01891827465807058,0.46226415094339623,0.44903876793012587,10,12,42
8,0.1020408163265306,0.008334579252946598,0.4336283185840708,0.04961437333883745,32,20,42
32,0.16326530612244897,0.020764913940934354,0.46226415094339623,0.11159299995724747,45,9,42
7,0.1020408163265306,0.005333813720293311,0.4298245614035088,0.9223674846701029,8,28,42
11,0.18367346938775508,0.0317400104952626,0.5051546391752577,0.6107707306850386,0,9,42
41,0.18367346938775508,0.04269161696757735,0.5104166666666666,0.5684648985079399,10,35,42
30,0.16326530612244897,0.023649706510976018,0.5,0.21078144935468823,16,45,42
28,0.2040816326530612,0.05104504998525107,0.5104166666666666,0.5657815548409963,20,0,42
22,0.14285714285714285,0.02003953623851583,0.4803921568627451,0.36588580955688044,5,44,42
37,0.12244897959183673,0.022625928076858454,0.44954128440366975,0.7494260059808087,36,16,42
7,0.1020408163265306,0.005333813720293311,0.4298245614035088,0.2828011306704997,41,28,42
10,0.12244897959183673,0.013472618415220454,0.4336283185840708,0.03010387221131894,24,35,42
1,0.1020408163265306,0.008892781915741098,0.4375,0.9332050877593062,40,43,42
27,0.18367346938775508,0.04034407226371513,0.48514851485148514,0.6533834984786806,16,36,42
37,0.12244897959183673,0.022625928076858454,0.44954128440366975,0.8481092350156301,27,16,42
36,0.18367346938775508,0.05040430605031445,0.5051546391752577,0.3504132500101974,3,3,42
48,0.1020408163265306,0.012431352411094308,0.45794392523364486,0.3397702422988438,42,38,42
12,0.2040816326530612,0.04747176232020169,0.5104166666666666,0.5430214308667641,32,2,42
35,0.14285714285714285,0.019720982659908227,0.4537037037037037,0.7944808178535061,46,41,42
34,0.14285714285714285,0.01891827465807058,0.46226415094339623,0.07893940294655555,46,25,42
27,0.18367346938775508,0.04034407226371513,0.48514851485148514,0.08898971485634666,0,0,42
47,0.12244897959183673,0.015595621781846272,0.46226415094339623,0.5410028989276625,39,27,42
11,0.18367346938775508,0.0317400104952626,0.5051546391752577,0.9389964220859776,7,9,42
49,0.14285714285714285,0.017099363888079377,0.47115384615384615,0.1984910746053491,3,29,42
26,0.12244897959183673,0.012656386508427325,0.44545454545454544,0.2399893638699575,8,44,42
11,0.18367346938775508,0.0317400104952626,0.5051546391752577,0.15047227100599747,31,29,42
13,0.1020408163265306,0.008244535604229481,0.4117647058823529,0.44671452725852034,45,38,42
33,0.18367346938775508,0.0430666854098727,0.5104166666666666,0.2466586158054065,2,12,42
41,0.18367346938775508,0.04269161696757735,0.5104166666666666,0.7511771369540428,8,29,42
39,0.22448979591836732,0.053688065510919654,0.5157894736842106,0.1771925010111911,9,4,42
23,0.08163265306122448,0.006192635784472519,0.4224137931034483,0.1147969272512801,4,5,42
26,0.12244897959183673,0.012656386508427325,0.44545454545454544,0.7842061743652669,15,44,42
34,0.14285714285714285,0.01891827465807058,0.46226415094339623,0.864962605115202,11,11,42
43,0.12244897959183673,0.014583750166733358,0.45794392523364486,0.7171205684721935,25,40,42
22,0.14285714285714285,0.02003953623851583,0.4803921568627451,0.3567687116232726,31,44,42
11,0.18367346938775508,0.0317400104952626,0.5051546391752577,0.29507234926430936,23,45,42
47,0.12244897959183673,0.015595621781846272,0.46226415094339623,0.27163318127436964,48,1,42
24,0.061224489795918366,0.0028105091242846348,0.3951612903225806,0.18463245734736922,1,9,42
20,0.16326530612244897,0.03323921601607676,0.45794392523364486,0.863135537735739,25,48,42
21,0.08163265306122448,0.006309636950018101,0.4336283185840708,0.7349258473948942,20,11,42
32,0.16326530612244897,0.020764913940934354,0.46226415094339623,0.682153161561635,38,27,42
45,0.26530612244897955,0.058031599530699154,0.550561797752809,0.4338439228552442,14,11,42
20,0.16326530612244897,0.03323921601607676,0.45794392523364486,0.11658307455569672,24,9,42
4,0.08163265306122448,0.0027520594484880196,0.4298245614035088,0.9024130332861034,6,12,42
47,0.12244897959183673,0.015595621781846272,0.46226415094339623,0.7330001072226232,43,1,42
3,0.12244897959183673,0.011960073531577133,0.44954128440366975,0.931554914309481,27,36,42
27,0.18367346938775508,0.04034407226371513,0.48514851485148514,0.566605258905463,35,0,42
22,0.14285714285714285,0.02003953623851583,0.4803921568627451,0.41085709184049646,2,44,42
9,0.12244897959183673,0.023275035122274017,0.4666666666666667,0.9426591769666305,25,11,42
7,0.1020408163265306,0.005333813720293311,0.4298245614035088,0.8009807004033649,11,28,42
4,0.08163265306122448,0.0027520594484880196,0.4298245614035088,0.07566110390411085,45,45,42
36,0.18367346938775508,0.05040430605031445,0.5051546391752577,0.5850784422062031,45,11,42
4,0.08163265306122448,0.0027520594484880196,0.4298245614035088,0.8956979631993723,9,45,42
1,0.1020408163265306,0.008892781915741098,0.4375,0.6997052060994762,0,20,42
29,0.24489795918367346,0.06340367163071246,0.5268817204301075,0.5322918759514544,10,31,42
11,0.18367346938775508,0.0317400104952626,0.5051546391752577,0.17252387694636206,39,45,42
7,0.1020408163265306,0.005333813720293311,0.4298245614035088,0.983567206513663,28,28,42
8,0.1020408163265306,0.008334579252946598,0.4336283185840708,0.969723632797977,39,39,42
20,0.16326530612244897,0.03323921601607676,0.45794392523364486,0.14430920072160303,47,1,42
30,0.16326530612244897,0.023649706510976018,0.5,0.6920112559466547,24,45,42
21,0.08163265306122448,0.006309636950018101,0.4336283185840708,0.9894317657796315,40,11,42
0,0.2040816326530612,0.046422896359120856,0.5051546391752577,0.13788526935601042,1,20,42
41,0.18367346938775508,0.04269161696757735,0.5104166666666666,0.823552226611819,42,6,42
16,0.04081632653061224,0.000750489589775304,0.362962962962963,0.4773503981224013,22,36,42
44,0.18367346938775508,0.030948090191787677,0.48514851485148514,0.36255979655909454,15,15,42
46,0.14285714285714285,0.013591831448974306,0.45794392523364486,0.328179482797612,16,33,42
25,0.12244897959183673,0.01615357265117169,0.44144144144144143,0.08468834187530683,12,34,42
16,0.04081632653061224,0.000750489589775304,0.362962962962963,0.4821320989198419,48,36,42
5,0.14285714285714285,0.015812888453194573,0.45794392523364486,0.22123869644606398,35,45,42
46,0.14285714285714285,0.013591831448974306,0.45794392523364486,0.8084057388936909,7,41,42
26,0.12244897959183673,0.012656386508427325,0.44545454545454544,0.4591240232866809,12,44,42
34,0.14285714285714285,0.01891827465807058,0.46226415094339623,0.6791991512011694,5,12,42
48,0.1020408163265306,0.012431352411094308,0.45794392523364486,0.5315721526867312,22,38,42
25,0.12244897959183673,0.01615357265117169,0.44144144144144143,0.4755961918220083,47,48,42
19,0.12244897959183673,0.010561079590566385,0.4537037037037037,0.16121881197512256,5,39,42
49,0.14285714285714285,0.017099363888079377,0.47115384615384615,0.3321097833081246,17,17,42
13,0.1020408163265306,0.008244535604229481,0.4117647058823529,0.06845045256601678,14,38,42
43,0.12244897959183673,0.014583750166733358,0.45794392523364486,0.6127958355365104,14,14,42
42,0.2040816326530612,0.037110328230526304,0.5268817204301075,0.6617777324716385,47,1,42
16,0.04081632653061224,0.000750489589775304,0.362962962962963,0.35466620498508283,35,37,42
35,0.14285714285714285,0.019720982659908227,0.4537037037037037,0.4032077561332522,34,19,42
47,0.12244897959183673,0.015595621781846272,0.46226415094339623,0.8146710047099892,43,1,42
16,0.04081632653061224,0.000750489589775304,0.362962962962963,0.25533637376324414,6,37,42
0,0.2040816326530612,0.046422896359120856,0.5051546391752577,0.35489768348655404,35,28,42
12,0.2040816326530612,0.04747176232020169,0.5104166666666666,0.6758229251040736,5,4,42
13,0.1020408163265306,0.008244535604229481,0.4117647058823529,0.07010813964125695,37,38,42
46,0.14285714285714285,0.013591831448974306,0.45794392523364486,0.5563280072570793,3,41,42
15,0.18367346938775508,0.0315418014247546,0.5,0.9072489443564058,28,19,42
3,0.12244897959183673,0.011960073531577133,0.44954128440366975,0.22008867687138656,45,29,42
31,0.14285714285714285,0.018356157606232635,0.49,0.7101147663372793,45,29,42
2,0.18367346938775508,0.023643733078757095,0.5157894736842106,0.5024272871663764,8,42,42
42,0.2040816326530612,0.037110328230526304,0.5268817204301075,0.9581180089194338,30,30,42
44,0.18367346938775508,0.030948090191787677,0.48514851485148514,0.8861817721293451,1,13,42
43,0.12244897959183673,0.014583750166733358,0.45794392523364486,0.6354143568619098,38,1,42
15,0.18367346938775508,0.0315418014247546,0.5,0.0913741048604092,35,19,42
37,0.12244897959183673,0.022625928076858454,0.44954128440366975,0.04305240271566857,17,17,42
28,0.2040816326530612,0.05104504998525107,0.5104166666666666,0.7314964640431391,39,35,42
42,0.2040816326530612,0.037110328230526304,0.5268817204301075,0.6580549838612207,45,2,42
29,0.24489795918367346,0.06340367163071246,0.5268817204301075,0.943174822961285,5,11,42
45,0.26530612244897955,0.058031599530699154,0.550561797752809,0.37904048538303503,43,4,42
22,0.14285714285714285,0.02003953623851583,0.4803921568627451,0.2511692675484013,5,44,42
17,0.12244897959183673,0.01809058802231071,0.4375,0.4840205725094041,14,49,42
31,0.14285714285714285,0.018356157606232635,0.49,0.308468281489484,8,8,42
19,0.12244897959183673,0.010561079590566385,0.4537037037037037,0.3252111962762113,5,39,42
2,0.18367346938775508,0.023643733078757095,0.5157894736842106,0.006379043406590679,42,42,42
16,0.04081632653061224,0.000750489589775304,0.362962962962963,0.9657472098197475,32,36,42
3,0.12244897959183673,0.011960073531577133,0.44954128440366975,0.728370854339646,17,29,42
4,0.08163265306122448,0.0027520594484880196,0.4298245614035088,0.671093157085976,32,45,42
5,0.14285714285714285,0.015812888453194573,0.45794392523364486,0.9467562446922407,35,45,42
19,0.12244897959183673,0.010561079590566385,0.4537037037037037,0.7832979829560477,22,15,42
10,0.12244897959183673,0.013472618415220454,0.4336283185840708,0.9903323037936483,13,26,42
2,0.18367346938775508,0.023643733078757095,0.5157894736842106,0.603528806501121,9,45,42
22,0.14285714285714285,0.02003953623851583,0.4803921568627451,0.6880455570741288,13,44,42
48,0.1020408163265306,0.012431352411094308,0.45794392523364486,0.19809551672028958,40,20,42
9,0.12244897959183673,0.023275035122274017,0.4666666666666667,0.8871193172236984,19,35,42
4,0.08163265306122448,0.0027520594484880196,0.4298245614035088,0.49689551850004887,47,12,42
22,0.14285714285714285,0.02003953623851583,0.4803921568627451,0.7762904775159478,30,44,42
33,0.18367346938775508,0.0430666854098727,0.5104166666666666,0.5654199676077424,45,12,42
46,0.14285714285714285,0.013591831448974306,0.45794392523364486,0.7972110725787628,24,40,42
41,0.18367346938775508,0.04269161696757735,0.5104166666666666,0.39310390755940106,46,46,42
40,0.22448979591836732,0.048362102500007664,0.532608695652174,0.6617186826439566,24,9,42
47,0.12244897959183673,0.015595621781846272,0.46226415094339623,0.07680744106928128,33,12,42
10,0.12244897959183673,0.013472618415220454,0.4336283185840708,0.8301509829979181,11,35,42
21,0.08163265306122448,0.006309636950018101,0.4336283185840708,0.3046023557741905,45,11,42
16,0.04081632653061224,0.000750489589775304,0.362962962962963,0.9264637979561848,1,36,42
41,0.18367346938775508,0.04269161696757735,0.5104166666666666,0.050622472269074126,17,29,42
10,0.12244897959183673,0.013472618415220454,0.4336283185840708,0.5739498660690104,16,35,42
17,0.12244897959183673,0.01809058802231071,0.4375,0.028652427577654516,35,24,42
25,0.12244897959183673,0.01615357265117169,0.44144144144144143,0.011302536589022472,15,6,42
43,0.12244897959183673,0.014583750166733358,0.45794392523364486,0.3064328227033716,42,40,42
47,0.12244897959183673,0.015595621781846272,0.46226415094339623,0.5883522209831533,41,1,42
12,0.2040816326530612,0.04747176232020169,0.5104166666666666,0.9738004133571495,3,4,42
1,0.1020408163265306,0.008892781915741098,0.4375,0.2752391810370083,26,20,42
26,0.12244897959183673,0.012656386508427325,0.44545454545454544,0.27149200254271133,14,44,42
6,0.18367346938775508,0.03949572017174058,0.494949494949495,0.5131830837567788,47,32,42
39,0.22448979591836732,0.053688065510919654,0.5157894736842106,0.4104957940605546,11,4,42
42,0.2040816326530612,0.037110328230526304,0.5268817204301075,0.2217819781923186,16,36,42
16,0.04081632653061224,0.000750489589775304,0.362962962962963,0.8173053122132368,36,36,42
4,0.08163265306122448,0.0027520594484880196,0.4298245614035088,0.09536092127300355,26,45,42
27,0.18367346938775508,0.04034407226371513,0.48514851485148514,0.6264570196769271,29,38,42
36,0.18367346938775508,0.05040430605031445,0.5051546391752577,0.279745967769071,29,11,42
13,0.1020408163265306,0.008244535604229481,0.4117647058823529,0.6627962742097216,9,38,42
36,0.18367346938775508,0.05040430605031445,0.5051546391752577,0.33440117898874866,28,27,42
35,0.14285714285714285,0.019720982659908227,0.4537037037037037,0.5299405869302329,47,10,42
18,0.061224489795918366,0.003772602114438849,0.3983739837398374,0.5719958782835928,12,6,42
36,0.18367346938775508,0.05040430605031445,0.5051546391752577,0.9108026709698133,26,11,42
28,0.2040816326530612,0.05104504998525107,0.5104166666666666,0.7339053770018694,19,35,42
35,0.14285714285714285,0.019720982659908227,0.4537037037037037,0.4084555814084826,1,9,42
15,0.18367346938775508,0.0315418014247546,0.5,0.056680432165835404,18,6,42
35,0.14285714285714285,0.019720982659908227,0.4537037037037037,0.391910562943909,29,41,42
22,0.14285714285714285,0.02003953623851583,0.4803921568627451,0.19343534295648257,34,34,42
28,0.2040816326530612,0.05104504998525107,0.5104166666666666,0.8860861088135163,36,0,42
46,0.14285714285714285,0.013591831448974306,0.45794392523364486,0.12211151592428793,35,41,42
46,0.061224489795918366,0.0021927241314996415,0.4152542372881356,0.2721958415554876,5,40,7
9,0.16326530612244897,0.017829371106306887,0.4803921568627451,0.6092464107247335,45,8,7
14,0.12244897959183673,0.008629051557966543,0.4666666666666667,0.20769528909582635,6,47,7
37,0.1020408163265306,0.008357374029642936,0.44144144144144143,0.2675879579863305,22,32,7
9,0.16326530612244897,0.017829371106306887,0.4803921568627451,0.8103569768939509,36,38,7
32,0.24489795918367346,0.05382981822432602,0.550561797752809,0.1296696409288728,36,36,7
20,0.14285714285714285,0.012377492108509512,0.47115384615384615,0.44959741007991116,0,43,7
21,0.12244897959183673,0.006546137019576394,0.45794392523364486,0.6618457469702688,2,2,7
11,0.2040816326530612,0.02752056615464478,0.5104166666666666,0.2615190646417739,37,8,7
43,0.24489795918367346,0.0486594451161528,0.5568181818181818,0.6295501714623319,7,29,7
21,0.12244897959183673,0.006546137019576394,0.45794392523364486,0.7753276761299329,19,7,7
45,0.14285714285714285,0.010964570199264074,0.47115384615384615,0.5807053706118858,35,31,7
33,0.12244897959183673,0.007465882068223004,0.46226415094339623,0.513243399843739,8,35,7
10,0.16326530612244897,0.013469118426094636,0.5,0.2585894985926458,19,47,7
17,0.12244897959183673,0.010292254116770766,0.4375,0.42125370859927336,27,47,7
8,0.2040816326530612,0.032030785230064945,0.532608695652174,0.8354685611475348,14,44,7
49,0.1020408163265306,0.005674352102923531,0.4188034188034188,0.6462541094487922,34,28,7
32,0.24489795918367346,0.05382981822432602,0.550561797752809,0.7540531969831749,26,39,7
1,0.16326530612244897,0.015728144751629144,0.48514851485148514,0.457598874651717,38,23,7
48,0.12244897959183673,0.010385480797000668,0.4666666666666667,0.057253559800167664,9,40,7
43,0.24489795918367346,0.0486594451161528,0.5568181818181818,0.7335823031907777,20,20,7
8,0.2040816326530612,0.032030785230064945,0.532608695652174,0.5827940247516731,21,7,7
48,0.12244897959183673,0.010385480797000668,0.4666666666666667,0.7151821057277491,10,40,7
45,0.14285714285714285,0.010964570199264074,0.47115384615384615,0.1157140506093054,2,49,7
3,0.14285714285714285,0.013357209832773739,0.47115384615384615,0.7326219094520809,42,6,7
15,0.16326530612244897,0.013783449749086001,0.46226415094339623,0.6048635533193659,46,26,7
41,0.18367346938775508,0.019117339673687214,0.5,0.624130322702144,42,4,7
12,0.24489795918367346,0.03153722194838642,0.550561797752809,0.4317795435268398,35,39,7
5,0.08163265306122448,0.004790709573872838,0.4016393442622951,0.2451093526405581,16,24,7
22,0.18367346938775508,0.019534213271833318,0.5051546391752577,0.904122830629598,47,6,7
19,0.18367346938775508,0.025393984669569904,0.5104166666666666,0.8995757788613248,45,27,7
46,0.061224489795918366,0.0021927241314996415,0.4152542372881356,0.7778600665672813,23,40,7
11,0.2040816326530612,0.02752056615464478,0.5104166666666666,0.9613937134379236,27,12,7
16,0.12244897959183673,0.007586025183189048,0.4666666666666667,0.04316993559752147,42,25,7
10,0.16326530612244897,0.013469118426094636,0.5,0.7314212789001067,4,31,7
40,0.2857142857142857,0.05748254284304229,0.5632183908045977,0.09258180314495723,7,7,7
48,0.12244897959183673,0.010385480797000668,0.4666666666666667,0.14922495069108677,2,40,7
10,0.16326530612244897,0.013469118426094636,0.5,0.05275579312450329,8,11,7
0,0.22448979591836732,0.020074542452737147,0.5104166666666666,0.09129178998961429,24,4,7
29,0.1020408163265306,0.00801672911366789,0.44954128440366975,0.9635895134120274,32,36,7
48,0.12244897959183673,0.010385480797000668,0.4666666666666667,0.9089277158538611,42,40,7
0,0.22448979591836732,0.020074542452737147,0.5104166666666666,0.005641953918997911,35,4,7
20,0.14285714285714285,0.012377492108509512,0.47115384615384615,0.04777321268593582,17,17,7
0,0.22448979591836732,0.020074542452737147,0.5104166666666666,0.5390567006816359,35,4,7
28,0.12244897959183673,0.009461770278096807,0.4666666666666667,0.5163602352841693,42,36,7
38,0.16326530612244897,0.018706201364001324,0.5051546391752577,0.8703755947536134,46,23,7
22,0.18367346938775508,0.019534213271833318,0.5051546391752577,0.10929333323169421,24,32,7
11,0.2040816326530612,0.02752056615464478,0.5104166666666666,0.09778734397791733,12,12,7
28,0.12244897959183673,0.009461770278096807,0.4666666666666667,0.48592205598747296,37,36,7
39,0.12244897959183673,0.013151682140277577,0.47115384615384615,0.8328734127375139,42,23,7
8,0.2040816326530612,0.032030785230064945,0.532608695652174,0.2595710931286208,39,43,7
16,0.12244897959183673,0.007586025183189048,0.4666666666666667,0.3976806640310162,7,7,7
4,0.14285714285714285,0.005922499286094723,0.4666666666666667,0.3712818787395221,47,35,7
23,0.16326530612244897,0.023213198602229215,0.5,0.6842405223551922,47,30,7
36,0.18367346938775508,0.026208330124146455,0.5268817204301075,0.6452062839590242,31,25,7
21,0.12244897959183673,0.006546137019576394,0.45794392523364486,0.05195689513248958,0,7,7
43,0.24489795918367346,0.0486594451161528,0.5568181818181818,0.0087991107002795,26,26,7
1,0.16326530612244897,0.015728144751629144,0.48514851485148514,0.16571392474611746,22,23,7
49,0.1020408163265306,0.005674352102923531,0.4188034188034188,0.9527513947953482,25,28,7
21,0.12244897959183673,0.006546137019576394,0.45794392523364486,0.6574263851618577,39,7,7
37,0.1020408163265306,0.008357374029642936,0.44144144144144143,0.10992797653721198,25,44,7
29,0.1020408163265306,0.00801672911366789,0.44954128440366975,0.9139199387225516,22,18,7
22,0.18367346938775508,0.019534213271833318,0.5051546391752577,0.5462384288947734,35,32,7
35,0.24489795918367346,0.03975236885463476,0.550561797752809,0.7406467308597892,33,33,7
48,0.12244897959183673,0.010385480797000668,0.4666666666666667,0.512547003441387,16,40,7
0,0.22448979591836732,0.020074542452737147,0.5104166666666666,0.7347369077925268,19,4,7
17,0.12244897959183673,0.010292254116770766,0.4375,0.8329401087337758,2,47,7
2,0.22448979591836732,0.025949137138599764,0.550561797752809,0.8077876312168312,32,12,7
28,0.12244897959183673,0.009461770278096807,0.4666666666666667,0.16082576513729407,42,36,7
18,0.12244897959183673,0.016606971071256783,0.4666666666666667,0.807912952139197,21,7,7
28,0.12244897959183673,0.009461770278096807,0.4666666666666667,0.9648463390269616,29,36,7
15,0.16326530612244897,0.013783449749086001,0.46226415094339623,0.23576232699798172,46,26,7
1,0.16326530612244897,0.015728144751629144,0.48514851485148514,0.5394062099506569,25,31,7
36,0.18367346938775508,0.026208330124146455,0.5268817204301075,0.3566620487145734,43,29,7
43,0.24489795918367346,0.0486594451161528,0.5568181818181818,0.27454222792907357,1,23,7
23,0.16326530612244897,0.023213198602229215,0.5,0.47175068885141214,47,30,7
27,0.22448979591836732,0.046581926097725844,0.5444444444444444,0.4497836089298881,36,25,7
25,0.16326530612244897,0.013839508183232511,0.5,0.6444148962624405,26,31,7
42,0.2040816326530612,0.029902417593744134,0.550561797752809,0.4708879967290682,12,12,7
45,0.14285714285714285,0.010964570199264074,0.47115384615384615,0.34246012540114046,23,31,7
24,0.12244897959183673,0.01388849021126932,0.47115384615384615,0.3606911077169659,22,35,7
18,0.12244897959183673,0.016606971071256783,0.4666666666666667,0.48199331388611544,44,29,7
17,0.12244897959183673,0.010292254116770766,0.4375,0.4238299338665591,4,20,7
11,0.2040816326530612,0.02752056615464478,0.5104166666666666,0.27480238333460283,38,12,7
3,0.14285714285714285,0.013357209832773739,0.47115384615384615,0.7679014074925296,31,6,7
39,0.12244897959183673,0.013151682140277577,0.47115384615384615,0.02279627179395638,0,23,7
15,0.16326530612244897,0.013783449749086001,0.46226415094339623,0.3762474141022907,37,26,7
32,0.24489795918367346,0.05382981822432602,0.550561797752809,0.4010085303903287,33,33,7
43,0.24489795918367346,0.0486594451161528,0.5568181818181818,0.034445370356431027,1,23,7
6,0.14285714285714285,0.011967550192577045,0.47572815533980584,0.9562250137507371,49,22,7
30,0.12244897959183673,0.004093184532110102,0.4666666666666667,0.991808703583101,4,40,7
30,0.12244897959183673,0.004093184532110102,0.4666666666666667,0.19236357434085072,26,23,7
41,0.18367346938775508,0.019117339673687214,0.5,0.6567046803932749,26,26,7
2,0.22448979591836732,0.025949137138599764,0.550561797752809,0.39697271526887323,22,12,7
10,0.16326530612244897,0.013469118426094636,0.5,0.9437739993000753,34,34,7
49,0.1020408163265306,0.005674352102923531,0.4188034188034188,0.9607778274826423,18,28,7
46,0.061224489795918366,0.0021927241314996415,0.4152542372881356,0.3627288883269787,17,11,7
13,0.12244897959183673,0.013284442079084935,0.4537037037037037,0.4484801512604981,48,18,7
40,0.2857142857142857,0.05748254284304229,0.5632183908045977,0.3526932166520369,18,7,7
32,0.24489795918367346,0.05382981822432602,0.550561797752809,0.23495695097400038,7,33,7
12,0.24489795918367346,0.03153722194838642,0.550561797752809,0.07041526117880037,37,39,7
2,0.22448979591836732,0.025949137138599764,0.550561797752809,0.49894507649154773,48,30,7
9,0.16326530612244897,0.017829371106306887,0.4803921568627451,0.25268693696651223,31,1,7
23,0.16326530612244897,0.023213198602229215,0.5,0.848675975533586,44,43,7
8,0.2040816326530612,0.032030785230064945,0.532608695652174,0.20690479837042774,12,11,7
3,0.14285714285714285,0.013357209832773739,0.47115384615384615,0.3373500361037728,48,7,7
48,0.12244897959183673,0.010385480797000668,0.4666666666666667,0.4153219636131751,16,40,7
13,0.12244897959183673,0.013284442079084935,0.4537037037037037,0.06515997545321817,17,18,7
39,0.12244897959183673,0.013151682140277577,0.47115384615384615,0.6748311401235245,4,23,7
37,0.1020408163265306,0.008357374029642936,0.44144144144144143,0.914137404559026,13,44,7
0,0.22448979591836732,0.020074542452737147,0.5104166666666666,0.3139595640253693,22,22,7
47,0.24489795918367346,0.042389360561629466,0.5444444444444444,0.8554643913024383,26,17,7
4,0.14285714285714285,0.005922499286094723,0.4666666666666667,0.18653851619139528,22,0,7
44,0.24489795918367346,0.04792814123607624,0.5444444444444444,0.504273983084654,10,14,7
21,0.12244897959183673,0.006546137019576394,0.45794392523364486,0.08890697072754417,26,7,7
5,0.08163265306122448,0.004790709573872838,0.4016393442622951,0.07418767473225829,0,24,7
10,0.16326530612244897,0.013469118426094636,0.5,0.7987627112516095,40,20,7
2,0.22448979591836732,0.025949137138599764,0.550561797752809,0.6985466383465934,20,30,7
24,0.12244897959183673,0.01388849021126932,0.47115384615384615,0.7300228329120885,2,23,7
37,0.1020408163265306,0.008357374029642936,0.44144144144144143,0.24885898158862285,7,44,7
41,0.18367346938775508,0.019117339673687214,0.5,0.8939512634713341,35,33,7
25,0.16326530612244897,0.013839508183232511,0.5,0.25381295470761933,42,0,7
5,0.08163265306122448,0.004790709573872838,0.4016393442622951,0.46654429147510657,36,24,7
4,0.14285714285714285,0.005922499286094723,0.4666666666666667,0.5835772799893953,28,0,7
20,0.14285714285714285,0.012377492108509512,0.47115384615384615,0.5154482557382004,2,43,7
13,0.12244897959183673,0.013284442079084935,0.4537037037037037,0.11321053506097756,8,18,7
0,0.22448979591836732,0.020074542452737147,0.5104166666666666,0.9896022973054645,11,11,7
49,0.1020408163265306,0.005674352102923531,0.4188034188034188,0.4950360663957767,33,28,7
11,0.2040816326530612,0.02752056615464478,0.5104166666666666,0.3375294202117991,32,32,7
9,0.16326530612244897,0.017829371106306887,0.4803921568627451,0.48541040769212185,30,1,7
9,0.16326530612244897,0.017829371106306887,0.4803921568627451,0.9026637044263727,12,1,7
1,0.16326530612244897,0.015728144751629144,0.48514851485148514,0.9307662630757197,35,35,7
5,0.08163265306122448,0.004790709573872838,0.4016393442622951,0.6237007192407262,48,24,7
31,0.3061224489795918,0.05915013577449606,0.5833333333333334,0.039408558168117946,14,44,7
17,0.12244897959183673,0.010292254116770766,0.4375,0.3567946903673459,23,20,7
5,0.08163265306122448,0.004790709573872838,0.4016393442622951,0.6388545303370702,40,24,7
2,0.22448979591836732,0.025949137138599764,0.550561797752809,0.8637124033444644,23,30,7
33,0.12244897959183673,0.007465882068223004,0.46226415094339623,0.11696685105567062,40,35,7
24,0.12244897959183673,0.01388849021126932,0.47115384615384615,0.00974250291163048,10,23,7
32,0.24489795918367346,0.05382981822432602,0.550561797752809,0.5368064457790755,44,16,7
18,0.12244897959183673,0.016606971071256783,0.4666666666666667,0.6688668017610364,45,29,7
0,0.22448979591836732,0.020074542452737147,0.5104166666666666,0.585373175016628,13,26,7
16,0.12244897959183673,0.007586025183189048,0.4666666666666667,0.9978364575087892,47,44,7
18,0.12244897959183673,0.016606971071256783,0.4666666666666667,0.5367596986085544,15,29,7
28,0.12244897959183673,0.009461770278096807,0.4666666666666667,0.12609426951712333,19,19,7
44,0.24489795918367346,0.04792814123607624,0.5444444444444444,0.27707018279551543,43,43,7
24,0.12244897959183673,0.01388849021126932,0.47115384615384615,0.7025023847332037,33,35,7
14,0.12244897959183673,0.008629051557966543,0.4666666666666667,0.8924831409031366,38,44,7
14,0.12244897959183673,0.008629051557966543,0.4666666666666667,0.1787653995049835,28,44,7
48,0.12244897959183673,0.010385480797000668,0.4666666666666667,0.9070373768197907,2,40,7
1,0.16326530612244897,0.015728144751629144,0.48514851485148514,0.9298743755775124,47,23,7
47,0.24489795918367346,0.042389360561629466,0.5444444444444444,0.7179489888978047,30,7,7
48,0.12244897959183673,0.010385480797000668,0.4666666666666667,0.4968305333574743,4,40,7
36,0.18367346938775508,0.026208330124146455,0.5268817204301075,0.5570154371589259,30,2,7
39,0.12244897959183673,0.013151682140277577,0.47115384615384615,0.27234874715073365,46,12,7
32,0.24489795918367346,0.05382981822432602,0.550561797752809,0.028049402896189624,48,33,7
13,0.12244897959183673,0.013284442079084935,0.4537037037037037,0.5121882681917762,11,18,7
33,0.12244897959183673,0.007465882068223004,0.46226415094339623,0.3798924166924592,38,35,7
26,0.18367346938775508,0.015499181825080607,0.5,0.6588215617744619,20,43,7
28,0.12244897959183673,0.009461770278096807,0.4666666666666667,0.4973936312862197,18,36,7
44,0.24489795918367346,0.04792814123607624,0.5444444444444444,0.29212927796628596,10,14,7
48,0.12244897959183673,0.010385480797000668,0.4666666666666667,0.7807304911647672,40,40,7
39,0.12244897959183673,0.013151682140277577,0.47115384615384615,0.9556766559053811,31,23,7
45,0.14285714285714285,0.010964570199264074,0.47115384615384615,0.0716880537957919,6,31,7
22,0.18367346938775508,0.019534213271833318,0.5051546391752577,0.015165067324933723,8,8,7
7,0.2857142857142857,0.05040123745164971,0.5697674418604651,0.722958049102768,43,18,7
37,0.1020408163265306,0.008357374029642936,0.44144144144144143,0.30451829519588325,31,44,7
38,0.16326530612244897,0.018706201364001324,0.5051546391752577,0.9160743672066416,47,36,7
23,0.16326530612244897,0.023213198602229215,0.5,0.8123028330444861,33,24,7
30,0.12244897959183673,0.004093184532110102,0.4666666666666667,0.4499150499185628,27,23,7
48,0.12244897959183673,0.010385480797000668,0.4666666666666667,0.19425444503011624,20,40,7
40,0.2857142857142857,0.05748254284304229,0.5632183908045977,0.5991373580620272,2,30,7
48,0.12244897959183673,0.010385480797000668,0.4666666666666667,0.050643527733202354,13,40,7
28,0.12244897959183673,0.009461770278096807,0.4666666666666667,0.4354717688219678,4,36,7
47,0.24489795918367346,0.042389360561629466,0.5444444444444444,0.22487727003934888,20,17,7
22,0.18367346938775508,0.019534213271833318,0.5051546391752577,0.515402183663472,18,34,7
14,0.12244897959183673,0.008629051557966543,0.4666666666666667,0.16403320698338342,17,47,7
7,0.2857142857142857,0.05040123745164971,0.5697674418604651,0.3552459167806007,36,18,7
21,0.12244897959183673,0.006546137019576394,0.45794392523364486,0.7722370974565839,30,7,7
45,0.14285714285714285,0.010964570199264074,0.47115384615384615,0.5481033627263667,49,49,7
20,0.14285714285714285,0.012377492108509512,0.47115384615384615,0.9096843374752063,16,43,7
42,0.2040816326530612,0.029902417593744134,0.550561797752809,0.8075500986858035,26,4,7
2,0.22448979591836732,0.025949137138599764,0.550561797752809,0.6821205804105755,20,30,7
2,0.22448979591836732,0.025949137138599764,0.550561797752809,0.9520162922399957,33,12,7
31,0.3061224489795918,0.05915013577449606,0.5833333333333334,0.06993906408407957,11,11,7
0,0.22448979591836732,0.020074542452737147,0.5104166666666666,0.25492041664867227,22,22,7
1,0.16326530612244897,0.015728144751629144,0.48514851485148514,0.03146208991060351,15,23,7
35,0.24489795918367346,0.03975236885463476,0.550561797752809,0.6764358869800243,10,44,7
49,0.1020408163265306,0.005674352102923531,0.4188034188034188,0.6462720092557019,6,27,7
26,0.18367346938775508,0.015499181825080607,0.5,0.8753351921510779,47,43,7
29,0.1020408163265306,0.00801672911366789,0.44954128440366975,0.9806785826408186,31,43,7
24,0.12244897959183673,0.01388849021126932,0.47115384615384615,0.21640078764094084,45,23,7
25,0.16326530612244897,0.013839508183232511,0.5,0.06301064777412224,32,0,7
24,0.12244897959183673,0.01388849021126932,0.47115384615384615,0.9324995372217993,14,35,7
15,0.16326530612244897,0.013783449749086001,0.46226415094339623,0.2536810468136307,10,26,7
42,0.2040816326530612,0.029902417593744134,0.550561797752809,0.6177617208602686,49,27,7
49,0.1020408163265306,0.005674352102923531,0.4188034188034188,0.5548386011199593,29,28,7
43,0.24489795918367346,0.0486594451161528,0.5568181818181818,0.0006913526320485586,49,31,7
23,0.16326530612244897,0.023213198602229215,0.5,0.13054189966633967,37,1,7
16,0.12244897959183673,0.007586025183189048,0.4666666666666667,0.3511218285277127,5,44,7
12,0.24489795918367346,0.03153722194838642,0.550561797752809,0.13284321556338863,45,2,7
12,0.24489795918367346,0.03153722194838642,0.550561797752809,0.8008477828296483,39,39,7
49,0.1020408163265306,0.005674352102923531,0.4188034188034188,0.5144885566966841,12,28,7
48,0.12244897959183673,0.010385480797000668,0.4666666666666667,0.4159655724609881,5,40,7
4,0.14285714285714285,0.005922499286094723,0.4666666666666667,0.11953888227989529,27,0,7
40,0.2857142857142857,0.05748254284304229,0.5632183908045977,0.8194724781232162,21,7,7
33,0.12244897959183673,0.007465882068223004,0.46226415094339623,0.11635033660355865,3,32,7
3,0.14285714285714285,0.013357209832773739,0.47115384615384615,0.5130071817593088,7,7,7
7,0.2857142857142857,0.05040123745164971,0.5697674418604651,0.655701777015256,1,40,7
19,0.18367346938775508,0.025393984669569904,0.5104166666666666,0.10068016010093928,39,23,7
16,0.12244897959183673,0.007586025183189048,0.4666666666666667,0.7003219287933294,37,44,7
8,0.2040816326530612,0.032030785230064945,0.532608695652174,0.40024602301191214,35,7,7
40,0.2857142857142857,0.05748254284304229,0.5632183908045977,0.522918255852013,26,30,7
25,0.16326530612244897,0.013839508183232511,0.5,0.8101593612303628,29,31,7
41,0.18367346938775508,0.019117339673687214,0.5,0.08537463851430038,44,26,7
22,0.18367346938775508,0.019534213271833318,0.5051546391752577,0.2328239038207598,26,0,7
22,0.18367346938775508,0.019534213271833318,0.5051546391752577,0.5744524951789307,44,27,7
31,0.3061224489795918,0.05915013577449606,0.5833333333333334,0.6992859712643673,10,10,7
47,0.24489795918367346,0.042389360561629466,0.5444444444444444,0.28465481866109177,31,6,7
22,0.18367346938775508,0.019534213271833318,0.5051546391752577,0.059200845313875594,37,32,7
30,0.12244897959183673,0.004093184532110102,0.4666666666666667,0.15421758789417628,4,40,7
28,0.12244897959183673,0.009461770278096807,0.4666666666666667,0.5091953884332735,37,36,7
45,0.14285714285714285,0.010964570199264074,0.47115384615384615,0.3879894664107344,21,8,7
29,0.1020408163265306,0.00801672911366789,0.44954128440366975,0.38308104599808623,4,43,7
45,0.14285714285714285,0.010964570199264074,0.47115384615384615,0.630002712218245,7,8,7
20,0.14285714285714285,0.012377492108509512,0.47115384615384615,0.9896962264528147,47,17,7
47,0.24489795918367346,0.042389360561629466,0.5444444444444444,0.3000718531969264,8,7,7
38,0.16326530612244897,0.018706201364001324,0.5051546391752577,0.13746518126975782,13,36,7
14,0.12244897959183673,0.008629051557966543,0.4666666666666667,0.937150007971858,17,47,7
38,0.16326530612244897,0.018706201364001324,0.5051546391752577,0.06639785716291235,4,15,7
39,0.12244897959183673,0.013151682140277577,0.47115384615384615,0.20972304535300113,43,23,7
11,0.2040816326530612,0.02752056615464478,0.5104166666666666,0.5505090767309417,31,31,7
16,0.12244897959183673,0.007586025183189048,0.4666666666666667,0.0008540333120126142,2,25,7
45,0.14285714285714285,0.010964570199264074,0.47115384615384615,0.7681275928201894,40,8,7
31,0.3061224489795918,0.05915013577449606,0.5833333333333334,0.11236502380381463,5,43,7
32,0.24489795918367346,0.05382981822432602,0.550561797752809,0.942055311189365,40,33,7
39,0.12244897959183673,0.013151682140277577,0.47115384615384615,0.7203169295016897,24,23,7
21,0.12244897959183673,0.006546137019576394,0.45794392523364486,0.7001657153343475,49,7,7
33,0.12244897959183673,0.007465882068223004,0.46226415094339623,0.39753261451512034,29,35,7
19,0.18367346938775508,0.025393984669569904,0.5104166666666666,0.6812419016616632,26,23,7
20,0.14285714285714285,0.012377492108509512,0.47115384615384615,0.3812817392084673,47,17,7
26,0.18367346938775508,0.015499181825080607,0.5,0.8140222435499084,42,0,7
29,0.1020408163265306,0.00801672911366789,0.44954128440366975,0.3312643620710568,26,43,7
9,0.16326530612244897,0.017829371106306887,0.4803921568627451,0.1688204599258395,28,38,7
23,0.16326530612244897,0.023213198602229215,0.5,0.24316044930246938,11,39,7
18,0.12244897959183673,0.016606971071256783,0.4666666666666667,0.9116303311197776,32,7,7
44,0.24489795918367346,0.04792814123607624,0.5444444444444444,0.3596598915351783,42,42,7
15,0.16326530612244897,0.013783449749086001,0.46226415094339623,0.718697879689063,16,26,7
35,0.24489795918367346,0.03975236885463476,0.550561797752809,0.49162728642766695,16,44,7
12,0.24489795918367346,0.03153722194838642,0.550561797752809,0.3177288798955946,15,39,7
29,0.1020408163265306,0.00801672911366789,0.44954128440366975,0.2941232814111032,36,36,7
45,0.14285714285714285,0.010964570199264074,0.47115384615384615,0.8851404133120045,21,8,7
25,0.16326530612244897,0.013839508183232511,0.5,0.695917733374681,35,0,7
27,0.22448979591836732,0.046581926097725844,0.5444444444444444,0.43484114327295664,17,19,7
38,0.16326530612244897,0.018706201364001324,0.5051546391752577,0.18804466248264629,48,23,7
3,0.14285714285714285,0.013357209832773739,0.47115384615384615,0.6720723095134707,14,17,7
14,0.12244897959183673,0.008629051557966543,0.4666666666666667,0.7427563191082552,13,44,7
40,0.2857142857142857,0.05748254284304229,0.5632183908045977,0.8525994904986709,38,30,7
39,0.12244897959183673,0.013151682140277577,0.47115384615384615,0.8818100041174853,20,23,7
32,0.24489795918367346,0.05382981822432602,0.550561797752809,0.7001386192546207,25,22,7
5,0.08163265306122448,0.004790709573872838,0.4016393442622951,0.7809503445886253,34,24,7
13,0.12244897959183673,0.013284442079084935,0.4537037037037037,0.5757558274693676,48,18,7
48,0.12244897959183673,0.010385480797000668,0.4666666666666667,0.31839925001011204,39,40,7
38,0.16326530612244897,0.018706201364001324,0.5051546391752577,0.6279247402194672,29,36,7
40,0.2857142857142857,0.05748254284304229,0.5632183908045977,0.5771758722805213,11,46,7
27,0.22448979591836732,0.046581926097725844,0.5444444444444444,0.05972938442322395,42,42,7
1,0.16326530612244897,0.015728144751629144,0.48514851485148514,0.30348776959546897,13,23,7
47,0.24489795918367346,0.042389360561629466,0.5444444444444444,0.5105326460114454,35,7,7
45,0.14285714285714285,0.010964570199264074,0.47115384615384615,0.6909825452546333,25,31,7
22,0.18367346938775508,0.019534213271833318,0.5051546391752577,0.05325557266111258,17,6,7
29,0.1020408163265306,0.00801672911366789,0.44954128440366975,0.3698980739484795,33,18,7
16,0.12244897959183673,0.007586025183189048,0.4666666666666667,0.40077180293680836,13,7,7
30,0.12244897959183673,0.004093184532110102,0.4666666666666667,0.8401095853599717,17,23,7
0,0.22448979591836732,0.020074542452737147,0.5104166666666666,0.7652069568511657,20,26,7
5,0.08163265306122448,0.004790709573872838,0.4016393442622951,0.762436585405613,21,24,7
1,0.16326530612244897,0.015728144751629144,0.48514851485148514,0.8716800988542341,46,23,7
17,0.12244897959183673,0.010292254116770766,0.4375,0.9030687257614685,9,20,7
2,0.22448979591836732,0.025949137138599764,0.550561797752809,0.26035696480621595,39,12,7
0,0.22448979591836732,0.020074542452737147,0.5104166666666666,0.5720980419319417,9,9,7
28,0.12244897959183673,0.009461770278096807,0.4666666666666667,0.22471847233704823,49,49,7
17,0.12244897959183673,0.010292254116770766,0.4375,0.98389607145925,22,3,7
4,0.14285714285714285,0.005922499286094723,0.4666666666666667,0.9384468324119419,6,0,7
37,0.1020408163265306,0.008357374029642936,0.44144144144144143,0.872048688198359,30,1,7
33,0.12244897959183673,0.007465882068223004,0.46226415094339623,0.7599335792572646,5,35,7
0,0.22448979591836732,0.020074542452737147,0.5104166666666666,0.05148670155950852,40,4,7
12,0.24489795918367346,0.03153722194838642,0.550561797752809,0.5395770239663645,23,39,7
4,0.14285714285714285,0.005922499286094723,0.4666666666666667,0.6102675606244395,7,35,7
6,0.14285714285714285,0.011967550192577045,0.47572815533980584,0.3131010580868181,8,31,7
37,0.1020408163265306,0.008357374029642936,0.44144144144144143,0.2601570319070593,33,32,7
24,0.12244897959183673,0.01388849021126932,0.47115384615384615,0.4346494499233985,49,23,7
15,0.16326530612244897,0.013783449749086001,0.46226415094339623,0.3139899318620837,46,26,7
15,0.16326530612244897,0.013783449749086001,0.46226415094339623,0.5693022959825481,1,26,7
29,0.1020408163265306,0.00801672911366789,0.44954128440366975,0.9471584035043212,26,43,7
46,0.061224489795918366,0.0021927241314996415,0.4152542372881356,0.4805815586037563,14,11,7
16,0.12244897959183673,0.007586025183189048,0.4666666666666667,0.9715769183534421,41,26,7
7,0.2857142857142857,0.05040123745164971,0.5697674418604651,0.8509759851601514,49,18,7
48,0.12244897959183673,0.010385480797000668,0.4666666666666667,0.3513579581456142,49,40,7
18,0.12244897959183673,0.016606971071256783,0.4666666666666667,0.4901201217909571,9,7,7
9,0.16326530612244897,0.017829371106306887,0.4803921568627451,0.10529371729263481,2,38,7
2,0.22448979591836732,0.025949137138599764,0.550561797752809,0.46476506141316587,31,31,7
2,0.22448979591836732,0.025949137138599764,0.550561797752809,0.9175903071200298,9,36,7
24,0.12244897959183673,0.01388849021126932,0.47115384615384615,0.6725308697908485,47,47,7
10,0.16326530612244897,0.013469118426094636,0.5,0.3683867919114181,26,20,7
19,0.18367346938775508,0.025393984669569904,0.5104166666666666,0.13828044177722676,2,23,7
43,0.24489795918367346,0.0486594451161528,0.5568181818181818,0.9239125658053686,21,29,7
8,0.2040816326530612,0.032030785230064945,0.532608695652174,0.35447856622352214,32,22,7
2,0.22448979591836732,0.025949137138599764,0.550561797752809,0.738818338720325,22,12,7
22,0.18367346938775508,0.019534213271833318,0.5051546391752577,0.2655258909929412,30,34,7
25,0.16326530612244897,0.013839508183232511,0.5,0.08110112278611492,31,31,7
6,0.14285714285714285,0.011967550192577045,0.47572815533980584,0.5470766838896385,5,22,7
32,0.24489795918367346,0.05382981822432602,0.550561797752809,0.28573683900488145,44,16,7
42,0.2040816326530612,0.029902417593744134,0.550561797752809,0.8945453748268505,4,4,7
2,0.22448979591836732,0.025949137138599764,0.550561797752809,0.9910335929174732,6,12,7
22,0.18367346938775508,0.019534213271833318,0.5051546391752577,0.4446042461549802,30,34,7
20,0.14285714285714285,0.012377492108509512,0.47115384615384615,0.23960787970595254,21,43,7
1,0.16326530612244897,0.015728144751629144,0.48514851485148514,0.5434489209136038,15,23,7
24,0.12244897959183673,0.01388849021126932,0.47115384615384615,0.5112582706328985,5,5,7
4,0.14285714285714285,0.005922499286094723,0.4666666666666667,0.27038375972565754,21,35,7
48,0.12244897959183673,0.010385480797000668,0.4666666666666667,0.795233308561146,44,44,7
29,0.1020408163265306,0.00801672911366789,0.44954128440366975,0.16094016575767944,10,43,7
27,0.22448979591836732,0.046581926097725844,0.5444444444444444,0.6367919164886772,23,19,7
17,0.12244897959183673,0.010292254116770766,0.4375,0.20222761054009575,41,20,7
8,0.2040816326530612,0.032030785230064945,0.532608695652174,0.700113631258398,11,11,7
30,0.12244897959183673,0.004093184532110102,0.4666666666666667,0.2960891662046754,2,2,7
49,0.1020408163265306,0.005674352102923531,0.4188034188034188,0.35483714878283756,37,8,7
21,0.12244897959183673,0.006546137019576394,0.45794392523364486,0.10172380909326817,34,34,7
19,0.18367346938775508,0.025393984669569904,0.5104166666666666,0.9904366190854295,41,23,7
5,0.08163265306122448,0.004790709573872838,0.4016393442622951,0.1759843949686033,12,24,7
38,0.16326530612244897,0.018706201364001324,0.5051546391752577,0.3707834869708817,33,23,7
3,0.14285714285714285,0.013357209832773739,0.47115384615384615,0.956493507916226,5,6,7
23,0.16326530612244897,0.023213198602229215,0.5,0.5121086045327933,15,43,7
36,0.18367346938775508,0.026208330124146455,0.5268817204301075,0.14237142443265227,7,29,7
45,0.14285714285714285,0.010964570199264074,0.47115384615384615,0.8948163694820769,43,31,7
11,0.2040816326530612,0.02752056615464478,0.5104166666666666,0.591202406943672,5,12,7
29,0.1020408163265306,0.00801672911366789,0.44954128440366975,0.46461189816612114,10,43,7
42,0.2040816326530612,0.029902417593744134,0.550561797752809,0.4860003869309758,36,40,7
25,0.16326530612244897,0.013839508183232511,0.5,0.21579647639982502,10,31,7
16,0.12244897959183673,0.007586025183189048,0.4666666666666667,0.860111583341083,35,44,7
3,0.14285714285714285,0.013357209832773739,0.47115384615384615,0.22289144097796476,27,6,7
37,0.1020408163265306,0.008357374029642936,0.44144144144144143,0.1964019517531218,25,44,7
8,0.2040816326530612,0.032030785230064945,0.532608695652174,0.7820707914345801,1,43,7
46,0.061224489795918366,0.0021927241314996415,0.4152542372881356,0.780628609249494,30,40,7
4,0.14285714285714285,0.005922499286094723,0.4666666666666667,0.9231772273583962,36,0,7
27,0.22448979591836732,0.046581926097725844,0.5444444444444444,0.4099914862159795,37,9,7
39,0.12244897959183673,0.013151682140277577,0.47115384615384615,0.5482371151786207,26,23,7
29,0.1020408163265306,0.00801672911366789,0.44954128440366975,0.279928187494378,43,43,7
4,0.14285714285714285,0.005922499286094723,0.4666666666666667,0.969278887329091,38,15,7
15,0.16326530612244897,0.013783449749086001,0.46226415094339623,0.05452174036389146,29,26,7
24,0.12244897959183673,0.01388849021126932,0.47115384615384615,0.012995658201120364,30,23,7
19,0.18367346938775508,0.025393984669569904,0.5104166666666666,0.7103714468391337,42,42,7
49,0.1020408163265306,0.005674352102923531,0.4188034188034188,0.2871477461143275,18,28,7
24,0.12244897959183673,0.01388849021126932,0.47115384615384615,0.38173460826591166,36,23,7
15,0.16326530612244897,0.013783449749086001,0.46226415094339623,0.3996656833159823,25,25,7
10,0.16326530612244897,0.013469118426094636,0.5,0.5028709299268486,24,20,7
3,0.14285714285714285,0.013357209832773739,0.47115384615384615,0.7908316312385734,45,6,7
32,0.24489795918367346,0.05382981822432602,0.550561797752809,0.8859029397238743,15,39,7
32,0.24489795918367346,0.05382981822432602,0.550561797752809,0.1258081649512035,1,39,7
1,0.16326530612244897,0.015728144751629144,0.48514851485148514,0.8875867114180028,22,23,7
14,0.12244897959183673,0.008629051557966543,0.4666666666666667,0.11741592031190518,8,44,7
3,0.14285714285714285,0.013357209832773739,0.47115384615384615,0.5149484434653838,10,17,7
23,0.16326530612244897,0.023213198602229215,0.5,0.8605991793014343,44,43,7
23,0.16326530612244897,0.023213198602229215,0.5,0.14045244154116399,28,30,7
42,0.2040816326530612,0.029902417593744134,0.550561797752809,0.9758112177518059,18,13,7
31,0.3061224489795918,0.05915013577449606,0.5833333333333334,0.14438695164008508,20,43,7
40,0.2857142857142857,0.05748254284304229,0.5632183908045977,0.84793355090983,39,30,7
32,0.24489795918367346,0.05382981822432602,0.550561797752809,0.2276140687765319,40,33,7
7,0.2857142857142857,0.05040123745164971,0.5697674418604651,0.47133696919254975,27,18,7
24,0.12244897959183673,0.01388849021126932,0.47115384615384615,0.6269571277929371,28,23,7
29,0.1020408163265306,0.00801672911366789,0.44954128440366975,0.7563464346552121,30,18,7
34,0.24489795918367346,0.03685668233049685,0.5444444444444444,0.5511600237404949,48,40,7
9,0.16326530612244897,0.017829371106306887,0.4803921568627451,0.36928715524795175,11,8,7
1,0.16326530612244897,0.015728144751629144,0.48514851485148514,0.6940249513620353,36,23,7
11,0.2040816326530612,0.02752056615464478,0.5104166666666666,0.10223395004646396,49,8,7
4,0.14285714285714285,0.005922499286094723,0.4666666666666667,0.4302020468015362,28,0,7
25,0.16326530612244897,0.013839508183232511,0.5,0.9376601842280858,2,36,7
16,0.12244897959183673,0.007586025183189048,0.4666666666666667,0.02337713352988191,1,25,7
30,0.12244897959183673,0.004093184532110102,0.4666666666666667,0.8441866120658905,5,23,7
26,0.18367346938775508,0.015499181825080607,0.5,0.02452420959961732,11,11,7
33,0.12244897959183673,0.007465882068223004,0.46226415094339623,0.9721503096781375,24,35,7
14,0.12244897959183673,0.008629051557966543,0.4666666666666667,0.11573465119937898,18,44,7
1,0.16326530612244897,0.015728144751629144,0.48514851485148514,0.2645843736919742,37,37,7
24,0.12244897959183673,0.01388849021126932,0.47115384615384615,0.8233116311801653,26,23,7
21,0.12244897959183673,0.006546137019576394,0.45794392523364486,0.9122525718650419,22,22,7
14,0.12244897959183673,0.008629051557966543,0.4666666666666667,0.08768104714415303,27,44,7
28,0.12244897959183673,0.009461770278096807,0.4666666666666667,0.4353742036100624,0,36,7
49,0.1020408163265306,0.005674352102923531,0.4188034188034188,0.1325387621967853,1,45,7
41,0.18367346938775508,0.019117339673687214,0.5,0.8920842569859896,35,33,7
24,0.12244897959183673,0.01388849021126932,0.47115384615384615,0.5461857205227137,33,35,7
4,0.14285714285714285,0.005922499286094723,0.4666666666666667,0.856008163305957,0,0,7
24,0.12244897959183673,0.01388849021126932,0.47115384615384615,0.599039408314559,39,23,7
25,0.16326530612244897,0.013839508183232511,0.5,0.9817807971796761,9,0,7
26,0.18367346938775508,0.015499181825080607,0.5,0.5456033451734837,45,43,7
34,0.24489795918367346,0.03685668233049685,0.5444444444444444,0.04892525345080967,9,33,7
37,0.1020408163265306,0.008357374029642936,0.44144144144144143,0.5869911090998863,16,44,7
30,0.12244897959183673,0.004093184532110102,0.4666666666666667,0.18749488339901277,44,23,7
27,0.22448979591836732,0.046581926097725844,0.5444444444444444,0.24980233152041786,39,19,7
13,0.12244897959183673,0.013284442079084935,0.4537037037037037,0.1242837023325819,3,18,7
9,0.16326530612244897,0.017829371106306887,0.4803921568627451,0.3713921444704441,11,8,7
25,0.16326530612244897,0.013839508183232511,0.5,0.7734218755622184,37,16,7
44,0.24489795918367346,0.04792814123607624,0.5444444444444444,0.11682512398539147,2,43,7
12,0.24489795918367346,0.03153722194838642,0.550561797752809,0.3596538363295304,17,3,7
8,0.2040816326530612,0.032030785230064945,0.532608695652174,0.6669431012421095,19,43,7
23,0.16326530612244897,0.023213198602229215,0.5,0.2564282470431285,24,24,7
21,0.12244897959183673,0.006546137019576394,0.45794392523364486,0.6093666199135328,29,7,7
49,0.1020408163265306,0.005674352102923531,0.4188034188034188,0.5731767104514213,20,45,7
41,0.18367346938775508,0.019117339673687214,0.5,0.9237602672569172,46,11,7
19,0.18367346938775508,0.025393984669569904,0.5104166666666666,0.21227581268818296,33,23,7
39,0.12244897959183673,0.013151682140277577,0.47115384615384615,0.22199162134604666,46,12,7
14,0.12244897959183673,0.008629051557966543,0.4666666666666667,0.8944383437619349,10,10,7
41,0.18367346938775508,0.019117339673687214,0.5,0.2813170885496633,0,26,7
17,0.12244897959183673,0.010292254116770766,0.4375,0.7443076584050191,29,20,7
26,0.18367346938775508,0.015499181825080607,0.5,0.8539491612344582,25,43,7
39,0.12244897959183673,0.013151682140277577,0.47115384615384615,0.24186822080257087,2,12,7
42,0.2040816326530612,0.029902417593744134,0.550561797752809,0.2924246735578867,16,4,7
0,0.22448979591836732,0.020074542452737147,0.5104166666666666,0.22361363838899728,25,25,7
44,0.24489795918367346,0.04792814123607624,0.5444444444444444,0.6725694086830638,0,16,7
48,0.12244897959183673,0.010385480797000668,0.4666666666666667,0.9136436609225421,30,40,7
7,0.2857142857142857,0.05040123745164971,0.5697674418604651,0.6911706851680027,43,18,7
27,0.22448979591836732,0.046581926097725844,0.5444444444444444,0.17714865748372033,15,25,7
38,0.16326530612244897,0.018706201364001324,0.5051546391752577,0.8158457723813051,25,36,7
17,0.12244897959183673,0.010292254116770766,0.4375,0.12905764891534555,3,3,7
6,0.14285714285714285,0.011967550192577045,0.47572815533980584,0.567185022500898,7,3,7
48,0.12244897959183673,0.010385480797000668,0.4666666666666667,0.30515175490175384,29,40,7
48,0.12244897959183673,0.010385480797000668,0.4666666666666667,0.9817790576344938,22,40,7
10,0.16326530612244897,0.013469118426094636,0.5,0.6890782878350389,11,11,7
36,0.18367346938775508,0.026208330124146455,0.5268817204301075,0.8114240831267847,21,29,7
40,0.2857142857142857,0.05748254284304229,0.5632183908045977,0.9029401316108197,25,25,7
16,0.12244897959183673,0.007586025183189048,0.4666666666666667,0.5937920111450316,48,7,7
13,0.12244897959183673,0.013284442079084935,0.4537037037037037,0.2660115260401821,34,18,7
10,0.16326530612244897,0.013469118426094636,0.5,0.0667116608919971,22,32,7
8,0.2040816326530612,0.032030785230064945,0.532608695652174,0.28898866046927885,36,49,7
26,0.18367346938775508,0.015499181825080607,0.5,0.006827616746419962,35,43,7
40,0.2857142857142857,0.05748254284304229,0.5632183908045977,0.5258011702210748,37,30,7
19,0.18367346938775508,0.025393984669569904,0.5104166666666666,0.6631899274414362,44,23,7
31,0.3061224489795918,0.05915013577449606,0.5833333333333334,0.08061960112997024,0,25,7
38,0.16326530612244897,0.018706201364001324,0.5051546391752577,0.5277897474734445,34,36,7
40,0.2857142857142857,0.05748254284304229,0.5632183908045977,0.8438538980313528,46,46,7
29,0.1020408163265306,0.00801672911366789,0.44954128440366975,0.32237191697820944,37,43,7
30,0.12244897959183673,0.004093184532110102,0.4666666666666667,0.39528525083900123,10,23,7
45,0.14285714285714285,0.010964570199264074,0.47115384615384615,0.6977380396260929,26,31,7
17,0.12244897959183673,0.010292254116770766,0.4375,0.8927512246017717,44,47,7
4,0.14285714285714285,0.005922499286094723,0.4666666666666667,0.3823418065308529,30,35,7
46,0.061224489795918366,0.0021927241314996415,0.4152542372881356,0.26098443864982046,38,40,7
1,0.16326530612244897,0.015728144751629144,0.48514851485148514,0.7739336539890788,41,23,7
37,0.1020408163265306,0.008357374029642936,0.44144144144144143,0.9149404143774257,4,9,7
20,0.14285714285714285,0.012377492108509512,0.47115384615384615,0.3481229756582619,32,10,7
43,0.24489795918367346,0.0486594451161528,0.5568181818181818,0.6650097293008245,44,44,7
6,0.14285714285714285,0.011967550192577045,0.47572815533980584,0.7747339239157679,47,47,7
4,0.14285714285714285,0.005922499286094723,0.4666666666666667,0.31386054022336884,0,0,7
18,0.12244897959183673,0.016606971071256783,0.4666666666666667,0.7745714091330528,0,29,7
20,0.14285714285714285,0.012377492108509512,0.47115384615384615,0.4832793039496699,40,43,7
33,0.12244897959183673,0.007465882068223004,0.46226415094339623,0.8595231813188717,2,32,7
35,0.24489795918367346,0.03975236885463476,0.550561797752809,0.10144658573257803,31,1,7
19,0.18367346938775508,0.025393984669569904,0.5104166666666666,0.02444407255650105,1,23,7
4,0.14285714285714285,0.005922499286094723,0.4666666666666667,0.06112484896918213,7,35,7
43,0.24489795918367346,0.0486594451161528,0.5568181818181818,0.700966106863056,27,23,7
49,0.1020408163265306,0.005674352102923531,0.4188034188034188,0.8809655993444943,28,28,7
38,0.16326530612244897,0.018706201364001324,0.5051546391752577,0.1940054256356235,8,9,7
30,0.12244897959183673,0.004093184532110102,0.4666666666666667,0.2785952547355455,21,40,7
5,0.08163265306122448,0.004790709573872838,0.4016393442622951,0.0644348682600352,31,24,7
31,0.3061224489795918,0.05915013577449606,0.5833333333333334,0.373111687218034,28,25,7
34,0.24489795918367346,0.03685668233049685,0.5444444444444444,0.14579446093147475,29,40,7
23,0.16326530612244897,0.023213198602229215,0.5,0.7536514818572476,24,24,7
18,0.12244897959183673,0.016606971071256783,0.4666666666666667,0.3186176125190807,13,13,7
16,0.12244897959183673,0.007586025183189048,0.4666666666666667,0.4162517486849131,6,25,7
24,0.12244897959183673,0.01388849021126932,0.47115384615384615,0.820230146553005,38,23,7
1,0.16326530612244897,0.015728144751629144,0.48514851485148514,0.07348302264137518,9,9,7
41,0.18367346938775508,0.019117339673687214,0.5,0.8277568902549101,5,26,7
24,0.12244897959183673,0.01388849021126932,0.47115384615384615,0.22530374612449322,21,35,7
45,0.14285714285714285,0.010964570199264074,0.47115384615384615,0.7332158338725698,18,31,7
10,0.16326530612244897,0.013469118426094636,0.5,0.8749608105126155,20,20,7
16,0.12244897959183673,0.007586025183189048,0.4666666666666667,0.8462628041807099,8,26,7
7,0.2857142857142857,0.05040123745164971,0.5697674418604651,0.4052621320230415,41,18,7
0,0.22448979591836732,0.020074542452737147,0.5104166666666666,0.5022252146915572,6,22,7
36,0.18367346938775508,0.026208330124146455,0.5268817204301075,0.021693332485383077,15,29,7
46,0.061224489795918366,0.0021927241314996415,0.4152542372881356,0.8348034110789303,49,11,7
44,0.24489795918367346,0.04792814123607624,0.5444444444444444,0.11437991354696708,45,31,7
18,0.12244897959183673,0.016606971071256783,0.4666666666666667,0.43299825217623356,0,29,7
15,0.16326530612244897,0.013783449749086001,0.46226415094339623,0.5422593141263392,2,26,7
20,0.14285714285714285,0.012377492108509512,0.47115384615384615,0.3993793079283733,14,10,7
31,0.3061224489795918,0.05915013577449606,0.5833333333333334,0.650690510955678,29,43,7
45,0.14285714285714285,0.010964570199264074,0.47115384615384615,0.324754165204554,3,31,7
18,0.12244897959183673,0.016606971071256783,0.4666666666666667,0.3250412933981718,23,7,7
5,0.08163265306122448,0.004790709573872838,0.4016393442622951,0.9965497686577319,21,24,7
13,0.12244897959183673,0.013284442079084935,0.4537037037037037,0.8232914561104646,15,18,7
43,0.24489795918367346,0.0486594451161528,0.5568181818181818,0.5646632413176612,46,8,7
16,0.12244897959183673,0.007586025183189048,0.4666666666666667,0.48519260319051183,49,25,7
34,0.24489795918367346,0.03685668233049685,0.5444444444444444,0.07192496643388135,15,40,7
47,0.24489795918367346,0.042389360561629466,0.5444444444444444,0.9700775358624839,41,17,7
39,0.12244897959183673,0.013151682140277577,0.47115384615384615,0.8512959865486766,32,32,7
4,0.14285714285714285,0.005922499286094723,0.4666666666666667,0.23835448801385672,10,0,7
49,0.1020408163265306,0.005674352102923531,0.4188034188034188,0.02761896581849599,14,45,7
32,0.24489795918367346,0.05382981822432602,0.550561797752809,0.40094805196078664,39,39,7
37,0.1020408163265306,0.008357374029642936,0.44144144144144143,0.8575131562049574,27,9,7
33,0.12244897959183673,0.007465882068223004,0.46226415094339623,0.1645727632911398,27,32,7
9,0.16326530612244897,0.017829371106306887,0.4803921568627451,0.9671617162536168,38,38,7
21,0.12244897959183673,0.006546137019576394,0.45794392523364486,0.26186508098891337,31,7,7
24,0.12244897959183673,0.01388849021126932,0.47115384615384615,0.2443482622374108,44,35,7
5,0.08163265306122448,0.004790709573872838,0.4016393442622951,0.24948886200137566,47,24,7
12,0.24489795918367346,0.03153722194838642,0.550561797752809,0.16137214212158124,42,42,7
38,0.16326530612244897,0.018706201364001324,0.5051546391752577,0.0627348261951961,48,23,7
43,0.24489795918367346,0.0486594451161528,0.5568181818181818,0.10782774319631128,10,20,7
1,0.16326530612244897,0.015728144751629144,0.48514851485148514,0.8056690743068042,13,23,7
49,0.1020408163265306,0.005674352102923531,0.4188034188034188,0.9090324595595815,10,8,7
39,0.12244897959183673,0.013151682140277577,0.47115384615384615,0.09725096756022922,42,23,7
43,0.24489795918367346,0.0486594451161528,0.5568181818181818,0.4834099508176707,9,23,7
24,0.12244897959183673,0.01388849021126932,0.47115384615384615,0.0015851173957757148,38,23,7
31,0.3061224489795918,0.05915013577449606,0.5833333333333334,0.12716593767253348,10,10,7
16,0.12244897959183673,0.007586025183189048,0.4666666666666667,0.4274403726711352,7,7,7
35,0.24489795918367346,0.03975236885463476,0.550561797752809,0.43610001972282186,22,33,7
48,0.12244897959183673,0.010385480797000668,0.4666666666666667,0.7371787708778835,22,40,7
18,0.12244897959183673,0.016606971071256783,0.4666666666666667,0.0796884900271061,29,29,7
15,0.16326530612244897,0.013783449749086001,0.46226415094339623,0.8555987576799239,32,26,7
49,0.1020408163265306,0.005674352102923531,0.4188034188034188,0.39279101009545214,27,27,7
9,0.16326530612244897,0.017829371106306887,0.4803921568627451,0.7012948458124767,2,38,7
49,0.1020408163265306,0.005674352102923531,0.4188034188034188,0.32334305398483765,28,28,7
40,0.2857142857142857,0.05748254284304229,0.5632183908045977,0.9887380401474378,34,34,7
48,0.12244897959183673,0.010385480797000668,0.4666666666666667,0.9299265404082769,28,40,7
33,0.12244897959183673,0.007465882068223004,0.46226415094339623,0.5068931223881291,44,35,7
47,0.24489795918367346,0.042389360561629466,0.5444444444444444,0.7073468333838391,1,7,7
48,0.12244897959183673,0.010385480797000668,0.4666666666666667,0.12946605603093464,6,40,7
38,0.16326530612244897,0.018706201364001324,0.5051546391752577,0.4362267681382319,30,23,7
45,0.14285714285714285,0.010964570199264074,0.47115384615384615,0.06566453424008178,25,31,7
39,0.12244897959183673,0.013151682140277577,0.47115384615384615,0.13513839710181075,34,23,7
8,0.2040816326530612,0.032030785230064945,0.532608695652174,0.25285225074724527,36,49,7
43,0.24489795918367346,0.0486594451161528,0.5568181818181818,0.4415286000292866,10,20,7
25,0.16326530612244897,0.013839508183232511,0.5,0.0735231428621912,41,31,7
45,0.14285714285714285,0.010964570199264074,0.47115384615384615,0.5514874101504802,9,8,7
42,0.2040816326530612,0.029902417593744134,0.550561797752809,0.4976491323394281,38,19,7
10,0.16326530612244897,0.013469118426094636,0.5,0.9360421664100501,32,32,7
4,0.14285714285714285,0.005922499286094723,0.4666666666666667,0.6762221953481261,23,35,7
17,0.12244897959183673,0.010292254116770766,0.4375,0.8122388044415803,25,20,7
49,0.1020408163265306,0.005674352102923531,0.4188034188034188,0.8126074216257043,40,28,7
12,0.24489795918367346,0.03153722194838642,0.550561797752809,0.7804017794972522,24,39,7
40,0.2857142857142857,0.05748254284304229,0.5632183908045977,0.9952280280984651,41,35,7
28,0.12244897959183673,0.009461770278096807,0.4666666666666667,0.2637389594842594,21,36,7
18,0.12244897959183673,0.016606971071256783,0.4666666666666667,0.008965254270016931,4,7,7
13,0.12244897959183673,0.013284442079084935,0.4537037037037037,0.8542666782111455,30,18,7
44,0.24489795918367346,0.04792814123607624,0.5444444444444444,0.4072753440989103,37,37,7
18,0.12244897959183673,0.016606971071256783,0.4666666666666667,0.12605143716391543,8,7,7
18,0.12244897959183673,0.016606971071256783,0.4666666666666667,0.14504051453494504,46,7,7
15,0.16326530612244897,0.013783449749086001,0.46226415094339623,0.6385069178386137,18,26,7
47,0.24489795918367346,0.042389360561629466,0.5444444444444444,0.977604945397312,31,6,7
46,0.061224489795918366,0.0021927241314996415,0.4152542372881356,0.7055165103930264,26,11,7
43,0.24489795918367346,0.0486594451161528,0.5568181818181818,0.621620995395762,38,23,7
8,0.2040816326530612,0.032030785230064945,0.532608695652174,0.009413692056326584,11,11,7
45,0.14285714285714285,0.010964570199264074,0.47115384615384615,0.4678338369713342,18,31,7
44,0.24489795918367346,0.04792814123607624,0.5444444444444444,0.6695480197099174,32,16,7
36,0.18367346938775508,0.026208330124146455,0.5268817204301075,0.4852545334967897,23,2,7
3,0.14285714285714285,0.013357209832773739,0.47115384615384615,0.37029318581718507,13,7,7
43,0.24489795918367346,0.0486594451161528,0.5568181818181818,0.7001801810955796,27,23,7
11,0.2040816326530612,0.02752056615464478,0.5104166666666666,0.8406280341301211,32,32,7
4,0.14285714285714285,0.005922499286094723,0.4666666666666667,0.07994531631645463,3,15,7
14,0.12244897959183673,0.008629051557966543,0.4666666666666667,0.1507170200396164,20,10,7
12,0.24489795918367346,0.03153722194838642,0.550561797752809,0.21046520874901908,18,7,7
45,0.14285714285714285,0.010964570199264074,0.47115384615384615,0.9543910693510377,27,49,7
38,0.16326530612244897,0.018706201364001324,0.5051546391752577,0.9460300427329001,15,15,7
13,0.12244897959183673,0.013284442079084935,0.4537037037037037,0.7919235908728216,4,42,7
30,0.12244897959183673,0.004093184532110102,0.4666666666666667,0.6898622286502339,17,23,7
12,0.24489795918367346,0.03153722194838642,0.550561797752809,0.692899630462416,41,39,7
9,0.16326530612244897,0.017829371106306887,0.4803921568627451,0.5640055046094706,31,1,7
3,0.14285714285714285,0.013357209832773739,0.47115384615384615,0.5549827150733091,37,6,7
38,0.16326530612244897,0.018706201364001324,0.5051546391752577,0.06851268042735426,37,9,7
12,0.24489795918367346,0.03153722194838642,0.550561797752809,0.8137159539669883,4,39,7
20,0.14285714285714285,0.012377492108509512,0.47115384615384615,0.7792134310836685,45,43,7
38,0.16326530612244897,0.018706201364001324,0.5051546391752577,0.11194867763643801,11,36,7
3,0.14285714285714285,0.013357209832773739,0.47115384615384615,0.9989286210066796,31,6,7
29,0.1020408163265306,0.00801672911366789,0.44954128440366975,0.6061281673480748,17,43,7
18,0.12244897959183673,0.016606971071256783,0.4666666666666667,0.5119447025861728,9,7,7
31,0.3061224489795918,0.05915013577449606,0.5833333333333334,0.8056345677553054,34,43,7
41,0.18367346938775508,0.019117339673687214,0.5,0.14067212187956168,5,26,7
10,0.16326530612244897,0.013469118426094636,0.5,0.2791720603853054,29,20,7
5,0.08163265306122448,0.004790709573872838,0.4016393442622951,0.5335203087723649,37,37,7
33,0.12244897959183673,0.007465882068223004,0.46226415094339623,0.6140468383857707,31,35,7
3,0.14285714285714285,0.013357209832773739,0.47115384615384615,0.5403495672792484,17,17,7
41,0.18367346938775508,0.019117339673687214,0.5,0.5460185873959215,28,26,7
40,0.2857142857142857,0.05748254284304229,0.5632183908045977,0.6478889352555353,21,7,7
19,0.18367346938775508,0.025393984669569904,0.5104166666666666,0.7864177527141966,2,23,7
27,0.22448979591836732,0.046581926097725844,0.5444444444444444,0.03361978839691859,16,25,7
19,0.18367346938775508,0.025393984669569904,0.5104166666666666,0.5702065486634189,6,6,7
31,0.3061224489795918,0.05915013577449606,0.5833333333333334,0.10017629215564705,1,1,7
33,0.12244897959183673,0.007465882068223004,0.46226415094339623,0.3543501385222706,20,32,7
15,0.16326530612244897,0.013783449749086001,0.46226415094339623,0.5115041530737955,30,26,7
46,0.061224489795918366,0.0021927241314996415,0.4152542372881356,0.46025756998737344,45,11,7
46,0.061224489795918366,0.0021927241314996415,0.4152542372881356,0.06909023817875082,24,40,7
21,0.12244897959183673,0.006546137019576394,0.45794392523364486,0.041924778554946585,39,7,7
47,0.24489795918367346,0.042389360561629466,0.5444444444444444,0.8308610128292928,11,10,7
49,0.1020408163265306,0.005674352102923531,0.4188034188034188,0.7804913227868089,31,45,7
13,0.12244897959183673,0.013284442079084935,0.4537037037037037,0.048261148489292416,47,18,7
24,0.12244897959183673,0.01388849021126932,0.47115384615384615,0.5163064744692527,26,23,7
33,0.12244897959183673,0.007465882068223004,0.46226415094339623,0.21453136882198154,19,35,7
40,0.2857142857142857,0.05748254284304229,0.5632183908045977,0.5061617204352015,44,35,7
12,0.24489795918367346,0.03153722194838642,0.550561797752809,0.9854239873485646,19,39,7
10,0.16326530612244897,0.013469118426094636,0.5,0.4867546804943612,1,31,7
18,0.12244897959183673,0.016606971071256783,0.4666666666666667,0.9383483727859047,49,29,7
23,0.16326530612244897,0.023213198602229215,0.5,0.7981505525613422,42,19,7
25,0.16326530612244897,0.013839508183232511,0.5,0.3500646077856444,38,36,7
47,0.24489795918367346,0.042389360561629466,0.5444444444444444,0.30298806976360493,4,7,7
19,0.18367346938775508,0.025393984669569904,0.5104166666666666,0.6999822088318564,28,28,7
9,0.16326530612244897,0.017829371106306887,0.4803921568627451,0.039406882005463606,28,38,7
13,0.12244897959183673,0.013284442079084935,0.4537037037037037,0.6245089294855439,17,18,7
14,0.12244897959183673,0.008629051557966543,0.4666666666666667,0.7973577100751676,9,44,7
27,0.22448979591836732,0.046581926097725844,0.5444444444444444,0.93225914875028,28,49,7
48,0.12244897959183673,0.010385480797000668,0.4666666666666667,0.8970223525821365,37,44,7
32,0.24489795918367346,0.05382981822432602,0.550561797752809,0.08893787318567092,35,33,7
43,0.24489795918367346,0.0486594451161528,0.5568181818181818,0.397500185467893,29,29,7
10,0.16326530612244897,0.013469118426094636,0.5,0.36137992001834873,25,31,7
35,0.24489795918367346,0.03975236885463476,0.550561797752809,0.6945667799404125,40,40,7
19,0.18367346938775508,0.025393984669569904,0.5104166666666666,0.34596672494012026,11,23,7
37,0.1020408163265306,0.008357374029642936,0.44144144144144143,0.9663654462530474,30,1,7
30,0.12244897959183673,0.004093184532110102,0.4666666666666667,0.31075741090698117,25,23,7
33,0.12244897959183673,0.007465882068223004,0.46226415094339623,0.367133224669136,6,32,7
49,0.1020408163265306,0.005674352102923531,0.4188034188034188,0.17202651511923817,26,45,7
15,0.16326530612244897,0.013783449749086001,0.46226415094339623,0.4845259792693485,10,26,7
1,0.16326530612244897,0.015728144751629144,0.48514851485148514,0.7150628691905084,45,31,7
10,0.16326530612244897,0.013469118426094636,0.5,0.07504762667977771,19,47,7
30,0.12244897959183673,0.004093184532110102,0.4666666666666667,0.01657010395907943,41,23,7
23,0.16326530612244897,0.023213198602229215,0.5,0.28759026609376726,46,30,7
46,0.061224489795918366,0.0021927241314996415,0.4152542372881356,0.8359394536871053,33,40,7
6,0.14285714285714285,0.011967550192577045,0.47572815533980584,0.1248270815765884,0,22,7
4,0.14285714285714285,0.005922499286094723,0.4666666666666667,0.5748679882655113,13,42,7
4,0.14285714285714285,0.005922499286094723,0.4666666666666667,0.9761408542540218,34,0,7
18,0.12244897959183673,0.016606971071256783,0.4666666666666667,0.02417213387886652,7,7,7
47,0.24489795918367346,0.042389360561629466,0.5444444444444444,0.655710305074745,12,2,7
21,0.12244897959183673,0.006546137019576394,0.45794392523364486,0.4880480604510772,46,7,7
38,0.16326530612244897,0.018706201364001324,0.5051546391752577,0.5148203528656655,31,23,7
22,0.18367346938775508,0.019534213271833318,0.5051546391752577,0.8053916886103896,30,34,7
10,0.16326530612244897,0.013469118426094636,0.5,0.6580236306689563,32,32,7
10,0.16326530612244897,0.013469118426094636,0.5,0.9553070572239781,18,20,7
45,0.14285714285714285,0.010964570199264074,0.47115384615384615,0.2946285633926813,13,31,7
9,0.16326530612244897,0.017829371106306887,0.4803921568627451,0.26395301289062223,38,38,7
32,0.24489795918367346,0.05382981822432602,0.550561797752809,0.14394779544871183,24,33,7
40,0.2857142857142857,0.05748254284304229,0.5632183908045977,0.4827228351968539,3,7,7
10,0.16326530612244897,0.013469118426094636,0.5,0.16442770219385283,9,14,7
46,0.061224489795918366,0.0021927241314996415,0.4152542372881356,0.9449275993956356,25,11,7
10,0.16326530612244897,0.013469118426094636,0.5,0.41664879436778834,18,20,7
12,0.24489795918367346,0.03153722194838642,0.550561797752809,0.8546609890543297,34,22,7
39,0.12244897959183673,0.013151682140277577,0.47115384615384615,0.5584766728723892,0,23,7
1,0.16326530612244897,0.015728144751629144,0.48514851485148514,0.27569100697015114,45,31,7
26,0.18367346938775508,0.015499181825080607,0.5,0.8990797110989658,42,0,7
48,0.12244897959183673,0.010385480797000668,0.4666666666666667,0.1901758756559715,3,40,7
7,0.2857142857142857,0.05040123745164971,0.5697674418604651,0.6367706507295939,15,18,7
39,0.12244897959183673,0.013151682140277577,0.47115384615384615,0.8805841060788894,7,23,7
13,0.12244897959183673,0.013284442079084935,0.4537037037037037,0.6795745656879658,0,18,7
5,0.08163265306122448,0.004790709573872838,0.4016393442622951,0.27993195216302025,40,24,7
22,0.18367346938775508,0.019534213271833318,0.5051546391752577,0.5994508512678175,49,27,7
21,0.12244897959183673,0.006546137019576394,0.45794392523364486,0.043037381766410476,10,7,7
12,0.24489795918367346,0.03153722194838642,0.550561797752809,0.3753696287683469,20,39,7
4,0.14285714285714285,0.005922499286094723,0.4666666666666667,0.3119345308792041,37,0,7
8,0.2040816326530612,0.032030785230064945,0.532608695652174,0.0010209429332485032,3,7,7
0,0.22448979591836732,0.020074542452737147,0.5104166666666666,0.2573595963235281,42,4,7
32,0.24489795918367346,0.05382981822432602,0.550561797752809,0.3133330141978691,10,10,7
28,0.12244897959183673,0.009461770278096807,0.4666666666666667,0.41249802641900923,45,49,7
41,0.18367346938775508,0.019117339673687214,0.5,0.40340784760303017,30,26,7
21,0.12244897959183673,0.006546137019576394,0.45794392523364486,0.1728084964121811,7,7,7
3,0.14285714285714285,0.013357209832773739,0.47115384615384615,0.4620637100159338,35,7,7
32,0.24489795918367346,0.05382981822432602,0.550561797752809,0.7537599968630195,45,22,7
2,0.22448979591836732,0.025949137138599764,0.550561797752809,0.8775474810097466,43,30,7
23,0.16326530612244897,0.023213198602229215,0.5,0.12186296272162889,42,19,7
38,0.16326530612244897,0.018706201364001324,0.5051546391752577,0.7370145791776884,27,9,7
21,0.12244897959183673,0.006546137019576394,0.45794392523364486,0.7788264097399832,24,7,7
49,0.1020408163265306,0.005674352102923531,0.4188034188034188,0.8862793272764624,28,28,7
6,0.14285714285714285,0.011967550192577045,0.47572815533980584,0.014427427627251244,21,22,7
5,0.08163265306122448,0.004790709573872838,0.4016393442622951,0.3937725745344698,37,37,7
47,0.24489795918367346,0.042389360561629466,0.5444444444444444,0.41279699174472806,23,7,7
5,0.08163265306122448,0.004790709573872838,0.4016393442622951,0.01102406440667203,44,24,7
3,0.14285714285714285,0.013357209832773739,0.47115384615384615,0.7086520145143741,47,17,7
7,0.2857142857142857,0.05040123745164971,0.5697674418604651,0.24859103908957225,43,18,7
7,0.2857142857142857,0.05040123745164971,0.5697674418604651,0.41182877077596114,5,40,7
32,0.24489795918367346,0.05382981822432602,0.550561797752809,0.9259713332624632,10,10,7
42,0.2040816326530612,0.029902417593744134,0.550561797752809,0.23964490374128777,48,40,7
42,0.2040816326530612,0.029902417593744134,0.550561797752809,0.11331674378452927,2,12,7
6,0.14285714285714285,0.011967550192577045,0.47572815533980584,0.0016853414384198073,34,22,7
47,0.24489795918367346,0.042389360561629466,0.5444444444444444,0.22382777407623966,48,7,7
14,0.12244897959183673,0.008629051557966543,0.4666666666666667,0.5796525000456851,16,44,7
24,0.12244897959183673,0.01388849021126932,0.47115384615384615,0.42066138066472325,13,35,7
17,0.12244897959183673,0.010292254116770766,0.4375,0.066237157043883,46,20,7
34,0.24489795918367346,0.03685668233049685,0.5444444444444444,0.21436803184431397,10,10,7
8,0.2040816326530612,0.032030785230064945,0.532608695652174,0.11127661429054148,23,43,7
49,0.1020408163265306,0.005674352102923531,0.4188034188034188,0.16565953333297356,47,17,7
0,0.22448979591836732,0.020074542452737147,0.5104166666666666,0.06866268213178628,37,9,7
31,0.3061224489795918,0.05915013577449606,0.5833333333333334,0.1478035534853832,5,43,7
23,0.16326530612244897,0.023213198602229215,0.5,0.47711101735341543,41,43,7
47,0.24489795918367346,0.042389360561629466,0.5444444444444444,0.6957236480763114,38,2,7
4,0.14285714285714285,0.005922499286094723,0.4666666666666667,0.8791229323463482,42,42,7
22,0.18367346938775508,0.019534213271833318,0.5051546391752577,0.24296069863979963,35,32,7
14,0.12244897959183673,0.008629051557966543,0.4666666666666667,0.010073150365784711,3,47,7
11,0.2040816326530612,0.02752056615464478,0.5104166666666666,0.3461001288007063,25,25,7
23,0.16326530612244897,0.023213198602229215,0.5,0.9375241981958499,9,1,7
1,0.16326530612244897,0.015728144751629144,0.48514851485148514,0.712764514323849,8,23,7
39,0.12244897959183673,0.013151682140277577,0.47115384615384615,0.5314819855994412,2,12,7
8,0.2040816326530612,0.032030785230064945,0.532608695652174,0.8962182283064596,10,11,7
19,0.18367346938775508,0.025393984669569904,0.5104166666666666,0.6631913532420254,18,13,7
10,0.16326530612244897,0.013469118426094636,0.5,0.3920235534183921,4,31,7
6,0.14285714285714285,0.011967550192577045,0.47572815533980584,0.5709309026085518,9,22,7
25,0.16326530612244897,0.013839508183232511,0.5,0.24919707883757614,33,0,7
12,0.24489795918367346,0.03153722194838642,0.550561797752809,0.48079283926544214,20,39,7
48,0.12244897959183673,0.010385480797000668,0.4666666666666667,0.4032466918026474,35,40,7
20,0.14285714285714285,0.012377492108509512,0.47115384615384615,0.24790798186420504,42,42,7
33,0.12244897959183673,0.007465882068223004,0.46226415094339623,0.07427860580547363,45,34,7
5,0.08163265306122448,0.004790709573872838,0.4016393442622951,0.1907831034208114,48,24,7
10,0.16326530612244897,0.013469118426094636,0.5,0.6489864944696682,23,20,7
33,0.12244897959183673,0.007465882068223004,0.46226415094339623,0.43560029281109736,47,35,7
25,0.16326530612244897,0.013839508183232511,0.5,0.9433762026242679,33,0,7
17,0.12244897959183673,0.010292254116770766,0.4375,0.5074969218332225,33,47,7
11,0.2040816326530612,0.02752056615464478,0.5104166666666666,0.23094134353994455,35,46,7
31,0.3061224489795918,0.05915013577449606,0.5833333333333334,0.10047477842135788,21,43,7
16,0.12244897959183673,0.007586025183189048,0.4666666666666667,0.8386316975216097,48,7,7
10,0.16326530612244897,0.013469118426094636,0.5,0.29575078544944755,49,11,7
1,0.16326530612244897,0.015728144751629144,0.48514851485148514,0.7087366121328648,47,23,7
24,0.12244897959183673,0.01388849021126932,0.47115384615384615,0.7723866616115321,22,35,7
5,0.08163265306122448,0.004790709573872838,0.4016393442622951,0.527920163256209,39,24,7
31,0.3061224489795918,0.05915013577449606,0.5833333333333334,0.9313027283347337,19,43,7
47,0.24489795918367346,0.042389360561629466,0.5444444444444444,0.5261147389800988,12,2,7
48,0.12244897959183673,0.010385480797000668,0.4666666666666667,0.8991306303763,43,40,7
7,0.2857142857142857,0.05040123745164971,0.5697674418604651,0.9339793544936708,26,18,7
48,0.12244897959183673,0.010385480797000668,0.4666666666666667,0.5558450680235295,17,17,7
42,0.2040816326530612,0.029902417593744134,0.550561797752809,0.8007589718394692,26,4,7
12,0.24489795918367346,0.03153722194838642,0.550561797752809,0.5800303670278775,4,39,7
1,0.16326530612244897,0.015728144751629144,0.48514851485148514,0.6715751410742565,8,23,7
26,0.18367346938775508,0.015499181825080607,0.5,0.4905210927687751,35,43,7
42,0.2040816326530612,0.029902417593744134,0.550561797752809,0.48318100789408824,18,13,7
26,0.18367346938775508,0.015499181825080607,0.5,0.9559535778025744,41,41,7
0,0.22448979591836732,0.020074542452737147,0.5104166666666666,0.46701776076054125,1,25,7
11,0.2040816326530612,0.02752056615464478,0.5104166666666666,0.38572736972944255,0,0,7
15,0.16326530612244897,0.013783449749086001,0.46226415094339623,0.7316898995570771,33,26,7
21,0.12244897959183673,0.006546137019576394,0.45794392523364486,0.7974125976156737,27,22,7
22,0.18367346938775508,0.019534213271833318,0.5051546391752577,0.463332386091036,16,32,7
31,0.3061224489795918,0.05915013577449606,0.5833333333333334,0.6048117236872589,10,10,7
14,0.12244897959183673,0.008629051557966543,0.4666666666666667,0.5472881410018906,36,44,7
5,0.08163265306122448,0.004790709573872838,0.4016393442622951,0.3987031693925407,41,24,7
7,0.2857142857142857,0.05040123745164971,0.5697674418604651,0.9137070589842088,33,40,7
15,0.16326530612244897,0.013783449749086001,0.46226415094339623,0.4350073739715066,16,26,7
42,0.2040816326530612,0.029902417593744134,0.550561797752809,0.7978742755003686,25,4,7
43,0.24489795918367346,0.0486594451161528,0.5568181818181818,0.23967044966390638,23,23,7
40,0.2857142857142857,0.05748254284304229,0.5632183908045977,0.4801187767420928,35,35,7
45,0.14285714285714285,0.010964570199264074,0.47115384615384615,0.7646269709210913,46,8,7
8,0.2040816326530612,0.032030785230064945,0.532608695652174,0.9326623717682092,40,7,7
8,0.2040816326530612,0.032030785230064945,0.532608695652174,0.18264485275350673,29,43,7
39,0.12244897959183673,0.013151682140277577,0.47115384615384615,0.8868640123009802,12,12,7
45,0.14285714285714285,0.010964570199264074,0.47115384615384615,0.10688332464468109,9,8,7
15,0.16326530612244897,0.013783449749086001,0.46226415094339623,0.9020158484934516,26,26,7
13,0.12244897959183673,0.013284442079084935,0.4537037037037037,0.28188235991463806,5,5,7
29,0.1020408163265306,0.00801672911366789,0.44954128440366975,0.6672537909396858,11,43,7
24,0.12244897959183673,0.01388849021126932,0.47115384615384615,0.19565741356185185,44,35,7
34,0.24489795918367346,0.03685668233049685,0.5444444444444444,0.6103036869533387,29,40,7
27,0.22448979591836732,0.046581926097725844,0.5444444444444444,0.22589903202453654,23,19,7
42,0.2040816326530612,0.029902417593744134,0.550561797752809,0.5533055868815028,14,44,7
38,0.16326530612244897,0.018706201364001324,0.5051546391752577,0.3127314305246893,13,36,7
18,0.12244897959183673,0.016606971071256783,0.4666666666666667,0.7125261829193771,3,7,7
49,0.1020408163265306,0.005674352102923531,0.4188034188034188,0.3114381395591399,39,28,7
8,0.2040816326530612,0.032030785230064945,0.532608695652174,0.3473212110444034,5,43,7
49,0.1020408163265306,0.005674352102923531,0.4188034188034188,0.060839187594823874,46,8,7
39,0.12244897959183673,0.013151682140277577,0.47115384615384615,0.9950006614742631,4,23,7
23,0.16326530612244897,0.023213198602229215,0.5,0.06559515224069001,16,43,7
21,0.12244897959183673,0.006546137019576394,0.45794392523364486,0.4051014457779408,25,7,7
20,0.14285714285714285,0.012377492108509512,0.47115384615384615,0.9951086825595777,27,43,7
35,0.24489795918367346,0.03975236885463476,0.550561797752809,0.60698682746826,3,40,7
8,0.2040816326530612,0.032030785230064945,0.532608695652174,0.05152654899858822,22,22,7
45,0.14285714285714285,0.010964570199264074,0.47115384615384615,0.01685708613009862,19,49,7
49,0.1020408163265306,0.005674352102923531,0.4188034188034188,0.10428671754079288,40,28,7
15,0.16326530612244897,0.013783449749086001,0.46226415094339623,0.4073848094838931,12,26,7
7,0.2857142857142857,0.05040123745164971,0.5697674418604651,0.64295763027613,10,18,7
43,0.24489795918367346,0.0486594451161528,0.5568181818181818,0.710384822388363,5,23,7
49,0.1020408163265306,0.005674352102923531,0.4188034188034188,0.24835926384397944,22,27,7
47,0.24489795918367346,0.042389360561629466,0.5444444444444444,0.18411819647908334,40,7,7
5,0.08163265306122448,0.004790709573872838,0.4016393442622951,0.2811141873234386,37,37,7
25,0.16326530612244897,0.013839508183232511,0.5,0.8762755599876352,23,31,7
5,0.08163265306122448,0.004790709573872838,0.4016393442622951,0.839187106417934,11,24,7
33,0.12244897959183673,0.007465882068223004,0.46226415094339623,0.5686038388372938,44,35,7
7,0.2857142857142857,0.05040123745164971,0.5697674418604651,0.7397843015264581,23,40,7
20,0.14285714285714285,0.012377492108509512,0.47115384615384615,0.6533000870238859,34,43,7
0,0.22448979591836732,0.020074542452737147,0.5104166666666666,0.17597399762596255,48,4,7
29,0.1020408163265306,0.00801672911366789,0.44954128440366975,0.7612603256425742,1,43,7
47,0.24489795918367346,0.042389360561629466,0.5444444444444444,0.8869328693595441,37,14,7
17,0.12244897959183673,0.010292254116770766,0.4375,0.2621248100268794,33,47,7
23,0.16326530612244897,0.023213198602229215,0.5,0.5255680463191249,10,43,7
35,0.24489795918367346,0.03975236885463476,0.550561797752809,0.9905512859718085,38,24,7
28,0.12244897959183673,0.009461770278096807,0.4666666666666667,0.5168078751607,0,36,7
31,0.3061224489795918,0.05915013577449606,0.5833333333333334,0.9798000112828724,17,43,7
24,0.12244897959183673,0.01388849021126932,0.47115384615384615,0.9687008861600426,1,23,7
10,0.16326530612244897,0.013469118426094636,0.5,0.31633158456334654,24,20,7
10,0.16326530612244897,0.013469118426094636,0.5,0.9640337523544118,37,14,7
46,0.061224489795918366,0.0021927241314996415,0.4152542372881356,0.05086360459092909,8,11,7
7,0.2857142857142857,0.05040123745164971,0.5697674418604651,0.46090845717510165,17,47,7
33,0.12244897959183673,0.007465882068223004,0.46226415094339623,0.3952229741855091,36,34,7
34,0.24489795918367346,0.03685668233049685,0.5444444444444444,0.4467761422039601,18,40,7
22,0.18367346938775508,0.019534213271833318,0.5051546391752577,0.7236731028146904,8,8,7
30,0.12244897959183673,0.004093184532110102,0.4666666666666667,0.4809025111321713,47,40,7
29,0.1020408163265306,0.00801672911366789,0.44954128440366975,0.786088504886455,46,18,7
29,0.1020408163265306,0.00801672911366789,0.44954128440366975,0.5277660770847986,13,18,7
36,0.18367346938775508,0.026208330124146455,0.5268817204301075,0.31015768395468224,3,2,7
10,0.16326530612244897,0.013469118426094636,0.5,0.934064200747571,2,11,7
12,0.24489795918367346,0.03153722194838642,0.550561797752809,0.6800848056403583,43,39,7
9,0.16326530612244897,0.017829371106306887,0.4803921568627451,0.7759293120526454,26,0,7
33,0.12244897959183673,0.007465882068223004,0.46226415094339623,0.1697224874286294,42,35,7
45,0.14285714285714285,0.010964570199264074,0.47115384615384615,0.9908410943274397,13,31,7
36,0.18367346938775508,0.026208330124146455,0.5268817204301075,0.5147695917275097,9,38,7
9,0.16326530612244897,0.017829371106306887,0.4803921568627451,0.0446718631029549,5,37,7
23,0.16326530612244897,0.023213198602229215,0.5,0.35466088878428115,22,39,7
5,0.08163265306122448,0.004790709573872838,0.4016393442622951,0.6817700784745212,40,24,7
38,0.16326530612244897,0.018706201364001324,0.5051546391752577,0.6066942449747939,40,23,7
21,0.12244897959183673,0.006546137019576394,0.45794392523364486,0.7775189406006727,36,7,7
13,0.12244897959183673,0.013284442079084935,0.4537037037037037,0.6838213125062279,3,18,7
42,0.2040816326530612,0.029902417593744134,0.550561797752809,0.7402489590512846,36,40,7
36,0.18367346938775508,0.026208330124146455,0.5268817204301075,0.30697588667948983,29,29,7
42,0.2040816326530612,0.029902417593744134,0.550561797752809,0.18481842394818826,33,40,7
23,0.16326530612244897,0.023213198602229215,0.5,0.85335620887055,31,43,7
21,0.12244897959183673,0.006546137019576394,0.45794392523364486,0.07277201788015797,23,7,7
35,0.24489795918367346,0.03975236885463476,0.550561797752809,0.3212476482554909,43,24,7
18,0.12244897959183673,0.016606971071256783,0.4666666666666667,0.6307207607874693,44,29,7
21,0.12244897959183673,0.006546137019576394,0.45794392523364486,0.7363808755099013,13,7,7
43,0.24489795918367346,0.0486594451161528,0.5568181818181818,0.6286919179828943,35,23,7
47,0.24489795918367346,0.042389360561629466,0.5444444444444444,0.09161203531234718,10,10,7
22,0.18367346938775508,0.019534213271833318,0.5051546391752577,0.05782608241274112,33,32,7
16,0.12244897959183673,0.007586025183189048,0.4666666666666667,0.22471932401782058,31,25,7
15,0.16326530612244897,0.013783449749086001,0.46226415094339623,0.36937547777866353,25,25,7
24,0.12244897959183673,0.01388849021126932,0.47115384615384615,0.19031130387656114,43,23,7
8,0.2040816326530612,0.032030785230064945,0.532608695652174,0.10736532161116363,45,45,7
48,0.12244897959183673,0.010385480797000668,0.4666666666666667,0.046158219986104365,45,40,7
44,0.24489795918367346,0.04792814123607624,0.5444444444444444,0.5915365027175147,42,42,7
16,0.12244897959183673,0.007586025183189048,0.4666666666666667,0.31741159190257273,18,7,7
7,0.2857142857142857,0.05040123745164971,0.5697674418604651,0.029728561620194438,21,21,7
37,0.1020408163265306,0.008357374029642936,0.44144144144144143,0.346222303301307,26,44,7
11,0.2040816326530612,0.02752056615464478,0.5104166666666666,0.4323577817156825,30,46,7
26,0.18367346938775508,0.015499181825080607,0.5,0.812236618326517,21,43,7
24,0.12244897959183673,0.01388849021126932,0.47115384615384615,0.24151835491110674,32,35,7
20,0.14285714285714285,0.012377492108509512,0.47115384615384615,0.8310632302779141,38,38,7
17,0.12244897959183673,0.010292254116770766,0.4375,0.7240179346155221,15,20,7
8,0.2040816326530612,0.032030785230064945,0.532608695652174,0.1624108123458925,25,43,7
2,0.22448979591836732,0.025949137138599764,0.550561797752809,0.7472104442499801,6,12,7
15,0.16326530612244897,0.013783449749086001,0.46226415094339623,0.773135481029694,13,26,7
39,0.12244897959183673,0.013151682140277577,0.47115384615384615,0.5779739765828313,47,12,7
7,0.2857142857142857,0.05040123745164971,0.5697674418604651,0.7538010280532212,31,18,7
18,0.12244897959183673,0.016606971071256783,0.4666666666666667,0.2807080702067031,12,7,7
19,0.18367346938775508,0.025393984669569904,0.5104166666666666,0.3499369079236341,1,23,7
7,0.2857142857142857,0.05040123745164971,0.5697674418604651,0.3773630193256158,19,18,7
34,0.24489795918367346,0.03685668233049685,0.5444444444444444,0.577535745570328,39,40,7
16,0.12244897959183673,0.007586025183189048,0.4666666666666667,0.09544982358857379,20,26,7
21,0.12244897959183673,0.006546137019576394,0.45794392523364486,0.5870842018416449,28,7,7
40,0.2857142857142857,0.05748254284304229,0.5632183908045977,0.4992101234176699,11,46,7
30,0.12244897959183673,0.004093184532110102,0.4666666666666667,0.9325939716076913,6,23,7
18,0.12244897959183673,0.016606971071256783,0.4666666666666667,0.3496595758008425,25,29,7
41,0.18367346938775508,0.019117339673687214,0.5,0.46008594827436544,35,33,7
19,0.18367346938775508,0.025393984669569904,0.5104166666666666,0.9199843858577611,15,23,7
36,0.18367346938775508,0.026208330124146455,0.5268817204301075,0.39459323412857195,7,29,7
26,0.18367346938775508,0.015499181825080607,0.5,0.7630755388514837,48,43,7
42,0.2040816326530612,0.029902417593744134,0.550561797752809,0.2782740859465743,19,19,7
47,0.24489795918367346,0.042389360561629466,0.5444444444444444,0.6315277187253676,37,14,7
2,0.22448979591836732,0.025949137138599764,0.550561797752809,0.6537243261827782,27,12,7
38,0.16326530612244897,0.018706201364001324,0.5051546391752577,0.9248347777302345,37,9,7
11,0.2040816326530612,0.02752056615464478,0.5104166666666666,0.8020554289428725,27,12,7
11,0.2040816326530612,0.02752056615464478,0.5104166666666666,0.6021385455629833,47,10,7
16,0.12244897959183673,0.007586025183189048,0.4666666666666667,0.5568738096697997,49,25,7
28,0.12244897959183673,0.009461770278096807,0.4666666666666667,0.38736446291615323,32,36,7
3,0.14285714285714285,0.013357209832773739,0.47115384615384615,0.3035282124312372,2,12,7
24,0.12244897959183673,0.01388849021126932,0.47115384615384615,0.8081468123999114,21,35,7
12,0.24489795918367346,0.03153722194838642,0.550561797752809,0.5717095727371329,20,39,7
35,0.24489795918367346,0.03975236885463476,0.550561797752809,0.6618033186724468,10,44,7
41,0.18367346938775508,0.019117339673687214,0.5,0.7028886589531882,2,26,7
0,0.22448979591836732,0.020074542452737147,0.5104166666666666,0.8735625287296761,42,4,7
38,0.16326530612244897,0.018706201364001324,0.5051546391752577,0.9682186166557165,41,23,7
33,0.12244897959183673,0.007465882068223004,0.46226415094339623,0.008958787726076278,27,32,7
43,0.24489795918367346,0.0486594451161528,0.5568181818181818,0.8232393794285922,45,31,7
21,0.12244897959183673,0.006546137019576394,0.45794392523364486,0.08199461187085466,4,7,7
25,0.16326530612244897,0.013839508183232511,0.5,0.21231060694700166,44,16,7
10,0.16326530612244897,0.013469118426094636,0.5,0.35839497635123885,25,31,7
13,0.12244897959183673,0.013284442079084935,0.4537037037037037,0.18071495412074368,12,18,7
24,0.12244897959183673,0.01388849021126932,0.47115384615384615,0.7456248825000907,17,23,7
17,0.12244897959183673,0.010292254116770766,0.4375,0.7017280078709812,31,20,7
26,0.18367346938775508,0.015499181825080607,0.5,0.3098389148056865,12,43,7
7,0.2857142857142857,0.05040123745164971,0.5697674418604651,0.5696668076521477,38,38,7
29,0.1020408163265306,0.00801672911366789,0.44954128440366975,0.357221204398955,30,18,7
17,0.12244897959183673,0.010292254116770766,0.4375,0.10879504130757167,37,47,7
11,0.2040816326530612,0.02752056615464478,0.5104166666666666,0.2583333219816275,7,46,7
27,0.22448979591836732,0.046581926097725844,0.5444444444444444,0.6242383368929932,43,19,7
16,0.12244897959183673,0.007586025183189048,0.4666666666666667,0.9084129105975076,48,7,7
26,0.18367346938775508,0.015499181825080607,0.5,0.7766728630260826,20,43,7
35,0.24489795918367346,0.03975236885463476,0.550561797752809,0.8440818304739196,39,24,7
45,0.14285714285714285,0.010964570199264074,0.47115384615384615,0.9870292352083417,43,31,7
38,0.16326530612244897,0.018706201364001324,0.5051546391752577,0.5411735730321674,41,23,7
36,0.18367346938775508,0.026208330124146455,0.5268817204301075,0.8185890270569093,0,25,7
31,0.3061224489795918,0.05915013577449606,0.5833333333333334,0.5006002405349792,42,25,7
10,0.16326530612244897,0.013469118426094636,0.5,0.17679444754243478,24,20,7
25,0.16326530612244897,0.013839508183232511,0.5,0.9505227735116775,24,31,7
22,0.18367346938775508,0.019534213271833318,0.5051546391752577,0.5384268241607557,21,21,7
5,0.08163265306122448,0.004790709573872838,0.4016393442622951,0.3330252464379936,21,24,7
9,0.16326530612244897,0.017829371106306887,0.4803921568627451,0.18514467859944916,20,1,7
3,0.14285714285714285,0.013357209832773739,0.47115384615384615,0.903284832990654,11,12,7
9,0.16326530612244897,0.017829371106306887,0.4803921568627451,0.44531465268746595,49,8,7
13,0.12244897959183673,0.013284442079084935,0.4537037037037037,0.8781936122771123,33,18,7
34,0.24489795918367346,0.03685668233049685,0.5444444444444444,0.030503646378380767,47,40,7
27,0.22448979591836732,0.046581926097725844,0.5444444444444444,0.18178149945517996,11,22,7
24,0.12244897959183673,0.01388849021126932,0.47115384615384615,0.15715092956176535,35,35,7
37,0.1020408163265306,0.008357374029642936,0.44144144144144143,0.3631771734939766,14,44,7
23,0.16326530612244897,0.023213198602229215,0.5,0.5332547691853555,39,39,7
44,0.24489795918367346,0.04792814123607624,0.5444444444444444,0.7676582953790296,7,16,7
6,0.14285714285714285,0.011967550192577045,0.47572815533980584,0.5748698686343,48,22,7
27,0.22448979591836732,0.046581926097725844,0.5444444444444444,0.6140989375783472,25,25,7
40,0.2857142857142857,0.05748254284304229,0.5632183908045977,0.07494462117463274,19,30,7
12,0.24489795918367346,0.03153722194838642,0.550561797752809,0.129130780357384,11,11,7
12,0.24489795918367346,0.03153722194838642,0.550561797752809,0.9592663171539294,19,39,7
14,0.12244897959183673,0.008629051557966543,0.4666666666666667,0.788550118961811,1,44,7
16,0.12244897959183673,0.007586025183189048,0.4666666666666667,0.7917950777913462,27,25,7
24,0.12244897959183673,0.01388849021126932,0.47115384615384615,0.07363719635706356,44,35,7
18,0.12244897959183673,0.016606971071256783,0.4666666666666667,0.46192813610017947,17,7,7
2,0.22448979591836732,0.025949137138599764,0.550561797752809,0.14555531425106127,35,30,7
6,0.14285714285714285,0.011967550192577045,0.47572815533980584,0.4639780937616538,47,47,7
0,0.22448979591836732,0.020074542452737147,0.5104166666666666,0.9877595900417397,17,26,7
13,0.12244897959183673,0.013284442079084935,0.4537037037037037,0.3603848150111142,36,18,7
21,0.12244897959183673,0.006546137019576394,0.45794392523364486,0.9908178895038042,20,7,7
27,0.22448979591836732,0.046581926097725844,0.5444444444444444,0.23837560534630342,8,49,7
15,0.16326530612244897,0.013783449749086001,0.46226415094339623,0.4645400115870302,43,26,7
15,0.16326530612244897,0.013783449749086001,0.46226415094339623,0.5583156778645102,46,26,7
41,0.18367346938775508,0.019117339673687214,0.5,0.1096825994135383,20,26,7
3,0.14285714285714285,0.013357209832773739,0.47115384615384615,0.9714823354995724,22,6,7
48,0.12244897959183673,0.010385480797000668,0.4666666666666667,0.7083210056530832,11,40,7
0,0.22448979591836732,0.020074542452737147,0.5104166666666666,0.7270370945515338,30,26,7
0,0.22448979591836732,0.020074542452737147,0.5104166666666666,0.2705750641957472,40,4,7
21,0.12244897959183673,0.006546137019576394,0.45794392523364486,0.8244832315854423,9,7,7
48,0.12244897959183673,0.010385480797000668,0.4666666666666667,0.16259730353950053,11,40,7
15,0.16326530612244897,0.013783449749086001,0.46226415094339623,0.6652467517831457,10,26,7
43,0.24489795918367346,0.0486594451161528,0.5568181818181818,0.8036140814010616,46,8,7
20,0.14285714285714285,0.012377492108509512,0.47115384615384615,0.2544438060890841,24,43,7
49,0.1020408163265306,0.005674352102923531,0.4188034188034188,0.6235191500715457,6,27,7
12,0.24489795918367346,0.03153722194838642,0.550561797752809,0.08627850643872859,17,3,7
39,0.12244897959183673,0.013151682140277577,0.47115384615384615,0.8591518551679124,1,23,7
15,0.16326530612244897,0.013783449749086001,0.46226415094339623,0.2536750341320002,25,25,7
19,0.18367346938775508,0.025393984669569904,0.5104166666666666,0.5089788672072248,42,42,7
32,0.24489795918367346,0.05382981822432602,0.550561797752809,0.6862545599963393,3,22,7
10,0.16326530612244897,0.013469118426094636,0.5,0.5855565524683396,18,20,7
12,0.24489795918367346,0.03153722194838642,0.550561797752809,0.33901148249231705,41,39,7
44,0.24489795918367346,0.04792814123607624,0.5444444444444444,0.21849757677039738,24,35,7
45,0.14285714285714285,0.010964570199264074,0.47115384615384615,0.25738600389322086,46,8,7
3,0.14285714285714285,0.013357209832773739,0.47115384615384615,0.3551228899177924,34,6,7
23,0.16326530612244897,0.023213198602229215,0.5,0.29429074302003755,43,43,7
43,0.24489795918367346,0.0486594451161528,0.5568181818181818,0.56361955205945,3,26,7
3,0.14285714285714285,0.013357209832773739,0.47115384615384615,0.4108597309406279,21,7,7
37,0.1020408163265306,0.008357374029642936,0.44144144144144143,0.392204796268646,17,44,7
16,0.12244897959183673,0.007586025183189048,0.4666666666666667,0.07877345952765546,29,26,7
42,0.2040816326530612,0.029902417593744134,0.550561797752809,0.0437581894700253,39,19,7
15,0.16326530612244897,0.013783449749086001,0.46226415094339623,0.17383242554149192,4,4,7
47,0.24489795918367346,0.042389360561629466,0.5444444444444444,0.6272235388293708,10,10,7
3,0.14285714285714285,0.013357209832773739,0.47115384615384615,0.8105139587338795,13,7,7
49,0.1020408163265306,0.005674352102923531,0.4188034188034188,0.27885010121626586,40,28,7
14,0.12244897959183673,0.008629051557966543,0.4666666666666667,0.7871011639809216,21,44,7
49,0.1020408163265306,0.005674352102923531,0.4188034188034188,0.7306243496000072,36,28,7
26,0.18367346938775508,0.015499181825080607,0.5,0.8572857889017604,10,43,7
11,0.2040816326530612,0.02752056615464478,0.5104166666666666,0.7379526991741785,17,10,7
32,0.24489795918367346,0.05382981822432602,0.550561797752809,0.6631914035242416,36,36,7
5,0.08163265306122448,0.004790709573872838,0.4016393442622951,0.6603558458563712,44,24,7
3,0.14285714285714285,0.013357209832773739,0.47115384615384615,0.7588596856624585,28,12,7
4,0.14285714285714285,0.005922499286094723,0.4666666666666667,0.6555435790638507,35,35,7
20,0.14285714285714285,0.012377492108509512,0.47115384615384615,0.8479528851879585,13,43,7
21,0.12244897959183673,0.006546137019576394,0.45794392523364486,0.12286244495605425,1,7,7
19,0.18367346938775508,0.025393984669569904,0.5104166666666666,0.811085760969417,43,23,7
45,0.14285714285714285,0.010964570199264074,0.47115384615384615,0.7437143987518975,26,31,7
9,0.16326530612244897,0.017829371106306887,0.4803921568627451,0.8499564956953278,33,33,7
32,0.24489795918367346,0.05382981822432602,0.550561797752809,0.6209158678155645,10,10,7
29,0.1020408163265306,0.00801672911366789,0.44954128440366975,0.2526846078267223,13,18,7
23,0.16326530612244897,0.023213198602229215,0.5,0.5783363065968403,36,30,7
40,0.2857142857142857,0.05748254284304229,0.5632183908045977,0.7245654632983042,2,30,7
30,0.12244897959183673,0.004093184532110102,0.4666666666666667,0.28486024411940825,27,23,7
31,0.3061224489795918,0.05915013577449606,0.5833333333333334,0.5235549043045,38,43,7
39,0.12244897959183673,0.013151682140277577,0.47115384615384615,0.3439928732494555,46,12,7
13,0.12244897959183673,0.013284442079084935,0.4537037037037037,0.5531570681928055,44,44,7
16,0.12244897959183673,0.007586025183189048,0.4666666666666667,0.2350650970104433,6,25,7
12,0.24489795918367346,0.03153722194838642,0.550561797752809,0.7677456365379156,8,11,7
7,0.2857142857142857,0.05040123745164971,0.5697674418604651,0.26943265539606487,37,16,7
30,0.12244897959183673,0.004093184532110102,0.4666666666666667,0.7262128865944747,1,23,7
30,0.12244897959183673,0.004093184532110102,0.4666666666666667,0.05279959215953889,33,40,7
38,0.16326530612244897,0.018706201364001324,0.5051546391752577,0.6083368150219856,5,23,7
22,0.18367346938775508,0.019534213271833318,0.5051546391752577,0.02094686206701335,21,21,7
10,0.16326530612244897,0.013469118426094636,0.5,0.21910017998814035,28,20,7
48,0.12244897959183673,0.010385480797000668,0.4666666666666667,0.8753798428808532,4,40,7
46,0.061224489795918366,0.0021927241314996415,0.4152542372881356,0.8957309157519591,49,11,7
8,0.2040816326530612,0.032030785230064945,0.532608695652174,0.00455091691014109,31,43,7
46,0.061224489795918366,0.0021927241314996415,0.4152542372881356,0.4091608867577663,24,40,7
39,0.12244897959183673,0.013151682140277577,0.47115384615384615,0.7626294746915911,47,12,7
11,0.2040816326530612,0.02752056615464478,0.5104166666666666,0.5053696651247952,3,12,7
26,0.18367346938775508,0.015499181825080607,0.5,0.02580567471021722,0,0,7
23,0.16326530612244897,0.023213198602229215,0.5,0.6009444472642931,42,19,7
10,0.16326530612244897,0.013469118426094636,0.5,0.7156013493317807,39,32,7
10,0.16326530612244897,0.013469118426094636,0.5,0.6905870643201225,16,14,7
15,0.16326530612244897,0.013783449749086001,0.46226415094339623,0.5481656570248475,17,26,7
47,0.24489795918367346,0.042389360561629466,0.5444444444444444,0.4475276740537555,13,7,7
34,0.24489795918367346,0.03685668233049685,0.5444444444444444,0.2662358526837082,35,40,7
42,0.2040816326530612,0.029902417593744134,0.550561797752809,0.5246447908891843,30,40,7
34,0.24489795918367346,0.03685668233049685,0.5444444444444444,0.8035007406235294,8,45,7
16,0.12244897959183673,0.007586025183189048,0.4666666666666667,0.9624851502439685,2,25,7
16,0.12244897959183673,0.007586025183189048,0.4666666666666667,0.28315976454382397,33,44,7
35,0.24489795918367346,0.03975236885463476,0.550561797752809,0.8322676036589062,15,4,7
16,0.12244897959183673,0.007586025183189048,0.4666666666666667,0.7743785453191734,32,32,7
40,0.2857142857142857,0.05748254284304229,0.5632183908045977,0.8452026739115466,15,30,7
9,0.16326530612244897,0.017829371106306887,0.4803921568627451,0.03376523519705488,30,1,7
10,0.16326530612244897,0.013469118426094636,0.5,0.7013724978885618,25,31,7
27,0.22448979591836732,0.046581926097725844,0.5444444444444444,0.7275602715151451,39,19,7
18,0.12244897959183673,0.016606971071256783,0.4666666666666667,0.4293878307016683,36,29,7
46,0.061224489795918366,0.0021927241314996415,0.4152542372881356,0.9609081463825228,3,11,7
19,0.18367346938775508,0.025393984669569904,0.5104166666666666,0.9828568577425795,4,42,7
35,0.24489795918367346,0.03975236885463476,0.550561797752809,0.4759171450800145,17,40,7
36,0.18367346938775508,0.026208330124146455,0.5268817204301075,0.2319412535976052,27,25,7
39,0.12244897959183673,0.013151682140277577,0.47115384615384615,0.29006936474513745,20,23,7
42,0.2040816326530612,0.029902417593744134,0.550561797752809,0.6740315846059939,2,12,7
7,0.2857142857142857,0.05040123745164971,0.5697674418604651,0.9681180033343519,30,40,7
26,0.18367346938775508,0.015499181825080607,0.5,0.4778689251304452,33,41,7
45,0.14285714285714285,0.010964570199264074,0.47115384615384615,0.9114162102431985,39,31,7
27,0.22448979591836732,0.046581926097725844,0.5444444444444444,0.380760291482682,22,22,7
3,0.14285714285714285,0.013357209832773739,0.47115384615384615,0.7492724196006146,32,6,7
32,0.24489795918367346,0.05382981822432602,0.550561797752809,0.5057661955458913,31,22,7
34,0.24489795918367346,0.03685668233049685,0.5444444444444444,0.236728351117384,6,22,7
4,0.14285714285714285,0.005922499286094723,0.4666666666666667,0.5782912814189538,18,35,7
46,0.061224489795918366,0.0021927241314996415,0.4152542372881356,0.31560003207316345,21,40,7
14,0.12244897959183673,0.008629051557966543,0.4666666666666667,0.4647454940054354,47,47,7
41,0.18367346938775508,0.019117339673687214,0.5,0.24095491043207073,32,33,7
27,0.22448979591836732,0.046581926097725844,0.5444444444444444,0.028798489937577165,14,44,7
5,0.08163265306122448,0.004790709573872838,0.4016393442622951,0.1884671494232958,34,24,7
48,0.12244897959183673,0.010385480797000668,0.4666666666666667,0.6793440035035465,25,40,7
9,0.16326530612244897,0.017829371106306887,0.4803921568627451,0.4349181286231124,19,27,7
39,0.12244897959183673,0.013151682140277577,0.47115384615384615,0.6104734751486298,0,23,7
7,0.2857142857142857,0.05040123745164971,0.5697674418604651,0.2399875413010898,4,40,7
28,0.12244897959183673,0.009461770278096807,0.4666666666666667,0.8013858906750367,30,36,7
38,0.16326530612244897,0.018706201364001324,0.5051546391752577,0.5319846741780118,12,36,7
22,0.18367346938775508,0.019534213271833318,0.5051546391752577,0.898308505914091,6,6,7
3,0.14285714285714285,0.013357209832773739,0.47115384615384615,0.6391872623841623,23,12,7
29,0.1020408163265306,0.00801672911366789,0.44954128440366975,0.9995744952421743,17,43,7
0,0.22448979591836732,0.020074542452737147,0.5104166666666666,0.12553013549648684,44,25,7
16,0.12244897959183673,0.007586025183189048,0.4666666666666667,0.8173792799135945,36,25,7
5,0.08163265306122448,0.004790709573872838,0.4016393442622951,0.09835559597593635,8,24,7
29,0.1020408163265306,0.00801672911366789,0.44954128440366975,0.2587334156226546,11,43,7
14,0.12244897959183673,0.008629051557966543,0.4666666666666667,0.9631171599213011,43,44,7
16,0.12244897959183673,0.007586025183189048,0.4666666666666667,0.46535961669185943,47,44,7
10,0.16326530612244897,0.013469118426094636,0.5,0.39366871400149905,24,20,7
24,0.12244897959183673,0.01388849021126932,0.47115384615384615,0.15948858913945363,20,23,7
9,0.16326530612244897,0.017829371106306887,0.4803921568627451,0.5762459528403419,41,0,7
0,0.22448979591836732,0.020074542452737147,0.5104166666666666,0.45645747146556637,42,4,7
5,0.08163265306122448,0.004790709573872838,0.4016393442622951,0.14709473145289942,18,13,7
29,0.1020408163265306,0.00801672911366789,0.44954128440366975,0.2443895823180514,48,18,7
24,0.12244897959183673,0.01388849021126932,0.47115384615384615,0.32921368237543813,15,23,7
43,0.24489795918367346,0.0486594451161528,0.5568181818181818,0.6880146294698117,31,31,7
34,0.24489795918367346,0.03685668233049685,0.5444444444444444,0.986448150373357,24,40,7
37,0.1020408163265306,0.008357374029642936,0.44144144144144143,0.9185050647016525,42,9,7
35,0.24489795918367346,0.03975236885463476,0.550561797752809,0.6211465408352134,30,40,7
37,0.1020408163265306,0.008357374029642936,0.44144144144144143,0.9997794475306495,6,32,7
34,0.24489795918367346,0.03685668233049685,0.5444444444444444,0.714990949581411,11,40,7
36,0.18367346938775508,0.026208330124146455,0.5268817204301075,0.18366178438394531,11,2,7
37,0.1020408163265306,0.008357374029642936,0.44144144144144143,0.21704276547050894,43,44,7
45,0.14285714285714285,0.010964570199264074,0.47115384615384615,0.43720671239050246,7,8,7
3,0.14285714285714285,0.013357209832773739,0.47115384615384615,0.5558983431797712,31,6,7
30,0.12244897959183673,0.004093184532110102,0.4666666666666667,0.3115255849146482,49,2,7
35,0.24489795918367346,0.03975236885463476,0.550561797752809,0.6852852574934806,34,40,7
25,0.16326530612244897,0.013839508183232511,0.5,0.5342908445829927,18,31,7
39,0.12244897959183673,0.013151682140277577,0.47115384615384615,0.06273827203682547,10,32,7
4,0.14285714285714285,0.005922499286094723,0.4666666666666667,0.49437969995700715,32,0,7
5,0.08163265306122448,0.004790709573872838,0.4016393442622951,0.0780679100309487,38,24,7
30,0.12244897959183673,0.004093184532110102,0.4666666666666667,0.04831026258186677,20,23,7
15,0.16326530612244897,0.013783449749086001,0.46226415094339623,0.9392624357128622,33,26,7
14,0.12244897959183673,0.008629051557966543,0.4666666666666667,0.10611822937173443,30,44,7
3,0.14285714285714285,0.013357209832773739,0.47115384615384615,0.717050243472696,43,15,7
33,0.12244897959183673,0.007465882068223004,0.46226415094339623,0.030180848263785198,10,32,7
35,0.24489795918367346,0.03975236885463476,0.550561797752809,0.6285345554279439,10,44,7
7,0.2857142857142857,0.05040123745164971,0.5697674418604651,0.49041268690398887,43,18,7
47,0.24489795918367346,0.042389360561629466,0.5444444444444444,0.30507321883777727,46,10,7
4,0.14285714285714285,0.005922499286094723,0.4666666666666667,0.3649554634893015,33,35,7
21,0.12244897959183673,0.006546137019576394,0.45794392523364486,0.5317809918243174,24,7,7
20,0.14285714285714285,0.012377492108509512,0.47115384615384615,0.5249414652991441,36,43,7
4,0.14285714285714285,0.005922499286094723,0.4666666666666667,0.8179412577526916,30,35,7
3,0.14285714285714285,0.013357209832773739,0.47115384615384615,0.9080390199870322,7,7,7
7,0.2857142857142857,0.05040123745164971,0.5697674418604651,0.5378777801640924,14,16,7
39,0.12244897959183673,0.013151682140277577,0.47115384615384615,0.5991719078154752,27,23,7
34,0.24489795918367346,0.03685668233049685,0.5444444444444444,0.8602204324365076,23,40,7
13,0.12244897959183673,0.013284442079084935,0.4537037037037037,0.756007588069522,12,18,7
27,0.22448979591836732,0.046581926097725844,0.5444444444444444,0.3954525807896583,28,49,7
12,0.24489795918367346,0.03153722194838642,0.550561797752809,0.6317899104186481,26,39,7
40,0.2857142857142857,0.05748254284304229,0.5632183908045977,0.24513066252632643,41,35,7
27,0.22448979591836732,0.046581926097725844,0.5444444444444444,0.7252056147477653,17,19,7
8,0.2040816326530612,0.032030785230064945,0.532608695652174,0.29955283847959546,30,43,7
15,0.16326530612244897,0.013783449749086001,0.46226415094339623,0.25204934271262325,46,26,7
18,0.12244897959183673,0.016606971071256783,0.4666666666666667,0.5805907371940833,8,7,7
49,0.1020408163265306,0.005674352102923531,0.4188034188034188,0.29634247808316017,0,28,7
25,0.16326530612244897,0.013839508183232511,0.5,0.6509604010638306,8,31,7
25,0.16326530612244897,0.013839508183232511,0.5,0.8063483063789941,44,16,7
42,0.2040816326530612,0.029902417593744134,0.550561797752809,0.8347842883338458,28,40,7
46,0.061224489795918366,0.0021927241314996415,0.4152542372881356,0.9662214035921262,49,11,7
9,0.16326530612244897,0.017829371106306887,0.4803921568627451,0.6664782615893132,8,8,7
22,0.18367346938775508,0.019534213271833318,0.5051546391752577,0.3579311281061811,28,12,7
31,0.3061224489795918,0.05915013577449606,0.5833333333333334,0.755079830182131,30,43,7
2,0.22448979591836732,0.025949137138599764,0.550561797752809,0.77841769330168,38,36,7
38,0.16326530612244897,0.018706201364001324,0.5051546391752577,0.48269579242490535,30,23,7
38,0.16326530612244897,0.018706201364001324,0.5051546391752577,0.7906445719376539,14,9,7
13,0.12244897959183673,0.013284442079084935,0.4537037037037037,0.17020635581685495,15,18,7
8,0.2040816326530612,0.032030785230064945,0.532608695652174,0.5562913264560253,3,7,7
44,0.24489795918367346,0.04792814123607624,0.5444444444444444,0.5567210760603274,46,14,7
25,0.16326530612244897,0.013839508183232511,0.5,0.09922208275811129,48,40,7
26,0.18367346938775508,0.015499181825080607,0.5,0.410456382415453,10,43,7
2,0.22448979591836732,0.025949137138599764,0.550561797752809,0.3390051303677887,18,30,7
3,0.14285714285714285,0.013357209832773739,0.47115384615384615,0.0062392859507868215,30,7,7
4,0.14285714285714285,0.005922499286094723,0.4666666666666667,0.3380882385164943,10,0,7
17,0.12244897959183673,0.010292254116770766,0.4375,0.3458689413765892,44,47,7
14,0.12244897959183673,0.008629051557966543,0.4666666666666667,0.14431525472641615,16,44,7
12,0.24489795918367346,0.03153722194838642,0.550561797752809,0.5443139603898979,13,7,7
14,0.12244897959183673,0.008629051557966543,0.4666666666666667,0.5530711839146567,15,44,7
8,0.2040816326530612,0.032030785230064945,0.532608695652174,0.8666429103872324,15,43,7
8,0.2040816326530612,0.032030785230064945,0.532608695652174,0.5715852017744025,33,7,7
10,0.16326530612244897,0.013469118426094636,0.5,0.214791310702112,29,20,7
29,0.1020408163265306,0.00801672911366789,0.44954128440366975,0.499788707275034,23,43,7
14,0.12244897959183673,0.008629051557966543,0.4666666666666667,0.7000639480136743,35,44,7
23,0.16326530612244897,0.023213198602229215,0.5,0.8751279818513242,48,30,7
13,0.12244897959183673,0.013284442079084935,0.4537037037037037,0.42067738208581473,17,18,7
12,0.24489795918367346,0.03153722194838642,0.550561797752809,0.8332668056809439,3,3,7
12,0.24489795918367346,0.03153722194838642,0.550561797752809,0.2540123072632392,44,39,7
24,0.12244897959183673,0.01388849021126932,0.47115384615384615,0.6142897925454519,6,6,7
8,0.2040816326530612,0.032030785230064945,0.532608695652174,0.5356652387679773,0,43,7
21,0.12244897959183673,0.006546137019576394,0.45794392523364486,0.8621505640488973,16,7,7
36,0.18367346938775508,0.026208330124146455,0.5268817204301075,0.4135333138215389,8,28,7
25,0.16326530612244897,0.013839508183232511,0.5,0.9579050674736784,46,11,7
44,0.24489795918367346,0.04792814123607624,0.5444444444444444,0.9041466970157187,33,35,7
5,0.08163265306122448,0.004790709573872838,0.4016393442622951,0.3491384407854876,46,24,7
0,0.22448979591836732,0.020074542452737147,0.5104166666666666,0.3373467262413722,13,26,7
35,0.24489795918367346,0.03975236885463476,0.550561797752809,0.53066999714124,30,40,7
47,0.24489795918367346,0.042389360561629466,0.5444444444444444,0.17169377137793396,27,19,7
26,0.18367346938775508,0.015499181825080607,0.5,0.08632403285324364,42,0,7
49,0.1020408163265306,0.005674352102923531,0.4188034188034188,0.8643125238338857,0,28,7
5,0.08163265306122448,0.004790709573872838,0.4016393442622951,0.7798576939210153,37,37,7
39,0.12244897959183673,0.013151682140277577,0.47115384615384615,0.9826929735576787,46,12,7
46,0.061224489795918366,0.0021927241314996415,0.4152542372881356,0.28926980914762357,6,11,7
0,0.22448979591836732,0.020074542452737147,0.5104166666666666,0.36552220302260996,26,26,7
2,0.22448979591836732,0.025949137138599764,0.550561797752809,0.875016422739885,33,12,7
15,0.16326530612244897,0.013783449749086001,0.46226415094339623,0.2653825991533072,5,26,7
34,0.24489795918367346,0.03685668233049685,0.5444444444444444,0.16649480025757535,36,36,7
48,0.12244897959183673,0.010385480797000668,0.4666666666666667,0.17331769757810633,3,40,7
35,0.24489795918367346,0.03975236885463476,0.550561797752809,0.6945674579446749,36,40,7
21,0.12244897959183673,0.006546137019576394,0.45794392523364486,0.07066614791053283,26,7,7
43,0.24489795918367346,0.0486594451161528,0.5568181818181818,0.7129069041060201,6,31,7
1,0.16326530612244897,0.015728144751629144,0.48514851485148514,0.4844484371899883,32,23,7
3,0.14285714285714285,0.013357209832773739,0.47115384615384615,0.5919276509873467,5,6,7
13,0.12244897959183673,0.013284442079084935,0.4537037037037037,0.38833417862849595,34,18,7
4,0.14285714285714285,0.005922499286094723,0.4666666666666667,0.23438938442541346,30,35,7
28,0.12244897959183673,0.009461770278096807,0.4666666666666667,0.1726353133818005,44,36,7
27,0.22448979591836732,0.046581926097725844,0.5444444444444444,0.44107053365095195,41,41,7
12,0.24489795918367346,0.03153722194838642,0.550561797752809,0.9213033533492438,21,7,7
18,0.12244897959183673,0.016606971071256783,0.4666666666666667,0.487042489966802,42,13,7
45,0.14285714285714285,0.010964570199264074,0.47115384615384615,0.6202031524844649,33,34,7
12,0.24489795918367346,0.03153722194838642,0.550561797752809,0.07286362951885272,37,39,7
15,0.16326530612244897,0.013783449749086001,0.46226415094339623,0.6516368936895707,37,26,7
3,0.14285714285714285,0.013357209832773739,0.47115384615384615,0.5926753853979867,38,12,7
37,0.1020408163265306,0.008357374029642936,0.44144144144144143,0.7035253818369149,29,44,7
20,0.14285714285714285,0.012377492108509512,0.47115384615384615,0.47603632580432287,22,10,7
6,0.14285714285714285,0.011967550192577045,0.47572815533980584,0.483534932647106,48,22,7
16,0.12244897959183673,0.007586025183189048,0.4666666666666667,0.3219319546369178,39,26,7
28,0.12244897959183673,0.009461770278096807,0.4666666666666667,0.7455486360429174,3,36,7
24,0.12244897959183673,0.01388849021126932,0.47115384615384615,0.12609748416663935,32,35,7
23,0.16326530612244897,0.023213198602229215,0.5,0.5068045183089451,38,38,7
37,0.1020408163265306,0.008357374029642936,0.44144144144144143,0.39755267460762733,24,1,7
26,0.18367346938775508,0.015499181825080607,0.5,0.9420179643507858,11,11,7
23,0.16326530612244897,0.023213198602229215,0.5,0.6098211330129681,38,38,7
4,0.14285714285714285,0.005922499286094723,0.4666666666666667,0.6016301942876322,7,35,7
15,0.16326530612244897,0.013783449749086001,0.46226415094339623,0.6397706996942075,38,38,7
34,0.24489795918367346,0.03685668233049685,0.5444444444444444,0.3424118883108793,17,40,7
16,0.12244897959183673,0.007586025183189048,0.4666666666666667,0.0015152595692237147,5,44,7
35,0.24489795918367346,0.03975236885463476,0.550561797752809,0.106497351285322,49,40,7
28,0.12244897959183673,0.009461770278096807,0.4666666666666667,0.7453189396319292,40,36,7
25,0.16326530612244897,0.013839508183232511,0.5,0.23572193628895044,11,11,7
33,0.12244897959183673,0.007465882068223004,0.46226415094339623,0.5027877957657315,8,35,7
30,0.12244897959183673,0.004093184532110102,0.4666666666666667,0.027124888580871254,0,23,7
46,0.061224489795918366,0.0021927241314996415,0.4152542372881356,0.8958213325001098,23,40,7
39,0.12244897959183673,0.013151682140277577,0.47115384615384615,0.719056374197433,46,12,7
26,0.18367346938775508,0.015499181825080607,0.5,0.5326178544222587,2,43,7
26,0.18367346938775508,0.015499181825080607,0.5,0.6239965952361562,16,16,7
30,0.12244897959183673,0.004093184532110102,0.4666666666666667,0.004766770503452311,23,23,7
13,0.12244897959183673,0.013284442079084935,0.4537037037037037,0.0023484884147066953,18,18,7
14,0.12244897959183673,0.008629051557966543,0.4666666666666667,0.9931598258940713,31,44,7
37,0.1020408163265306,0.008357374029642936,0.44144144144144143,0.2504648401363244,13,44,7
25,0.16326530612244897,0.013839508183232511,0.5,0.761417942116873,30,31,7
8,0.2040816326530612,0.032030785230064945,0.532608695652174,0.6996091978980955,7,7,7
10,0.16326530612244897,0.013469118426094636,0.5,0.33971657680349066,21,20,7
24,0.12244897959183673,0.01388849021126932,0.47115384615384615,0.410825441195401,19,23,7
23,0.16326530612244897,0.023213198602229215,0.5,0.6930871789583783,40,30,7
30,0.12244897959183673,0.004093184532110102,0.4666666666666667,0.16689050624417479,16,40,7
45,0.14285714285714285,0.010964570199264074,0.47115384615384615,0.9045325343993389,46,8,7
38,0.16326530612244897,0.018706201364001324,0.5051546391752577,0.40156659981467546,15,15,7
9,0.16326530612244897,0.017829371106306887,0.4803921568627451,0.42147379515422156,19,27,7
13,0.12244897959183673,0.013284442079084935,0.4537037037037037,0.6014227767538152,31,18,7
3,0.14285714285714285,0.013357209832773739,0.47115384615384615,0.2328475094412411,1,12,7
2,0.22448979591836732,0.025949137138599764,0.550561797752809,0.8396027193421902,6,12,7
1,0.16326530612244897,0.015728144751629144,0.48514851485148514,0.33742637182545154,36,23,7
15,0.16326530612244897,0.013783449749086001,0.46226415094339623,0.1387263578968958,44,26,7
18,0.12244897959183673,0.016606971071256783,0.4666666666666667,0.3463686299424268,22,7,7
9,0.16326530612244897,0.017829371106306887,0.4803921568627451,0.6015095286570227,35,35,7
6,0.14285714285714285,0.011967550192577045,0.47572815533980584,0.13342450254993787,10,22,7
34,0.24489795918367346,0.03685668233049685,0.5444444444444444,0.4173650546221708,6,22,7
10,0.16326530612244897,0.013469118426094636,0.5,0.0764072954211118,31,31,7
21,0.12244897959183673,0.006546137019576394,0.45794392523364486,0.8612310529136251,25,7,7
28,0.12244897959183673,0.009461770278096807,0.4666666666666667,0.6982702092891183,35,36,7
49,0.1020408163265306,0.005674352102923531,0.4188034188034188,0.1933731625398437,20,45,7
20,0.14285714285714285,0.012377492108509512,0.47115384615384615,0.3786836439106398,19,43,7
36,0.18367346938775508,0.026208330124146455,0.5268817204301075,0.8953465290325702,46,2,7
46,0.061224489795918366,0.0021927241314996415,0.4152542372881356,0.6767018988756526,20,11,7
18,0.12244897959183673,0.016606971071256783,0.4666666666666667,0.2664846814950601,6,7,7
49,0.1020408163265306,0.005674352102923531,0.4188034188034188,0.8928666749942002,9,8,7
44,0.24489795918367346,0.04792814123607624,0.5444444444444444,0.8394367542099898,37,37,7
21,0.12244897959183673,0.006546137019576394,0.45794392523364486,0.9579625752604859,8,7,7
23,0.16326530612244897,0.023213198602229215,0.5,0.38862373000004624,39,39,7
13,0.12244897959183673,0.013284442079084935,0.4537037037037037,0.730565982514411,43,18,7
24,0.12244897959183673,0.01388849021126932,0.47115384615384615,0.7970584305855577,15,23,7
7,0.2857142857142857,0.05040123745164971,0.5697674418604651,0.0112010038837832,18,18,7
34,0.24489795918367346,0.03685668233049685,0.5444444444444444,0.45765159461384997,42,40,7
3,0.14285714285714285,0.013357209832773739,0.47115384615384615,0.6737701430615627,23,12,7
47,0.24489795918367346,0.042389360561629466,0.5444444444444444,0.6299632990910917,16,14,7
22,0.18367346938775508,0.019534213271833318,0.5051546391752577,0.7326693493088279,47,6,7
3,0.14285714285714285,0.013357209832773739,0.47115384615384615,0.047594733854374294,27,6,7
38,0.16326530612244897,0.018706201364001324,0.5051546391752577,0.6882981130083796,7,7,7
20,0.14285714285714285,0.012377492108509512,0.47115384615384615,0.23349705054987457,37,43,7
19,0.18367346938775508,0.025393984669569904,0.5104166666666666,0.35100906904568796,6,6,7
18,0.12244897959183673,0.016606971071256783,0.4666666666666667,0.625480524405557,29,29,7
15,0.16326530612244897,0.013783449749086001,0.46226415094339623,0.888810411134874,0,26,7
40,0.2857142857142857,0.05748254284304229,0.5632183908045977,0.49608241440636813,22,34,7
37,0.1020408163265306,0.008357374029642936,0.44144144144144143,0.10903227274256577,30,1,7
6,0.14285714285714285,0.011967550192577045,0.47572815533980584,0.7203166179017427,13,19,7
0,0.22448979591836732,0.020074542452737147,0.5104166666666666,0.11223406000799485,21,7,7
30,0.12244897959183673,0.004093184532110102,0.4666666666666667,0.3997489317537136,20,23,7
8,0.2040816326530612,0.032030785230064945,0.532608695652174,0.9337445566391465,42,7,7
3,0.14285714285714285,0.013357209832773739,0.47115384615384615,0.6900206618218458,37,6,7
26,0.18367346938775508,0.015499181825080607,0.5,0.3414593373018703,25,43,7
21,0.12244897959183673,0.006546137019576394,0.45794392523364486,0.6571146051049702,31,7,7
42,0.2040816326530612,0.029902417593744134,0.550561797752809,0.16019729497820634,5,27,7
4,0.14285714285714285,0.005922499286094723,0.4666666666666667,0.8622020390756743,38,15,7
22,0.18367346938775508,0.019534213271833318,0.5051546391752577,0.43168387332999025,37,32,7
17,0.12244897959183673,0.010292254116770766,0.4375,0.3533870868897252,6,3,7
21,0.12244897959183673,0.006546137019576394,0.45794392523364486,0.5014521645549052,49,7,7
9,0.16326530612244897,0.017829371106306887,0.4803921568627451,0.8603218364017777,14,37,7
9,0.16326530612244897,0.017829371106306887,0.4803921568627451,0.6337567412572401,33,33,7
35,0.24489795918367346,0.03975236885463476,0.550561797752809,0.5390994172083405,26,24,7
46,0.061224489795918366,0.0021927241314996415,0.4152542372881356,0.6853461022329088,43,11,7
32,0.24489795918367346,0.05382981822432602,0.550561797752809,0.17196803884473122,28,36,7
12,0.24489795918367346,0.03153722194838642,0.550561797752809,0.80897493731516,10,11,7
12,0.24489795918367346,0.03153722194838642,0.550561797752809,0.9111753390463613,14,39,7
17,0.12244897959183673,0.010292254116770766,0.4375,0.7426583769077368,43,20,7
4,0.14285714285714285,0.005922499286094723,0.4666666666666667,0.8052614534659811,2,0,7
7,0.2857142857142857,0.05040123745164971,0.5697674418604651,0.7920450377802589,6,3,7
34,0.24489795918367346,0.03685668233049685,0.5444444444444444,0.6302139693712132,8,45,7
8,0.2040816326530612,0.032030785230064945,0.532608695652174,0.06520076734970637,35,7,7
3,0.14285714285714285,0.013357209832773739,0.47115384615384615,0.6272608204845951,14,17,7
37,0.1020408163265306,0.008357374029642936,0.44144144144144143,0.5249710923754028,44,44,7
40,0.2857142857142857,0.05748254284304229,0.5632183908045977,0.8637609242808828,48,48,7
19,0.18367346938775508,0.025393984669569904,0.5104166666666666,0.6080953749047696,43,23,7
14,0.12244897959183673,0.008629051557966543,0.4666666666666667,0.15065815602436916,46,10,7
24,0.12244897959183673,0.01388849021126932,0.47115384615384615,0.31745336768226295,45,23,7
1,0.16326530612244897,0.015728144751629144,0.48514851485148514,0.21107646435327942,22,23,7
29,0.1020408163265306,0.00801672911366789,0.44954128440366975,0.3168860106069987,4,43,7
40,0.2857142857142857,0.05748254284304229,0.5632183908045977,0.8313253254825987,47,7,7
7,0.2857142857142857,0.05040123745164971,0.5697674418604651,0.84363453187999,8,8,7
37,0.1020408163265306,0.008357374029642936,0.44144144144144143,0.3139169746116517,11,9,7
22,0.18367346938775508,0.019534213271833318,0.5051546391752577,0.9316999046762295,16,32,7
37,0.1020408163265306,0.008357374029642936,0.44144144144144143,0.040684929541467296,30,1,7
3,0.14285714285714285,0.013357209832773739,0.47115384615384615,0.19065662676399986,2,12,7
0,0.22448979591836732,0.020074542452737147,0.5104166666666666,0.0686190397454084,41,26,7
34,0.24489795918367346,0.03685668233049685,0.5444444444444444,0.5997132013755754,41,33,7
48,0.12244897959183673,0.010385480797000668,0.4666666666666667,0.897483102139296,12,40,7
12,0.24489795918367346,0.03153722194838642,0.550561797752809,0.7583682769120751,9,39,7
15,0.16326530612244897,0.013783449749086001,0.46226415094339623,0.5337797889172178,41,26,7
41,0.18367346938775508,0.019117339673687214,0.5,0.15198102133458768,45,45,7
42,0.2040816326530612,0.029902417593744134,0.550561797752809,0.5460339269875985,13,13,7
34,0.24489795918367346,0.03685668233049685,0.5444444444444444,0.5244655114018584,0,0,7
47,0.24489795918367346,0.042389360561629466,0.5444444444444444,0.6705203042524396,31,6,7
9,0.16326530612244897,0.017829371106306887,0.4803921568627451,0.7691532532974004,42,27,7
32,0.24489795918367346,0.05382981822432602,0.550561797752809,0.2258524493255315,7,33,7
4,0.14285714285714285,0.005922499286094723,0.4666666666666667,0.049625835162120935,23,35,7
14,0.12244897959183673,0.008629051557966543,0.4666666666666667,0.4605458889829741,46,10,7
21,0.12244897959183673,0.006546137019576394,0.45794392523364486,0.01740404003833529,38,7,7
16,0.12244897959183673,0.007586025183189048,0.4666666666666667,0.23074207264016178,47,44,7
14,0.12244897959183673,0.008629051557966543,0.4666666666666667,0.36364516878762776,27,44,7
23,0.16326530612244897,0.023213198602229215,0.5,0.7566221412931885,40,30,7
43,0.24489795918367346,0.0486594451161528,0.5568181818181818,0.7316879923961647,23,23,7
10,0.16326530612244897,0.013469118426094636,0.5,0.9842287649704826,49,11,7
30,0.12244897959183673,0.004093184532110102,0.4666666666666667,0.9426685634431609,7,40,7
43,0.24489795918367346,0.0486594451161528,0.5568181818181818,0.35121557077119114,33,23,7
44,0.24489795918367346,0.04792814123607624,0.5444444444444444,0.4025426525618522,4,16,7
36,0.18367346938775508,0.026208330124146455,0.5268817204301075,0.30870788221972933,9,38,7
29,0.1020408163265306,0.00801672911366789,0.44954128440366975,0.43453658068706535,45,43,7
33,0.12244897959183673,0.007465882068223004,0.46226415094339623,0.5666738664350226,28,34,7
48,0.12244897959183673,0.010385480797000668,0.4666666666666667,0.4148215852814745,35,40,7
24,0.12244897959183673,0.01388849021126932,0.47115384615384615,0.8955635781250958,37,23,7
10,0.16326530612244897,0.013469118426094636,0.5,0.6083571999723727,8,11,7
22,0.18367346938775508,0.019534213271833318,0.5051546391752577,0.03524665812480088,40,34,7
15,0.16326530612244897,0.013783449749086001,0.46226415094339623,0.7064884380121448,48,48,7
37,0.1020408163265306,0.008357374029642936,0.44144144144144143,0.410935840115507,11,9,7
21,0.12244897959183673,0.006546137019576394,0.45794392523364486,0.77762787441892,41,7,7
44,0.24489795918367346,0.04792814123607624,0.5444444444444444,0.4690608088988225,0,16,7
33,0.12244897959183673,0.007465882068223004,0.46226415094339623,0.7803078889277028,46,35,7
48,0.12244897959183673,0.010385480797000668,0.4666666666666667,0.8761460433422965,49,40,7
30,0.12244897959183673,0.004093184532110102,0.4666666666666667,0.8882800209227879,12,2,7
30,0.12244897959183673,0.004093184532110102,0.4666666666666667,0.3197670869546375,17,23,7
8,0.2040816326530612,0.032030785230064945,0.532608695652174,0.13107621683473347,14,44,7
28,0.12244897959183673,0.009461770278096807,0.4666666666666667,0.1876429031602581,41,36,7
29,0.1020408163265306,0.00801672911366789,0.44954128440366975,0.20130938204121385,0,43,7
2,0.22448979591836732,0.025949137138599764,0.550561797752809,0.07400863106447175,35,30,7
47,0.24489795918367346,0.042389360561629466,0.5444444444444444,0.12710806341361158,6,6,7
10,0.16326530612244897,0.013469118426094636,0.5,0.5089876054114629,23,20,7
48,0.12244897959183673,0.010385480797000668,0.4666666666666667,0.9381960218958267,36,40,7
47,0.24489795918367346,0.042389360561629466,0.5444444444444444,0.44989295871938484,0,7,7
16,0.12244897959183673,0.007586025183189048,0.4666666666666667,0.3223778283915957,39,26,7
34,0.24489795918367346,0.03685668233049685,0.5444444444444444,0.577094266567897,46,40,7
8,0.2040816326530612,0.032030785230064945,0.532608695652174,0.3340084101041345,31,43,7
40,0.2857142857142857,0.05748254284304229,0.5632183908045977,0.5206958064247972,23,30,7
47,0.24489795918367346,0.042389360561629466,0.5444444444444444,0.8115101831947911,33,7,7
30,0.12244897959183673,0.004093184532110102,0.4666666666666667,0.7776176461807702,5,23,7
21,0.12244897959183673,0.006546137019576394,0.45794392523364486,0.8180134375324489,0,7,7
38,0.16326530612244897,0.018706201364001324,0.5051546391752577,0.7339320012496655,26,23,7
39,0.12244897959183673,0.013151682140277577,0.47115384615384615,0.1844385508163746,22,32,7
43,0.24489795918367346,0.0486594451161528,0.5568181818181818,0.5637471803751047,29,29,7
27,0.22448979591836732,0.046581926097725844,0.5444444444444444,0.8013296624771054,4,25,7
10,0.16326530612244897,0.013469118426094636,0.5,0.7512741795631055,5,20,7
7,0.2857142857142857,0.05040123745164971,0.5697674418604651,0.5312991640606123,49,18,7
14,0.12244897959183673,0.008629051557966543,0.4666666666666667,0.3157497601486302,1,44,7
0,0.22448979591836732,0.020074542452737147,0.5104166666666666,0.3401363031645346,43,26,7
31,0.3061224489795918,0.05915013577449606,0.5833333333333334,0.3944772550239074,42,25,7
28,0.12244897959183673,0.009461770278096807,0.4666666666666667,0.7672225554113061,39,36,7
18,0.12244897959183673,0.016606971071256783,0.4666666666666667,0.8706563318269797,16,7,7
18,0.12244897959183673,0.016606971071256783,0.4666666666666667,0.956738274373778,5,13,7
21,0.12244897959183673,0.006546137019576394,0.45794392523364486,0.3752981446152498,38,7,7
28,0.12244897959183673,0.009461770278096807,0.4666666666666667,0.08658354429400905,12,36,7
10,0.16326530612244897,0.013469118426094636,0.5,0.8099247722932508,16,14,7
31,0.3061224489795918,0.05915013577449606,0.5833333333333334,0.9843371626813305,3,6,7
1,0.16326530612244897,0.015728144751629144,0.48514851485148514,0.8798151662883528,12,23,7
6,0.14285714285714285,0.011967550192577045,0.47572815533980584,0.4413530520546073,3,3,7
8,0.2040816326530612,0.032030785230064945,0.532608695652174,0.3282325007877869,49,49,7
21,0.12244897959183673,0.006546137019576394,0.45794392523364486,0.575356145918911,22,22,7
28,0.12244897959183673,0.009461770278096807,0.4666666666666667,0.5902397259199428,46,36,7
6,0.14285714285714285,0.011967550192577045,0.47572815533980584,0.6251305988152427,16,31,7
32,0.24489795918367346,0.05382981822432602,0.550561797752809,0.6698254326563818,35,33,7
13,0.12244897959183673,0.013284442079084935,0.4537037037037037,0.7477655689199909,33,18,7
38,0.16326530612244897,0.018706201364001324,0.5051546391752577,0.9799799450880547,6,23,7
29,0.1020408163265306,0.00801672911366789,0.44954128440366975,0.24621970639736956,44,43,7
41,0.18367346938775508,0.019117339673687214,0.5,0.8883634638086634,42,4,7
9,0.16326530612244897,0.017829371106306887,0.4803921568627451,0.40358742730352404,4,0,7
30,0.12244897959183673,0.004093184532110102,0.4666666666666667,0.025133112608780594,10,23,7
27,0.22448979591836732,0.046581926097725844,0.5444444444444444,0.5032293194637125,28,49,7
9,0.16326530612244897,0.017829371106306887,0.4803921568627451,0.5675088162973507,10,37,7
22,0.18367346938775508,0.019534213271833318,0.5051546391752577,0.4657008450615039,17,6,7
42,0.2040816326530612,0.029902417593744134,0.550561797752809,0.6034009729134809,46,40,7
7,0.2857142857142857,0.05040123745164971,0.5697674418604651,0.31252491437248353,29,18,7
45,0.14285714285714285,0.010964570199264074,0.47115384615384615,0.5418798155210228,4,31,7
18,0.12244897959183673,0.016606971071256783,0.4666666666666667,0.8713597339270392,30,7,7
19,0.18367346938775508,0.025393984669569904,0.5104166666666666,0.4337224207109005,35,23,7
11,0.2040816326530612,0.02752056615464478,0.5104166666666666,0.866768566291316,13,46,7
46,0.061224489795918366,0.0021927241314996415,0.4152542372881356,0.9432597864418455,43,11,7
42,0.2040816326530612,0.029902417593744134,0.550561797752809,0.49045784462532716,25,4,7
38,0.16326530612244897,0.018706201364001324,0.5051546391752577,0.711672280108057,13,36,7
18,0.12244897959183673,0.016606971071256783,0.4666666666666667,0.13026441000203792,15,29,7
47,0.24489795918367346,0.042389360561629466,0.5444444444444444,0.8595485471542852,41,17,7
39,0.12244897959183673,0.013151682140277577,0.47115384615384615,0.011790819956959409,30,23,7
31,0.3061224489795918,0.05915013577449606,0.5833333333333334,0.09648390694228948,26,43,7
44,0.24489795918367346,0.04792814123607624,0.5444444444444444,0.2826364983662767,49,31,7
37,0.1020408163265306,0.008357374029642936,0.44144144144144143,0.7436951541009226,21,44,7
2,0.22448979591836732,0.025949137138599764,0.550561797752809,0.4006734201649901,12,12,7
24,0.12244897959183673,0.01388849021126932,0.47115384615384615,0.8856844563684898,19,23,7
9,0.16326530612244897,0.017829371106306887,0.4803921568627451,0.3776959311194821,39,1,7
48,0.12244897959183673,0.010385480797000668,0.4666666666666667,0.3218036416772413,36,40,7
44,0.24489795918367346,0.04792814123607624,0.5444444444444444,0.18847357622024563,14,14,7
45,0.14285714285714285,0.010964570199264074,0.47115384615384615,0.4757371798625474,46,8,7
34,0.24489795918367346,0.03685668233049685,0.5444444444444444,0.7596487096419816,43,40,7
37,0.1020408163265306,0.008357374029642936,0.44144144144144143,0.17377207627199576,49,9,7
17,0.12244897959183673,0.010292254116770766,0.4375,0.0586817440201135,39,20,7
44,0.24489795918367346,0.04792814123607624,0.5444444444444444,0.8956430175565505,5,35,7
8,0.2040816326530612,0.032030785230064945,0.532608695652174,0.9057314172634564,24,43,7
11,0.2040816326530612,0.02752056615464478,0.5104166666666666,0.9955167605226016,4,0,7
20,0.14285714285714285,0.012377492108509512,0.47115384615384615,0.48930440527385766,24,43,7
29,0.1020408163265306,0.00801672911366789,0.44954128440366975,0.33334867403118085,25,43,7
27,0.22448979591836732,0.046581926097725844,0.5444444444444444,0.6855559052368593,26,19,7
33,0.12244897959183673,0.007465882068223004,0.46226415094339623,0.23072001367987838,11,32,7
33,0.12244897959183673,0.007465882068223004,0.46226415094339623,0.3586741332793125,29,35,7
14,0.12244897959183673,0.008629051557966543,0.4666666666666667,0.1035782775907923,10,10,7
30,0.12244897959183673,0.004093184532110102,0.4666666666666667,0.1444686560334114,23,23,7
47,0.24489795918367346,0.042389360561629466,0.5444444444444444,0.10879843940410305,4,7,7
31,0.3061224489795918,0.05915013577449606,0.5833333333333334,0.6492146636736628,12,2,7
37,0.1020408163265306,0.008357374029642936,0.44144144144144143,0.8525419187487833,39,1,7
25,0.16326530612244897,0.013839508183232511,0.5,0.560538330207964,24,31,7
46,0.061224489795918366,0.0021927241314996415,0.4152542372881356,0.9810596564836767,38,40,7
14,0.12244897959183673,0.008629051557966543,0.4666666666666667,0.30235840634159006,7,44,7
43,0.24489795918367346,0.0486594451161528,0.5568181818181818,0.8202963957702086,41,26,7
43,0.24489795918367346,0.0486594451161528,0.5568181818181818,0.16473645530919656,27,23,7
31,0.3061224489795918,0.05915013577449606,0.5833333333333334,0.387738907925268,40,43,7
11,0.2040816326530612,0.02752056615464478,0.5104166666666666,0.12475145863763748,37,8,7
7,0.2857142857142857,0.05040123745164971,0.5697674418604651,0.9198761052379782,9,40,7
7,0.2857142857142857,0.05040123745164971,0.5697674418604651,0.33371382885546763,4,40,7
18,0.12244897959183673,0.016606971071256783,0.4666666666666667,0.7404503272168497,26,29,7
11,0.2040816326530612,0.02752056615464478,0.5104166666666666,0.6527449044819424,45,8,7
9,0.16326530612244897,0.017829371106306887,0.4803921568627451,0.8302438735977695,32,37,7
20,0.14285714285714285,0.012377492108509512,0.47115384615384615,0.014354199830294956,18,43,7
0,0.22448979591836732,0.020074542452737147,0.5104166666666666,0.7355976983829359,5,4,7
22,0.18367346938775508,0.019534213271833318,0.5051546391752577,0.30592923937872996,15,0,7
31,0.3061224489795918,0.05915013577449606,0.5833333333333334,0.11453427492115598,38,43,7
12,0.24489795918367346,0.03153722194838642,0.550561797752809,0.7628249684074488,43,39,7
37,0.1020408163265306,0.008357374029642936,0.44144144144144143,0.8657596215511172,41,44,7
10,0.16326530612244897,0.013469118426094636,0.5,0.7058151550178049,15,20,7
47,0.24489795918367346,0.042389360561629466,0.5444444444444444,0.4786468981222386,6,6,7
37,0.1020408163265306,0.008357374029642936,0.44144144144144143,0.43116176002439754,45,9,7
33,0.12244897959183673,0.007465882068223004,0.46226415094339623,0.5344369408134582,6,32,7
29,0.1020408163265306,0.00801672911366789,0.44954128440366975,0.9477120279074837,45,43,7
44,0.24489795918367346,0.04792814123607624,0.5444444444444444,0.12205182480749421,31,31,7
42,0.2040816326530612,0.029902417593744134,0.550561797752809,0.377794744018513,3,19,7
7,0.2857142857142857,0.05040123745164971,0.5697674418604651,0.8645024715958741,32,40,7
4,0.14285714285714285,0.005922499286094723,0.4666666666666667,0.43025787719607755,38,15,7
22,0.18367346938775508,0.019534213271833318,0.5051546391752577,0.81078849426729,26,0,7
21,0.12244897959183673,0.006546137019576394,0.45794392523364486,0.373425821277352,33,7,7
6,0.14285714285714285,0.011967550192577045,0.47572815533980584,0.4442787997024119,16,31,7
8,0.2040816326530612,0.032030785230064945,0.532608695652174,0.7595865726552866,28,49,7
32,0.24489795918367346,0.05382981822432602,0.550561797752809,0.11967672690243125,49,22,7
14,0.12244897959183673,0.008629051557966543,0.4666666666666667,0.6755094619625874,15,44,7
3,0.14285714285714285,0.013357209832773739,0.47115384615384615,0.5451874081283832,14,17,7
2,0.22448979591836732,0.025949137138599764,0.550561797752809,0.8310370592914545,29,36,7
1,0.16326530612244897,0.015728144751629144,0.48514851485148514,0.06538217448887651,0,31,7
16,0.12244897959183673,0.007586025183189048,0.4666666666666667,0.2434953615376486,15,26,7
36,0.18367346938775508,0.026208330124146455,0.5268817204301075,0.18839136752950847,32,32,7
24,0.12244897959183673,0.01388849021126932,0.47115384615384615,0.5264186975033606,2,23,7
35,0.24489795918367346,0.03975236885463476,0.550561797752809,0.8147124513897488,41,33,7
1,0.16326530612244897,0.015728144751629144,0.48514851485148514,0.9465228222593894,19,23,7
2,0.22448979591836732,0.025949137138599764,0.550561797752809,0.6875085935125504,9,36,7
2,0.22448979591836732,0.025949137138599764,0.550561797752809,0.7524222674050676,39,12,7
3,0.14285714285714285,0.013357209832773739,0.47115384615384615,0.054836586698718603,8,7,7
31,0.3061224489795918,0.05915013577449606,0.5833333333333334,0.42143964896377895,35,1,7
43,0.24489795918367346,0.0486594451161528,0.5568181818181818,0.9024353425502792,35,23,7
40,0.2857142857142857,0.05748254284304229,0.5632183908045977,0.6315549705200493,28,36,7
47,0.24489795918367346,0.042389360561629466,0.5444444444444444,0.963383055914353,13,7,7
12,0.24489795918367346,0.03153722194838642,0.550561797752809,0.6895176095094853,34,22,7
31,0.3061224489795918,0.05915013577449606,0.5833333333333334,0.36001806913031764,29,43,7
5,0.08163265306122448,0.004790709573872838,0.4016393442622951,0.7608684711809185,17,24,7
46,0.061224489795918366,0.0021927241314996415,0.4152542372881356,0.31910972195265064,39,11,7
35,0.24489795918367346,0.03975236885463476,0.550561797752809,0.48442540425813274,34,40,7
38,0.16326530612244897,0.018706201364001324,0.5051546391752577,0.2657042960080752,49,36,7
10,0.16326530612244897,0.013469118426094636,0.5,0.8004267722022276,31,31,7
42,0.2040816326530612,0.029902417593744134,0.550561797752809,0.8132091180723254,31,4,7
35,0.24489795918367346,0.03975236885463476,0.550561797752809,0.10068052759830604,24,24,7
18,0.12244897959183673,0.016606971071256783,0.4666666666666667,0.5095311207226279,8,7,7
16,0.12244897959183673,0.007586025183189048,0.4666666666666667,0.3040729213059903,31,25,7
27,0.22448979591836732,0.046581926097725844,0.5444444444444444,0.02246004573226379,18,19,7
6,0.14285714285714285,0.011967550192577045,0.47572815533980584,0.28999759172749384,17,3,7
43,0.24489795918367346,0.0486594451161528,0.5568181818181818,0.25819510837739523,26,26,7
34,0.24489795918367346,0.03685668233049685,0.5444444444444444,0.8330622271154292,15,40,7
23,0.16326530612244897,0.023213198602229215,0.5,0.3058756219427785,3,39,7
11,0.2040816326530612,0.02752056615464478,0.5104166666666666,0.6121898208018202,18,46,7
28,0.12244897959183673,0.009461770278096807,0.4666666666666667,0.011780305221599119,6,36,7
38,0.16326530612244897,0.018706201364001324,0.5051546391752577,0.660601102783049,31,23,7
17,0.12244897959183673,0.010292254116770766,0.4375,0.3264185384664503,36,47,7
35,0.24489795918367346,0.03975236885463476,0.550561797752809,0.08333068673004684,12,24,7
28,0.12244897959183673,0.009461770278096807,0.4666666666666667,0.6537659821799588,10,36,7
7,0.2857142857142857,0.05040123745164971,0.5697674418604651,0.9852707069215368,46,40,7
22,0.18367346938775508,0.019534213271833318,0.5051546391752577,0.9215506513287746,15,0,7
24,0.12244897959183673,0.01388849021126932,0.47115384615384615,0.8147116942753643,46,35,7
27,0.22448979591836732,0.046581926097725844,0.5444444444444444,0.21779887190920277,31,25,7
7,0.2857142857142857,0.05040123745164971,0.5697674418604651,0.2823321524671859,16,16,7
48,0.12244897959183673,0.010385480797000668,0.4666666666666667,0.9421655608863589,17,17,7
26,0.18367346938775508,0.015499181825080607,0.5,0.535876697463295,35,43,7
3,0.14285714285714285,0.013357209832773739,0.47115384615384615,0.46301806549171154,18,7,7
13,0.12244897959183673,0.013284442079084935,0.4537037037037037,0.3202254213510428,31,18,7
2,0.22448979591836732,0.025949137138599764,0.550561797752809,0.4152650555270776,43,30,7
10,0.16326530612244897,0.013469118426094636,0.5,0.8310287682688313,47,47,7
45,0.14285714285714285,0.010964570199264074,0.47115384615384615,0.20540906236599954,1,31,7
47,0.24489795918367346,0.042389360561629466,0.5444444444444444,0.5822440903768461,48,7,7
12,0.24489795918367346,0.03153722194838642,0.550561797752809,0.25435797147794315,2,2,7
8,0.2040816326530612,0.032030785230064945,0.532608695652174,0.4162914898695146,37,9,7
26,0.18367346938775508,0.015499181825080607,0.5,0.17241395207844035,33,41,7
4,0.14285714285714285,0.005922499286094723,0.4666666666666667,0.8198364492115067,29,0,7
7,0.2857142857142857,0.05040123745164971,0.5697674418604651,0.11812681003618941,28,18,7
42,0.2040816326530612,0.029902417593744134,0.550561797752809,0.4340926465841163,29,13,7
31,0.3061224489795918,0.05915013577449606,0.5833333333333334,0.08687894062992352,12,2,7
1,0.16326530612244897,0.015728144751629144,0.48514851485148514,0.8369746553729513,40,23,7
46,0.061224489795918366,0.0021927241314996415,0.4152542372881356,0.8855471675813215,38,40,7
12,0.24489795918367346,0.03153722194838642,0.550561797752809,0.32962564657665383,49,2,7
30,0.12244897959183673,0.004093184532110102,0.4666666666666667,0.018350557017962066,28,2,7
46,0.061224489795918366,0.0021927241314996415,0.4152542372881356,0.008711313969065437,24,40,7
49,0.1020408163265306,0.005674352102923531,0.4188034188034188,0.6655751760190592,26,45,7
48,0.12244897959183673,0.010385480797000668,0.4666666666666667,0.7272419251008427,17,17,7
0,0.22448979591836732,0.020074542452737147,0.5104166666666666,0.5338902506524582,7,7,7
24,0.12244897959183673,0.01388849021126932,0.47115384615384615,0.07563234678473885,3,23,7
31,0.3061224489795918,0.05915013577449606,0.5833333333333334,0.8303141360403207,42,25,7
6,0.14285714285714285,0.011967550192577045,0.47572815533980584,0.8681431319940962,4,22,7
48,0.12244897959183673,0.010385480797000668,0.4666666666666667,0.28946238769506927,5,40,7
46,0.061224489795918366,0.0021927241314996415,0.4152542372881356,0.9771598826040533,19,40,7
19,0.18367346938775508,0.025393984669569904,0.5104166666666666,0.3897594352399848,4,42,7
29,0.1020408163265306,0.00801672911366789,0.44954128440366975,0.930880280289197,5,18,7
38,0.16326530612244897,0.018706201364001324,0.5051546391752577,0.33303765070137326,2,36,7
4,0.14285714285714285,0.005922499286094723,0.4666666666666667,0.3656346019528707,36,0,7
4,0.14285714285714285,0.005922499286094723,0.4666666666666667,0.2142406129585085,10,0,7
12,0.24489795918367346,0.03153722194838642,0.550561797752809,0.2528512992342775,22,22,7
17,0.12244897959183673,0.010292254116770766,0.4375,0.7419956646047886,33,47,7
35,0.24489795918367346,0.03975236885463476,0.550561797752809,0.3038500921192905,19,24,7
23,0.16326530612244897,0.023213198602229215,0.5,0.005068969707713866,21,30,7
47,0.24489795918367346,0.042389360561629466,0.5444444444444444,0.32732568664658723,16,14,7
11,0.2040816326530612,0.02752056615464478,0.5104166666666666,0.6010605581547034,40,46,7
16,0.12244897959183673,0.007586025183189048,0.4666666666666667,0.2981592416535518,37,44,7
36,0.18367346938775508,0.026208330124146455,0.5268817204301075,0.408059491158005,14,25,7
21,0.12244897959183673,0.006546137019576394,0.45794392523364486,0.4263675915759224,48,7,7
28,0.12244897959183673,0.009461770278096807,0.4666666666666667,0.2632180363658245,15,36,7
46,0.061224489795918366,0.0021927241314996415,0.4152542372881356,0.8356923404622508,34,40,7
35,0.24489795918367346,0.03975236885463476,0.550561797752809,0.844402023829815,3,40,7
4,0.14285714285714285,0.005922499286094723,0.4666666666666667,0.5863172076416127,35,35,7
3,0.14285714285714285,0.013357209832773739,0.47115384615384615,0.16715967514506924,36,12,7
18,0.12244897959183673,0.016606971071256783,0.4666666666666667,0.2530693227889753,35,7,7
0,0.22448979591836732,0.020074542452737147,0.5104166666666666,0.4454292935550279,7,7,7
32,0.24489795918367346,0.05382981822432602,0.550561797752809,0.8629812004219762,18,33,7
5,0.08163265306122448,0.004790709573872838,0.4016393442622951,0.4968467810199423,14,24,7
32,0.24489795918367346,0.05382981822432602,0.550561797752809,0.7901308108140804,13,22,7
24,0.12244897959183673,0.01388849021126932,0.47115384615384615,0.07029703168831958,21,35,7
0,0.22448979591836732,0.020074542452737147,0.5104166666666666,0.5464557800435283,35,4,7
35,0.24489795918367346,0.03975236885463476,0.550561797752809,0.21147871514784056,6,24,7
24,0.12244897959183673,0.01388849021126932,0.47115384615384615,0.1314783890618998,17,23,7
5,0.08163265306122448,0.004790709573872838,0.4016393442622951,0.9357958306171056,7,24,7
9,0.16326530612244897,0.017829371106306887,0.4803921568627451,0.41628964215375475,46,8,7
29,0.1020408163265306,0.00801672911366789,0.44954128440366975,0.9939945600084646,19,18,7
46,0.061224489795918366,0.0021927241314996415,0.4152542372881356,0.3865035203240116,49,11,7
44,0.24489795918367346,0.04792814123607624,0.5444444444444444,0.15088887390425254,35,35,7
7,0.2857142857142857,0.05040123745164971,0.5697674418604651,0.5465994428688861,17,47,7
28,0.12244897959183673,0.009461770278096807,0.4666666666666667,0.4244239664277192,34,36,7
13,0.12244897959183673,0.013284442079084935,0.4537037037037037,0.9847496949648068,40,18,7
38,0.16326530612244897,0.018706201364001324,0.5051546391752577,0.5630145690095183,48,23,7
35,0.24489795918367346,0.03975236885463476,0.550561797752809,0.8862031293123727,38,24,7
2,0.22448979591836732,0.025949137138599764,0.550561797752809,0.349211687926669,4,36,7
39,0.12244897959183673,0.013151682140277577,0.47115384615384615,0.5550540000393119,24,23,7
41,0.18367346938775508,0.019117339673687214,0.5,0.10644702905166148,17,26,7
19,0.18367346938775508,0.025393984669569904,0.5104166666666666,0.39985672159881325,6,6,7
14,0.12244897959183673,0.008629051557966543,0.4666666666666667,0.9827131721615975,13,44,7
10,0.16326530612244897,0.013469118426094636,0.5,0.5220519616023895,28,20,7
45,0.14285714285714285,0.010964570199264074,0.47115384615384615,0.9644715457392122,28,49,7
27,0.22448979591836732,0.046581926097725844,0.5444444444444444,0.36472970269550586,14,44,7
23,0.16326530612244897,0.023213198602229215,0.5,0.11224511045886698,27,19,7
44,0.24489795918367346,0.04792814123607624,0.5444444444444444,0.10002384935430186,16,16,7
0,0.22448979591836732,0.020074542452737147,0.5104166666666666,0.7703420140304397,1,25,7
43,0.24489795918367346,0.0486594451161528,0.5568181818181818,0.9638233042249877,21,29,7
23,0.16326530612244897,0.023213198602229215,0.5,0.312730978648199,1,1,7
49,0.1020408163265306,0.005674352102923531,0.4188034188034188,0.6483127392252725,22,27,7
46,0.061224489795918366,0.0021927241314996415,0.4152542372881356,0.719210401123077,29,40,7
46,0.061224489795918366,0.0021927241314996415,0.4152542372881356,0.6852474077017293,22,11,7
4,0.14285714285714285,0.005922499286094723,0.4666666666666667,0.48648609995657666,47,35,7
7,0.2857142857142857,0.05040123745164971,0.5697674418604651,0.3735277979326205,1,40,7
41,0.18367346938775508,0.019117339673687214,0.5,0.3262792901753898,31,26,7
11,0.2040816326530612,0.02752056615464478,0.5104166666666666,0.2301204642886293,47,10,7
43,0.24489795918367346,0.0486594451161528,0.5568181818181818,0.2911244454167963,0,26,7
35,0.24489795918367346,0.03975236885463476,0.550561797752809,0.4959002116487492,34,40,7
46,0.061224489795918366,0.0021927241314996415,0.4152542372881356,0.6311005299122828,21,40,7
44,0.24489795918367346,0.04792814123607624,0.5444444444444444,0.54331054023913,41,43,7
36,0.18367346938775508,0.026208330124146455,0.5268817204301075,0.47454905983419515,43,29,7
1,0.16326530612244897,0.015728144751629144,0.48514851485148514,0.5437955331831784,13,23,7
39,0.12244897959183673,0.013151682140277577,0.47115384615384615,0.9063431472143753,7,23,7
26,0.18367346938775508,0.015499181825080607,0.5,0.3376911964030993,28,43,7
32,0.24489795918367346,0.05382981822432602,0.550561797752809,0.5054347032679246,41,33,7
11,0.2040816326530612,0.02752056615464478,0.5104166666666666,0.28784604355389454,41,41,7
40,0.2857142857142857,0.05748254284304229,0.5632183908045977,0.14995566404207206,19,30,7
38,0.16326530612244897,0.018706201364001324,0.5051546391752577,0.7862148968742155,17,20,7
22,0.18367346938775508,0.019534213271833318,0.5051546391752577,0.7727260072987174,3,6,7
34,0.24489795918367346,0.03685668233049685,0.5444444444444444,0.1056296024536123,2,36,7
45,0.14285714285714285,0.010964570199264074,0.47115384615384615,0.03147236343747584,1,31,7
18,0.12244897959183673,0.016606971071256783,0.4666666666666667,0.6386424331036527,45,29,7
8,0.2040816326530612,0.032030785230064945,0.532608695652174,0.3059879596236582,17,43,7
37,0.1020408163265306,0.008357374029642936,0.44144144144144143,0.07698281280432195,32,32,7
39,0.12244897959183673,0.013151682140277577,0.47115384615384615,0.8721489842985084,27,23,7
25,0.16326530612244897,0.013839508183232511,0.5,0.3623786089528115,19,27,7
1,0.16326530612244897,0.015728144751629144,0.48514851485148514,0.24009308960914288,0,31,7
13,0.12244897959183673,0.013284442079084935,0.4537037037037037,0.30783917373015945,9,18,7
3,0.14285714285714285,0.013357209832773739,0.47115384615384615,0.024593301523855415,34,6,7
11,0.2040816326530612,0.02752056615464478,0.5104166666666666,0.7431538094580915,22,12,7
4,0.14285714285714285,0.005922499286094723,0.4666666666666667,0.36878584700810013,20,0,7
32,0.24489795918367346,0.05382981822432602,0.550561797752809,0.6914728464473595,38,36,7
14,0.12244897959183673,0.008629051557966543,0.4666666666666667,0.7270206448717695,47,47,7
30,0.12244897959183673,0.004093184532110102,0.4666666666666667,0.8150558627897271,22,40,7
39,0.12244897959183673,0.013151682140277577,0.47115384615384615,0.8216212533604369,2,12,7
17,0.12244897959183673,0.010292254116770766,0.4375,0.08128439146759336,3,3,7
9,0.16326530612244897,0.017829371106306887,0.4803921568627451,0.33033362235389196,37,37,7
31,0.3061224489795918,0.05915013577449606,0.5833333333333334,0.11854054898111077,13,43,7
47,0.24489795918367346,0.042389360561629466,0.5444444444444444,0.7484156810162412,29,7,7
46,0.061224489795918366,0.0021927241314996415,0.4152542372881356,0.8547383087648174,10,11,7
11,0.2040816326530612,0.02752056615464478,0.5104166666666666,0.21060221027655168,15,26,7
3,0.14285714285714285,0.013357209832773739,0.47115384615384615,0.8662408554521515,7,7,7
41,0.18367346938775508,0.019117339673687214,0.5,0.16409385845946545,49,45,7
17,0.12244897959183673,0.010292254116770766,0.4375,0.6642660402029783,26,20,7
22,0.18367346938775508,0.019534213271833318,0.5051546391752577,0.7493055911757954,27,27,7
39,0.12244897959183673,0.013151682140277577,0.47115384615384615,0.7938255740832935,43,23,7
36,0.18367346938775508,0.026208330124146455,0.5268817204301075,0.9502782838738074,42,40,7
2,0.22448979591836732,0.025949137138599764,0.550561797752809,0.7958934665018085,21,21,7
18,0.12244897959183673,0.016606971071256783,0.4666666666666667,0.9700868520401764,43,29,7
15,0.16326530612244897,0.013783449749086001,0.46226415094339623,0.21105693502156453,44,26,7
15,0.16326530612244897,0.013783449749086001,0.46226415094339623,0.7523347212438358,35,4,7
16,0.12244897959183673,0.007586025183189048,0.4666666666666667,0.20559593449182323,39,26,7
45,0.14285714285714285,0.010964570199264074,0.47115384615384615,0.23638464536317105,24,31,7
32,0.24489795918367346,0.05382981822432602,0.550561797752809,0.5335826463239063,2,22,7
5,0.08163265306122448,0.004790709573872838,0.4016393442622951,0.4106135861090413,25,27,7
10,0.16326530612244897,0.013469118426094636,0.5,0.5315733619252828,7,20,7
31,0.3061224489795918,0.05915013577449606,0.5833333333333334,0.5122870523124959,38,43,7
39,0.12244897959183673,0.013151682140277577,0.47115384615384615,0.8329814799676158,45,23,7
47,0.24489795918367346,0.042389360561629466,0.5444444444444444,0.3508423889463731,19,19,7
29,0.1020408163265306,0.00801672911366789,0.44954128440366975,0.1697250980646583,10,43,7
6,0.14285714285714285,0.011967550192577045,0.47572815533980584,0.9677028358189071,46,22,7
2,0.22448979591836732,0.025949137138599764,0.550561797752809,0.9685130993843479,43,30,7
15,0.16326530612244897,0.013783449749086001,0.46226415094339623,0.4137568934380461,45,26,7
19,0.18367346938775508,0.025393984669569904,0.5104166666666666,0.9951681758729682,30,23,7
3,0.14285714285714285,0.013357209832773739,0.47115384615384615,0.3042397340418901,46,12,7
34,0.24489795918367346,0.03685668233049685,0.5444444444444444,0.6493130264925033,10,10,7
44,0.24489795918367346,0.04792814123607624,0.5444444444444444,0.26946451906515,36,16,7
33,0.12244897959183673,0.007465882068223004,0.46226415094339623,0.5180289665059054,24,35,7
0,0.22448979591836732,0.020074542452737147,0.5104166666666666,0.6369746610188585,49,25,7
31,0.3061224489795918,0.05915013577449606,0.5833333333333334,0.15290699245992778,19,43,7
31,0.3061224489795918,0.05915013577449606,0.5833333333333334,0.4133174347279214,43,43,7
41,0.18367346938775508,0.019117339673687214,0.5,0.24476900078770658,9,26,7
29,0.1020408163265306,0.00801672911366789,0.44954128440366975,0.48151674824480695,10,43,7
39,0.12244897959183673,0.013151682140277577,0.47115384615384615,0.21813642159844504,49,12,7
20,0.14285714285714285,0.012377492108509512,0.47115384615384615,0.9700697870642667,46,10,7
21,0.12244897959183673,0.006546137019576394,0.45794392523364486,0.09913757628644115,18,7,7
27,0.22448979591836732,0.046581926097725844,0.5444444444444444,0.4528826791276701,43,19,7
38,0.16326530612244897,0.018706201364001324,0.5051546391752577,0.22791197291780452,3,36,7
11,0.2040816326530612,0.02752056615464478,0.5104166666666666,0.014077297520701526,18,46,7
37,0.1020408163265306,0.008357374029642936,0.44144144144144143,0.4231174125809126,33,32,7
42,0.2040816326530612,0.029902417593744134,0.550561797752809,0.03423035778660655,5,27,7
12,0.24489795918367346,0.03153722194838642,0.550561797752809,0.9347142225707173,39,39,7
40,0.2857142857142857,0.05748254284304229,0.5632183908045977,0.05399505755958822,46,46,7
20,0.14285714285714285,0.012377492108509512,0.47115384615384615,0.898501505990551,45,43,7
43,0.24489795918367346,0.0486594451161528,0.5568181818181818,0.17247323813879056,18,29,7
38,0.16326530612244897,0.018706201364001324,0.5051546391752577,0.4447404371481031,4,15,7
27,0.22448979591836732,0.046581926097725844,0.5444444444444444,0.8581876150755755,31,25,7
44,0.24489795918367346,0.04792814123607624,0.5444444444444444,0.9846100205746177,21,16,7
46,0.061224489795918366,0.0021927241314996415,0.4152542372881356,0.48101590814310313,9,11,7
17,0.12244897959183673,0.010292254116770766,0.4375,0.6602563561902461,10,20,7
8,0.2040816326530612,0.032030785230064945,0.532608695652174,0.7937537601780629,4,43,7
25,0.16326530612244897,0.013839508183232511,0.5,0.5706920848513447,11,11,7
6,0.14285714285714285,0.011967550192577045,0.47572815533980584,0.775670378110425,0,22,7
40,0.2857142857142857,0.05748254284304229,0.5632183908045977,0.9365515545143476,14,35,7
0,0.22448979591836732,0.020074542452737147,0.5104166666666666,0.9471495649487941,10,25,7
40,0.2857142857142857,0.05748254284304229,0.5632183908045977,0.22154854757844278,45,7,7
11,0.2040816326530612,0.02752056615464478,0.5104166666666666,0.9221986831900627,38,12,7
44,0.24489795918367346,0.04792814123607624,0.5444444444444444,0.707182699757903,12,43,7
41,0.18367346938775508,0.019117339673687214,0.5,0.17632377025783363,13,26,7
6,0.14285714285714285,0.011967550192577045,0.47572815533980584,0.7344126135770692,3,3,7
18,0.12244897959183673,0.016606971071256783,0.4666666666666667,0.6460420034239287,29,29,7
10,0.16326530612244897,0.013469118426094636,0.5,0.46143128930531685,5,20,7
35,0.24489795918367346,0.03975236885463476,0.550561797752809,0.5132769494305847,37,9,7
32,0.24489795918367346,0.05382981822432602,0.550561797752809,0.18404464544548627,12,22,7
47,0.24489795918367346,0.042389360561629466,0.5444444444444444,0.0626727207838943,6,6,7
20,0.14285714285714285,0.012377492108509512,0.47115384615384615,0.4568602676043767,23,43,7
3,0.14285714285714285,0.013357209832773739,0.47115384615384615,0.29844516170153057,17,17,7
22,0.18367346938775508,0.019534213271833318,0.5051546391752577,0.6710105392537737,0,0,7
9,0.16326530612244897,0.017829371106306887,0.4803921568627451,0.4494919496752663,26,0,7
36,0.18367346938775508,0.026208330124146455,0.5268817204301075,0.3037161805176173,14,25,7
10,0.16326530612244897,0.013469118426094636,0.5,0.05947546200291787,48,20,7
13,0.12244897959183673,0.013284442079084935,0.4537037037037037,0.9662503854351671,15,18,7
24,0.12244897959183673,0.01388849021126932,0.47115384615384615,0.44127830513229205,30,23,7
45,0.14285714285714285,0.010964570199264074,0.47115384615384615,0.8681467171736691,8,8,7
35,0.24489795918367346,0.03975236885463476,0.550561797752809,0.1374866523785585,8,40,7
48,0.12244897959183673,0.010385480797000668,0.4666666666666667,0.5574072027648428,34,40,7
3,0.14285714285714285,0.013357209832773739,0.47115384615384615,0.3656205817843782,18,7,7
43,0.24489795918367346,0.0486594451161528,0.5568181818181818,0.8831562317326019,7,29,7
25,0.16326530612244897,0.013839508183232511,0.5,0.49968341715154563,9,0,7
16,0.12244897959183673,0.007586025183189048,0.4666666666666667,0.5676871753712005,42,25,7
34,0.24489795918367346,0.03685668233049685,0.5444444444444444,0.17359909503133297,18,40,7
12,0.24489795918367346,0.03153722194838642,0.550561797752809,0.6173551011499283,25,2,7
35,0.24489795918367346,0.03975236885463476,0.550561797752809,0.3130958016023563,7,40,7
38,0.16326530612244897,0.018706201364001324,0.5051546391752577,0.32264616813564073,43,23,7
12,0.24489795918367346,0.03153722194838642,0.550561797752809,0.5022950221932507,39,39,7
14,0.12244897959183673,0.008629051557966543,0.4666666666666667,0.6373950768587355,42,44,7
29,0.1020408163265306,0.00801672911366789,0.44954128440366975,0.17204809834902335,43,43,7
21,0.12244897959183673,0.006546137019576394,0.45794392523364486,0.3074889894684516,38,7,7
5,0.08163265306122448,0.004790709573872838,0.4016393442622951,0.7401799380491026,41,24,7
23,0.16326530612244897,0.023213198602229215,0.5,0.35875426199667915,3,39,7
29,0.1020408163265306,0.00801672911366789,0.44954128440366975,0.8838186541816329,37,43,7
41,0.18367346938775508,0.019117339673687214,0.5,0.44964670261201567,26,26,7
20,0.14285714285714285,0.012377492108509512,0.47115384615384615,0.756773421836036,5,43,7
0,0.22448979591836732,0.020074542452737147,0.5104166666666666,0.5343554399453525,32,22,7
10,0.2040816326530612,0.04311876425284289,0.494949494949495,0.6817935532090346,1,28,13
36,0.12244897959183673,0.015080801301539593,0.45794392523364486,0.16611979665729038,25,16,13
25,0.14285714285714285,0.014888884846868036,0.47115384615384615,0.1698106413667505,40,30,13
16,0.12244897959183673,0.013499128422597807,0.4666666666666667,0.28016783416070845,7,7,13
24,0.1020408163265306,0.006342436380701687,0.44954128440366975,0.21895147852694286,28,35,13
3,0.22448979591836732,0.034122259876311484,0.5444444444444444,0.8790754936966432,31,31,13
43,0.12244897959183673,0.008999749305871753,0.4298245614035088,0.35895395439500133,33,42,13
34,0.14285714285714285,0.01702699249030282,0.47572815533980584,0.20046324344618616,49,15,13
35,0.16326530612244897,0.022043910804415007,0.4803921568627451,0.48007181603936633,47,28,13
22,0.14285714285714285,0.01301828250170087,0.49,0.25198515520957565,36,15,13
4,0.16326530612244897,0.015779452459749578,0.5,0.9587006814026301,14,14,13
35,0.16326530612244897,0.022043910804415007,0.4803921568627451,0.23368185982132328,46,20,13
23,0.1020408163265306,0.006309572891205544,0.4336283185840708,0.28135794224944166,29,46,13
29,0.14285714285714285,0.022453141957193577,0.47115384615384615,0.4296788221083131,48,38,13
42,0.2040816326530612,0.03639567465347777,0.5384615384615384,0.2936934538402882,1,32,13
36,0.12244897959183673,0.015080801301539593,0.45794392523364486,0.19111275548550977,42,16,13
10,0.2040816326530612,0.04311876425284289,0.494949494949495,0.6786079376633469,12,4,13
46,0.14285714285714285,0.020769864097820282,0.46226415094339623,0.35463679076537047,47,12,13
23,0.1020408163265306,0.006309572891205544,0.4336283185840708,0.5015627712965934,9,20,13
38,0.12244897959183673,0.007772860642758602,0.4375,0.7372777186166773,48,32,13
25,0.14285714285714285,0.014888884846868036,0.47115384615384615,0.5250502798198184,41,16,13
36,0.12244897959183673,0.015080801301539593,0.45794392523364486,0.4743696291039694,24,16,13
19,0.1020408163265306,0.010779675256716071,0.4260869565217391,0.0177841272315451,11,9,13
22,0.14285714285714285,0.01301828250170087,0.49,0.3174352134144047,27,27,13
19,0.1020408163265306,0.010779675256716071,0.4260869565217391,0.3661685328590436,47,9,13
10,0.2040816326530612,0.04311876425284289,0.494949494949495,0.1395551024554429,46,4,13
31,0.14285714285714285,0.007615161657403554,0.47572815533980584,0.10876248078980577,42,11,13
28,0.2040816326530612,0.03974588996160125,0.5157894736842106,0.9665594515992092,33,26,13
37,0.1020408163265306,0.008532979320044145,0.44545454545454544,0.04307662809459589,17,35,13
24,0.1020408163265306,0.006342436380701687,0.44954128440366975,0.697170747982277,35,35,13
15,0.24489795918367346,0.05103851751323237,0.5268817204301075,0.2514120803260531,47,45,13
39,0.1020408163265306,0.00396048029601451,0.4375,0.34095605773003257,13,10,13
41,0.08163265306122448,0.00495340271750836,0.4260869565217391,0.9551237416263633,39,44,13
11,0.22448979591836732,0.035243644022155414,0.5157894736842106,0.5096042161455406,1,31,13
45,0.2040816326530612,0.031812941835075687,0.5157894736842106,0.7967973727400053,15,15,13
8,0.22448979591836732,0.052386047659156894,0.5212765957446809,0.5657116570169368,10,28,13
18,0.16326530612244897,0.01822853308822697,0.5051546391752577,0.04239463428969836,8,14,13
12,0.16326530612244897,0.023804981394267115,0.5,0.7635029227891347,2,4,13
44,0.26530612244897955,0.08046261697597232,0.5568181818181818,0.8818728789623299,45,45,13
48,0.14285714285714285,0.011911695872155053,0.4666666666666667,0.4364032376894692,18,6,13
24,0.1020408163265306,0.006342436380701687,0.44954128440366975,0.2081983805383275,31,44,13
28,0.2040816326530612,0.03974588996160125,0.5157894736842106,0.7984257526281475,41,10,13
26,0.16326530612244897,0.01720269359825182,0.49,0.26154314028399417,41,33,13
23,0.1020408163265306,0.006309572891205544,0.4336283185840708,0.7164823253898153,14,46,13
35,0.16326530612244897,0.022043910804415007,0.4803921568627451,0.16238610119927843,20,20,13
20,0.16326530612244897,0.020065725535413408,0.47572815533980584,0.3754562455645186,5,12,13
43,0.12244897959183673,0.008999749305871753,0.4298245614035088,0.6259621781105059,1,42,13
15,0.24489795918367346,0.05103851751323237,0.5268817204301075,0.25593508802910714,12,14,13
24,0.1020408163265306,0.006342436380701687,0.44954128440366975,0.3412071540234347,43,16,13
38,0.12244897959183673,0.007772860642758602,0.4375,0.7726394398435724,9,40,13
2,0.2040816326530612,0.02891614097909116,0.5444444444444444,0.4159324605560283,5,26,13
24,0.1020408163265306,0.006342436380701687,0.44954128440366975,0.9218865879320106,6,44,13
15,0.24489795918367346,0.05103851751323237,0.5268817204301075,0.21070032586890497,17,14,13
41,0.08163265306122448,0.00495340271750836,0.4260869565217391,0.3235168749818289,14,44,13
31,0.14285714285714285,0.007615161657403554,0.47572815533980584,0.6077033931380692,47,1,13
27,0.18367346938775508,0.031804034953419706,0.5268817204301075,0.3761506627440565,33,44,13
37,0.1020408163265306,0.008532979320044145,0.44545454545454544,0.008571203557481977,20,35,13
23,0.1020408163265306,0.006309572891205544,0.4336283185840708,0.06029837715196784,15,46,13
41,0.08163265306122448,0.00495340271750836,0.4260869565217391,0.33484669107965737,20,12,13
42,0.2040816326530612,0.03639567465347777,0.5384615384615384,0.28157732981820216,11,32,13
31,0.14285714285714285,0.007615161657403554,0.47572815533980584,0.2764729180891783,15,3,13
24,0.1020408163265306,0.006342436380701687,0.44954128440366975,0.8644813300773327,34,35,13
30,0.12244897959183673,0.009071101800693638,0.46226415094339623,0.14211082981653045,32,25,13
36,0.12244897959183673,0.015080801301539593,0.45794392523364486,0.40582673096167043,43,16,13
18,0.16326530612244897,0.01822853308822697,0.5051546391752577,0.1710452075697092,35,2,13
2,0.2040816326530612,0.02891614097909116,0.5444444444444444,0.17391382794022126,43,42,13
9,0.1020408163265306,0.011688708117279544,0.44144144144144143,0.9482567729162427,2,3,13
1,0.14285714285714285,0.012775978273427253,0.48514851485148514,0.025842457170642485,3,31,13
22,0.14285714285714285,0.01301828250170087,0.49,0.3121596549511736,32,3,13
10,0.2040816326530612,0.04311876425284289,0.494949494949495,0.7936195060992359,41,44,13
32,0.18367346938775508,0.029950905673069537,0.4803921568627451,0.2963455063012703,44,42,13
35,0.16326530612244897,0.022043910804415007,0.4803921568627451,0.5172113991484432,24,24,13
15,0.24489795918367346,0.05103851751323237,0.5268817204301075,0.6974605923147592,38,30,13
32,0.18367346938775508,0.029950905673069537,0.4803921568627451,0.05760354641651455,35,42,13
40,0.14285714285714285,0.013137554736069142,0.45794392523364486,0.021924951992596364,7,30,13
18,0.16326530612244897,0.01822853308822697,0.5051546391752577,0.22088557324377345,46,23,13
30,0.12244897959183673,0.009071101800693638,0.46226415094339623,0.13313226053040517,26,25,13
30,0.12244897959183673,0.009071101800693638,0.46226415094339623,0.9891802777531344,11,25,13
20,0.16326530612244897,0.020065725535413408,0.47572815533980584,0.918691651109597,21,31,13
49,0.14285714285714285,0.01904777950696318,0.44954128440366975,0.7950694058795146,18,40,13
28,0.2040816326530612,0.03974588996160125,0.5157894736842106,0.9244036582990948,38,29,13
49,0.14285714285714285,0.01904777950696318,0.44954128440366975,0.5862764134633721,18,40,13
38,0.12244897959183673,0.007772860642758602,0.4375,0.8692050538193616,14,40,13
37,0.1020408163265306,0.008532979320044145,0.44545454545454544,0.5766857538934025,7,49,13
25,0.14285714285714285,0.014888884846868036,0.47115384615384615,0.9797629709880336,17,16,13
25,0.14285714285714285,0.014888884846868036,0.47115384615384615,0.8941654077041351,17,16,13
6,0.1020408163265306,0.007522949933664217,0.44144144144144143,0.6257182025378789,3,14,13
25,0.14285714285714285,0.014888884846868036,0.47115384615384615,0.6215951688718421,5,16,13
19,0.1020408163265306,0.010779675256716071,0.4260869565217391,0.022435075085822986,0,10,13
17,0.2040816326530612,0.03753554243875372,0.494949494949495,0.3447877569916551,1,1,13
46,0.14285714285714285,0.020769864097820282,0.46226415094339623,0.8816542352080908,41,12,13
18,0.16326530612244897,0.01822853308822697,0.5051546391752577,0.37934937790232703,4,33,13
27,0.18367346938775508,0.031804034953419706,0.5268817204301075,0.25490197554623917,37,28,13
38,0.12244897959183673,0.007772860642758602,0.4375,0.7661430149769979,13,45,13
3,0.22448979591836732,0.034122259876311484,0.5444444444444444,0.9657133434706943,21,22,13
47,0.22448979591836732,0.03624711206493919,0.5268817204301075,0.023276089875885475,38,45,13
7,0.2040816326530612,0.03339546600913648,0.5104166666666666,0.27771283297124394,3,22,13
28,0.2040816326530612,0.03974588996160125,0.5157894736842106,0.7582172334756304,37,35,13
48,0.14285714285714285,0.011911695872155053,0.4666666666666667,0.8877414895605069,16,32,13
43,0.12244897959183673,0.008999749305871753,0.4298245614035088,0.26996283657613307,35,0,13
7,0.2040816326530612,0.03339546600913648,0.5104166666666666,0.5912565403057446,40,15,13
36,0.12244897959183673,0.015080801301539593,0.45794392523364486,0.32645927590322554,46,15,13
42,0.2040816326530612,0.03639567465347777,0.5384615384615384,0.8628181436259447,12,32,13
34,0.14285714285714285,0.01702699249030282,0.47572815533980584,0.9847168031598662,32,15,13
35,0.16326530612244897,0.022043910804415007,0.4803921568627451,0.31476613615131677,46,20,13
33,0.2040816326530612,0.025179859794955833,0.5157894736842106,0.5848553994646876,16,44,13
39,0.1020408163265306,0.00396048029601451,0.4375,0.6473568514731891,41,44,13
38,0.12244897959183673,0.007772860642758602,0.4375,0.7011070990918641,5,29,13
42,0.2040816326530612,0.03639567465347777,0.5384615384615384,0.3480220520151972,36,16,13
28,0.2040816326530612,0.03974588996160125,0.5157894736842106,0.6996181523826855,5,29,13
26,0.16326530612244897,0.01720269359825182,0.49,0.002962888900535421,3,47,13
36,0.12244897959183673,0.015080801301539593,0.45794392523364486,0.2872060200995735,40,15,13
1,0.14285714285714285,0.012775978273427253,0.48514851485148514,0.08961201195709301,48,31,13
20,0.16326530612244897,0.020065725535413408,0.47572815533980584,0.6301816696921676,3,31,13
10,0.2040816326530612,0.04311876425284289,0.494949494949495,0.5807669136920938,40,28,13
45,0.2040816326530612,0.031812941835075687,0.5157894736842106,0.20169685046773156,20,20,13
43,0.12244897959183673,0.008999749305871753,0.4298245614035088,0.8318491198300042,28,0,13
24,0.1020408163265306,0.006342436380701687,0.44954128440366975,0.9871613672846662,7,16,13
18,0.16326530612244897,0.01822853308822697,0.5051546391752577,0.23148908049312278,7,2,13
0,0.12244897959183673,0.012675653289398786,0.44144144144144143,0.05372000908483232,14,10,13
23,0.1020408163265306,0.006309572891205544,0.4336283185840708,0.7587456457715553,26,18,13
26,0.16326530612244897,0.01720269359825182,0.49,0.3276494386897413,12,33,13
2,0.2040816326530612,0.02891614097909116,0.5444444444444444,0.30456532795428815,7,7,13
33,0.2040816326530612,0.025179859794955833,0.5157894736842106,0.32970479225482063,6,18,13
0,0.12244897959183673,0.012675653289398786,0.44144144144144143,0.2781857284366607,14,10,13
7,0.2040816326530612,0.03339546600913648,0.5104166666666666,0.6753739235805821,23,2,13
11,0.22448979591836732,0.035243644022155414,0.5157894736842106,0.37591750771354915,48,32,13
10,0.2040816326530612,0.04311876425284289,0.494949494949495,0.8721742734762873,32,2,13
23,0.1020408163265306,0.006309572891205544,0.4336283185840708,0.18520459878609008,17,46,13
22,0.14285714285714285,0.01301828250170087,0.49,0.9992762362587353,40,15,13
23,0.1020408163265306,0.006309572891205544,0.4336283185840708,0.33325295641869224,22,20,13
45,0.2040816326530612,0.031812941835075687,0.5157894736842106,0.00233747254990635,5,47,13
32,0.18367346938775508,0.029950905673069537,0.4803921568627451,0.897016478349729,37,49,13
8,0.22448979591836732,0.052386047659156894,0.5212765957446809,0.5106381669275201,40,30,13
32,0.18367346938775508,0.029950905673069537,0.4803921568627451,0.8805436493254781,48,48,13
43,0.12244897959183673,0.008999749305871753,0.4298245614035088,0.8436054761849832,10,0,13
23,0.1020408163265306,0.006309572891205544,0.4336283185840708,0.7313404498365197,30,20,13
40,0.14285714285714285,0.013137554736069142,0.45794392523364486,0.11401040117807426,29,38,13
0,0.12244897959183673,0.012675653289398786,0.44144144144144143,0.6452425383425116,17,17,13
40,0.14285714285714285,0.013137554736069142,0.45794392523364486,0.3055429739641423,5,38,13
27,0.18367346938775508,0.031804034953419706,0.5268817204301075,0.12228350848374547,44,44,13
38,0.12244897959183673,0.007772860642758602,0.4375,0.3574598846072694,35,29,13
19,0.1020408163265306,0.010779675256716071,0.4260869565217391,0.21852084314786324,41,9,13
21,0.16326530612244897,0.025045753330192107,0.4666666666666667,0.27281192355407624,45,26,13
12,0.16326530612244897,0.023804981394267115,0.5,0.228435789598181,18,4,13
6,0.1020408163265306,0.007522949933664217,0.44144144144144143,0.7932645612175614,16,14,13
9,0.1020408163265306,0.011688708117279544,0.44144144144144143,0.003433022762148963,8,8,13
37,0.1020408163265306,0.008532979320044145,0.44545454545454544,0.1609732043333939,28,35,13
16,0.12244897959183673,0.013499128422597807,0.4666666666666667,0.8080821593240327,49,25,13
44,0.26530612244897955,0.08046261697597232,0.5568181818181818,0.7715197626289834,22,47,13
14,0.24489795918367346,0.04645079608877629,0.5384615384615384,0.32793229141542635,6,6,13
49,0.14285714285714285,0.01904777950696318,0.44954128440366975,0.7969526825388255,37,37,13
5,0.18367346938775508,0.0354836807211507,0.5,0.34693402431218,41,24,13
44,0.26530612244897955,0.08046261697597232,0.5568181818181818,0.7660834739962971,0,10,13
27,0.18367346938775508,0.031804034953419706,0.5268817204301075,0.9101295133782238,31,22,13
42,0.2040816326530612,0.03639567465347777,0.5384615384615384,0.6476886429010255,35,16,13
32,0.18367346938775508,0.029950905673069537,0.4803921568627451,0.31595698549031437,14,42,13
40,0.14285714285714285,0.013137554736069142,0.45794392523364486,0.3739277080895428,45,33,13
48,0.14285714285714285,0.011911695872155053,0.4666666666666667,0.9969984166059362,5,32,13
30,0.12244897959183673,0.009071101800693638,0.46226415094339623,0.46442216773485634,3,8,13
40,0.14285714285714285,0.013137554736069142,0.45794392523364486,0.7384217654866465,37,49,13
39,0.1020408163265306,0.00396048029601451,0.4375,0.4072398176655261,46,28,13
19,0.1020408163265306,0.010779675256716071,0.4260869565217391,0.9178778816788167,4,9,13
7,0.2040816326530612,0.03339546600913648,0.5104166666666666,0.24221232186873753,10,2,13
4,0.16326530612244897,0.015779452459749578,0.5,0.7073048394992638,3,14,13
18,0.16326530612244897,0.01822853308822697,0.5051546391752577,0.6025018362665696,19,2,13
15,0.24489795918367346,0.05103851751323237,0.5268817204301075,0.7348988824742245,35,34,13
36,0.12244897959183673,0.015080801301539593,0.45794392523364486,0.36247154486624356,30,15,13
40,0.14285714285714285,0.013137554736069142,0.45794392523364486,0.4580263517017642,1,33,13
16,0.12244897959183673,0.013499128422597807,0.4666666666666667,0.9494326906184543,47,44,13
43,0.12244897959183673,0.008999749305871753,0.4298245614035088,0.19144290757823923,14,42,13
27,0.18367346938775508,0.031804034953419706,0.5268817204301075,0.14780434476077542,8,22,13
47,0.22448979591836732,0.03624711206493919,0.5268817204301075,0.4778860089658631,13,44,13
23,0.1020408163265306,0.006309572891205544,0.4336283185840708,0.5104046650465763,31,20,13
21,0.16326530612244897,0.025045753330192107,0.4666666666666667,0.43902404386866456,1,26,13
41,0.08163265306122448,0.00495340271750836,0.4260869565217391,0.933322489613116,7,44,13
24,0.1020408163265306,0.006342436380701687,0.44954128440366975,0.771148135022127,4,44,13
9,0.1020408163265306,0.011688708117279544,0.44144144144144143,0.005133704164726471,14,3,13
25,0.14285714285714285,0.014888884846868036,0.47115384615384615,0.8664472581866123,48,11,13
7,0.2040816326530612,0.03339546600913648,0.5104166666666666,0.5222751553983463,22,22,13
12,0.16326530612244897,0.023804981394267115,0.5,0.030874142641842184,9,4,13
44,0.26530612244897955,0.08046261697597232,0.5568181818181818,0.043429445233768904,39,39,13
37,0.1020408163265306,0.008532979320044145,0.44545454545454544,0.7169534361296355,24,5,13
20,0.16326530612244897,0.020065725535413408,0.47572815533980584,0.6971822942287639,3,31,13
38,0.12244897959183673,0.007772860642758602,0.4375,0.6060467494710351,23,45,13
24,0.1020408163265306,0.006342436380701687,0.44954128440366975,0.8305526345309147,17,16,13
28,0.2040816326530612,0.03974588996160125,0.5157894736842106,0.596673155936116,39,39,13
37,0.1020408163265306,0.008532979320044145,0.44545454545454544,0.27295971905379557,16,49,13
11,0.22448979591836732,0.035243644022155414,0.5157894736842106,0.555871750374829,2,32,13
27,0.18367346938775508,0.031804034953419706,0.5268817204301075,0.8565120193232054,15,22,13
6,0.1020408163265306,0.007522949933664217,0.44144144144144143,0.7063767365052345,45,14,13
4,0.16326530612244897,0.015779452459749578,0.5,0.789465319979327,7,14,13
19,0.1020408163265306,0.010779675256716071,0.4260869565217391,0.4923880608989729,26,9,13
5,0.18367346938775508,0.0354836807211507,0.5,0.4330090169144516,29,29,13
38,0.12244897959183673,0.007772860642758602,0.4375,0.6596410825747973,10,29,13
18,0.16326530612244897,0.01822853308822697,0.5051546391752577,0.6829089743924328,33,33,13
37,0.1020408163265306,0.008532979320044145,0.44545454545454544,0.15839083422981715,43,49,13
40,0.14285714285714285,0.013137554736069142,0.45794392523364486,0.5931419577783564,27,33,13
11,0.22448979591836732,0.035243644022155414,0.5157894736842106,0.7422597520049556,27,32,13
19,0.1020408163265306,0.010779675256716071,0.4260869565217391,0.9211431438340825,7,9,13
19,0.1020408163265306,0.010779675256716071,0.4260869565217391,0.5075247907577456,17,9,13
35,0.16326530612244897,0.022043910804415007,0.4803921568627451,0.7569616461967592,22,28,13
18,0.16326530612244897,0.01822853308822697,0.5051546391752577,0.6879465225767066,28,2,13
12,0.16326530612244897,0.023804981394267115,0.5,0.5670301832284338,3,4,13
24,0.1020408163265306,0.006342436380701687,0.44954128440366975,0.006048743592951489,8,35,13
24,0.1020408163265306,0.006342436380701687,0.44954128440366975,0.7102416885086247,45,44,13
4,0.16326530612244897,0.015779452459749578,0.5,0.5016344868039763,42,32,13
19,0.1020408163265306,0.010779675256716071,0.4260869565217391,0.031027929688912992,43,43,13
27,0.18367346938775508,0.031804034953419706,0.5268817204301075,0.49706137698717134,45,44,13
35,0.16326530612244897,0.022043910804415007,0.4803921568627451,0.25404695024364843,47,28,13
38,0.12244897959183673,0.007772860642758602,0.4375,0.8994511347204248,48,32,13
31,0.14285714285714285,0.007615161657403554,0.47572815533980584,0.030302444078074697,1,1,13
37,0.1020408163265306,0.008532979320044145,0.44545454545454544,0.27561991787304274,18,49,13
40,0.14285714285714285,0.013137554736069142,0.45794392523364486,0.25442175195539163,48,30,13
24,0.1020408163265306,0.006342436380701687,0.44954128440366975,0.5235384977836991,27,44,13
42,0.2040816326530612,0.03639567465347777,0.5384615384615384,0.12828544326714275,11,32,13
14,0.24489795918367346,0.04645079608877629,0.5384615384615384,0.5353112135693203,0,2,13
45,0.2040816326530612,0.031812941835075687,0.5157894736842106,0.20341753981323407,11,47,13
49,0.14285714285714285,0.01904777950696318,0.44954128440366975,0.3505306703751113,33,40,13
34,0.14285714285714285,0.01702699249030282,0.47572815533980584,0.35519079686868693,42,15,13
7,0.2040816326530612,0.03339546600913648,0.5104166666666666,0.7343819374007845,18,2,13
35,0.16326530612244897,0.022043910804415007,0.4803921568627451,0.03770205273002081,39,28,13
19,0.1020408163265306,0.010779675256716071,0.4260869565217391,0.4861872499755644,18,10,13
20,0.16326530612244897,0.020065725535413408,0.47572815533980584,0.30424274271873053,5,12,13
8,0.22448979591836732,0.052386047659156894,0.5212765957446809,0.3382891395146167,36,30,13
2,0.2040816326530612,0.02891614097909116,0.5444444444444444,0.3206433058589976,10,10,13
6,0.1020408163265306,0.007522949933664217,0.44144144144144143,0.15433864291356214,42,14,13
33,0.2040816326530612,0.025179859794955833,0.5157894736842106,0.8741745802153189,29,40,13
17,0.2040816326530612,0.03753554243875372,0.494949494949495,0.14812747374863922,22,42,13
10,0.2040816326530612,0.04311876425284289,0.494949494949495,0.48557950649286086,41,44,13
18,0.16326530612244897,0.01822853308822697,0.5051546391752577,0.47316507571707966,8,14,13
12,0.16326530612244897,0.023804981394267115,0.5,0.24471779565794505,25,44,13
31,0.14285714285714285,0.007615161657403554,0.47572815533980584,0.24935556593000252,44,3,13
38,0.12244897959183673,0.007772860642758602,0.4375,0.8075824662986498,8,40,13
45,0.2040816326530612,0.031812941835075687,0.5157894736842106,0.6390552773987527,0,2,13
16,0.12244897959183673,0.013499128422597807,0.4666666666666667,0.42319345171450906,27,42,13
35,0.16326530612244897,0.022043910804415007,0.4803921568627451,0.09035377828422342,4,10,13
17,0.2040816326530612,0.03753554243875372,0.494949494949495,0.8124101746351249,49,42,13
43,0.12244897959183673,0.008999749305871753,0.4298245614035088,0.6495431796264635,6,42,13
5,0.18367346938775508,0.0354836807211507,0.5,0.33434651206229704,9,9,13
8,0.22448979591836732,0.052386047659156894,0.5212765957446809,0.014420564037409878,49,30,13
13,0.061224489795918366,0.0013572799249569958,0.4049586776859504,0.5033032085055317,23,44,13
10,0.2040816326530612,0.04311876425284289,0.494949494949495,0.14598947960122555,22,19,13
44,0.26530612244897955,0.08046261697597232,0.5568181818181818,0.46068623423329746,45,45,13
39,0.1020408163265306,0.00396048029601451,0.4375,0.6413181396783759,22,26,13
42,0.2040816326530612,0.03639567465347777,0.5384615384615384,0.45987668356948785,41,16,13
18,0.16326530612244897,0.01822853308822697,0.5051546391752577,0.39365777627243104,30,33,13
21,0.16326530612244897,0.025045753330192107,0.4666666666666667,0.28119839424595583,10,26,13
44,0.26530612244897955,0.08046261697597232,0.5568181818181818,0.9873731795703725,41,41,13
37,0.1020408163265306,0.008532979320044145,0.44545454545454544,0.7248991956366121,27,35,13
38,0.12244897959183673,0.007772860642758602,0.4375,0.11984433055687083,18,40,13
39,0.1020408163265306,0.00396048029601451,0.4375,0.5065049643741824,26,26,13
20,0.16326530612244897,0.020065725535413408,0.47572815533980584,0.08340113435399277,19,31,13
29,0.14285714285714285,0.022453141957193577,0.47115384615384615,0.519987600298383,33,38,13
21,0.16326530612244897,0.025045753330192107,0.4666666666666667,0.5300641587005692,30,25,13
47,0.22448979591836732,0.03624711206493919,0.5268817204301075,0.09758035815266164,27,22,13
29,0.14285714285714285,0.022453141957193577,0.47115384615384615,0.13957182158523374,1,5,13
46,0.14285714285714285,0.020769864097820282,0.46226415094339623,0.26629348142366394,24,12,13
15,0.24489795918367346,0.05103851751323237,0.5268817204301075,0.9565497580997925,20,45,13
8,0.22448979591836732,0.052386047659156894,0.5212765957446809,0.26297862475959133,36,30,13
6,0.1020408163265306,0.007522949933664217,0.44144144144144143,0.8798929661151509,43,14,13
27,0.18367346938775508,0.031804034953419706,0.5268817204301075,0.8527661008726747,4,44,13
10,0.2040816326530612,0.04311876425284289,0.494949494949495,0.26161340809273914,1,28,13
3,0.22448979591836732,0.034122259876311484,0.5444444444444444,0.39471187702315946,31,31,13
25,0.14285714285714285,0.014888884846868036,0.47115384615384615,0.9548160043177636,38,11,13
38,0.12244897959183673,0.007772860642758602,0.4375,0.6102135334486728,27,32,13
15,0.24489795918367346,0.05103851751323237,0.5268817204301075,0.4739253558033225,19,14,13
12,0.16326530612244897,0.023804981394267115,0.5,0.9674906952545302,17,4,13
33,0.2040816326530612,0.025179859794955833,0.5157894736842106,0.7832485179204604,10,18,13
12,0.16326530612244897,0.023804981394267115,0.5,0.8705818822588431,34,4,13
38,0.12244897959183673,0.007772860642758602,0.4375,0.370283210292655,0,29,13
9,0.1020408163265306,0.011688708117279544,0.44144144144144143,0.32007010652793577,22,3,13
0,0.12244897959183673,0.012675653289398786,0.44144144144144143,0.6489536105172916,45,10,13
34,0.14285714285714285,0.01702699249030282,0.47572815533980584,0.6869434198198018,7,7,13
15,0.24489795918367346,0.05103851751323237,0.5268817204301075,0.1858322431033922,12,14,13
36,0.12244897959183673,0.015080801301539593,0.45794392523364486,0.41011255047563244,35,15,13
0,0.12244897959183673,0.012675653289398786,0.44144144144144143,0.3501100283970332,14,10,13
5,0.18367346938775508,0.0354836807211507,0.5,0.7917625138747004,20,24,13
49,0.14285714285714285,0.01904777950696318,0.44954128440366975,0.07114150758217719,27,25,13
15,0.24489795918367346,0.05103851751323237,0.5268817204301075,0.11896664871721419,25,30,13
46,0.14285714285714285,0.020769864097820282,0.46226415094339623,0.03360488430387798,36,6,13
0,0.12244897959183673,0.012675653289398786,0.44144144144144143,0.6782920284219051,49,10,13
6,0.1020408163265306,0.007522949933664217,0.44144144144144143,0.4150647827556432,32,48,13
22,0.14285714285714285,0.01301828250170087,0.49,0.39987717727435257,34,15,13
3,0.22448979591836732,0.034122259876311484,0.5444444444444444,0.9029617696297395,27,22,13
42,0.2040816326530612,0.03639567465347777,0.5384615384615384,0.06994259067162778,11,32,13
16,0.12244897959183673,0.013499128422597807,0.4666666666666667,0.5452365477445161,27,42,13
9,0.1020408163265306,0.011688708117279544,0.44144144144144143,0.6036382658646842,30,8,13
11,0.22448979591836732,0.035243644022155414,0.5157894736842106,0.012777725872922585,4,32,13
10,0.2040816326530612,0.04311876425284289,0.494949494949495,0.5743686147830119,43,0,13
16,0.12244897959183673,0.013499128422597807,0.4666666666666667,0.5208341047430887,15,36,13
14,0.24489795918367346,0.04645079608877629,0.5384615384615384,0.7997603683412039,6,6,13
16,0.12244897959183673,0.013499128422597807,0.4666666666666667,0.22190350855002716,7,7,13
4,0.16326530612244897,0.015779452459749578,0.5,0.07292432940108584,47,12,13
24,0.1020408163265306,0.006342436380701687,0.44954128440366975,0.1830410029252354,25,16,13
11,0.22448979591836732,0.035243644022155414,0.5157894736842106,0.5318048231327632,31,31,13
12,0.16326530612244897,0.023804981394267115,0.5,0.9156653284459555,32,4,13
3,0.22448979591836732,0.034122259876311484,0.5444444444444444,0.997374391403487,2,14,13
7,0.2040816326530612,0.03339546600913648,0.5104166666666666,0.46052143441431326,15,15,13
26,0.16326530612244897,0.01720269359825182,0.49,0.31368416751796424,9,47,13
1,0.14285714285714285,0.012775978273427253,0.48514851485148514,0.5113009169343887,25,31,13
41,0.08163265306122448,0.00495340271750836,0.4260869565217391,0.061536015169947667,37,44,13
30,0.12244897959183673,0.009071101800693638,0.46226415094339623,0.12811541292230122,44,15,13
15,0.24489795918367346,0.05103851751323237,0.5268817204301075,0.26130721054162787,33,45,13
18,0.16326530612244897,0.01822853308822697,0.5051546391752577,0.7902597397864732,14,14,13
40,0.14285714285714285,0.013137554736069142,0.45794392523364486,0.7010321116886992,38,38,13
45,0.2040816326530612,0.031812941835075687,0.5157894736842106,0.6129886272723734,2,2,13
12,0.16326530612244897,0.023804981394267115,0.5,0.7881779516149036,40,4,13
1,0.14285714285714285,0.012775978273427253,0.48514851485148514,0.5954233545057517,47,47,13
45,0.2040816326530612,0.031812941835075687,0.5157894736842106,0.528035121418878,2,2,13
48,0.14285714285714285,0.011911695872155053,0.4666666666666667,0.3028439422691658,3,6,13
48,0.14285714285714285,0.011911695872155053,0.4666666666666667,0.025509304384833786,6,6,13
20,0.16326530612244897,0.020065725535413408,0.47572815533980584,0.7003311152163657,1,31,13
46,0.14285714285714285,0.020769864097820282,0.46226415094339623,0.8245535551065344,47,12,13
10,0.2040816326530612,0.04311876425284289,0.494949494949495,0.7489759982104228,0,0,13
6,0.1020408163265306,0.007522949933664217,0.44144144144144143,0.48748181406293156,11,48,13
42,0.2040816326530612,0.03639567465347777,0.5384615384615384,0.14078935470916443,27,27,13
5,0.18367346938775508,0.0354836807211507,0.5,0.5396097820938334,37,37,13
31,0.14285714285714285,0.007615161657403554,0.47572815533980584,0.9899207429576065,15,3,13
22,0.14285714285714285,0.01301828250170087,0.49,0.14793502846911843,25,47,13
4,0.16326530612244897,0.015779452459749578,0.5,0.1021109060411014,44,12,13
28,0.2040816326530612,0.03974588996160125,0.5157894736842106,0.5561171702118674,8,8,13
4,0.16326530612244897,0.015779452459749578,0.5,0.2913155014704182,7,14,13
6,0.1020408163265306,0.007522949933664217,0.44144144144144143,0.9375896275938478,22,14,13
39,0.1020408163265306,0.00396048029601451,0.4375,0.7222147181912179,10,10,13
3,0.22448979591836732,0.034122259876311484,0.5444444444444444,0.13593988799990753,4,14,13
7,0.2040816326530612,0.03339546600913648,0.5104166666666666,0.9155936365522567,28,34,13
34,0.14285714285714285,0.01702699249030282,0.47572815533980584,0.7007429944124484,27,28,13
32,0.18367346938775508,0.029950905673069537,0.4803921568627451,0.9141897646092871,22,42,13
31,0.14285714285714285,0.007615161657403554,0.47572815533980584,0.5516194833549446,6,3,13
5,0.18367346938775508,0.0354836807211507,0.5,0.9804777940360461,18,26,13
12,0.16326530612244897,0.023804981394267115,0.5,0.9697842346820221,24,44,13
30,0.12244897959183673,0.009071101800693638,0.46226415094339623,0.2681231834125206,38,40,13
47,0.22448979591836732,0.03624711206493919,0.5268817204301075,0.6718142690381413,25,26,13
0,0.12244897959183673,0.012675653289398786,0.44144144144144143,0.7542461461229216,14,10,13
17,0.2040816326530612,0.03753554243875372,0.494949494949495,0.10177920971550614,41,42,13
3,0.22448979591836732,0.034122259876311484,0.5444444444444444,0.44433423815080697,20,31,13
11,0.22448979591836732,0.035243644022155414,0.5157894736842106,0.4544013430614541,4,32,13
46,0.14285714285714285,0.020769864097820282,0.46226415094339623,0.020642043746044947,35,23,13
3,0.22448979591836732,0.034122259876311484,0.5444444444444444,0.5454420348703455,21,22,13
45,0.2040816326530612,0.031812941835075687,0.5157894736842106,0.4976902042393202,33,33,13
13,0.061224489795918366,0.0013572799249569958,0.4049586776859504,0.5217922148445854,24,44,13
0,0.12244897959183673,0.012675653289398786,0.44144144144144143,0.4746587524160213,1,10,13
46,0.14285714285714285,0.020769864097820282,0.46226415094339623,0.22991688274567512,15,6,13
39,0.1020408163265306,0.00396048029601451,0.4375,0.1806607674595223,44,44,13
31,0.14285714285714285,0.007615161657403554,0.47572815533980584,0.07520608343055435,37,11,13
30,0.12244897959183673,0.009071101800693638,0.46226415094339623,0.6228270297035138,25,25,13
16,0.12244897959183673,0.013499128422597807,0.4666666666666667,0.7216336178483026,42,42,13
10,0.2040816326530612,0.04311876425284289,0.494949494949495,0.20564478637718975,27,28,13
47,0.22448979591836732,0.03624711206493919,0.5268817204301075,0.7590729124376223,45,45,13
47,0.22448979591836732,0.03624711206493919,0.5268817204301075,0.6618460489427447,5,26,13
17,0.2040816326530612,0.03753554243875372,0.494949494949495,0.7432781759353323,28,34,13
14,0.24489795918367346,0.04645079608877629,0.5384615384615384,0.7907111791496532,29,15,13
38,0.12244897959183673,0.007772860642758602,0.4375,0.624419363981317,14,40,13
45,0.2040816326530612,0.031812941835075687,0.5157894736842106,0.47774946676291197,12,44,13
26,0.16326530612244897,0.01720269359825182,0.49,0.148090456705797,41,33,13
46,0.14285714285714285,0.020769864097820282,0.46226415094339623,0.2020409915412753,15,6,13
30,0.12244897959183673,0.009071101800693638,0.46226415094339623,0.033941597432869064,19,8,13
5,0.18367346938775508,0.0354836807211507,0.5,0.9369770575419716,8,9,13
15,0.24489795918367346,0.05103851751323237,0.5268817204301075,0.7441060223707304,30,30,13
31,0.14285714285714285,0.007615161657403554,0.47572815533980584,0.18604262192722476,25,11,13
42,0.2040816326530612,0.03639567465347777,0.5384615384615384,0.5233399633184652,16,16,13
45,0.2040816326530612,0.031812941835075687,0.5157894736842106,0.5347708601162185,43,2,13
16,0.12244897959183673,0.013499128422597807,0.4666666666666667,0.7829106749306348,42,42,13
34,0.14285714285714285,0.01702699249030282,0.47572815533980584,0.06609038632291331,3,15,13
33,0.2040816326530612,0.025179859794955833,0.5157894736842106,0.42910511201746426,5,26,13
32,0.18367346938775508,0.029950905673069537,0.4803921568627451,0.7426522899533796,33,42,13
7,0.2040816326530612,0.03339546600913648,0.5104166666666666,0.23730397145414772,2,2,13
16,0.12244897959183673,0.013499128422597807,0.4666666666666667,0.5552556985736363,32,42,13
18,0.16326530612244897,0.01822853308822697,0.5051546391752577,0.9407910281321847,13,33,13
2,0.2040816326530612,0.02891614097909116,0.5444444444444444,0.43678570286197216,28,10,13
29,0.14285714285714285,0.022453141957193577,0.47115384615384615,0.9087376309659896,41,41,13
47,0.22448979591836732,0.03624711206493919,0.5268817204301075,0.2639968873830507,36,45,13
7,0.2040816326530612,0.03339546600913648,0.5104166666666666,0.5381973373767096,17,16,13
31,0.14285714285714285,0.007615161657403554,0.47572815533980584,0.11698655328794305,27,3,13
18,0.16326530612244897,0.01822853308822697,0.5051546391752577,0.7795504005071858,48,14,13
19,0.1020408163265306,0.010779675256716071,0.4260869565217391,0.2806340950238416,11,9,13
29,0.14285714285714285,0.022453141957193577,0.47115384615384615,0.3075112172507817,25,38,13
15,0.24489795918367346,0.05103851751323237,0.5268817204301075,0.8684104553162285,20,45,13
38,0.12244897959183673,0.007772860642758602,0.4375,0.7710172176383672,1,45,13
23,0.1020408163265306,0.006309572891205544,0.4336283185840708,0.5204973300738772,31,20,13
49,0.14285714285714285,0.01904777950696318,0.44954128440366975,0.3154394010299979,35,37,13
46,0.14285714285714285,0.020769864097820282,0.46226415094339623,0.4725018662113084,11,23,13
28,0.2040816326530612,0.03974588996160125,0.5157894736842106,0.8595963649503429,35,35,13
15,0.24489795918367346,0.05103851751323237,0.5268817204301075,0.3643911411980668,32,14,13
39,0.1020408163265306,0.00396048029601451,0.4375,0.7032630463479654,9,28,13
22,0.14285714285714285,0.01301828250170087,0.49,0.579317062412598,33,47,13
17,0.2040816326530612,0.03753554243875372,0.494949494949495,0.04029445645956453,6,6,13
8,0.22448979591836732,0.052386047659156894,0.5212765957446809,0.09648514667689134,1,9,13
23,0.1020408163265306,0.006309572891205544,0.4336283185840708,0.22808493133854058,42,18,13
34,0.14285714285714285,0.01702699249030282,0.47572815533980584,0.6560574317327557,24,28,13
6,0.1020408163265306,0.007522949933664217,0.44144144144144143,0.8747858090657268,34,14,13
4,0.16326530612244897,0.015779452459749578,0.5,0.0052293342833970025,41,12,13
20,0.16326530612244897,0.020065725535413408,0.47572815533980584,0.6571570036863309,43,12,13
18,0.16326530612244897,0.01822853308822697,0.5051546391752577,0.9911590937958277,36,14,13
7,0.2040816326530612,0.03339546600913648,0.5104166666666666,0.8702120334499963,11,16,13
43,0.12244897959183673,0.008999749305871753,0.4298245614035088,0.24077400782485292,0,0,13
28,0.2040816326530612,0.03974588996160125,0.5157894736842106,0.2935530538370864,43,10,13
42,0.2040816326530612,0.03639567465347777,0.5384615384615384,0.9365146664221574,2,2,13
33,0.2040816326530612,0.025179859794955833,0.5157894736842106,0.6568052753685831,42,18,13
16,0.12244897959183673,0.013499128422597807,0.4666666666666667,0.6089266780111275,29,24,13
33,0.2040816326530612,0.025179859794955833,0.5157894736842106,0.3336102169802372,41,44,13
25,0.14285714285714285,0.014888884846868036,0.47115384615384615,0.6668759129027294,21,21,13
27,0.18367346938775508,0.031804034953419706,0.5268817204301075,0.6394857104282959,20,44,13
5,0.18367346938775508,0.0354836807211507,0.5,0.7011768192427916,29,29,13
8,0.22448979591836732,0.052386047659156894,0.5212765957446809,0.9427754142067595,39,28,13
17,0.2040816326530612,0.03753554243875372,0.494949494949495,0.1862021337970985,33,42,13
23,0.1020408163265306,0.006309572891205544,0.4336283185840708,0.5804352734697711,31,20,13
8,0.22448979591836732,0.052386047659156894,0.5212765957446809,0.508073533520426,6,9,13
47,0.22448979591836732,0.03624711206493919,0.5268817204301075,0.6337760469079577,18,26,13
40,0.14285714285714285,0.013137554736069142,0.45794392523364486,0.12290607289612443,45,33,13
43,0.12244897959183673,0.008999749305871753,0.4298245614035088,0.17291529960754592,22,42,13
41,0.08163265306122448,0.00495340271750836,0.4260869565217391,0.45019903239664993,22,44,13
35,0.16326530612244897,0.022043910804415007,0.4803921568627451,0.22817090869050372,23,20,13
46,0.14285714285714285,0.020769864097820282,0.46226415094339623,0.2903911398808452,12,12,13
38,0.12244897959183673,0.007772860642758602,0.4375,0.9022051766859804,32,32,13
38,0.12244897959183673,0.007772860642758602,0.4375,0.7181044924269813,33,40,13
40,0.14285714285714285,0.013137554736069142,0.45794392523364486,0.44100511653390506,8,30,13
26,0.16326530612244897,0.01720269359825182,0.49,0.4152938833590677,31,47,13
1,0.14285714285714285,0.012775978273427253,0.48514851485148514,0.5186791222619668,16,47,13
20,0.16326530612244897,0.020065725535413408,0.47572815533980584,0.1207512888375093,24,12,13
28,0.2040816326530612,0.03974588996160125,0.5157894736842106,0.6474956071542349,49,35,13
8,0.22448979591836732,0.052386047659156894,0.5212765957446809,0.7879085535521738,14,9,13
34,0.14285714285714285,0.01702699249030282,0.47572815533980584,0.1547978910961354,32,15,13
14,0.24489795918367346,0.04645079608877629,0.5384615384615384,0.965448768430508,23,6,13
16,0.12244897959183673,0.013499128422597807,0.4666666666666667,0.6914313527669912,1,44,13
33,0.2040816326530612,0.025179859794955833,0.5157894736842106,0.585601274408563,48,18,13
25,0.14285714285714285,0.014888884846868036,0.47115384615384615,0.15957611123760784,42,16,13
16,0.12244897959183673,0.013499128422597807,0.4666666666666667,0.2497232363499302,4,44,13
13,0.061224489795918366,0.0013572799249569958,0.4049586776859504,0.2611730652667773,28,10,13
41,0.08163265306122448,0.00495340271750836,0.4260869565217391,0.5190350118859821,48,44,13
41,0.08163265306122448,0.00495340271750836,0.4260869565217391,0.7411774864864976,29,29,13
49,0.14285714285714285,0.01904777950696318,0.44954128440366975,0.06360048757870707,4,40,13
49,0.14285714285714285,0.01904777950696318,0.44954128440366975,0.9591649893721768,3,22,13
20,0.16326530612244897,0.020065725535413408,0.47572815533980584,0.24914281541553784,9,31,13
9,0.1020408163265306,0.011688708117279544,0.44144144144144143,0.7659469959291387,37,8,13
16,0.12244897959183673,0.013499128422597807,0.4666666666666667,0.06238975221597298,2,42,13
4,0.16326530612244897,0.015779452459749578,0.5,0.6770084181049236,38,33,13
23,0.1020408163265306,0.006309572891205544,0.4336283185840708,0.5657643174271367,41,46,13
14,0.24489795918367346,0.04645079608877629,0.5384615384615384,0.43356198606904917,38,15,13
4,0.16326530612244897,0.015779452459749578,0.5,0.3446640159441894,44,12,13
47,0.22448979591836732,0.03624711206493919,0.5268817204301075,0.2915702021617035,46,44,13
14,0.24489795918367346,0.04645079608877629,0.5384615384615384,0.5726503758881651,23,6,13
18,0.16326530612244897,0.01822853308822697,0.5051546391752577,0.5483647956139955,13,33,13
21,0.16326530612244897,0.025045753330192107,0.4666666666666667,0.06125410132431075,18,26,13
39,0.1020408163265306,0.00396048029601451,0.4375,0.25269185478707357,34,28,13
48,0.14285714285714285,0.011911695872155053,0.4666666666666667,0.8001420093124716,9,6,13
31,0.14285714285714285,0.007615161657403554,0.47572815533980584,0.13824602442030431,26,1,13
19,0.1020408163265306,0.010779675256716071,0.4260869565217391,0.6635312817941845,40,9,13
46,0.14285714285714285,0.020769864097820282,0.46226415094339623,0.2384138005355071,13,12,13
32,0.18367346938775508,0.029950905673069537,0.4803921568627451,0.10449547966913797,28,42,13
0,0.12244897959183673,0.012675653289398786,0.44144144144144143,0.6314375289882482,37,10,13
30,0.12244897959183673,0.009071101800693638,0.46226415094339623,0.7833312877674498,23,8,13
38,0.12244897959183673,0.007772860642758602,0.4375,0.5214959251428749,19,40,13
43,0.12244897959183673,0.008999749305871753,0.4298245614035088,0.05185863004034785,18,42,13
23,0.1020408163265306,0.006309572891205544,0.4336283185840708,0.24398177879614302,33,18,13
27,0.18367346938775508,0.031804034953419706,0.5268817204301075,0.9835592118524834,6,48,13
13,0.061224489795918366,0.0013572799249569958,0.4049586776859504,0.6402889365586049,29,44,13
7,0.2040816326530612,0.03339546600913648,0.5104166666666666,0.28259170272910084,49,16,13
48,0.14285714285714285,0.011911695872155053,0.4666666666666667,0.8146786197170511,1,6,13
9,0.1020408163265306,0.011688708117279544,0.44144144144144143,0.23726112726491577,28,8,13
44,0.26530612244897955,0.08046261697597232,0.5568181818181818,0.3347476178703048,31,14,13
20,0.16326530612244897,0.020065725535413408,0.47572815533980584,0.9270165657789745,22,31,13
44,0.26530612244897955,0.08046261697597232,0.5568181818181818,0.527103661429635,39,39,13
40,0.14285714285714285,0.013137554736069142,0.45794392523364486,0.2878391660492837,26,33,13
37,0.1020408163265306,0.008532979320044145,0.44545454545454544,0.7585499768175048,3,49,13
4,0.16326530612244897,0.015779452459749578,0.5,0.4726464612370186,13,12,13
2,0.2040816326530612,0.02891614097909116,0.5444444444444444,0.8407817500909649,24,42,13
42,0.2040816326530612,0.03639567465347777,0.5384615384615384,0.17418377694006681,34,14,13
48,0.14285714285714285,0.011911695872155053,0.4666666666666667,0.13527052963438957,40,6,13
45,0.2040816326530612,0.031812941835075687,0.5157894736842106,0.6840592184225543,3,47,13
16,0.12244897959183673,0.013499128422597807,0.4666666666666667,0.49149312178044624,43,42,13
37,0.1020408163265306,0.008532979320044145,0.44545454545454544,0.9532498201126064,16,49,13
36,0.12244897959183673,0.015080801301539593,0.45794392523364486,0.668016366069709,7,15,13
30,0.12244897959183673,0.009071101800693638,0.46226415094339623,0.49685552988032733,15,15,13
4,0.16326530612244897,0.015779452459749578,0.5,0.6172254982629376,21,33,13
44,0.26530612244897955,0.08046261697597232,0.5568181818181818,0.44717955618607785,3,14,13
18,0.16326530612244897,0.01822853308822697,0.5051546391752577,0.838356460592736,45,33,13
4,0.16326530612244897,0.015779452459749578,0.5,0.631164922601281,32,32,13
46,0.14285714285714285,0.020769864097820282,0.46226415094339623,0.019657710396195016,10,12,13
34,0.14285714285714285,0.01702699249030282,0.47572815533980584,0.8984399324362912,43,15,13
16,0.12244897959183673,0.013499128422597807,0.4666666666666667,0.014738190392487138,38,42,13
4,0.16326530612244897,0.015779452459749578,0.5,0.33994649282999156,1,12,13
6,0.1020408163265306,0.007522949933664217,0.44144144144144143,0.21267903766423446,29,46,13
27,0.18367346938775508,0.031804034953419706,0.5268817204301075,0.7726846778829997,47,22,13
45,0.2040816326530612,0.031812941835075687,0.5157894736842106,0.4583922604025257,43,2,13
17,0.2040816326530612,0.03753554243875372,0.494949494949495,0.42168962249457353,30,42,13
45,0.2040816326530612,0.031812941835075687,0.5157894736842106,0.4139779811078852,17,2,13
41,0.08163265306122448,0.00495340271750836,0.4260869565217391,0.10230888495850943,2,44,13
2,0.2040816326530612,0.02891614097909116,0.5444444444444444,0.7327389381276609,42,42,13
21,0.16326530612244897,0.025045753330192107,0.4666666666666667,0.9740453716320457,5,26,13
45,0.2040816326530612,0.031812941835075687,0.5157894736842106,0.8076256379564364,15,15,13
28,0.2040816326530612,0.03974588996160125,0.5157894736842106,0.21256060065608806,41,10,13
16,0.12244897959183673,0.013499128422597807,0.4666666666666667,0.9980284906565151,3,42,13
7,0.2040816326530612,0.03339546600913648,0.5104166666666666,0.38183503728749835,27,16,13
39,0.1020408163265306,0.00396048029601451,0.4375,0.6101348131380345,37,28,13
21,0.16326530612244897,0.025045753330192107,0.4666666666666667,0.9559351179881982,26,26,13
17,0.2040816326530612,0.03753554243875372,0.494949494949495,0.38442120659352996,41,42,13
21,0.16326530612244897,0.025045753330192107,0.4666666666666667,0.683194276513669,20,26,13
24,0.1020408163265306,0.006342436380701687,0.44954128440366975,0.6945691168731568,0,35,13
26,0.16326530612244897,0.01720269359825182,0.49,0.12151916439578836,17,47,13
48,0.14285714285714285,0.011911695872155053,0.4666666666666667,0.2773438968983645,26,6,13
2,0.2040816326530612,0.02891614097909116,0.5444444444444444,0.7082693792824004,32,42,13
46,0.14285714285714285,0.020769864097820282,0.46226415094339623,0.055031570170248845,1,23,13
46,0.14285714285714285,0.020769864097820282,0.46226415094339623,0.0877207553364131,17,6,13
46,0.14285714285714285,0.020769864097820282,0.46226415094339623,0.689253986689514,2,23,13
30,0.12244897959183673,0.009071101800693638,0.46226415094339623,0.7281015307394877,24,25,13
48,0.14285714285714285,0.011911695872155053,0.4666666666666667,0.7368067883929484,30,6,13
35,0.16326530612244897,0.022043910804415007,0.4803921568627451,0.7012477236578315,23,20,13
0,0.12244897959183673,0.012675653289398786,0.44144144144144143,0.30060668803582336,39,10,13
4,0.16326530612244897,0.015779452459749578,0.5,0.09267603504352517,0,10,13
27,0.18367346938775508,0.031804034953419706,0.5268817204301075,0.7783388577112592,32,42,13
19,0.1020408163265306,0.010779675256716071,0.4260869565217391,0.0066324837764263345,33,10,13
38,0.12244897959183673,0.007772860642758602,0.4375,0.9401620375996692,21,11,13
11,0.22448979591836732,0.035243644022155414,0.5157894736842106,0.9779886936272842,47,31,13
5,0.18367346938775508,0.0354836807211507,0.5,0.961791854819392,35,24,13
10,0.2040816326530612,0.04311876425284289,0.494949494949495,0.015859084795863065,8,28,13
4,0.16326530612244897,0.015779452459749578,0.5,0.962283598828129,6,14,13
32,0.18367346938775508,0.029950905673069537,0.4803921568627451,0.6765494282198709,35,42,13
33,0.2040816326530612,0.025179859794955833,0.5157894736842106,0.45165497521614284,26,26,13
18,0.16326530612244897,0.01822853308822697,0.5051546391752577,0.3000175611883168,31,14,13
12,0.16326530612244897,0.023804981394267115,0.5,0.9390394845933859,18,4,13
40,0.14285714285714285,0.013137554736069142,0.45794392523364486,0.10158807821038995,21,30,13
37,0.1020408163265306,0.008532979320044145,0.44545454545454544,0.26768778003869775,25,49,13
0,0.12244897959183673,0.012675653289398786,0.44144144144144143,0.9311224462032242,17,17,13
20,0.16326530612244897,0.020065725535413408,0.47572815533980584,0.24779508536829464,6,23,13
16,0.12244897959183673,0.013499128422597807,0.4666666666666667,0.10110302581536457,29,24,13
26,0.16326530612244897,0.01720269359825182,0.49,0.874478366104856,12,33,13
46,0.14285714285714285,0.020769864097820282,0.46226415094339623,0.26581519668457676,23,23,13
48,0.14285714285714285,0.011911695872155053,0.4666666666666667,0.30283257880790637,4,32,13
33,0.2040816326530612,0.025179859794955833,0.5157894736842106,0.6336692642250474,41,44,13
24,0.1020408163265306,0.006342436380701687,0.44954128440366975,0.04199839440616271,16,16,13
44,0.26530612244897955,0.08046261697597232,0.5568181818181818,0.8442314510973434,1,47,13
8,0.22448979591836732,0.052386047659156894,0.5212765957446809,0.21299538472151935,40,30,13
35,0.16326530612244897,0.022043910804415007,0.4803921568627451,0.56671878415349,49,37,13
12,0.16326530612244897,0.023804981394267115,0.5,0.2390870040922357,1,20,13
18,0.16326530612244897,0.01822853308822697,0.5051546391752577,0.4454840123219136,12,33,13
32,0.18367346938775508,0.029950905673069537,0.4803921568627451,0.28603575885059107,26,42,13
22,0.14285714285714285,0.01301828250170087,0.49,0.26569384809315644,43,3,13
23,0.1020408163265306,0.006309572891205544,0.4336283185840708,0.1720569618271346,4,46,13
19,0.1020408163265306,0.010779675256716071,0.4260869565217391,0.5122401874078131,40,9,13
23,0.1020408163265306,0.006309572891205544,0.4336283185840708,0.24769645850837652,36,46,13
15,0.24489795918367346,0.05103851751323237,0.5268817204301075,0.8433803806908887,29,30,13
12,0.16326530612244897,0.023804981394267115,0.5,0.003445391420710542,18,4,13
26,0.16326530612244897,0.01720269359825182,0.49,0.46108758410038153,27,47,13
29,0.14285714285714285,0.022453141957193577,0.47115384615384615,0.18813173255407167,33,38,13
15,0.24489795918367346,0.05103851751323237,0.5268817204301075,0.36331351296780856,36,36,13
22,0.14285714285714285,0.01301828250170087,0.49,0.05057517910561071,48,3,13
47,0.22448979591836732,0.03624711206493919,0.5268817204301075,0.8250120550979951,25,26,13
25,0.14285714285714285,0.014888884846868036,0.47115384615384615,0.7859765740331683,1,11,13
15,0.24489795918367346,0.05103851751323237,0.5268817204301075,0.6735161650983057,25,30,13
0,0.12244897959183673,0.012675653289398786,0.44144144144144143,0.8834260813418041,15,10,13
30,0.12244897959183673,0.009071101800693638,0.46226415094339623,0.4098337652210853,11,25,13
5,0.18367346938775508,0.0354836807211507,0.5,0.6974821265556757,20,24,13
32,0.18367346938775508,0.029950905673069537,0.4803921568627451,0.41453257393727183,13,42,13
23,0.1020408163265306,0.006309572891205544,0.4336283185840708,0.33417844554536946,39,20,13
21,0.16326530612244897,0.025045753330192107,0.4666666666666667,0.3011449445655182,39,39,13
18,0.16326530612244897,0.01822853308822697,0.5051546391752577,0.4427924855875699,9,14,13
4,0.16326530612244897,0.015779452459749578,0.5,0.40584967383126747,22,14,13
12,0.16326530612244897,0.023804981394267115,0.5,0.06458518386829382,4,4,13
29,0.14285714285714285,0.022453141957193577,0.47115384615384615,0.010900890130094765,8,28,13
1,0.14285714285714285,0.012775978273427253,0.48514851485148514,0.7131709967753787,32,31,13
15,0.24489795918367346,0.05103851751323237,0.5268817204301075,0.17684051716552363,44,14,13
3,0.22448979591836732,0.034122259876311484,0.5444444444444444,0.7644102204215976,2,14,13
43,0.12244897959183673,0.008999749305871753,0.4298245614035088,0.9020185511322216,34,42,13
18,0.16326530612244897,0.01822853308822697,0.5051546391752577,0.8070974623251824,8,14,13
22,0.14285714285714285,0.01301828250170087,0.49,0.4191276432731392,27,27,13
2,0.2040816326530612,0.02891614097909116,0.5444444444444444,0.8190756678488902,44,18,13
30,0.12244897959183673,0.009071101800693638,0.46226415094339623,0.7107747005705519,5,40,13
4,0.16326530612244897,0.015779452459749578,0.5,0.8134672341062138,19,14,13
7,0.2040816326530612,0.03339546600913648,0.5104166666666666,0.6128616704280393,47,22,13
24,0.1020408163265306,0.006342436380701687,0.44954128440366975,0.8508483635164974,48,16,13
10,0.2040816326530612,0.04311876425284289,0.494949494949495,0.6475852390817534,49,35,13
28,0.2040816326530612,0.03974588996160125,0.5157894736842106,0.3711660694956467,16,35,13
0,0.12244897959183673,0.012675653289398786,0.44144144144144143,0.5107169597363527,2,10,13
26,0.16326530612244897,0.01720269359825182,0.49,0.8706725129488072,5,5,13
19,0.1020408163265306,0.010779675256716071,0.4260869565217391,0.28095570743229914,47,9,13
10,0.2040816326530612,0.04311876425284289,0.494949494949495,0.530190432450567,43,0,13
11,0.22448979591836732,0.035243644022155414,0.5157894736842106,0.5520194976580945,15,15,13
5,0.18367346938775508,0.0354836807211507,0.5,0.8692937250117557,29,29,13
42,0.2040816326530612,0.03639567465347777,0.5384615384615384,0.20514690570391614,4,32,13
38,0.12244897959183673,0.007772860642758602,0.4375,0.05080673533350322,1,45,13
0,0.12244897959183673,0.012675653289398786,0.44144144144144143,0.22807159524463927,29,10,13
23,0.1020408163265306,0.006309572891205544,0.4336283185840708,0.9058741755536904,2,18,13
42,0.2040816326530612,0.03639567465347777,0.5384615384615384,0.2008609435415062,40,2,13
16,0.12244897959183673,0.013499128422597807,0.4666666666666667,0.26361381270764916,24,24,13
17,0.2040816326530612,0.03753554243875372,0.494949494949495,0.17077138837699657,34,34,13
13,0.061224489795918366,0.0013572799249569958,0.4049586776859504,0.37097522105544745,41,44,13
13,0.061224489795918366,0.0013572799249569958,0.4049586776859504,0.9332678865733456,42,44,13
31,0.14285714285714285,0.007615161657403554,0.47572815533980584,0.9107409885981228,38,11,13
13,0.061224489795918366,0.0013572799249569958,0.4049586776859504,0.36557468658300374,10,10,13
20,0.16326530612244897,0.020065725535413408,0.47572815533980584,0.33442781374400277,38,45,13
42,0.2040816326530612,0.03639567465347777,0.5384615384615384,0.6404844191316355,37,16,13
23,0.1020408163265306,0.006309572891205544,0.4336283185840708,0.3769048864164696,42,18,13
1,0.14285714285714285,0.012775978273427253,0.48514851485148514,0.5670458550748472,31,31,13
8,0.22448979591836732,0.052386047659156894,0.5212765957446809,0.6212234108635464,10,28,13
17,0.2040816326530612,0.03753554243875372,0.494949494949495,0.9426666402673839,33,42,13
14,0.24489795918367346,0.04645079608877629,0.5384615384615384,0.23352970945286566,41,44,13
9,0.1020408163265306,0.011688708117279544,0.44144144144144143,0.9299022336478303,15,3,13
11,0.22448979591836732,0.035243644022155414,0.5157894736842106,0.524065660212561,7,32,13
13,0.061224489795918366,0.0013572799249569958,0.4049586776859504,0.7321665758256936,25,44,13
7,0.2040816326530612,0.03339546600913648,0.5104166666666666,0.6007919802171109,2,2,13
13,0.061224489795918366,0.0013572799249569958,0.4049586776859504,0.31584661533621994,5,44,13
19,0.1020408163265306,0.010779675256716071,0.4260869565217391,0.4824138184537281,17,9,13
44,0.26530612244897955,0.08046261697597232,0.5568181818181818,0.6435924618430369,5,24,13
9,0.1020408163265306,0.011688708117279544,0.44144144144144143,0.9794103549031813,5,5,13
0,0.12244897959183673,0.012675653289398786,0.44144144144144143,0.28415677071084444,7,7,13
44,0.26530612244897955,0.08046261697597232,0.5568181818181818,0.7414789924762396,28,10,13
14,0.24489795918367346,0.04645079608877629,0.5384615384615384,0.1816857592593264,41,44,13
3,0.22448979591836732,0.034122259876311484,0.5444444444444444,0.7823937890008871,48,14,13
14,0.24489795918367346,0.04645079608877629,0.5384615384615384,0.11926398188294651,18,18,13
1,0.14285714285714285,0.012775978273427253,0.48514851485148514,0.8909999877013649,12,31,13
28,0.2040816326530612,0.03974588996160125,0.5157894736842106,0.13085826622327767,3,8,13
5,0.18367346938775508,0.0354836807211507,0.5,0.9820223307825108,20,24,13
5,0.18367346938775508,0.0354836807211507,0.5,0.2992948425019424,2,26,13
26,0.16326530612244897,0.01720269359825182,0.49,0.37844651508600446,40,33,13
9,0.1020408163265306,0.011688708117279544,0.44144144144144143,0.004687990169290002,35,8,13
34,0.14285714285714285,0.01702699249030282,0.47572815533980584,0.8563345506672289,27,28,13
36,0.12244897959183673,0.015080801301539593,0.45794392523364486,0.8310302403944706,29,15,13
42,0.2040816326530612,0.03639567465347777,0.5384615384615384,0.19848687446729618,28,2,13
16,0.12244897959183673,0.013499128422597807,0.4666666666666667,0.1962931265571738,21,25,13
17,0.2040816326530612,0.03753554243875372,0.494949494949495,0.1760244460649405,31,1,13
1,0.14285714285714285,0.012775978273427253,0.48514851485148514,0.14980596778892952,23,31,13
46,0.14285714285714285,0.020769864097820282,0.46226415094339623,0.24637634029646238,1,23,13
18,0.16326530612244897,0.01822853308822697,0.5051546391752577,0.510990611507543,22,14,13
24,0.1020408163265306,0.006342436380701687,0.44954128440366975,0.09827194948269047,49,16,13
40,0.14285714285714285,0.013137554736069142,0.45794392523364486,0.281022086473257,0,30,13
3,0.22448979591836732,0.034122259876311484,0.5444444444444444,0.19617736799918728,14,14,13
47,0.22448979591836732,0.03624711206493919,0.5268817204301075,0.9527967931349632,20,1,13
44,0.26530612244897955,0.08046261697597232,0.5568181818181818,0.3995645354501439,2,33,13
1,0.14285714285714285,0.012775978273427253,0.48514851485148514,0.5795573944208962,7,47,13
43,0.12244897959183673,0.008999749305871753,0.4298245614035088,0.021386764203862096,3,42,13
35,0.16326530612244897,0.022043910804415007,0.4803921568627451,0.6448118602518779,18,10,13
41,0.08163265306122448,0.00495340271750836,0.4260869565217391,0.8377223681168489,4,12,13
45,0.2040816326530612,0.031812941835075687,0.5157894736842106,0.770307796925522,18,33,13
45,0.2040816326530612,0.031812941835075687,0.5157894736842106,0.15509097590543064,18,33,13
29,0.14285714285714285,0.022453141957193577,0.47115384615384615,0.6630649372785488,4,46,13
20,0.16326530612244897,0.020065725535413408,0.47572815533980584,0.11518161021006135,42,12,13
34,0.14285714285714285,0.01702699249030282,0.47572815533980584,0.14814541155153393,46,15,13
9,0.1020408163265306,0.011688708117279544,0.44144144144144143,0.1157499411441244,23,3,13
30,0.12244897959183673,0.009071101800693638,0.46226415094339623,0.3670057138771192,49,40,13
6,0.1020408163265306,0.007522949933664217,0.44144144144144143,0.13476741169973905,37,14,13
11,0.22448979591836732,0.035243644022155414,0.5157894736842106,0.21478481642411873,32,32,13
32,0.18367346938775508,0.029950905673069537,0.4803921568627451,0.33593665231851944,22,42,13
32,0.18367346938775508,0.029950905673069537,0.4803921568627451,0.06196388084745097,21,11,13
39,0.1020408163265306,0.00396048029601451,0.4375,0.31327255517971775,24,28,13
35,0.16326530612244897,0.022043910804415007,0.4803921568627451,0.7410468457792466,32,24,13
0,0.12244897959183673,0.012675653289398786,0.44144144144144143,0.47345059492458197,39,10,13
17,0.2040816326530612,0.03753554243875372,0.494949494949495,0.2556984559661424,47,1,13
38,0.12244897959183673,0.007772860642758602,0.4375,0.78901971240237,10,29,13
33,0.2040816326530612,0.025179859794955833,0.5157894736842106,0.6091130875011374,4,4,13
21,0.16326530612244897,0.025045753330192107,0.4666666666666667,0.8798469056421079,2,26,13
12,0.16326530612244897,0.023804981394267115,0.5,0.9423010699620618,33,4,13
38,0.12244897959183673,0.007772860642758602,0.4375,0.046556885528503233,37,40,13
30,0.12244897959183673,0.009071101800693638,0.46226415094339623,0.8257552894600763,16,25,13
0,0.12244897959183673,0.012675653289398786,0.44144144144144143,0.48190042706834546,43,43,13
13,0.061224489795918366,0.0013572799249569958,0.4049586776859504,0.8670151829033412,33,44,13
44,0.26530612244897955,0.08046261697597232,0.5568181818181818,0.8524984372366593,41,41,13
15,0.24489795918367346,0.05103851751323237,0.5268817204301075,0.4204310479872937,9,14,13
9,0.1020408163265306,0.011688708117279544,0.44144144144144143,0.15510059716482205,19,19,13
42,0.2040816326530612,0.03639567465347777,0.5384615384615384,0.9698483888974176,34,14,13
39,0.1020408163265306,0.00396048029601451,0.4375,0.6187114620116926,47,26,13
16,0.12244897959183673,0.013499128422597807,0.4666666666666667,0.3386183830611197,49,25,13
32,0.18367346938775508,0.029950905673069537,0.4803921568627451,0.3588826024998346,10,42,13
17,0.2040816326530612,0.03753554243875372,0.494949494949495,0.8790584224650471,36,42,13
38,0.12244897959183673,0.007772860642758602,0.4375,0.8735882980018693,2,40,13
20,0.16326530612244897,0.020065725535413408,0.47572815533980584,0.5323467849562233,49,31,13
23,0.1020408163265306,0.006309572891205544,0.4336283185840708,0.9587632478456043,6,46,13
49,0.14285714285714285,0.01904777950696318,0.44954128440366975,0.42189295376685065,48,32,13
0,0.12244897959183673,0.012675653289398786,0.44144144144144143,0.2924571375338141,32,43,13
1,0.14285714285714285,0.012775978273427253,0.48514851485148514,0.7493696111683326,17,17,13
2,0.2040816326530612,0.02891614097909116,0.5444444444444444,0.9927183076334134,44,18,13
8,0.22448979591836732,0.052386047659156894,0.5212765957446809,0.39413811974390767,18,9,13
24,0.1020408163265306,0.006342436380701687,0.44954128440366975,0.2647370714319066,11,16,13
38,0.12244897959183673,0.007772860642758602,0.4375,0.9272758871695554,28,29,13
4,0.16326530612244897,0.015779452459749578,0.5,0.0036258481086313132,31,12,13
29,0.14285714285714285,0.022453141957193577,0.47115384615384615,0.2742455716861971,32,38,13
49,0.14285714285714285,0.01904777950696318,0.44954128440366975,0.9566765500242793,30,40,13
35,0.16326530612244897,0.022043910804415007,0.4803921568627451,0.44690002378929006,44,44,13
16,0.12244897959183673,0.013499128422597807,0.4666666666666667,0.10679966357991055,38,42,13
5,0.18367346938775508,0.0354836807211507,0.5,0.9782342439802333,22,26,13
5,0.18367346938775508,0.0354836807211507,0.5,0.4950797502761366,45,26,13
18,0.16326530612244897,0.01822853308822697,0.5051546391752577,0.6968084870029817,13,33,13
30,0.12244897959183673,0.009071101800693638,0.46226415094339623,0.9892325224616834,18,40,13
32,0.18367346938775508,0.029950905673069537,0.4803921568627451,0.4840665493390577,46,48,13
14,0.24489795918367346,0.04645079608877629,0.5384615384615384,0.5668143020969794,29,15,13
3,0.22448979591836732,0.034122259876311484,0.5444444444444444,0.9000923120469936,48,14,13
40,0.14285714285714285,0.013137554736069142,0.45794392523364486,0.29052535928513334,42,33,13
19,0.1020408163265306,0.010779675256716071,0.4260869565217391,0.7426344468750882,37,10,13
10,0.2040816326530612,0.04311876425284289,0.494949494949495,0.71156637150016,47,28,13
17,0.2040816326530612,0.03753554243875372,0.494949494949495,0.8400635660459317,38,42,13
24,0.1020408163265306,0.006342436380701687,0.44954128440366975,0.7021188244912975,35,35,13
13,0.061224489795918366,0.0013572799249569958,0.4049586776859504,0.01927894436517108,10,10,13
17,0.2040816326530612,0.03753554243875372,0.494949494949495,0.609680931109173,35,35,13
38,0.12244897959183673,0.007772860642758602,0.4375,0.2876900164527677,43,32,13
45,0.2040816326530612,0.031812941835075687,0.5157894736842106,0.7904256271780846,49,33,13
34,0.14285714285714285,0.01702699249030282,0.47572815533980584,0.5458644639934829,21,28,13
18,0.16326530612244897,0.01822853308822697,0.5051546391752577,0.5044011571953264,31,14,13
36,0.12244897959183673,0.015080801301539593,0.45794392523364486,0.5268600658016516,38,15,13
40,0.14285714285714285,0.013137554736069142,0.45794392523364486,0.8152666323679432,23,33,13
19,0.1020408163265306,0.010779675256716071,0.4260869565217391,0.5559615392440793,7,9,13
18,0.16326530612244897,0.01822853308822697,0.5051546391752577,0.17637108987496508,27,2,13
34,0.14285714285714285,0.01702699249030282,0.47572815533980584,0.28613204664591796,26,28,13
20,0.16326530612244897,0.020065725535413408,0.47572815533980584,0.32065872852909805,44,12,13
27,0.18367346938775508,0.031804034953419706,0.5268817204301075,0.7519924915355225,0,43,13
9,0.1020408163265306,0.011688708117279544,0.44144144144144143,0.941447821187238,47,3,13
41,0.08163265306122448,0.00495340271750836,0.4260869565217391,0.8913396775472647,36,44,13
18,0.16326530612244897,0.01822853308822697,0.5051546391752577,0.6194416339475329,23,23,13
12,0.16326530612244897,0.023804981394267115,0.5,0.7028751995933945,11,4,13
35,0.16326530612244897,0.022043910804415007,0.4803921568627451,0.529414011043798,27,28,13
26,0.16326530612244897,0.01720269359825182,0.49,0.9765814548547989,29,5,13
40,0.14285714285714285,0.013137554736069142,0.45794392523364486,0.8938696462267559,47,33,13
39,0.1020408163265306,0.00396048029601451,0.4375,0.7406650836417701,2,10,13
34,0.14285714285714285,0.01702699249030282,0.47572815533980584,0.484253178788979,0,28,13
3,0.22448979591836732,0.034122259876311484,0.5444444444444444,0.2668134084166379,48,14,13
13,0.061224489795918366,0.0013572799249569958,0.4049586776859504,0.14999431603672242,17,44,13
3,0.22448979591836732,0.034122259876311484,0.5444444444444444,0.5395348133119828,17,14,13
29,0.14285714285714285,0.022453141957193577,0.47115384615384615,0.6702096740060574,43,38,13
43,0.12244897959183673,0.008999749305871753,0.4298245614035088,0.11757750776546572,13,42,13
23,0.1020408163265306,0.006309572891205544,0.4336283185840708,0.7437248268439457,3,20,13
35,0.16326530612244897,0.022043910804415007,0.4803921568627451,0.05375059128087989,7,24,13
2,0.2040816326530612,0.02891614097909116,0.5444444444444444,0.25026231258992626,28,10,13
31,0.14285714285714285,0.007615161657403554,0.47572815533980584,0.6155559564427641,25,11,13
11,0.22448979591836732,0.035243644022155414,0.5157894736842106,0.9878686556930607,44,32,13
33,0.2040816326530612,0.025179859794955833,0.5157894736842106,0.2050809362239454,35,26,13
24,0.1020408163265306,0.006342436380701687,0.44954128440366975,0.8804022399708363,36,16,13
46,0.14285714285714285,0.020769864097820282,0.46226415094339623,0.07501407359245116,20,23,13
8,0.22448979591836732,0.052386047659156894,0.5212765957446809,0.7536159107755445,33,28,13
27,0.18367346938775508,0.031804034953419706,0.5268817204301075,0.56017977335908,33,44,13
2,0.2040816326530612,0.02891614097909116,0.5444444444444444,0.844718153914313,4,18,13
18,0.16326530612244897,0.01822853308822697,0.5051546391752577,0.30609258730049016,49,33,13
48,0.14285714285714285,0.011911695872155053,0.4666666666666667,0.29938197592947924,23,6,13
31,0.14285714285714285,0.007615161657403554,0.47572815533980584,0.3500882477803815,1,1,13
2,0.2040816326530612,0.02891614097909116,0.5444444444444444,0.5031616108608253,46,18,13
33,0.2040816326530612,0.025179859794955833,0.5157894736842106,0.7701570483192175,10,18,13
21,0.16326530612244897,0.025045753330192107,0.4666666666666667,0.8217009999288628,28,26,13
38,0.12244897959183673,0.007772860642758602,0.4375,0.7413256686773059,39,29,13
28,0.2040816326530612,0.03974588996160125,0.5157894736842106,0.27874941828200706,11,8,13
24,0.1020408163265306,0.006342436380701687,0.44954128440366975,0.15774866668375742,17,16,13
20,0.16326530612244897,0.020065725535413408,0.47572815533980584,0.029413561554697987,17,31,13
43,0.12244897959183673,0.008999749305871753,0.4298245614035088,0.028762151830415195,35,0,13
31,0.14285714285714285,0.007615161657403554,0.47572815533980584,0.5035484831698777,13,3,13
36,0.12244897959183673,0.015080801301539593,0.45794392523364486,0.9426452661617599,17,16,13
16,0.12244897959183673,0.013499128422597807,0.4666666666666667,0.3483682713605626,23,44,13
46,0.14285714285714285,0.020769864097820282,0.46226415094339623,0.5714005839809535,20,23,13
25,0.14285714285714285,0.014888884846868036,0.47115384615384615,0.07004398994963434,40,30,13
16,0.12244897959183673,0.013499128422597807,0.4666666666666667,0.249222046779495,35,24,13
49,0.14285714285714285,0.01904777950696318,0.44954128440366975,0.29473717288593415,31,25,13
43,0.12244897959183673,0.008999749305871753,0.4298245614035088,0.3169812230646992,24,42,13
44,0.26530612244897955,0.08046261697597232,0.5568181818181818,0.319175113869578,5,24,13
25,0.14285714285714285,0.014888884846868036,0.47115384615384615,0.24756607457707813,4,4,13
41,0.08163265306122448,0.00495340271750836,0.4260869565217391,0.3915134392278774,14,44,13
42,0.2040816326530612,0.03639567465347777,0.5384615384615384,0.7684814585088467,29,32,13
6,0.1020408163265306,0.007522949933664217,0.44144144144144143,0.1408834910996044,27,48,13
37,0.1020408163265306,0.008532979320044145,0.44545454545454544,0.29805727738858134,6,49,13
36,0.12244897959183673,0.015080801301539593,0.45794392523364486,0.6467508476934982,12,15,13
0,0.12244897959183673,0.012675653289398786,0.44144144144144143,0.29094682989317666,8,10,13
11,0.22448979591836732,0.035243644022155414,0.5157894736842106,0.4321965130290121,14,31,13
40,0.14285714285714285,0.013137554736069142,0.45794392523364486,0.15773018170031872,46,30,13
26,0.16326530612244897,0.01720269359825182,0.49,0.9058549673048023,49,21,13
34,0.14285714285714285,0.01702699249030282,0.47572815533980584,0.18256336621643354,35,28,13
20,0.16326530612244897,0.020065725535413408,0.47572815533980584,0.10795215663703561,34,34,13
32,0.18367346938775508,0.029950905673069537,0.4803921568627451,0.6384945217655161,1,11,13
43,0.12244897959183673,0.008999749305871753,0.4298245614035088,0.3981133845300471,35,0,13
4,0.16326530612244897,0.015779452459749578,0.5,0.05444218358875497,25,25,13
18,0.16326530612244897,0.01822853308822697,0.5051546391752577,0.41855463574543816,31,14,13
47,0.22448979591836732,0.03624711206493919,0.5268817204301075,0.12628100092595995,12,44,13
36,0.12244897959183673,0.015080801301539593,0.45794392523364486,0.00942505955309092,9,15,13
38,0.12244897959183673,0.007772860642758602,0.4375,0.5800234093802311,34,40,13
8,0.22448979591836732,0.052386047659156894,0.5212765957446809,0.3650262584059647,26,28,13
27,0.18367346938775508,0.031804034953419706,0.5268817204301075,0.9505148060150872,38,42,13
37,0.1020408163265306,0.008532979320044145,0.44545454545454544,0.08567267774361353,40,49,13
49,0.14285714285714285,0.01904777950696318,0.44954128440366975,0.21008769338112965,27,25,13
40,0.14285714285714285,0.013137554736069142,0.45794392523364486,0.4581215261253294,44,33,13
42,0.2040816326530612,0.03639567465347777,0.5384615384615384,0.009530002842404572,23,2,13
11,0.22448979591836732,0.035243644022155414,0.5157894736842106,0.7779619536168264,20,31,13
7,0.2040816326530612,0.03339546600913648,0.5104166666666666,0.25621382406229454,42,16,13
3,0.22448979591836732,0.034122259876311484,0.5444444444444444,0.9684270556185625,37,22,13
42,0.2040816326530612,0.03639567465347777,0.5384615384615384,0.36950848357508936,19,14,13
14,0.24489795918367346,0.04645079608877629,0.5384615384615384,0.23197621363593934,15,15,13
13,0.061224489795918366,0.0013572799249569958,0.4049586776859504,0.4200278423971999,41,44,13
47,0.22448979591836732,0.03624711206493919,0.5268817204301075,0.5581346586215469,19,22,13
16,0.12244897959183673,0.013499128422597807,0.4666666666666667,0.40566362941355705,7,7,13
10,0.2040816326530612,0.04311876425284289,0.494949494949495,0.4893693621668045,33,2,13
21,0.16326530612244897,0.025045753330192107,0.4666666666666667,0.17661823784575525,7,25,13
11,0.22448979591836732,0.035243644022155414,0.5157894736842106,0.4118598127054257,10,32,13
40,0.14285714285714285,0.013137554736069142,0.45794392523364486,0.6598163476641198,27,33,13
44,0.26530612244897955,0.08046261697597232,0.5568181818181818,0.1696568074008653,0,10,13
42,0.2040816326530612,0.03639567465347777,0.5384615384615384,0.6260794155293598,38,32,13
22,0.14285714285714285,0.01301828250170087,0.49,0.10014054748993839,42,3,13
39,0.1020408163265306,0.00396048029601451,0.4375,0.7423796134497052,37,28,13
20,0.16326530612244897,0.020065725535413408,0.47572815533980584,0.6252239958269515,23,23,13
14,0.24489795918367346,0.04645079608877629,0.5384615384615384,0.062390124972252714,4,4,13
27,0.18367346938775508,0.031804034953419706,0.5268817204301075,0.9450534522957298,0,43,13
44,0.26530612244897955,0.08046261697597232,0.5568181818181818,0.49941155513562163,25,16,13
41,0.08163265306122448,0.00495340271750836,0.4260869565217391,0.6539829627901625,26,44,13
13,0.061224489795918366,0.0013572799249569958,0.4049586776859504,0.9880537294099686,0,10,13
8,0.22448979591836732,0.052386047659156894,0.5212765957446809,0.7311447526937794,11,9,13
1,0.14285714285714285,0.012775978273427253,0.48514851485148514,0.928517827516871,31,31,13
39,0.1020408163265306,0.00396048029601451,0.4375,0.05324154265119774,43,10,13
38,0.12244897959183673,0.007772860642758602,0.4375,0.7484683379241267,5,29,13
34,0.14285714285714285,0.01702699249030282,0.47572815533980584,0.40771733090751483,40,15,13
33,0.2040816326530612,0.025179859794955833,0.5157894736842106,0.20417597254454622,28,26,13
27,0.18367346938775508,0.031804034953419706,0.5268817204301075,0.37867893852690226,8,22,13
36,0.12244897959183673,0.015080801301539593,0.45794392523364486,0.6727563066067671,23,15,13
8,0.22448979591836732,0.052386047659156894,0.5212765957446809,0.7919300015984349,13,28,13
48,0.14285714285714285,0.011911695872155053,0.4666666666666667,0.7251336982406588,37,32,13
14,0.24489795918367346,0.04645079608877629,0.5384615384615384,0.09402186529261058,15,15,13
1,0.14285714285714285,0.012775978273427253,0.48514851485148514,0.4307194125438284,6,31,13
43,0.12244897959183673,0.008999749305871753,0.4298245614035088,0.42272439823391905,49,42,13
24,0.1020408163265306,0.006342436380701687,0.44954128440366975,0.21282963067058414,43,16,13
44,0.26530612244897955,0.08046261697597232,0.5568181818181818,0.2847482060354193,22,47,13
17,0.2040816326530612,0.03753554243875372,0.494949494949495,0.734860102471659,16,42,13
44,0.26530612244897955,0.08046261697597232,0.5568181818181818,0.99567000329898,18,33,13
13,0.061224489795918366,0.0013572799249569958,0.4049586776859504,0.6188197876082021,16,44,13
18,0.16326530612244897,0.01822853308822697,0.5051546391752577,0.7134208361687362,0,2,13
1,0.14285714285714285,0.012775978273427253,0.48514851485148514,0.3070208373848836,33,47,13
29,0.14285714285714285,0.022453141957193577,0.47115384615384615,0.026253802677247973,21,5,13
45,0.2040816326530612,0.031812941835075687,0.5157894736842106,0.14004229945792235,34,15,13
48,0.14285714285714285,0.011911695872155053,0.4666666666666667,0.9970102190540855,7,32,13
15,0.24489795918367346,0.05103851751323237,0.5268817204301075,0.6621708467450672,18,14,13
9,0.1020408163265306,0.011688708117279544,0.44144144144144143,0.9779606433152278,32,3,13
8,0.22448979591836732,0.052386047659156894,0.5212765957446809,0.5233197132059033,39,28,13
30,0.12244897959183673,0.009071101800693638,0.46226415094339623,0.35280323699024063,35,8,13
45,0.2040816326530612,0.031812941835075687,0.5157894736842106,0.5822266674787278,46,44,13
15,0.24489795918367346,0.05103851751323237,0.5268817204301075,0.7918373482803037,14,14,13
33,0.2040816326530612,0.025179859794955833,0.5157894736842106,0.26584175366102236,37,40,13
34,0.14285714285714285,0.01702699249030282,0.47572815533980584,0.7266684549359138,17,17,13
10,0.2040816326530612,0.04311876425284289,0.494949494949495,0.09376191710084247,3,19,13
28,0.2040816326530612,0.03974588996160125,0.5157894736842106,0.4006953651592863,1,26,13
19,0.1020408163265306,0.010779675256716071,0.4260869565217391,0.9661567727754609,38,9,13
23,0.1020408163265306,0.006309572891205544,0.4336283185840708,0.11877753149348924,11,20,13
24,0.1020408163265306,0.006342436380701687,0.44954128440366975,0.9634973560272343,12,44,13
41,0.08163265306122448,0.00495340271750836,0.4260869565217391,0.7828113467279367,45,44,13
45,0.2040816326530612,0.031812941835075687,0.5157894736842106,0.5307691205669767,42,2,13
37,0.1020408163265306,0.008532979320044145,0.44545454545454544,0.16439669397769152,42,49,13
33,0.2040816326530612,0.025179859794955833,0.5157894736842106,0.10019402279174627,22,26,13
10,0.2040816326530612,0.04311876425284289,0.494949494949495,0.875007168128222,15,28,13
16,0.12244897959183673,0.013499128422597807,0.4666666666666667,0.8199792338163953,20,44,13
15,0.24489795918367346,0.05103851751323237,0.5268817204301075,0.38378888671015354,5,36,13
41,0.08163265306122448,0.00495340271750836,0.4260869565217391,0.609439421605632,5,44,13
49,0.14285714285714285,0.01904777950696318,0.44954128440366975,0.04954586035995967,46,40,13
14,0.24489795918367346,0.04645079608877629,0.5384615384615384,0.026469959268554222,31,3,13
25,0.14285714285714285,0.014888884846868036,0.47115384615384615,0.8604238666102374,3,11,13
27,0.18367346938775508,0.031804034953419706,0.5268817204301075,0.5576025662455745,15,22,13
18,0.16326530612244897,0.01822853308822697,0.5051546391752577,0.6885456268610035,38,33,13
13,0.061224489795918366,0.0013572799249569958,0.4049586776859504,0.9465458408872096,47,44,13
32,0.18367346938775508,0.029950905673069537,0.4803921568627451,0.211909507738396,1,11,13
48,0.14285714285714285,0.011911695872155053,0.4666666666666667,0.6776071317558221,44,6,13
44,0.26530612244897955,0.08046261697597232,0.5568181818181818,0.518893175229769,5,24,13
49,0.14285714285714285,0.01904777950696318,0.44954128440366975,0.3381803068965624,30,40,13
40,0.14285714285714285,0.013137554736069142,0.45794392523364486,0.2394456302810588,15,30,13
8,0.22448979591836732,0.052386047659156894,0.5212765957446809,0.33997499588702385,4,9,13
8,0.22448979591836732,0.052386047659156894,0.5212765957446809,0.8152688049505129,27,9,13
33,0.2040816326530612,0.025179859794955833,0.5157894736842106,0.441186287228992,0,18,13
43,0.12244897959183673,0.008999749305871753,0.4298245614035088,0.549909197245509,18,42,13
47,0.22448979591836732,0.03624711206493919,0.5268817204301075,0.5381436332328341,44,44,13
6,0.1020408163265306,0.007522949933664217,0.44144144144144143,0.884776065539061,5,14,13
12,0.16326530612244897,0.023804981394267115,0.5,0.7579295804747984,30,4,13
14,0.24489795918367346,0.04645079608877629,0.5384615384615384,0.26591349875758685,39,15,13
41,0.08163265306122448,0.00495340271750836,0.4260869565217391,0.707845083312039,29,29,13
45,0.2040816326530612,0.031812941835075687,0.5157894736842106,0.28612179152517003,39,47,13
21,0.16326530612244897,0.025045753330192107,0.4666666666666667,0.006087919439078826,5,26,13
28,0.2040816326530612,0.03974588996160125,0.5157894736842106,0.23628983317620889,4,10,13
8,0.22448979591836732,0.052386047659156894,0.5212765957446809,0.0994915881123064,9,9,13
36,0.12244897959183673,0.015080801301539593,0.45794392523364486,0.12753935127170457,44,15,13
15,0.24489795918367346,0.05103851751323237,0.5268817204301075,0.23216003993912748,46,14,13
42,0.2040816326530612,0.03639567465347777,0.5384615384615384,0.5423714697209733,8,14,13
34,0.14285714285714285,0.01702699249030282,0.47572815533980584,0.8100550478940596,21,28,13
12,0.16326530612244897,0.023804981394267115,0.5,0.49951491500689005,24,44,13
9,0.1020408163265306,0.011688708117279544,0.44144144144144143,0.7110437184597712,22,3,13
21,0.16326530612244897,0.025045753330192107,0.4666666666666667,0.8876908599119258,49,25,13
31,0.14285714285714285,0.007615161657403554,0.47572815533980584,0.38578841430322286,12,20,13
6,0.1020408163265306,0.007522949933664217,0.44144144144144143,0.6826514605036609,23,46,13
18,0.16326530612244897,0.01822853308822697,0.5051546391752577,0.9585013021590133,45,33,13
37,0.1020408163265306,0.008532979320044145,0.44545454545454544,0.6923943281209335,29,5,13
6,0.1020408163265306,0.007522949933664217,0.44144144144144143,0.8930252348553628,13,14,13
6,0.1020408163265306,0.007522949933664217,0.44144144144144143,0.23139320288239917,35,14,13
19,0.1020408163265306,0.010779675256716071,0.4260869565217391,0.12603606268883916,28,10,13
17,0.2040816326530612,0.03753554243875372,0.494949494949495,0.46847110643437484,20,1,13
49,0.14285714285714285,0.01904777950696318,0.44954128440366975,0.6823752510423511,23,40,13
42,0.2040816326530612,0.03639567465347777,0.5384615384615384,0.39790524150702933,39,2,13
7,0.2040816326530612,0.03339546600913648,0.5104166666666666,0.7455438521497211,40,15,13
25,0.14285714285714285,0.014888884846868036,0.47115384615384615,0.6408796920371949,13,16,13
19,0.1020408163265306,0.010779675256716071,0.4260869565217391,0.6765699700559411,27,9,13
36,0.12244897959183673,0.015080801301539593,0.45794392523364486,0.22146731931671182,35,15,13
43,0.12244897959183673,0.008999749305871753,0.4298245614035088,0.4002272528413138,5,42,13
33,0.2040816326530612,0.025179859794955833,0.5157894736842106,0.30551907616079166,14,18,13
31,0.14285714285714285,0.007615161657403554,0.47572815533980584,0.19253711963259024,4,20,13
10,0.2040816326530612,0.04311876425284289,0.494949494949495,0.5988099581884325,21,28,13
16,0.12244897959183673,0.013499128422597807,0.4666666666666667,0.7334079025299528,4,44,13
40,0.14285714285714285,0.013137554736069142,0.45794392523364486,0.833185093259143,8,30,13
37,0.1020408163265306,0.008532979320044145,0.44545454545454544,0.41562996560615784,48,49,13
43,0.12244897959183673,0.008999749305871753,0.4298245614035088,0.6857887761769011,8,9,13
30,0.12244897959183673,0.009071101800693638,0.46226415094339623,0.32479524232448675,16,25,13
15,0.24489795918367346,0.05103851751323237,0.5268817204301075,0.7760518879087827,20,45,13
17,0.2040816326530612,0.03753554243875372,0.494949494949495,0.5313509524037087,10,42,13
23,0.1020408163265306,0.006309572891205544,0.4336283185840708,0.5611442801188292,13,46,13
22,0.14285714285714285,0.01301828250170087,0.49,0.5940471436858162,4,3,13
34,0.14285714285714285,0.01702699249030282,0.47572815533980584,0.9248646739542308,25,15,13
18,0.16326530612244897,0.01822853308822697,0.5051546391752577,0.02075975737772484,37,33,13
14,0.24489795918367346,0.04645079608877629,0.5384615384615384,0.1584587468549814,3,3,13
19,0.1020408163265306,0.010779675256716071,0.4260869565217391,0.6661918073383678,40,9,13
5,0.18367346938775508,0.0354836807211507,0.5,0.12592125856482894,16,24,13
40,0.14285714285714285,0.013137554736069142,0.45794392523364486,0.14659638986514179,6,30,13
29,0.14285714285714285,0.022453141957193577,0.47115384615384615,0.8260260849217534,39,28,13
0,0.12244897959183673,0.012675653289398786,0.44144144144144143,0.9286723392896339,38,10,13
3,0.22448979591836732,0.034122259876311484,0.5444444444444444,0.09375302171302491,42,14,13
3,0.22448979591836732,0.034122259876311484,0.5444444444444444,0.1025202698066302,32,14,13
22,0.14285714285714285,0.01301828250170087,0.49,0.2559796507958704,32,3,13
1,0.14285714285714285,0.012775978273427253,0.48514851485148514,0.895167237238645,47,47,13
28,0.2040816326530612,0.03974588996160125,0.5157894736842106,0.8419426267781086,39,39,13
30,0.12244897959183673,0.009071101800693638,0.46226415094339623,0.9608268207300402,40,40,13
8,0.22448979591836732,0.052386047659156894,0.5212765957446809,0.19898786002001778,31,9,13
20,0.16326530612244897,0.020065725535413408,0.47572815533980584,0.018714085791460944,43,12,13
6,0.1020408163265306,0.007522949933664217,0.44144144144144143,0.40124686688017697,2,14,13
18,0.16326530612244897,0.01822853308822697,0.5051546391752577,0.6035629695881303,22,14,13
35,0.16326530612244897,0.022043910804415007,0.4803921568627451,0.3489898935237167,14,28,13
30,0.12244897959183673,0.009071101800693638,0.46226415094339623,0.7336341296029851,20,8,13
27,0.18367346938775508,0.031804034953419706,0.5268817204301075,0.3664568961064978,31,22,13
43,0.12244897959183673,0.008999749305871753,0.4298245614035088,0.32667701839323315,11,42,13
25,0.14285714285714285,0.014888884846868036,0.47115384615384615,0.3556240685085742,21,21,13
30,0.12244897959183673,0.009071101800693638,0.46226415094339623,0.7205277107912059,9,8,13
35,0.16326530612244897,0.022043910804415007,0.4803921568627451,0.9811005010200874,2,10,13
23,0.1020408163265306,0.006309572891205544,0.4336283185840708,0.47344481794904114,13,46,13
37,0.1020408163265306,0.008532979320044145,0.44545454545454544,0.5279769706919383,14,49,13
19,0.1020408163265306,0.010779675256716071,0.4260869565217391,0.9655960812493406,0,10,13
36,0.12244897959183673,0.015080801301539593,0.45794392523364486,0.6480991583542947,20,15,13
15,0.24489795918367346,0.05103851751323237,0.5268817204301075,0.6318856582211994,28,34,13
47,0.22448979591836732,0.03624711206493919,0.5268817204301075,0.5108913215879524,40,26,13
26,0.16326530612244897,0.01720269359825182,0.49,0.5148858469652141,46,33,13
19,0.1020408163265306,0.010779675256716071,0.4260869565217391,0.7999949922735036,35,10,13
28,0.2040816326530612,0.03974588996160125,0.5157894736842106,0.9366456644100442,3,8,13
27,0.18367346938775508,0.031804034953419706,0.5268817204301075,0.8561177110062812,8,22,13
32,0.18367346938775508,0.029950905673069537,0.4803921568627451,0.13504193953261312,43,42,13
31,0.14285714285714285,0.007615161657403554,0.47572815533980584,0.3169602275839474,46,20,13
49,0.14285714285714285,0.01904777950696318,0.44954128440366975,0.3546845738886326,30,40,13
6,0.1020408163265306,0.007522949933664217,0.44144144144144143,0.9772940114496579,16,14,13
26,0.16326530612244897,0.01720269359825182,0.49,0.3108047763859114,46,33,13
26,0.16326530612244897,0.01720269359825182,0.49,0.4281193561643215,0,28,13
10,0.2040816326530612,0.04311876425284289,0.494949494949495,0.6924669167403769,29,28,13
22,0.14285714285714285,0.01301828250170087,0.49,0.6814292565356664,3,3,13
6,0.1020408163265306,0.007522949933664217,0.44144144144144143,0.7225716111296279,46,46,13
34,0.14285714285714285,0.01702699249030282,0.47572815533980584,0.6438114276379269,19,28,13
16,0.12244897959183673,0.013499128422597807,0.4666666666666667,0.029162170032022927,47,44,13
25,0.14285714285714285,0.014888884846868036,0.47115384615384615,0.6102241454919236,0,16,13
21,0.16326530612244897,0.025045753330192107,0.4666666666666667,0.40857238492513115,8,26,13
44,0.26530612244897955,0.08046261697597232,0.5568181818181818,0.5945981159347482,41,41,13
1,0.14285714285714285,0.012775978273427253,0.48514851485148514,0.9427692028725465,37,5,13
8,0.22448979591836732,0.052386047659156894,0.5212765957446809,0.13843104909736947,15,30,13
48,0.14285714285714285,0.011911695872155053,0.4666666666666667,0.24556208401352453,10,32,13
28,0.2040816326530612,0.03974588996160125,0.5157894736842106,0.3712241431012535,18,10,13
25,0.14285714285714285,0.014888884846868036,0.47115384615384615,0.3513671036327328,12,16,13
27,0.18367346938775508,0.031804034953419706,0.5268817204301075,0.28717214798063473,38,42,13
6,0.1020408163265306,0.007522949933664217,0.44144144144144143,0.9979803612658231,30,14,13
24,0.1020408163265306,0.006342436380701687,0.44954128440366975,0.5190136110489746,40,44,13
13,0.061224489795918366,0.0013572799249569958,0.4049586776859504,0.0019023467500428604,47,44,13
1,0.14285714285714285,0.012775978273427253,0.48514851485148514,0.4016943135012544,2,47,13
42,0.2040816326530612,0.03639567465347777,0.5384615384615384,0.8404429278823007,49,16,13
34,0.14285714285714285,0.01702699249030282,0.47572815533980584,0.5751011710035585,3,15,13
18,0.16326530612244897,0.01822853308822697,0.5051546391752577,0.506972300729379,20,23,13
13,0.061224489795918366,0.0013572799249569958,0.4049586776859504,0.4599191704322523,39,10,13
12,0.16326530612244897,0.023804981394267115,0.5,0.0566174849113511,34,4,13
17,0.2040816326530612,0.03753554243875372,0.494949494949495,0.47928203975838146,18,42,13
47,0.22448979591836732,0.03624711206493919,0.5268817204301075,0.9092230091138453,42,22,13
16,0.12244897959183673,0.013499128422597807,0.4666666666666667,0.1426775717218477,40,25,13
44,0.26530612244897955,0.08046261697597232,0.5568181818181818,0.8429190880339803,39,39,13
38,0.12244897959183673,0.007772860642758602,0.4375,0.573544323059815,44,45,13
7,0.2040816326530612,0.03339546600913648,0.5104166666666666,0.31743355974121257,42,16,13
3,0.22448979591836732,0.034122259876311484,0.5444444444444444,0.08716048173082747,8,9,13
47,0.22448979591836732,0.03624711206493919,0.5268817204301075,0.17357633324299016,2,45,13
30,0.12244897959183673,0.009071101800693638,0.46226415094339623,0.14614177888069868,40,40,13
7,0.2040816326530612,0.03339546600913648,0.5104166666666666,0.6570278884568638,1,22,13
45,0.2040816326530612,0.031812941835075687,0.5157894736842106,0.3602430856491491,37,33,13
3,0.22448979591836732,0.034122259876311484,0.5444444444444444,0.6072138603900996,46,14,13
7,0.2040816326530612,0.03339546600913648,0.5104166666666666,0.1880036329003253,32,16,13
40,0.14285714285714285,0.013137554736069142,0.45794392523364486,0.1820659917035251,22,30,13
41,0.08163265306122448,0.00495340271750836,0.4260869565217391,0.34464325258476614,24,44,13
28,0.2040816326530612,0.03974588996160125,0.5157894736842106,0.21369635206634208,13,10,13
38,0.12244897959183673,0.007772860642758602,0.4375,0.8450845061079554,37,40,13
19,0.1020408163265306,0.010779675256716071,0.4260869565217391,0.36293058568837055,0,10,13
38,0.12244897959183673,0.007772860642758602,0.4375,0.6636458687646741,0,29,13
22,0.14285714285714285,0.01301828250170087,0.49,0.5341825222873748,4,3,13
30,0.12244897959183673,0.009071101800693638,0.46226415094339623,0.43862346326232626,34,15,13
49,0.14285714285714285,0.01904777950696318,0.44954128440366975,0.07783042346367663,37,37,13
19,0.1020408163265306,0.010779675256716071,0.4260869565217391,0.6110262123236629,33,10,13
9,0.1020408163265306,0.011688708117279544,0.44144144144144143,0.9314346152535913,5,5,13
7,0.2040816326530612,0.03339546600913648,0.5104166666666666,0.4863149384153277,17,16,13
14,0.24489795918367346,0.04645079608877629,0.5384615384615384,0.5585133493555765,30,15,13
13,0.061224489795918366,0.0013572799249569958,0.4049586776859504,0.923691764849616,21,44,13
7,0.2040816326530612,0.03339546600913648,0.5104166666666666,0.1523703237610724,34,34,13
24,0.1020408163265306,0.006342436380701687,0.44954128440366975,0.6962045783196207,26,44,13
41,0.08163265306122448,0.00495340271750836,0.4260869565217391,0.009578602396414282,13,44,13
30,0.12244897959183673,0.009071101800693638,0.46226415094339623,0.5641176992133943,13,15,13
14,0.24489795918367346,0.04645079608877629,0.5384615384615384,0.0948828893625262,22,3,13
13,0.061224489795918366,0.0013572799249569958,0.4049586776859504,0.04595647796389757,17,44,13
40,0.14285714285714285,0.013137554736069142,0.45794392523364486,0.06942128193955843,33,33,13
1,0.14285714285714285,0.012775978273427253,0.48514851485148514,0.680489261389017,49,31,13
8,0.22448979591836732,0.052386047659156894,0.5212765957446809,0.6953435298629884,20,20,13
4,0.16326530612244897,0.015779452459749578,0.5,0.24214438855149512,25,25,13
11,0.22448979591836732,0.035243644022155414,0.5157894736842106,0.14527084933601464,19,31,13
18,0.16326530612244897,0.01822853308822697,0.5051546391752577,0.29003507074947654,6,14,13
27,0.18367346938775508,0.031804034953419706,0.5268817204301075,0.18911359761649094,35,28,13
43,0.12244897959183673,0.008999749305871753,0.4298245614035088,0.4261686313834623,20,42,13
7,0.2040816326530612,0.03339546600913648,0.5104166666666666,0.4298686754546702,13,16,13
28,0.2040816326530612,0.03974588996160125,0.5157894736842106,0.38482377537034185,9,8,13
21,0.16326530612244897,0.025045753330192107,0.4666666666666667,0.4894511705158546,29,26,13
48,0.14285714285714285,0.011911695872155053,0.4666666666666667,0.11635711085910394,22,6,13
24,0.1020408163265306,0.006342436380701687,0.44954128440366975,0.17439828151024717,43,16,13
4,0.16326530612244897,0.015779452459749578,0.5,0.6432217779972914,48,32,13
25,0.14285714285714285,0.014888884846868036,0.47115384615384615,0.483941651863359,45,21,13
9,0.1020408163265306,0.011688708117279544,0.44144144144144143,0.1384268606110014,11,3,13
46,0.14285714285714285,0.020769864097820282,0.46226415094339623,0.08329940926024637,38,29,13
49,0.14285714285714285,0.01904777950696318,0.44954128440366975,0.8824400703738913,9,40,13
41,0.08163265306122448,0.00495340271750836,0.4260869565217391,0.4302356256960983,1,44,13
29,0.14285714285714285,0.022453141957193577,0.47115384615384615,0.36247466217539837,0,28,13
30,0.12244897959183673,0.009071101800693638,0.46226415094339623,0.8627987189455745,16,25,13
25,0.14285714285714285,0.014888884846868036,0.47115384615384615,0.7174131394765023,36,16,13
1,0.14285714285714285,0.012775978273427253,0.48514851485148514,0.8893761186554934,26,47,13
20,0.16326530612244897,0.020065725535413408,0.47572815533980584,0.5581103912581256,30,8,13
30,0.12244897959183673,0.009071101800693638,0.46226415094339623,0.10021561641472887,44,15,13
42,0.2040816326530612,0.03639567465347777,0.5384615384615384,0.9687604451331833,7,16,13
34,0.14285714285714285,0.01702699249030282,0.47572815533980584,0.3269848362409927,29,28,13
30,0.12244897959183673,0.009071101800693638,0.46226415094339623,0.8604173950592185,14,15,13
44,0.26530612244897955,0.08046261697597232,0.5568181818181818,0.012527766056596668,19,14,13
17,0.2040816326530612,0.03753554243875372,0.494949494949495,0.8936474513880556,43,43,13
43,0.12244897959183673,0.008999749305871753,0.4298245614035088,0.13249218539570495,29,42,13
43,0.12244897959183673,0.008999749305871753,0.4298245614035088,0.19173852946633752,3,42,13
29,0.14285714285714285,0.022453141957193577,0.47115384615384615,0.36787911445873056,5,5,13
3,0.22448979591836732,0.034122259876311484,0.5444444444444444,0.04860675096071887,10,9,13
15,0.24489795918367346,0.05103851751323237,0.5268817204301075,0.18588083250103138,28,34,13
32,0.18367346938775508,0.029950905673069537,0.4803921568627451,0.03733899910787475,35,42,13
27,0.18367346938775508,0.031804034953419706,0.5268817204301075,0.44816236975682433,28,28,13
1,0.14285714285714285,0.012775978273427253,0.48514851485148514,0.9440792842510239,24,47,13
1,0.14285714285714285,0.012775978273427253,0.48514851485148514,0.47677990027512507,29,5,13
5,0.18367346938775508,0.0354836807211507,0.5,0.20627162625426654,26,26,13
5,0.18367346938775508,0.0354836807211507,0.5,0.028966287188654904,16,24,13
7,0.2040816326530612,0.03339546600913648,0.5104166666666666,0.2963705770729055,35,16,13
4,0.16326530612244897,0.015779452459749578,0.5,0.9730707604481625,41,12,13
4,0.16326530612244897,0.015779452459749578,0.5,0.4426183327590707,47,12,13
2,0.2040816326530612,0.02891614097909116,0.5444444444444444,0.9704807447634609,47,45,13
47,0.22448979591836732,0.03624711206493919,0.5268817204301075,0.008084277470370216,6,22,13
35,0.16326530612244897,0.022043910804415007,0.4803921568627451,0.49855287759786227,15,28,13
8,0.22448979591836732,0.052386047659156894,0.5212765957446809,0.6609466666368388,45,9,13
27,0.18367346938775508,0.031804034953419706,0.5268817204301075,0.4593042248903252,33,44,13
13,0.061224489795918366,0.0013572799249569958,0.4049586776859504,0.12973377749614456,35,10,13
43,0.12244897959183673,0.008999749305871753,0.4298245614035088,0.47031084957903324,38,42,13
32,0.18367346938775508,0.029950905673069537,0.4803921568627451,0.6488245025889927,12,4,13
29,0.14285714285714285,0.022453141957193577,0.47115384615384615,0.054032502445253816,15,38,13
5,0.18367346938775508,0.0354836807211507,0.5,0.2004888364790386,13,24,13
24,0.1020408163265306,0.006342436380701687,0.44954128440366975,0.5598579958507645,26,44,13
4,0.16326530612244897,0.015779452459749578,0.5,0.2754825276640388,36,14,13
35,0.16326530612244897,0.022043910804415007,0.4803921568627451,0.11735968873948022,40,37,13
11,0.22448979591836732,0.035243644022155414,0.5157894736842106,0.931072585899728,4,32,13
22,0.14285714285714285,0.01301828250170087,0.49,0.35920740269219953,29,47,13
45,0.2040816326530612,0.031812941835075687,0.5157894736842106,0.38460566123501216,30,15,13
48,0.14285714285714285,0.011911695872155053,0.4666666666666667,0.01863039323924487,13,6,13
6,0.1020408163265306,0.007522949933664217,0.44144144144144143,0.9895749995661326,48,48,13
22,0.14285714285714285,0.01301828250170087,0.49,0.810628100479627,0,3,13
46,0.14285714285714285,0.020769864097820282,0.46226415094339623,0.16092501051235752,17,6,13
22,0.14285714285714285,0.01301828250170087,0.49,0.261050072948503,0,3,13
44,0.26530612244897955,0.08046261697597232,0.5568181818181818,0.9477776935432599,9,14,13
20,0.16326530612244897,0.020065725535413408,0.47572815533980584,0.09318086351311494,14,31,13
19,0.1020408163265306,0.010779675256716071,0.4260869565217391,0.8750221120674883,27,9,13
37,0.1020408163265306,0.008532979320044145,0.44545454545454544,0.002436102876801405,29,5,13
28,0.2040816326530612,0.03974588996160125,0.5157894736842106,0.4425445487141447,39,39,13
44,0.26530612244897955,0.08046261697597232,0.5568181818181818,0.3310789897399654,39,39,13
33,0.2040816326530612,0.025179859794955833,0.5157894736842106,0.4149637000681049,6,18,13
17,0.2040816326530612,0.03753554243875372,0.494949494949495,0.860293980546901,22,42,13
22,0.14285714285714285,0.01301828250170087,0.49,0.6677707599415489,28,3,13
35,0.16326530612244897,0.022043910804415007,0.4803921568627451,0.7175696894548688,9,28,13
40,0.14285714285714285,0.013137554736069142,0.45794392523364486,0.6829806885339131,38,38,13
28,0.2040816326530612,0.03974588996160125,0.5157894736842106,0.7094487978719329,17,34,13
11,0.22448979591836732,0.035243644022155414,0.5157894736842106,0.2856463344833292,21,25,13
17,0.2040816326530612,0.03753554243875372,0.494949494949495,0.01551410700110778,6,6,13
13,0.061224489795918366,0.0013572799249569958,0.4049586776859504,0.36168942267338355,26,44,13
34,0.14285714285714285,0.01702699249030282,0.47572815533980584,0.16642706218700287,49,15,13
6,0.1020408163265306,0.007522949933664217,0.44144144144144143,0.9102050641125081,45,14,13
9,0.1020408163265306,0.011688708117279544,0.44144144144144143,0.6685156497315258,1,3,13
2,0.2040816326530612,0.02891614097909116,0.5444444444444444,0.44916377942674823,17,42,13
12,0.16326530612244897,0.023804981394267115,0.5,0.7390302233673531,23,46,13
45,0.2040816326530612,0.031812941835075687,0.5157894736842106,0.9653570773247849,2,2,13
44,0.26530612244897955,0.08046261697597232,0.5568181818181818,0.44071586913516103,2,33,13
20,0.16326530612244897,0.020065725535413408,0.47572815533980584,0.10174718812225958,7,31,13
25,0.14285714285714285,0.014888884846868036,0.47115384615384615,0.23784763059509761,9,30,13
34,0.14285714285714285,0.01702699249030282,0.47572815533980584,0.6700894110502029,3,15,13
25,0.14285714285714285,0.014888884846868036,0.47115384615384615,0.20835178303471247,14,30,13
21,0.16326530612244897,0.025045753330192107,0.4666666666666667,0.9520318683025041,8,26,13
48,0.14285714285714285,0.011911695872155053,0.4666666666666667,0.43783586247923434,12,6,13
40,0.14285714285714285,0.013137554736069142,0.45794392523364486,0.8783761639703432,45,33,13
46,0.14285714285714285,0.020769864097820282,0.46226415094339623,0.8119870529369048,22,6,13
22,0.14285714285714285,0.01301828250170087,0.49,0.5673473443953497,30,15,13
8,0.22448979591836732,0.052386047659156894,0.5212765957446809,0.7583095407195909,6,9,13
49,0.14285714285714285,0.01904777950696318,0.44954128440366975,0.878329238179334,31,25,13
40,0.14285714285714285,0.013137554736069142,0.45794392523364486,0.4071418037441692,19,30,13
11,0.22448979591836732,0.035243644022155414,0.5157894736842106,0.798860926460362,10,32,13
1,0.14285714285714285,0.012775978273427253,0.48514851485148514,0.22764859142379734,21,47,13
0,0.12244897959183673,0.012675653289398786,0.44144144144144143,0.6967936486293062,17,17,13
19,0.1020408163265306,0.010779675256716071,0.4260869565217391,0.7115938246509681,33,10,13
40,0.14285714285714285,0.013137554736069142,0.45794392523364486,0.5827915994495442,44,33,13
40,0.14285714285714285,0.013137554736069142,0.45794392523364486,0.9995676117606985,43,33,13
40,0.14285714285714285,0.013137554736069142,0.45794392523364486,0.9916551847782613,44,33,13
16,0.12244897959183673,0.013499128422597807,0.4666666666666667,0.36449556228065627,33,44,13
16,0.12244897959183673,0.013499128422597807,0.4666666666666667,0.7537178088598757,39,25,13
32,0.18367346938775508,0.029950905673069537,0.4803921568627451,0.9628510069584204,37,49,13
35,0.16326530612244897,0.022043910804415007,0.4803921568627451,0.15921182270960743,10,10,13
29,0.14285714285714285,0.022453141957193577,0.47115384615384615,0.88851353581648,8,28,13
9,0.1020408163265306,0.011688708117279544,0.44144144144144143,0.06595193858394843,2,3,13
43,0.12244897959183673,0.008999749305871753,0.4298245614035088,0.4557037864080048,45,42,13
27,0.18367346938775508,0.031804034953419706,0.5268817204301075,0.2889251562924142,39,28,13
0,0.12244897959183673,0.012675653289398786,0.44144144144144143,0.07470982811025584,34,10,13
31,0.14285714285714285,0.007615161657403554,0.47572815533980584,0.6704156562297283,7,3,13
31,0.14285714285714285,0.007615161657403554,0.47572815533980584,0.765865295371211,40,3,13
11,0.22448979591836732,0.035243644022155414,0.5157894736842106,0.9871298298133765,31,31,13
11,0.22448979591836732,0.035243644022155414,0.5157894736842106,0.2157102454072637,43,32,13
35,0.16326530612244897,0.022043910804415007,0.4803921568627451,0.12474488423960395,41,44,13
33,0.2040816326530612,0.025179859794955833,0.5157894736842106,0.6959966167020715,23,18,13
13,0.061224489795918366,0.0013572799249569958,0.4049586776859504,0.8141452275514266,29,44,13
20,0.16326530612244897,0.020065725535413408,0.47572815533980584,0.4032401733073586,19,31,13
49,0.14285714285714285,0.01904777950696318,0.44954128440366975,0.8782734421182792,5,37,13
14,0.24489795918367346,0.04645079608877629,0.5384615384615384,0.6970414899618774,15,15,13
27,0.18367346938775508,0.031804034953419706,0.5268817204301075,0.1177269735343236,16,42,13
6,0.1020408163265306,0.007522949933664217,0.44144144144144143,0.22391742676837423,16,14,13
31,0.14285714285714285,0.007615161657403554,0.47572815533980584,0.6557789491000445,49,11,13
20,0.16326530612244897,0.020065725535413408,0.47572815533980584,0.7773700042375982,22,31,13
19,0.1020408163265306,0.010779675256716071,0.4260869565217391,0.5364237240276495,37,10,13
46,0.14285714285714285,0.020769864097820282,0.46226415094339623,0.8815196493665831,43,6,13
2,0.2040816326530612,0.02891614097909116,0.5444444444444444,0.6656360195831176,19,10,13
7,0.2040816326530612,0.03339546600913648,0.5104166666666666,0.6086679578853299,0,0,13
12,0.16326530612244897,0.023804981394267115,0.5,0.7119693594960289,45,44,13
26,0.16326530612244897,0.01720269359825182,0.49,0.1361102287430762,48,47,13
44,0.26530612244897955,0.08046261697597232,0.5568181818181818,0.7313199443045133,18,33,13
7,0.2040816326530612,0.03339546600913648,0.5104166666666666,0.9873709585568456,43,16,13
29,0.14285714285714285,0.022453141957193577,0.47115384615384615,0.6784842482538915,43,38,13
30,0.12244897959183673,0.009071101800693638,0.46226415094339623,0.1850691472744994,13,15,13
9,0.1020408163265306,0.011688708117279544,0.44144144144144143,0.16333931326848927,46,3,13
20,0.16326530612244897,0.020065725535413408,0.47572815533980584,0.3940208940443296,47,31,13
17,0.2040816326530612,0.03753554243875372,0.494949494949495,0.7662069068868782,9,42,13
4,0.16326530612244897,0.015779452459749578,0.5,0.4122378909389617,11,32,13
18,0.16326530612244897,0.01822853308822697,0.5051546391752577,0.8171878956896659,10,2,13
17,0.2040816326530612,0.03753554243875372,0.494949494949495,0.4084239265526143,45,42,13
13,0.061224489795918366,0.0013572799249569958,0.4049586776859504,0.36923834482525586,5,44,13
18,0.16326530612244897,0.01822853308822697,0.5051546391752577,0.5153171028662186,45,33,13
47,0.22448979591836732,0.03624711206493919,0.5268817204301075,0.1921606915976567,48,22,13
24,0.1020408163265306,0.006342436380701687,0.44954128440366975,0.5639411442780199,22,16,13
12,0.16326530612244897,0.023804981394267115,0.5,0.2721044359169277,16,44,13
45,0.2040816326530612,0.031812941835075687,0.5157894736842106,0.7281788144412389,14,15,13
40,0.14285714285714285,0.013137554736069142,0.45794392523364486,0.5610997519846073,24,33,13
49,0.14285714285714285,0.01904777950696318,0.44954128440366975,0.4611421005756523,11,25,13
48,0.14285714285714285,0.011911695872155053,0.4666666666666667,0.7804089026275197,5,32,13
47,0.22448979591836732,0.03624711206493919,0.5268817204301075,0.784187620583987,39,26,13
38,0.12244897959183673,0.007772860642758602,0.4375,0.8088746339110048,41,29,13
14,0.24489795918367346,0.04645079608877629,0.5384615384615384,0.01392709314937246,21,21,13
9,0.1020408163265306,0.011688708117279544,0.44144144144144143,0.14611494258960134,43,43,13
23,0.1020408163265306,0.006309572891205544,0.4336283185840708,0.12254897868065318,17,46,13
1,0.14285714285714285,0.012775978273427253,0.48514851485148514,0.9011657076778969,3,31,13
18,0.16326530612244897,0.01822853308822697,0.5051546391752577,0.734930227481869,19,2,13
40,0.14285714285714285,0.013137554736069142,0.45794392523364486,0.690689610371666,37,49,13
48,0.14285714285714285,0.011911695872155053,0.4666666666666667,0.7184696818557124,9,6,13
49,0.14285714285714285,0.01904777950696318,0.44954128440366975,0.7107677304382702,21,25,13
21,0.16326530612244897,0.025045753330192107,0.4666666666666667,0.958864234087399,20,26,13
40,0.14285714285714285,0.013137554736069142,0.45794392523364486,0.6461932074456798,2,33,13
46,0.14285714285714285,0.020769864097820282,0.46226415094339623,0.5257878119645251,7,6,13
20,0.16326530612244897,0.020065725535413408,0.47572815533980584,0.9350757464036678,14,31,13
34,0.14285714285714285,0.01702699249030282,0.47572815533980584,0.29722142761771575,31,15,13
3,0.22448979591836732,0.034122259876311484,0.5444444444444444,0.6295288812782868,25,31,13
23,0.1020408163265306,0.006309572891205544,0.4336283185840708,0.9235451506941094,24,46,13
39,0.1020408163265306,0.00396048029601451,0.4375,0.695352892177414,5,26,13
20,0.16326530612244897,0.020065725535413408,0.47572815533980584,0.6473297398296431,26,31,13
38,0.12244897959183673,0.007772860642758602,0.4375,0.2368770797423022,37,40,13
48,0.14285714285714285,0.011911695872155053,0.4666666666666667,0.7879235775998225,42,32,13
34,0.14285714285714285,0.01702699249030282,0.47572815533980584,0.43391446464388583,20,20,13
9,0.1020408163265306,0.011688708117279544,0.44144144144144143,0.20468051079671978,40,8,13
42,0.2040816326530612,0.03639567465347777,0.5384615384615384,0.42021713045622533,33,2,13
38,0.12244897959183673,0.007772860642758602,0.4375,0.8216992361366716,27,32,13
17,0.2040816326530612,0.03753554243875372,0.494949494949495,0.03687204194933413,19,42,13
39,0.1020408163265306,0.00396048029601451,0.4375,0.058629267779273575,37,28,13
10,0.2040816326530612,0.04311876425284289,0.494949494949495,0.4545726815424771,40,28,13
34,0.14285714285714285,0.01702699249030282,0.47572815533980584,0.46553869993959995,37,28,13
17,0.2040816326530612,0.03753554243875372,0.494949494949495,0.09549452446169782,7,42,13
49,0.14285714285714285,0.01904777950696318,0.44954128440366975,0.9789387486705932,13,40,13
11,0.22448979591836732,0.035243644022155414,0.5157894736842106,0.18686041882183757,25,25,13
37,0.1020408163265306,0.008532979320044145,0.44545454545454544,0.9181287538885061,17,35,13
42,0.2040816326530612,0.03639567465347777,0.5384615384615384,0.10107296125738074,39,2,13
47,0.22448979591836732,0.03624711206493919,0.5268817204301075,0.6236659843114847,23,1,13
43,0.12244897959183673,0.008999749305871753,0.4298245614035088,0.792241302089571,31,42,13
18,0.16326530612244897,0.01822853308822697,0.5051546391752577,0.8805903235861374,49,33,13
22,0.14285714285714285,0.01301828250170087,0.49,0.7492184901137933,45,47,13
37,0.1020408163265306,0.008532979320044145,0.44545454545454544,0.35882238022783663,48,49,13
31,0.14285714285714285,0.007615161657403554,0.47572815533980584,0.47725898061599614,3,3,13
3,0.22448979591836732,0.034122259876311484,0.5444444444444444,0.7542879742348189,19,9,13
49,0.14285714285714285,0.01904777950696318,0.44954128440366975,0.29429374532095887,40,40,13
31,0.14285714285714285,0.007615161657403554,0.47572815533980584,0.0627227999307941,24,3,13
4,0.16326530612244897,0.015779452459749578,0.5,0.6635014627268659,11,32,13
45,0.2040816326530612,0.031812941835075687,0.5157894736842106,0.690380375135179,3,47,13
38,0.12244897959183673,0.007772860642758602,0.4375,0.48981633244743183,41,29,13
18,0.16326530612244897,0.01822853308822697,0.5051546391752577,0.29414853512771233,32,2,13
37,0.1020408163265306,0.008532979320044145,0.44545454545454544,0.3872241209843753,46,35,13
22,0.14285714285714285,0.01301828250170087,0.49,0.5008269570713226,24,7,13
41,0.08163265306122448,0.00495340271750836,0.4260869565217391,0.7665464223363573,49,44,13
25,0.14285714285714285,0.014888884846868036,0.47115384615384615,0.8238270005186829,40,30,13
12,0.16326530612244897,0.023804981394267115,0.5,0.9127143688435883,24,44,13
28,0.2040816326530612,0.03974588996160125,0.5157894736842106,0.8442870352668377,30,8,13
2,0.2040816326530612,0.02891614097909116,0.5444444444444444,0.8042675747500531,26,26,13
48,0.14285714285714285,0.011911695872155053,0.4666666666666667,0.797335437289045,39,6,13
12,0.16326530612244897,0.023804981394267115,0.5,0.8195088298967126,8,20,13
34,0.14285714285714285,0.01702699249030282,0.47572815533980584,0.45658618595953393,25,15,13
22,0.14285714285714285,0.01301828250170087,0.49,0.5533825138461315,6,3,13
10,0.2040816326530612,0.04311876425284289,0.494949494949495,0.21675756840622806,0,0,13
40,0.14285714285714285,0.013137554736069142,0.45794392523364486,0.6638290486034449,39,30,13
37,0.1020408163265306,0.008532979320044145,0.44545454545454544,0.8658687034857383,41,5,13
29,0.14285714285714285,0.022453141957193577,0.47115384615384615,0.3291819442510723,24,5,13
13,0.061224489795918366,0.0013572799249569958,0.4049586776859504,0.40646586416256814,26,44,13
17,0.2040816326530612,0.03753554243875372,0.494949494949495,0.8886057450390493,30,42,13
17,0.2040816326530612,0.03753554243875372,0.494949494949495,0.7568203966347297,6,6,13
41,0.08163265306122448,0.00495340271750836,0.4260869565217391,0.4523717080017583,8,44,13
28,0.2040816326530612,0.03974588996160125,0.5157894736842106,0.7676523349537439,14,34,13
40,0.14285714285714285,0.013137554736069142,0.45794392523364486,0.4268850939336253,9,30,13
22,0.14285714285714285,0.01301828250170087,0.49,0.7962279352067914,28,3,13
13,0.061224489795918366,0.0013572799249569958,0.4049586776859504,0.7194249957903758,37,10,13
7,0.2040816326530612,0.03339546600913648,0.5104166666666666,0.2699318060554551,19,22,13
5,0.18367346938775508,0.0354836807211507,0.5,0.7794943754245315,42,42,13
41,0.08163265306122448,0.00495340271750836,0.4260869565217391,0.9023460810748962,30,44,13
43,0.12244897959183673,0.008999749305871753,0.4298245614035088,0.43042634676220826,38,42,13
3,0.22448979591836732,0.034122259876311484,0.5444444444444444,0.4310544404376758,16,14,13
23,0.1020408163265306,0.006309572891205544,0.4336283185840708,0.1607663678782817,29,46,13
45,0.2040816326530612,0.031812941835075687,0.5157894736842106,0.3586398630545392,32,2,13
30,0.12244897959183673,0.009071101800693638,0.46226415094339623,0.06901077901762032,5,40,13
34,0.14285714285714285,0.01702699249030282,0.47572815533980584,0.973971114315413,32,15,13
39,0.1020408163265306,0.00396048029601451,0.4375,0.2625210146585093,13,10,13
31,0.14285714285714285,0.007615161657403554,0.47572815533980584,0.8327784508759781,45,1,13
46,0.14285714285714285,0.020769864097820282,0.46226415094339623,0.6169487843884013,20,23,13
43,0.12244897959183673,0.008999749305871753,0.4298245614035088,0.9836271595348811,46,42,13
32,0.18367346938775508,0.029950905673069537,0.4803921568627451,0.060787799187022595,24,42,13
27,0.18367346938775508,0.031804034953419706,0.5268817204301075,0.261920689913519,2,42,13
46,0.14285714285714285,0.020769864097820282,0.46226415094339623,0.65142082448692,30,6,13
6,0.1020408163265306,0.007522949933664217,0.44144144144144143,0.8250860593474383,30,14,13
5,0.18367346938775508,0.0354836807211507,0.5,0.9131815252498084,6,24,13
44,0.26530612244897955,0.08046261697597232,0.5568181818181818,0.13863821618300565,35,35,13
46,0.14285714285714285,0.020769864097820282,0.46226415094339623,0.25213195707594793,45,12,13
6,0.1020408163265306,0.007522949933664217,0.44144144144144143,0.34159238947079607,14,14,13
39,0.1020408163265306,0.00396048029601451,0.4375,0.628760543128928,5,26,13
16,0.12244897959183673,0.013499128422597807,0.4666666666666667,0.6346878413992881,9,42,13
45,0.2040816326530612,0.031812941835075687,0.5157894736842106,0.9782065885183032,49,33,13
23,0.1020408163265306,0.006309572891205544,0.4336283185840708,0.04234847499587935,39,20,13
13,0.061224489795918366,0.0013572799249569958,0.4049586776859504,0.4112743902817796,39,10,13
23,0.1020408163265306,0.006309572891205544,0.4336283185840708,0.36265893157880336,12,46,13
16,0.12244897959183673,0.013499128422597807,0.4666666666666667,0.1603782858192201,5,24,13
11,0.22448979591836732,0.035243644022155414,0.5157894736842106,0.7584216021651792,33,25,13
35,0.16326530612244897,0.022043910804415007,0.4803921568627451,0.5549486329528948,19,10,13
27,0.18367346938775508,0.031804034953419706,0.5268817204301075,0.8216076526971108,16,42,13
1,0.14285714285714285,0.012775978273427253,0.48514851485148514,0.27831148829965424,32,31,13
31,0.14285714285714285,0.007615161657403554,0.47572815533980584,0.21474538044786595,47,1,13
8,0.22448979591836732,0.052386047659156894,0.5212765957446809,0.607430649845703,3,9,13
16,0.12244897959183673,0.013499128422597807,0.4666666666666667,0.6554054124358888,21,25,13
4,0.16326530612244897,0.015779452459749578,0.5,0.5785906098466763,41,12,13
29,0.14285714285714285,0.022453141957193577,0.47115384615384615,0.9357613236845372,31,38,13
15,0.24489795918367346,0.05103851751323237,0.5268817204301075,0.8173229873278108,43,14,13
27,0.18367346938775508,0.031804034953419706,0.5268817204301075,0.1330899463698334,32,42,13
36,0.12244897959183673,0.015080801301539593,0.45794392523364486,0.5221236407606566,0,0,13
24,0.1020408163265306,0.006342436380701687,0.44954128440366975,0.45414565821468733,30,16,13
5,0.18367346938775508,0.0354836807211507,0.5,0.7306120071387842,26,26,13
38,0.12244897959183673,0.007772860642758602,0.4375,0.7045986853398796,12,45,13
30,0.12244897959183673,0.009071101800693638,0.46226415094339623,0.329577856427419,4,15,13
30,0.12244897959183673,0.009071101800693638,0.46226415094339623,0.2896420718557654,0,8,13
49,0.14285714285714285,0.01904777950696318,0.44954128440366975,0.5282238534190993,45,40,13
17,0.2040816326530612,0.03753554243875372,0.494949494949495,0.4647582050312853,15,42,13
25,0.14285714285714285,0.014888884846868036,0.47115384615384615,0.783391090442435,19,30,13
41,0.08163265306122448,0.00495340271750836,0.4260869565217391,0.545346271402645,21,21,13
9,0.1020408163265306,0.011688708117279544,0.44144144144144143,0.15361884154587013,24,3,13
36,0.12244897959183673,0.015080801301539593,0.45794392523364486,0.5797326252398369,25,16,13
5,0.18367346938775508,0.0354836807211507,0.5,0.38151715468699887,17,42,13
14,0.24489795918367346,0.04645079608877629,0.5384615384615384,0.45891602872742976,23,6,13
46,0.14285714285714285,0.020769864097820282,0.46226415094339623,0.16201365424984804,4,12,13
26,0.16326530612244897,0.01720269359825182,0.49,0.8476781668383406,12,33,13
24,0.1020408163265306,0.006342436380701687,0.44954128440366975,0.36649201965361566,11,16,13
46,0.14285714285714285,0.020769864097820282,0.46226415094339623,0.7247729644431918,32,6,13
16,0.12244897959183673,0.013499128422597807,0.4666666666666667,0.34575699577227037,9,42,13
29,0.14285714285714285,0.022453141957193577,0.47115384615384615,0.02675434618835304,45,38,13
32,0.18367346938775508,0.029950905673069537,0.4803921568627451,0.988348025565609,22,42,13
6,0.1020408163265306,0.007522949933664217,0.44144144144144143,0.8414015980563303,44,14,13
24,0.1020408163265306,0.006342436380701687,0.44954128440366975,0.7081546022079324,33,44,13
7,0.2040816326530612,0.03339546600913648,0.5104166666666666,0.009381781315876081,21,16,13
25,0.14285714285714285,0.014888884846868036,0.47115384615384615,0.29032411083652243,11,11,13
34,0.14285714285714285,0.01702699249030282,0.47572815533980584,0.7865491901702643,0,28,13
6,0.1020408163265306,0.007522949933664217,0.44144144144144143,0.8106966544833049,46,46,13
26,0.16326530612244897,0.01720269359825182,0.49,0.8198809851641423,49,21,13
4,0.16326530612244897,0.015779452459749578,0.5,0.9730864751966859,5,12,13
11,0.22448979591836732,0.035243644022155414,0.5157894736842106,0.001789052308059369,18,32,13
49,0.14285714285714285,0.01904777950696318,0.44954128440366975,0.12682523316481253,4,40,13
34,0.14285714285714285,0.01702699249030282,0.47572815533980584,0.4333490423215355,25,15,13
32,0.18367346938775508,0.029950905673069537,0.4803921568627451,0.8279282432327846,11,11,13
0,0.12244897959183673,0.012675653289398786,0.44144144144144143,0.3471328274102381,43,43,13
3,0.22448979591836732,0.034122259876311484,0.5444444444444444,0.7323295012090416,31,31,13
29,0.14285714285714285,0.022453141957193577,0.47115384615384615,0.7691159727076566,22,38,13
22,0.14285714285714285,0.01301828250170087,0.49,0.9840295842269786,45,47,13
0,0.12244897959183673,0.012675653289398786,0.44144144144144143,0.8634235663131417,25,43,13
8,0.22448979591836732,0.052386047659156894,0.5212765957446809,0.8166149607965332,9,9,13
25,0.14285714285714285,0.014888884846868036,0.47115384615384615,0.2431486556700848,33,21,13
21,0.16326530612244897,0.025045753330192107,0.4666666666666667,0.5523690400629906,34,26,13
34,0.14285714285714285,0.01702699249030282,0.47572815533980584,0.9710242318754791,18,15,13
9,0.1020408163265306,0.011688708117279544,0.44144144144144143,0.8318402977059077,7,3,13
46,0.14285714285714285,0.020769864097820282,0.46226415094339623,0.018174278747209338,15,6,13
35,0.16326530612244897,0.022043910804415007,0.4803921568627451,0.8109078563319839,28,28,13
40,0.14285714285714285,0.013137554736069142,0.45794392523364486,0.20908877978226037,35,49,13
0,0.12244897959183673,0.012675653289398786,0.44144144144144143,0.25735257715469306,29,10,13
5,0.18367346938775508,0.0354836807211507,0.5,0.5875102140503681,31,1,13
47,0.22448979591836732,0.03624711206493919,0.5268817204301075,0.044057052329794844,10,26,13
32,0.18367346938775508,0.029950905673069537,0.4803921568627451,0.9940485418038713,4,4,13
36,0.12244897959183673,0.015080801301539593,0.45794392523364486,0.691633490907168,17,16,13
32,0.18367346938775508,0.029950905673069537,0.4803921568627451,0.5057601425667542,47,11,13
33,0.2040816326530612,0.025179859794955833,0.5157894736842106,0.8604691536537353,39,26,13
1,0.14285714285714285,0.012775978273427253,0.48514851485148514,0.7826057339754695,46,31,13
40,0.14285714285714285,0.013137554736069142,0.45794392523364486,0.6353108974492139,20,30,13
10,0.2040816326530612,0.04311876425284289,0.494949494949495,0.36547647422583496,30,28,13
5,0.18367346938775508,0.0354836807211507,0.5,0.422621747582693,0,24,13
0,0.12244897959183673,0.012675653289398786,0.44144144144144143,0.3095326926761145,3,10,13
32,0.18367346938775508,0.029950905673069537,0.4803921568627451,0.8180343380035269,40,38,13
3,0.22448979591836732,0.034122259876311484,0.5444444444444444,0.37703835642569106,4,14,13
46,0.14285714285714285,0.020769864097820282,0.46226415094339623,0.4321900160414056,24,12,13
21,0.16326530612244897,0.025045753330192107,0.4666666666666667,0.14682732900797424,27,25,13
38,0.12244897959183673,0.007772860642758602,0.4375,0.33897724897201487,37,40,13
16,0.12244897959183673,0.013499128422597807,0.4666666666666667,0.9105806287084972,47,44,13
40,0.14285714285714285,0.013137554736069142,0.45794392523364486,0.9165306672204353,17,33,13
38,0.12244897959183673,0.007772860642758602,0.4375,0.5665095026648371,42,32,13
6,0.1020408163265306,0.007522949933664217,0.44144144144144143,0.6189498846767116,3,14,13
3,0.22448979591836732,0.034122259876311484,0.5444444444444444,0.8603601133721779,13,14,13
6,0.1020408163265306,0.007522949933664217,0.44144144144144143,0.30954695569714197,23,46,13
30,0.12244897959183673,0.009071101800693638,0.46226415094339623,0.849074484941411,31,8,13
2,0.2040816326530612,0.02891614097909116,0.5444444444444444,0.3766586847968654,48,42,13
0,0.12244897959183673,0.012675653289398786,0.44144144144144143,0.8053103677780343,12,10,13
37,0.1020408163265306,0.008532979320044145,0.44545454545454544,0.6655683577534994,36,49,13
47,0.22448979591836732,0.03624711206493919,0.5268817204301075,0.5388407273401008,5,26,13
46,0.14285714285714285,0.020769864097820282,0.46226415094339623,0.47143732844869857,8,8,13
21,0.16326530612244897,0.025045753330192107,0.4666666666666667,0.5615120394883536,16,25,13
49,0.14285714285714285,0.01904777950696318,0.44954128440366975,0.3795853191166668,48,32,13
49,0.14285714285714285,0.01904777950696318,0.44954128440366975,0.761995139600289,8,40,13
18,0.16326530612244897,0.01822853308822697,0.5051546391752577,0.7988706432264921,46,23,13
35,0.16326530612244897,0.022043910804415007,0.4803921568627451,0.10740483096068953,45,28,13
28,0.2040816326530612,0.03974588996160125,0.5157894736842106,0.7093239172010634,14,34,13
9,0.1020408163265306,0.011688708117279544,0.44144144144144143,0.5801581737070158,14,3,13
33,0.2040816326530612,0.025179859794955833,0.5157894736842106,0.44440982504026405,6,18,13
47,0.22448979591836732,0.03624711206493919,0.5268817204301075,0.15512925876364148,46,44,13
5,0.18367346938775508,0.0354836807211507,0.5,0.18074472782552353,8,9,13
27,0.18367346938775508,0.031804034953419706,0.5268817204301075,0.4809286217529949,12,44,13
33,0.2040816326530612,0.025179859794955833,0.5157894736842106,0.30953675349549115,41,44,13
34,0.14285714285714285,0.01702699249030282,0.47572815533980584,0.9141384696965827,13,28,13
2,0.2040816326530612,0.02891614097909116,0.5444444444444444,0.37122908861865844,44,18,13
49,0.14285714285714285,0.01904777950696318,0.44954128440366975,0.18459718486926102,41,40,13
27,0.18367346938775508,0.031804034953419706,0.5268817204301075,0.5026794671826719,3,22,13
42,0.2040816326530612,0.03639567465347777,0.5384615384615384,0.6873913488513925,21,16,13
4,0.16326530612244897,0.015779452459749578,0.5,0.046818214398336555,32,32,13
33,0.2040816326530612,0.025179859794955833,0.5157894736842106,0.3965441287475273,40,40,13
21,0.16326530612244897,0.025045753330192107,0.4666666666666667,0.36852507072347984,42,25,13
20,0.16326530612244897,0.020065725535413408,0.47572815533980584,0.6381783968120819,37,35,13
28,0.2040816326530612,0.03974588996160125,0.5157894736842106,0.0010184666440015144,0,10,13
17,0.2040816326530612,0.03753554243875372,0.494949494949495,0.24829560025643171,14,42,13
44,0.26530612244897955,0.08046261697597232,0.5568181818181818,0.1543105781121239,46,12,13
6,0.1020408163265306,0.007522949933664217,0.44144144144144143,0.734205852480426,11,48,13
20,0.16326530612244897,0.020065725535413408,0.47572815533980584,0.7941274155259405,37,35,13
2,0.2040816326530612,0.02891614097909116,0.5444444444444444,0.5687111135783869,48,42,13
29,0.14285714285714285,0.022453141957193577,0.47115384615384615,0.6759659294579952,40,38,13
27,0.18367346938775508,0.031804034953419706,0.5268817204301075,0.9714197321755699,42,42,13
26,0.16326530612244897,0.01720269359825182,0.49,0.4577291429207715,36,47,13
8,0.22448979591836732,0.052386047659156894,0.5212765957446809,0.1928559482678016,12,20,13
9,0.1020408163265306,0.011688708117279544,0.44144144144144143,0.5594246214962637,6,3,13
11,0.22448979591836732,0.035243644022155414,0.5157894736842106,0.21248264870888478,41,32,13
14,0.24489795918367346,0.04645079608877629,0.5384615384615384,0.9452830983568449,1,3,13
44,0.26530612244897955,0.08046261697597232,0.5568181818181818,0.41574242131596695,7,16,13
20,0.16326530612244897,0.020065725535413408,0.47572815533980584,0.003800071588079046,18,23,13
39,0.1020408163265306,0.00396048029601451,0.4375,0.6044511122471636,18,26,13
16,0.12244897959183673,0.013499128422597807,0.4666666666666667,0.2996010241183895,6,42,13
21,0.16326530612244897,0.025045753330192107,0.4666666666666667,0.315044192049315,39,39,13
47,0.22448979591836732,0.03624711206493919,0.5268817204301075,0.26917341295815644,24,44,13
30,0.12244897959183673,0.009071101800693638,0.46226415094339623,0.5399434938594669,11,25,13
37,0.1020408163265306,0.008532979320044145,0.44545454545454544,0.49627244323812614,14,49,13
10,0.2040816326530612,0.04311876425284289,0.494949494949495,0.6915031346630295,30,28,13
7,0.2040816326530612,0.03339546600913648,0.5104166666666666,0.1970964837168745,38,15,13
10,0.2040816326530612,0.04311876425284289,0.494949494949495,0.8209371127907364,26,28,13
48,0.14285714285714285,0.011911695872155053,0.4666666666666667,0.3830840437420092,23,6,13
47,0.22448979591836732,0.03624711206493919,0.5268817204301075,0.8389103569835393,36,45,13
47,0.22448979591836732,0.03624711206493919,0.5268817204301075,0.0545058386017333,12,44,13
11,0.22448979591836732,0.035243644022155414,0.5157894736842106,0.3985265956017512,10,32,13
31,0.14285714285714285,0.007615161657403554,0.47572815533980584,0.8898944406830949,16,11,13
10,0.2040816326530612,0.04311876425284289,0.494949494949495,0.4901207843073465,43,0,13
14,0.24489795918367346,0.04645079608877629,0.5384615384615384,0.9884269472716849,23,6,13
45,0.2040816326530612,0.031812941835075687,0.5157894736842106,0.5762164724349218,36,15,13
3,0.22448979591836732,0.034122259876311484,0.5444444444444444,0.2992872406927708,40,9,13
8,0.22448979591836732,0.052386047659156894,0.5212765957446809,0.01860576219447141,38,30,13
1,0.14285714285714285,0.012775978273427253,0.48514851485148514,0.5669142783852612,36,47,13
37,0.1020408163265306,0.008532979320044145,0.44545454545454544,0.9089769387807398,28,35,13
28,0.2040816326530612,0.03974588996160125,0.5157894736842106,0.001231940320115199,33,26,13
48,0.14285714285714285,0.011911695872155053,0.4666666666666667,0.2043346449838951,15,6,13
44,0.26530612244897955,0.08046261697597232,0.5568181818181818,0.9271840017736922,5,24,13
44,0.26530612244897955,0.08046261697597232,0.5568181818181818,0.2401174296746994,3,14,13
2,0.2040816326530612,0.02891614097909116,0.5444444444444444,0.4591744183375467,14,14,13
40,0.14285714285714285,0.013137554736069142,0.45794392523364486,0.15966797500114582,43,33,13
46,0.14285714285714285,0.020769864097820282,0.46226415094339623,0.8573915173386399,6,6,13
14,0.24489795918367346,0.04645079608877629,0.5384615384615384,0.2602189708348601,44,44,13
47,0.22448979591836732,0.03624711206493919,0.5268817204301075,0.48666604470133534,10,26,13
31,0.14285714285714285,0.007615161657403554,0.47572815533980584,0.8437025635703815,4,20,13
29,0.14285714285714285,0.022453141957193577,0.47115384615384615,0.5062376740688321,31,38,13
1,0.14285714285714285,0.012775978273427253,0.48514851485148514,0.7772124873675299,0,47,13
30,0.12244897959183673,0.009071101800693638,0.46226415094339623,0.19902691731018352,11,25,13
20,0.16326530612244897,0.020065725535413408,0.47572815533980584,0.7882834349719253,13,12,13
40,0.14285714285714285,0.013137554736069142,0.45794392523364486,0.45148701057738616,42,33,13
30,0.12244897959183673,0.009071101800693638,0.46226415094339623,0.6570229984292503,48,15,13
20,0.16326530612244897,0.020065725535413408,0.47572815533980584,0.2434929844822058,33,45,13
49,0.14285714285714285,0.01904777950696318,0.44954128440366975,0.8463937980256842,44,40,13
49,0.14285714285714285,0.01904777950696318,0.44954128440366975,0.9558598661028537,17,25,13
49,0.14285714285714285,0.01904777950696318,0.44954128440366975,0.6995108392809312,7,25,13
42,0.2040816326530612,0.03639567465347777,0.5384615384615384,0.5256112103191298,25,16,13
15,0.24489795918367346,0.05103851751323237,0.5268817204301075,0.19702370525930002,20,45,13
43,0.12244897959183673,0.008999749305871753,0.4298245614035088,0.6813687966448814,24,42,13
21,0.16326530612244897,0.025045753330192107,0.4666666666666667,0.023347512856178865,45,26,13
11,0.22448979591836732,0.035243644022155414,0.5157894736842106,0.4682520735931486,49,25,13
25,0.14285714285714285,0.014888884846868036,0.47115384615384615,0.6232893214591452,42,16,13
34,0.14285714285714285,0.01702699249030282,0.47572815533980584,0.1086642704123374,46,15,13
21,0.16326530612244897,0.025045753330192107,0.4666666666666667,0.8730240792668061,42,25,13
41,0.08163265306122448,0.00495340271750836,0.4260869565217391,0.572644324236224,3,44,13
32,0.18367346938775508,0.029950905673069537,0.4803921568627451,0.9291102949523202,10,42,13
41,0.08163265306122448,0.00495340271750836,0.4260869565217391,0.13729657003458096,30,44,13
13,0.061224489795918366,0.0013572799249569958,0.4049586776859504,0.7270871623421991,23,44,13
2,0.2040816326530612,0.02891614097909116,0.5444444444444444,0.9400764208898226,1,26,13
48,0.14285714285714285,0.011911695872155053,0.4666666666666667,0.5906069472555435,10,32,13
4,0.16326530612244897,0.015779452459749578,0.5,0.8638717601681233,23,12,13
13,0.061224489795918366,0.0013572799249569958,0.4049586776859504,0.3063545050136305,28,10,13
17,0.2040816326530612,0.03753554243875372,0.494949494949495,0.2953310506447998,18,42,13
2,0.2040816326530612,0.02891614097909116,0.5444444444444444,0.026101416977236114,45,45,13
28,0.2040816326530612,0.03974588996160125,0.5157894736842106,0.9265514413777427,31,8,13
28,0.2040816326530612,0.03974588996160125,0.5157894736842106,0.8051142983625024,35,35,13
25,0.14285714285714285,0.014888884846868036,0.47115384615384615,0.2701567829220042,42,16,13
39,0.1020408163265306,0.00396048029601451,0.4375,0.2384316539817798,32,10,13
12,0.16326530612244897,0.023804981394267115,0.5,0.39739541313524207,35,20,13
23,0.1020408163265306,0.006309572891205544,0.4336283185840708,0.26322546169393035,29,46,13
23,0.1020408163265306,0.006309572891205544,0.4336283185840708,0.37842002242097783,36,46,13
1,0.14285714285714285,0.012775978273427253,0.48514851485148514,0.6166486874210448,22,47,13
29,0.14285714285714285,0.022453141957193577,0.47115384615384615,0.8012195762524682,5,5,13
20,0.16326530612244897,0.020065725535413408,0.47572815533980584,0.14485719217792348,11,31,13
40,0.14285714285714285,0.013137554736069142,0.45794392523364486,0.922072413689081,48,30,13
24,0.1020408163265306,0.006342436380701687,0.44954128440366975,0.4808539463087197,34,35,13
19,0.1020408163265306,0.010779675256716071,0.4260869565217391,0.5373210265193624,0,10,13
11,0.22448979591836732,0.035243644022155414,0.5157894736842106,0.10594248946738782,2,32,13
19,0.1020408163265306,0.010779675256716071,0.4260869565217391,0.17541779472625196,17,9,13
0,0.12244897959183673,0.012675653289398786,0.44144144144144143,0.9908650386917414,26,10,13
24,0.1020408163265306,0.006342436380701687,0.44954128440366975,0.5921849405957633,2,16,13
49,0.14285714285714285,0.01904777950696318,0.44954128440366975,0.21655036165092734,42,25,13
46,0.14285714285714285,0.020769864097820282,0.46226415094339623,0.13180787330018862,37,23,13
12,0.16326530612244897,0.023804981394267115,0.5,0.4692443199167554,36,4,13
7,0.2040816326530612,0.03339546600913648,0.5104166666666666,0.9054472142756897,44,16,13
14,0.24489795918367346,0.04645079608877629,0.5384615384615384,0.5920569399823223,25,15,13
44,0.26530612244897955,0.08046261697597232,0.5568181818181818,0.17555126864733217,3,14,13
23,0.1020408163265306,0.006309572891205544,0.4336283185840708,0.18108717047337475,15,46,13
17,0.2040816326530612,0.03753554243875372,0.494949494949495,0.7645416336662402,20,1,13
35,0.16326530612244897,0.022043910804415007,0.4803921568627451,0.4459327052680421,22,28,13
9,0.1020408163265306,0.011688708117279544,0.44144144144144143,0.41701447519673596,38,8,13
11,0.22448979591836732,0.035243644022155414,0.5157894736842106,0.6122791359061626,39,25,13
1,0.14285714285714285,0.012775978273427253,0.48514851485148514,0.3197178188244024,16,47,13
16,0.12244897959183673,0.013499128422597807,0.4666666666666667,0.6236187150005317,8,25,13
8,0.22448979591836732,0.052386047659156894,0.5212765957446809,0.20416803074041834,48,9,13
35,0.16326530612244897,0.022043910804415007,0.4803921568627451,0.10840531724481917,22,28,13
37,0.1020408163265306,0.008532979320044145,0.44545454545454544,0.7400173707228374,8,35,13
15,0.24489795918367346,0.05103851751323237,0.5268817204301075,0.3436801010588879,6,14,13
40,0.14285714285714285,0.013137554736069142,0.45794392523364486,0.7660413370676811,26,33,13
37,0.1020408163265306,0.008532979320044145,0.44545454545454544,0.6966023454562589,6,49,13
18,0.16326530612244897,0.01822853308822697,0.5051546391752577,0.2962895204657956,12,33,13
34,0.14285714285714285,0.01702699249030282,0.47572815533980584,0.44474843260594843,0,28,13
41,0.08163265306122448,0.00495340271750836,0.4260869565217391,0.39505750560385633,9,44,13
28,0.2040816326530612,0.03974588996160125,0.5157894736842106,0.7933313354636804,39,39,13
29,0.14285714285714285,0.022453141957193577,0.47115384615384615,0.21121528624527275,2,38,13
13,0.061224489795918366,0.0013572799249569958,0.4049586776859504,0.9475821904783315,47,44,13
3,0.22448979591836732,0.034122259876311484,0.5444444444444444,0.46015278209490007,11,31,13
3,0.22448979591836732,0.034122259876311484,0.5444444444444444,0.29512213772736273,18,14,13
18,0.16326530612244897,0.01822853308822697,0.5051546391752577,0.1254589955098503,31,14,13
40,0.14285714285714285,0.013137554736069142,0.45794392523364486,0.1442826768219636,42,33,13
33,0.2040816326530612,0.025179859794955833,0.5157894736842106,0.9348491694975627,6,18,13
48,0.14285714285714285,0.011911695872155053,0.4666666666666667,0.9986635882307607,42,32,13
4,0.16326530612244897,0.015779452459749578,0.5,0.9580842194426515,41,12,13
42,0.2040816326530612,0.03639567465347777,0.5384615384615384,0.44843256893246175,9,14,13
48,0.14285714285714285,0.011911695872155053,0.4666666666666667,0.3451262284737694,15,6,13
34,0.14285714285714285,0.01702699249030282,0.47572815533980584,0.9287697196027046,30,15,13
23,0.1020408163265306,0.006309572891205544,0.4336283185840708,0.8782097484403006,17,46,13
44,0.26530612244897955,0.08046261697597232,0.5568181818181818,0.7208382217427773,16,16,13
8,0.22448979591836732,0.052386047659156894,0.5212765957446809,0.4570630650262709,43,9,13
39,0.1020408163265306,0.00396048029601451,0.4375,0.2519484662284418,47,26,13
29,0.14285714285714285,0.022453141957193577,0.47115384615384615,0.18535101700028933,24,5,13
14,0.24489795918367346,0.04645079608877629,0.5384615384615384,0.5030131447507227,21,21,13
2,0.2040816326530612,0.02891614097909116,0.5444444444444444,0.9045695704350921,36,14,13
35,0.16326530612244897,0.022043910804415007,0.4803921568627451,0.6734361283538444,28,28,13
39,0.1020408163265306,0.00396048029601451,0.4375,0.9674589804516391,19,10,13
24,0.1020408163265306,0.006342436380701687,0.44954128440366975,0.6362245050429444,15,16,13
34,0.14285714285714285,0.01702699249030282,0.47572815533980584,0.02339527856691881,11,15,13
5,0.18367346938775508,0.0354836807211507,0.5,0.08003969620048124,18,26,13
27,0.18367346938775508,0.031804034953419706,0.5268817204301075,0.4364410471155322,0,43,13
41,0.08163265306122448,0.00495340271750836,0.4260869565217391,0.34699214185034444,20,12,13
36,0.12244897959183673,0.015080801301539593,0.45794392523364486,0.8792815890351411,20,15,13
37,0.1020408163265306,0.008532979320044145,0.44545454545454544,0.21119962275506743,11,49,13
13,0.061224489795918366,0.0013572799249569958,0.4049586776859504,0.5603080252230265,36,44,13
12,0.16326530612244897,0.023804981394267115,0.5,0.5052313262064189,15,4,13
45,0.2040816326530612,0.031812941835075687,0.5157894736842106,0.7137528777175972,32,2,13
33,0.2040816326530612,0.025179859794955833,0.5157894736842106,0.180186443909083,12,4,13
23,0.1020408163265306,0.006309572891205544,0.4336283185840708,0.9743808572589344,44,46,13
40,0.14285714285714285,0.013137554736069142,0.45794392523364486,0.37760376933101236,28,30,13
42,0.2040816326530612,0.03639567465347777,0.5384615384615384,0.9882679480461587,12,32,13
12,0.16326530612244897,0.023804981394267115,0.5,0.6009162469200148,3,4,13
4,0.16326530612244897,0.015779452459749578,0.5,0.6898916319877566,24,12,13
34,0.14285714285714285,0.01702699249030282,0.47572815533980584,0.7207116478509689,46,15,13
22,0.14285714285714285,0.01301828250170087,0.49,0.5364137610112248,43,3,13
23,0.1020408163265306,0.006309572891205544,0.4336283185840708,0.5074603273012033,19,20,13
16,0.12244897959183673,0.013499128422597807,0.4666666666666667,0.536533278793634,44,44,13
31,0.14285714285714285,0.007615161657403554,0.47572815533980584,0.6893526139316072,48,3,13
38,0.12244897959183673,0.007772860642758602,0.4375,0.8005869099401738,30,40,13
37,0.1020408163265306,0.008532979320044145,0.44545454545454544,0.15684136785732494,24,5,13
18,0.16326530612244897,0.01822853308822697,0.5051546391752577,0.6840806104665607,32,2,13
7,0.2040816326530612,0.03339546600913648,0.5104166666666666,0.9739931023909417,42,16,13
29,0.14285714285714285,0.022453141957193577,0.47115384615384615,0.25648511037657884,15,38,13
18,0.16326530612244897,0.01822853308822697,0.5051546391752577,0.8318130741633503,48,14,13
36,0.12244897959183673,0.015080801301539593,0.45794392523364486,0.3651548296649446,23,15,13
2,0.2040816326530612,0.02891614097909116,0.5444444444444444,0.725506962937544,42,42,13
18,0.16326530612244897,0.01822853308822697,0.5051546391752577,0.13469903919668624,13,33,13
36,0.12244897959183673,0.015080801301539593,0.45794392523364486,0.08100626197905791,9,15,13
9,0.1020408163265306,0.011688708117279544,0.44144144144144143,0.5785973464674952,20,3,13
48,0.14285714285714285,0.011911695872155053,0.4666666666666667,0.15265398948850395,14,6,13
12,0.16326530612244897,0.023804981394267115,0.5,0.05076292584038422,1,20,13
17,0.2040816326530612,0.03753554243875372,0.494949494949495,0.831400420275943,28,34,13
40,0.14285714285714285,0.013137554736069142,0.45794392523364486,0.3575759764815697,39,30,13
27,0.18367346938775508,0.031804034953419706,0.5268817204301075,0.8681767329534817,18,42,13
7,0.2040816326530612,0.03339546600913648,0.5104166666666666,0.7550394491236972,22,22,13
37,0.1020408163265306,0.008532979320044145,0.44545454545454544,0.7951629826032655,22,49,13
2,0.2040816326530612,0.02891614097909116,0.5444444444444444,0.19288987732023166,1,26,13
19,0.1020408163265306,0.010779675256716071,0.4260869565217391,0.17255989998893562,27,9,13
25,0.14285714285714285,0.014888884846868036,0.47115384615384615,0.35545122306895005,38,11,13
37,0.1020408163265306,0.008532979320044145,0.44545454545454544,0.9453416855003209,40,49,13
17,0.2040816326530612,0.03753554243875372,0.494949494949495,0.3957229732773818,37,35,13
45,0.2040816326530612,0.031812941835075687,0.5157894736842106,0.1094979363643176,7,15,13
15,0.24489795918367346,0.05103851751323237,0.5268817204301075,0.645527682196477,41,14,13
41,0.08163265306122448,0.00495340271750836,0.4260869565217391,0.02128199118319163,17,44,13
4,0.16326530612244897,0.015779452459749578,0.5,0.17068264029100588,24,12,13
3,0.22448979591836732,0.034122259876311484,0.5444444444444444,0.3856751637810373,28,9,13
25,0.14285714285714285,0.014888884846868036,0.47115384615384615,0.4780430009766643,30,30,13
6,0.1020408163265306,0.007522949933664217,0.44144144144144143,0.3268922309881451,21,14,13
9,0.1020408163265306,0.011688708117279544,0.44144144144144143,0.8762185086122427,18,3,13
19,0.1020408163265306,0.010779675256716071,0.4260869565217391,0.8853141334204191,2,10,13
4,0.16326530612244897,0.015779452459749578,0.5,0.11878562423515093,10,10,13
14,0.24489795918367346,0.04645079608877629,0.5384615384615384,0.5650336787474703,30,15,13
7,0.2040816326530612,0.03339546600913648,0.5104166666666666,0.5019045545255946,48,16,13
23,0.1020408163265306,0.006309572891205544,0.4336283185840708,0.12385013705469261,47,20,13
10,0.2040816326530612,0.04311876425284289,0.494949494949495,0.36616003382051976,15,28,13
9,0.1020408163265306,0.011688708117279544,0.44144144144144143,0.5195917253389434,48,3,13
48,0.14285714285714285,0.011911695872155053,0.4666666666666667,0.47970007631972644,47,6,13
34,0.14285714285714285,0.01702699249030282,0.47572815533980584,0.7114443555899328,35,28,13
17,0.2040816326530612,0.03753554243875372,0.494949494949495,0.2857113067725211,5,42,13
28,0.2040816326530612,0.03974588996160125,0.5157894736842106,0.8058364249146523,49,35,13
36,0.12244897959183673,0.015080801301539593,0.45794392523364486,0.8725995447730449,2,15,13
36,0.12244897959183673,0.015080801301539593,0.45794392523364486,0.14360343315384227,12,15,13
42,0.2040816326530612,0.03639567465347777,0.5384615384615384,0.09426432336719248,17,17,13
22,0.14285714285714285,0.01301828250170087,0.49,0.6123458231780862,39,47,13
29,0.14285714285714285,0.022453141957193577,0.47115384615384615,0.8422541875530265,49,38,13
17,0.2040816326530612,0.03753554243875372,0.494949494949495,0.34590822882690864,11,42,13
28,0.2040816326530612,0.03974588996160125,0.5157894736842106,0.09546852926543758,29,29,13
6,0.1020408163265306,0.007522949933664217,0.44144144144144143,0.7806727129373525,31,14,13
48,0.14285714285714285,0.011911695872155053,0.4666666666666667,0.470648740393938,45,6,13
7,0.2040816326530612,0.03339546600913648,0.5104166666666666,0.7341381813542119,17,16,13
12,0.16326530612244897,0.023804981394267115,0.5,0.21374000491301326,21,4,13
42,0.2040816326530612,0.03639567465347777,0.5384615384615384,0.03841886993393262,39,2,13
21,0.16326530612244897,0.025045753330192107,0.4666666666666667,0.5348902428996629,42,25,13
2,0.2040816326530612,0.02891614097909116,0.5444444444444444,0.26800482737367937,16,42,13
21,0.16326530612244897,0.025045753330192107,0.4666666666666667,0.3992972706484015,11,25,13
44,0.26530612244897955,0.08046261697597232,0.5568181818181818,0.25291917801757946,15,14,13
16,0.12244897959183673,0.013499128422597807,0.4666666666666667,0.8627219555180722,31,42,13
30,0.12244897959183673,0.009071101800693638,0.46226415094339623,0.6343030640754709,47,15,13
41,0.08163265306122448,0.00495340271750836,0.4260869565217391,0.5219498625206325,19,44,13
30,0.12244897959183673,0.009071101800693638,0.46226415094339623,0.16103892417405574,40,40,13
43,0.12244897959183673,0.008999749305871753,0.4298245614035088,0.2131262419990193,15,42,13
47,0.22448979591836732,0.03624711206493919,0.5268817204301075,0.18585810333970443,12,44,13
48,0.14285714285714285,0.011911695872155053,0.4666666666666667,0.27943259297518186,42,32,13
22,0.14285714285714285,0.01301828250170087,0.49,0.1112218556025587,43,3,13
8,0.22448979591836732,0.052386047659156894,0.5212765957446809,0.01678036015879114,34,28,13
29,0.14285714285714285,0.022453141957193577,0.47115384615384615,0.673109645938539,44,5,13
41,0.08163265306122448,0.00495340271750836,0.4260869565217391,0.009983472498341639,25,44,13
6,0.1020408163265306,0.007522949933664217,0.44144144144144143,0.1633539664365724,0,14,13
6,0.1020408163265306,0.007522949933664217,0.44144144144144143,0.04551179643596426,13,14,13
18,0.16326530612244897,0.01822853308822697,0.5051546391752577,0.13685263422336635,1,33,13
22,0.14285714285714285,0.01301828250170087,0.49,0.9010465364566924,28,3,13
1,0.14285714285714285,0.012775978273427253,0.48514851485148514,0.7994147776313927,35,47,13
28,0.2040816326530612,0.03974588996160125,0.5157894736842106,0.34406211956512867,12,10,13
9,0.1020408163265306,0.011688708117279544,0.44144144144144143,0.5492082752032937,7,3,13
28,0.2040816326530612,0.03974588996160125,0.5157894736842106,0.5308428404083515,45,26,13
28,0.2040816326530612,0.03974588996160125,0.5157894736842106,0.9650620422568281,15,34,13
15,0.24489795918367346,0.05103851751323237,0.5268817204301075,0.5860756304367724,0,34,13
31,0.14285714285714285,0.007615161657403554,0.47572815533980584,0.9119784655182057,44,3,13
39,0.1020408163265306,0.00396048029601451,0.4375,0.36779443166665227,32,10,13
35,0.16326530612244897,0.022043910804415007,0.4803921568627451,0.08554317546952339,40,37,13
18,0.16326530612244897,0.01822853308822697,0.5051546391752577,0.8812967757450881,26,33,13
24,0.1020408163265306,0.006342436380701687,0.44954128440366975,0.4081648522266843,34,35,13
42,0.2040816326530612,0.03639567465347777,0.5384615384615384,0.11965537848636576,26,2,13
44,0.26530612244897955,0.08046261697597232,0.5568181818181818,0.7304118238181161,43,16,13
27,0.18367346938775508,0.031804034953419706,0.5268817204301075,0.407975292765531,3,22,13
49,0.14285714285714285,0.01904777950696318,0.44954128440366975,0.2846159422851172,4,40,13
9,0.1020408163265306,0.011688708117279544,0.44144144144144143,0.5133471751093063,23,3,13
32,0.18367346938775508,0.029950905673069537,0.4803921568627451,0.9219935219631964,47,11,13
21,0.16326530612244897,0.025045753330192107,0.4666666666666667,0.7973428843867901,16,25,13
37,0.1020408163265306,0.008532979320044145,0.44545454545454544,0.4796186445024073,20,35,13
1,0.14285714285714285,0.012775978273427253,0.48514851485148514,0.06453971135357295,21,47,13
7,0.2040816326530612,0.03339546600913648,0.5104166666666666,0.5785245773147238,2,2,13
22,0.14285714285714285,0.01301828250170087,0.49,0.41482095767543936,40,15,13
31,0.14285714285714285,0.007615161657403554,0.47572815533980584,0.3174742768891131,36,3,13
39,0.1020408163265306,0.00396048029601451,0.4375,0.9382130578010396,35,28,13
8,0.22448979591836732,0.052386047659156894,0.5212765957446809,0.00447473285463984,3,9,13
36,0.12244897959183673,0.015080801301539593,0.45794392523364486,0.017403441330626324,37,15,13
49,0.14285714285714285,0.01904777950696318,0.44954128440366975,0.41408823196995337,46,40,13
15,0.24489795918367346,0.05103851751323237,0.5268817204301075,0.4491881644748781,43,14,13
16,0.12244897959183673,0.013499128422597807,0.4666666666666667,0.992622353104292,30,25,13
42,0.2040816326530612,0.03639567465347777,0.5384615384615384,0.4465794497123947,9,14,13
14,0.24489795918367346,0.04645079608877629,0.5384615384615384,0.23777219322400334,27,42,13
28,0.2040816326530612,0.03974588996160125,0.5157894736842106,0.032951982138770375,17,34,13
41,0.08163265306122448,0.00495340271750836,0.4260869565217391,0.5009823015911931,17,44,13
30,0.12244897959183673,0.009071101800693638,0.46226415094339623,0.21323631993411363,46,15,13
30,0.12244897959183673,0.009071101800693638,0.46226415094339623,0.8037799548157828,47,15,13
14,0.24489795918367346,0.04645079608877629,0.5384615384615384,0.7741883599536514,9,3,13
3,0.22448979591836732,0.034122259876311484,0.5444444444444444,0.09458921673945975,34,14,13
22,0.14285714285714285,0.01301828250170087,0.49,0.040938872579514896,15,15,13
6,0.1020408163265306,0.007522949933664217,0.44144144144144143,0.9338564830895277,45,14,13
39,0.1020408163265306,0.00396048029601451,0.4375,0.7843482612869328,15,28,13
36,0.12244897959183673,0.015080801301539593,0.45794392523364486,0.2839288859715007,28,15,13
39,0.1020408163265306,0.00396048029601451,0.4375,0.4737907712349926,40,28,13
29,0.14285714285714285,0.022453141957193577,0.47115384615384615,0.06777569968719088,38,38,13
15,0.24489795918367346,0.05103851751323237,0.5268817204301075,0.758766206905012,14,14,13
15,0.24489795918367346,0.05103851751323237,0.5268817204301075,0.005443140616191555,6,14,13
14,0.24489795918367346,0.04645079608877629,0.5384615384615384,0.3083823263616736,41,44,13
35,0.16326530612244897,0.022043910804415007,0.4803921568627451,0.4980085082675819,39,28,13
40,0.14285714285714285,0.013137554736069142,0.45794392523364486,0.3258486599540754,13,33,13
1,0.14285714285714285,0.012775978273427253,0.48514851485148514,0.8222796732111258,49,31,13
43,0.12244897959183673,0.008999749305871753,0.4298245614035088,0.5963174565639036,30,42,13
31,0.14285714285714285,0.007615161657403554,0.47572815533980584,0.7518516512749434,0,3,13
24,0.1020408163265306,0.006342436380701687,0.44954128440366975,0.33098255070927485,43,16,13
33,0.2040816326530612,0.025179859794955833,0.5157894736842106,0.3129291574934301,20,45,13
1,0.14285714285714285,0.012775978273427253,0.48514851485148514,0.5203963503798287,46,31,13
10,0.2040816326530612,0.04311876425284289,0.494949494949495,0.016265260733190345,35,35,13
45,0.2040816326530612,0.031812941835075687,0.5157894736842106,0.23996558626372122,31,47,13
17,0.2040816326530612,0.03753554243875372,0.494949494949495,0.6580713057090789,24,42,13
10,0.2040816326530612,0.04311876425284289,0.494949494949495,0.1217218360646235,11,2,13
41,0.08163265306122448,0.00495340271750836,0.4260869565217391,0.6493175239420957,23,12,13
18,0.16326530612244897,0.01822853308822697,0.5051546391752577,0.9786229071784761,44,33,13
41,0.08163265306122448,0.00495340271750836,0.4260869565217391,0.757680308433562,23,12,13
4,0.16326530612244897,0.015779452459749578,0.5,0.24061695041736553,30,14,13
17,0.2040816326530612,0.03753554243875372,0.494949494949495,0.31564774054775635,22,42,13
33,0.2040816326530612,0.025179859794955833,0.5157894736842106,0.3436264025426038,43,18,13
8,0.22448979591836732,0.052386047659156894,0.5212765957446809,0.7002921541850073,39,28,13
21,0.16326530612244897,0.025045753330192107,0.4666666666666667,0.1141880514873439,23,26,13
15,0.24489795918367346,0.05103851751323237,0.5268817204301075,0.34721478874693834,22,22,13
11,0.22448979591836732,0.035243644022155414,0.5157894736842106,0.4440750600650313,0,32,13
23,0.1020408163265306,0.006309572891205544,0.4336283185840708,0.4655369809454949,2,18,13
44,0.26530612244897955,0.08046261697597232,0.5568181818181818,0.6586778843863125,18,33,13
6,0.1020408163265306,0.007522949933664217,0.44144144144144143,0.02396725699333402,32,48,13
46,0.14285714285714285,0.020769864097820282,0.46226415094339623,0.2520084543104857,20,23,13
9,0.1020408163265306,0.011688708117279544,0.44144144144144143,0.3165667785935986,6,3,13
47,0.22448979591836732,0.03624711206493919,0.5268817204301075,0.593124809251781,23,1,13
32,0.18367346938775508,0.029950905673069537,0.4803921568627451,0.7203642766608852,21,11,13
46,0.14285714285714285,0.020769864097820282,0.46226415094339623,0.7809583447097967,1,23,13
4,0.16326530612244897,0.015779452459749578,0.5,0.6556931574338303,49,33,13
0,0.12244897959183673,0.012675653289398786,0.44144144144144143,0.6559312170034807,18,10,13
43,0.12244897959183673,0.008999749305871753,0.4298245614035088,0.08037206450009249,22,42,13
15,0.24489795918367346,0.05103851751323237,0.5268817204301075,0.5833873581378476,11,11,13
24,0.1020408163265306,0.006342436380701687,0.44954128440366975,0.9329326557712864,7,16,13
11,0.22448979591836732,0.035243644022155414,0.5157894736842106,0.5512341950175128,19,31,13
